tree
version=v4
num_class=1
num_tree_per_iteration=1
label_index=0
max_feature_idx=15
objective=binary sigmoid:1
feature_names=Column_0 Column_1 Column_2 Column_3 Column_4 Column_5 Column_6 Column_7 Column_8 Column_9 Column_10 Column_11 Column_12 Column_13 Column_14 Column_15
feature_infos=[0:1] [0:1] [0:1] [0:1] [0:1] [0:1] [0:1] [0:1] none [0:6] [16:99] [0.20000000000000001:822] [19:178] [0.89000000000000001:1057] [0.56999999999999995:317] [49.200000000000003:98.599999999999994]
tree_sizes=1897 2106 1903 2008 1798 2003 1899 1810 1900 2116 2008 2027 1995 1910 2110 2018 2118 1907 2020 2012 1924 2118 2029 2004 1815 2028 2123 1909 1925 1823 1914 1905 1809 2015 1809 2120 1930 1925 1915 2126 2006 1813 2237 1913 2029 1701 2021 1930 2034 2138 1823 2030 1917 2034 2028 1820 2041 1812 1923 1806 1929 1927 2022 2148 2025 2033 2031 1809 1922 2020 2030 2034 2146 2140 2242 2148 2043 2254 2260 1924 2259 2040 2033 2240 2037 2251 2258 2146 2045 1715 1820 2243 2141 2018 2032 2126 1942 2050 2039 2031

Tree=0
num_leaves=17
num_cat=0
split_feature=11 15 14 10 12 15 10 12 3 9 9 15 12 11 15 15
split_gain=12.2665 9.52733 11.8163 21.7091 13.1126 7.90753 7.12532 9.05515 5.62113 5.53025 4.88447 4.03978 3.32234 2.76194 2.52829 1.61802
threshold=92.500000000000014 73.500000000000014 54.000000000000007 54.500000000000007 31.500000000000004 91.350000000000009 60.500000000000007 32.500000000000007 1.0000000180025095e-35 2.5000000000000004 1.5000000000000002 93.65000000000002 30.500000000000004 145.00000000000003 88.750000000000014 93.65000000000002
decision_type=2 2 2 2 2 2 2 2 2 2 2 2 2 2 2 2
left_child=5 8 6 14 9 12 -3 -8 -2 -5 -6 13 -1 -12 -4 -7
right_child=1 2 3 4 10 15 7 -9 -10 -11 11 -13 -14 -15 -16 -17
leaf_value=0.053701455162217429 -0.0096044443085595808 -0.19999993138065758 0.14142305155748364 -0.053478185878903982 -0.030724077045666844 0.14142305155748361 0.021139048922312959 -0.141340223855245 0.11812922992070285 0.07177426814592619 -0.095584744056633142 -0.044521262805701428 -0.057580485045234622 -0.19999993138065769 0.056544798975921969 0.076702092946193567
leaf_weight=4.9419266432523745 6.5851016789674741 5.2581601142883327 6.7323675453662855 5.7046078145503989 7.4066891968250301 6.7323675453662863 6.6145548522472364 7.1245590001344681 7.2253200560808182 9.2265832722187024 4.0025264322757703 4.0319796055555335 5.8689253181219101 6.9013351500034332 7.330731213092804 9.0622657686471921
leaf_count=17 27 32 17 26 32 17 25 39 20 30 20 18 27 42 25 29
internal_value=7.54813e-08 -0.0187137 -0.0336242 -0.00869033 -0.0486337 0.0591855 -0.101004 -0.0631163 0.0572231 0.0239203 -0.0971206 -0.130047 -0.00671056 -0.161672 0.0971782 0.104289
internal_weight=110.75 84.1445 70.3341 51.3368 37.2737 26.6055 18.9973 13.7391 13.8104 14.9312 22.3425 14.9358 10.8109 10.9039 14.0631 15.7946
internal_count=443 353 306 210 168 90 96 64 47 56 112 80 44 62 42 46
is_linear=0
shrinkage=1


Tree=1
num_leaves=19
num_cat=0
split_feature=11 15 14 10 12 15 10 11 12 9 2 13 10 12 11 15 11 13
split_gain=9.96313 7.74098 9.62973 17.6391 10.6703 6.43243 6.0752 6.51519 4.58245 4.48501 4.18523 3.28495 3.10124 2.69336 2.52902 1.33107 0.927968 0.00180473
threshold=92.500000000000014 73.500000000000014 54.000000000000007 54.500000000000007 31.500000000000004 91.350000000000009 79.500000000000014 146.50000000000003 34.500000000000007 2.5000000000000004 1.0000000180025095e-35 13.685000000000002 70.500000000000014 30.500000000000004 246.50000000000003 93.65000000000002 270.00000000000006 11.730000000000002
decision_type=2 2 2 2 2 2 2 2 2 2 2 2 2 2 2 2 2 2
left_child=5 8 6 14 9 13 7 -3 -2 -5 12 -12 -6 -1 -4 -7 17 -9
right_child=1 2 3 4 10 15 -8 16 -10 -11 11 -13 -14 -15 -16 -17 -18 -19
leaf_value=0.04836738673125883 0.098998601115358034 -0.027360994515846445 0.047022998971649535 -0.048166132105532153 0.012957198601349555 0.12794180558992882 0.020060876749360058 -0.19072921647840269 -0.01853407783522763 0.064683093090770583 -0.079220577179593743 -0.18916096920498207 -0.092109474350377266 -0.051867061021400034 0.13203272021307774 0.069137152277990055 -0.12499344730548789 -0.18740618886257332
leaf_weight=4.9383654147386569 8.2261405885219556 5.029079899191859 7.3103830218315107 5.7005313336849204 5.0642176568508148 6.6988167464733115 3.8877413719892493 3.2707023620605451 5.558981627225875 9.2147105634212476 5.6538925170898438 5.233468160033226 6.3095224350690842 5.8640633523464203 6.7133083045482635 9.0489501655101758 3.4546245038509369 3.266689732670784
leaf_count=17 24 22 25 26 20 17 15 20 23 30 28 32 32 27 17 29 19 20
internal_value=-4.78967e-06 -0.0169012 -0.0303707 -0.00784815 -0.0438978 0.053385 -0.0913557 -0.120192 0.0516024 0.0215527 -0.0877504 -0.132068 -0.045328 -0.00604456 0.0877182 0.0941516 -0.166915 -0.189069
internal_weight=110.444 83.894 70.1089 51.2 37.1763 26.5502 18.9088 15.0211 13.7851 14.9152 22.2611 10.8874 11.3737 10.8024 14.0237 15.7478 9.99202 6.53739
internal_count=443 353 306 210 168 90 96 81 47 56 112 60 52 44 42 46 59 40
is_linear=0
shrinkage=0.1


Tree=2
num_leaves=17
num_cat=0
split_feature=15 13 11 10 9 14 13 9 10 14 12 15 3 11 10 10
split_gain=8.61647 8.99055 6.56897 7.28001 7.73558 9.04256 6.4845 11.2293 10.5915 5.60274 4.98705 5.85257 3.30641 2.86953 2.76888 6.06198
threshold=96.050000000000011 7.455000000000001 47.500000000000007 86.500000000000014 1.0000000180025095e-35 176.50000000000003 15.520000000000001 1.5000000000000002 69.500000000000014 118.50000000000001 31.500000000000004 89.050000000000026 1.0000000180025095e-35 224.50000000000003 60.500000000000007 80.500000000000014
decision_type=2 2 2 2 2 2 2 2 2 2 2 2 2 2 2 2
left_child=1 14 -3 4 -4 6 7 -6 12 -8 -10 -12 -9 -7 -1 -16
right_child=-2 2 3 -5 5 13 9 8 10 -11 11 -13 -14 -15 15 -17
leaf_value=0.092950253266335686 0.085084947602558941 0.064052581295154884 0.045311608740035314 0.067955773042035483 -0.13133006787624413 -0.1912778596391789 -0.16474543630399086 0.023210234990273197 0.013970914974191681 -0.023410742496191687 -0.1808854177662276 -0.0048845023966646167 0.12273162871364998 -0.074678717944252279 -0.036885184679108257 0.10020989031116107
leaf_weight=8.3287264406681079 10.734496057033537 7.455727130174636 8.2810239791870099 6.2882805019617072 7.0586236715316764 5.8428525328636152 6.6760816276073438 6.5420105308294314 6.5892881453037244 4.8369379192590714 4.3570831269025803 3.3359334766864777 6.816783219575882 3.3043257296085358 7.8492382764816266 5.4750344753265381
leaf_count=25 33 24 29 21 39 36 39 25 25 21 27 14 18 16 35 16
internal_value=-1.4757e-05 -0.00923852 -0.0251761 -0.0346895 -0.0448318 -0.0583159 -0.040335 -0.0187581 0.00998903 -0.105367 -0.0498777 -0.104566 0.0739944 -0.149158 0.0477204 0.0194481
internal_weight=109.772 99.038 77.385 69.9292 63.6409 55.3599 46.2127 34.6997 27.6411 11.513 14.2823 7.69302 13.3588 9.14718 21.653 13.3243
internal_count=443 410 334 310 289 260 208 148 109 60 66 41 43 52 76 51
is_linear=0
shrinkage=0.1


Tree=3
num_leaves=18
num_cat=0
split_feature=10 10 15 12 14 15 14 11 5 15 14 10 14 14 13 13 12
split_gain=7.1254 8.4922 12.7819 6.3684 6.29118 5.83506 10.4541 9.09763 8.20683 5.56426 5.77272 4.53719 4.02691 3.30763 3.2777 3.06982 0.783301
threshold=81.500000000000014 70.500000000000014 93.250000000000014 35.500000000000007 95.280000000000015 71.950000000000017 57.400000000000013 121.50000000000001 1.0000000180025095e-35 91.950000000000017 114.50000000000001 75.500000000000014 140.50000000000003 102.50000000000001 23.040000000000003 13.105000000000002 34.500000000000007
decision_type=2 2 2 2 2 2 2 2 2 2 2 2 2 2 2 2 2
left_child=1 5 3 4 11 -1 7 -7 12 10 -2 -3 13 -8 -14 -6 -9
right_child=9 2 -4 -5 15 6 8 16 -10 -11 -12 -13 14 -15 -16 -17 -18
leaf_value=0.094107702154727746 -0.049412968131636315 -0.072739511501003759 0.057301276663629122 -0.17886407734093518 -0.19203548029432208 0.011411269823187683 0.035996299539377608 -0.17593976459653546 -0.073998725035530122 0.11732748567740131 0.092723943168690148 0.060235768774038558 -0.028666310293805109 0.1273653186658141 0.071974019225893873 -0.060865081708936633 -0.11163342722246868
leaf_weight=7.3085980117321006 6.8442864269018191 5.4324956238269895 7.7546955645084372 6.0803154408931723 3.8890095353126517 6.7373181283473951 7.5506785213947323 4.3194766789674759 6.5529770106077185 8.1837398856878263 4.9052191525697708 4.8627614080905914 8.4373309612274152 8.3363141268491727 5.2495857626199713 3.2965851575136185 3.3735540807247162
leaf_count=21 31 27 26 38 24 26 27 27 32 22 15 17 37 21 17 16 19
internal_value=-3.10428e-05 -0.0121123 -0.0540594 -0.0907115 -0.0600497 0.0105886 -0.00148504 -0.0734347 0.0272542 0.0540209 0.00992678 -0.00993126 0.0496898 0.08394 0.00993406 -0.131858 -0.14774
internal_weight=109.115 89.1817 31.3159 23.5612 17.4809 57.8658 50.5572 14.4303 36.1269 19.9332 11.7495 10.2953 29.5739 15.887 13.6869 7.18559 7.69303
internal_count=443 375 148 122 84 227 206 72 134 68 46 44 102 48 54 40 46
is_linear=0
shrinkage=0.1


Tree=4
num_leaves=16
num_cat=0
split_feature=13 4 11 13 11 12 13 11 11 11 14 9 13 12 12
split_gain=6.95393 6.64076 9.25427 6.27077 7.62491 7.35779 8.23363 6.97862 4.8803 7.23134 5.69275 4.36857 3.68778 3.56083 2.12554
threshold=7.455000000000001 1.0000000180025095e-35 72.000000000000014 9.865000000000002 184.50000000000003 36.500000000000007 20.855000000000004 247.50000000000003 241.50000000000003 135.50000000000003 115.80000000000001 2.5000000000000004 12.165000000000001 30.500000000000004 35.500000000000007
decision_type=2 2 2 2 2 2 2 2 2 2 2 2 2 2 2
left_child=13 2 -2 4 -4 8 -7 -6 9 -5 -11 -10 -3 -1 -15
right_child=1 12 3 5 7 6 -8 -9 11 10 -12 -13 -14 14 -16
leaf_value=0.11268393568876707 0.082628790656015416 -0.029950527838730919 -0.15731609998454082 0.054989610034192483 0.061275951078069303 -0.14937533269478218 0.044545361781527223 -0.10601289011864444 0.01909465048342994 -0.13778403228046368 -0.0048222955343540782 0.13003930697390773 -0.15283335205888657 -0.0109890873791866 0.059730555229064765
leaf_weight=6.2845048457384136 10.754984423518179 4.9254153072833997 6.3023254722356823 10.421216592192652 5.3346646875143033 5.9930301904678327 3.4498620927333832 4.6824150234460831 8.46718682348728 5.2131342142820349 8.4227019846439344 6.1104733794927588 4.8440937399864197 8.4476639032363909 8.5530055761337263
leaf_count=17 32 22 37 36 18 36 13 25 33 31 35 16 28 35 29
internal_value=-4.66485e-05 -0.0133212 -0.00323872 -0.0175795 -0.0711403 0.000601099 -0.0785284 -0.0169221 0.0199415 -0.00772517 -0.0556551 0.065599 -0.0908805 0.0483658 0.0245898
internal_weight=108.207 84.9215 75.152 64.397 16.3194 48.0776 9.44289 10.0171 38.6347 24.0571 13.6358 14.5777 9.76951 23.2852 17.0007
internal_count=443 362 312 280 80 200 49 43 151 102 66 49 50 81 64
is_linear=0
shrinkage=0.1


Tree=5
num_leaves=18
num_cat=0
split_feature=13 4 11 13 11 12 10 11 11 15 9 10 11 15 15 3 11
split_gain=5.66977 5.41301 7.58784 5.13504 6.32827 6.04313 7.98621 5.6943 3.97421 6.72878 3.6024 3.15462 3.09125 2.38744 4.18356 2.42143 2.24681
threshold=7.455000000000001 1.0000000180025095e-35 72.000000000000014 9.865000000000002 184.50000000000003 36.500000000000007 61.500000000000007 247.50000000000003 241.50000000000003 89.65000000000002 2.5000000000000004 72.500000000000014 156.50000000000003 91.750000000000014 81.250000000000014 1.0000000180025095e-35 169.50000000000003
decision_type=2 2 2 2 2 2 2 2 2 2 2 2 2 2 2 2 2
left_child=13 2 -2 4 -4 8 -7 -6 9 12 -10 -3 -5 14 15 -1 -11
right_child=1 11 3 5 7 6 -8 -9 10 16 -12 -13 -14 -15 -16 -17 -18
leaf_value=0.015959229558804397 0.075249324120031963 -0.143542682795336 -0.14399860480631349 0.094778516441097999 0.055342590203399558 0.024909403169184885 -0.16045230506442401 -0.096208413788948483 0.017185221503060785 -0.031302498460969393 0.11821313518940715 -0.029249455770058493 -0.0073533409080320982 0.10611014571941826 -0.054916477791673683 0.10026171976291842 -0.125402674491262
leaf_weight=7.3570750504732185 10.635002106428145 4.5101008862256986 6.201525658369067 6.248555004596712 5.316842854022978 4.457367077469824 4.8571805655956268 4.6454531103372574 8.4671580493450147 8.3947105854749662 6.0523476004600516 5.1984449028968811 5.6370793581008911 4.8517257869243613 4.6335676908493033 6.3461228907108307 3.6365716010332099
leaf_count=28 32 26 37 19 18 17 32 25 33 37 16 24 25 13 22 18 21
internal_value=-5.76057e-05 -0.0121084 -0.00296165 -0.0159754 -0.0646935 0.000515753 -0.0717496 -0.0153262 0.0180283 -0.00702573 0.059298 -0.0823443 0.0463398 0.0437305 0.0272255 0.0550008 -0.0597452
internal_weight=107.447 84.2583 74.5498 63.9148 16.1638 47.751 9.31455 9.9623 38.4364 23.9169 14.5195 9.70855 11.8856 23.1885 18.3368 13.7032 12.0313
internal_count=443 362 312 280 80 200 49 43 151 102 49 50 44 81 68 46 58
is_linear=0
shrinkage=0.1


Tree=6
num_leaves=17
num_cat=0
split_feature=15 13 10 14 10 14 13 12 12 13 10 10 14 12 12 11
split_gain=5.3393 4.87676 4.27554 5.72069 8.5995 7.0962 7.81598 8.86224 4.88142 3.7974 2.4404 2.34705 2.32986 1.97547 2.58759 0.0326716
threshold=96.050000000000011 7.455000000000001 86.500000000000014 176.50000000000003 63.500000000000007 118.50000000000001 17.180000000000003 35.500000000000007 41.500000000000007 9.865000000000002 69.500000000000014 64.500000000000014 140.50000000000003 31.500000000000004 35.500000000000007 157.50000000000003
decision_type=2 2 2 2 2 2 2 2 2 2 2 2 2 2 2 2
left_child=1 13 3 5 -5 6 7 9 -9 10 -3 -11 -7 -1 -15 -6
right_child=-2 2 -4 4 15 12 -8 8 -10 11 -12 -13 -14 14 -16 -17
leaf_value=0.080147350771091419 0.067907692546209306 0.020037901911558988 0.054893734665611066 -0.0045648273851763288 -0.17933952686281904 0.089351697465324051 -0.14298138509077607 -0.16415875271132993 -0.010632737875775275 0.091401899683582366 -0.078304175965021483 0.011965124778148588 0.010300483254828951 -0.030044791222534735 0.054444395513332078 -0.16479061577172144
leaf_weight=6.6324554532766369 10.422620981931685 4.4850783497095126 7.0115137994289389 6.0808656662702543 3.1043605208396912 6.6259079277515402 5.7841810882091513 5.3362378031015378 3.3845705986022949 6.1083867996931067 5.7692587524652481 9.5104788392782194 8.5255097299814206 6.908437564969061 7.6265330761671066 3.0698757618665695
leaf_count=20 33 18 24 25 20 20 35 36 15 19 30 38 34 30 26 20
internal_value=-6.96499e-05 -0.00745268 -0.0194451 -0.0271345 -0.0889735 -0.013487 -0.035385 -0.0173946 -0.104575 0.0119903 -0.035291 0.0430321 0.0448706 0.0349231 0.0142869 -0.172106
internal_weight=106.386 95.9637 74.7962 67.7847 12.2551 55.5296 40.3782 34.594 8.72081 25.8732 10.2543 15.6189 15.1514 21.1674 14.535 6.17424
internal_count=443 410 334 310 65 245 191 156 51 105 48 57 54 76 56 40
is_linear=0
shrinkage=0.1


Tree=7
num_leaves=16
num_cat=0
split_feature=10 10 15 15 14 11 5 14 15 14 15 11 5 10 12
split_gain=4.69999 5.61824 9.05678 4.4069 7.84713 6.56223 6.35442 4.30178 3.96024 4.30435 2.80591 2.68651 2.49122 1.66896 0.685961
threshold=81.500000000000014 70.500000000000014 93.250000000000014 71.950000000000017 57.400000000000013 121.50000000000001 1.0000000180025095e-35 40.180000000000007 91.950000000000017 114.50000000000001 93.050000000000011 175.50000000000003 1.0000000180025095e-35 74.500000000000014 34.500000000000007
decision_type=2 2 2 2 2 2 2 2 2 2 2 2 2 2 2
left_child=1 3 7 -1 5 -5 10 -3 9 -2 11 -6 13 -9 -7
right_child=8 2 -4 4 6 14 -8 12 -10 -11 -12 -13 -14 -15 -16
leaf_value=0.082136362407544919 -0.044528302921754796 -0.013871435187244749 0.04973536418281533 0.0058754337981499587 0.023121990978043998 -0.15925163022397718 -0.067361935302749684 -0.090093021796985223 0.098931707232954191 0.079362946387645072 -0.0079889235339567176 0.095121908381460438 -0.041291451728573486 -0.16830984676379082 -0.097046940261548337
leaf_weight=7.106077015399932 6.7425079345703143 7.2836307436227861 7.5341442674398413 6.6271634101867658 9.5492861121892982 4.0485485643148422 6.3685216456651679 5.0514112785458547 7.8876538276672354 4.8012033998966217 7.8330047428607932 11.33223235607147 4.1379776373505583 5.931105948984623 3.1537225618958473
leaf_count=21 31 34 26 26 37 27 32 29 22 15 32 33 20 39 19
internal_value=-9.89079e-05 -0.0101396 -0.045111 0.00855032 -0.00214037 -0.0659361 0.0230074 -0.0770063 0.0443172 0.00699993 0.0430502 0.0621958 -0.107419 -0.132334 -0.132014
internal_weight=105.388 85.9568 29.9383 56.0186 48.9125 13.8294 35.083 22.4041 19.4314 11.5437 28.7145 20.8815 15.1205 10.9825 7.20227
internal_count=443 375 148 227 206 72 134 122 68 46 102 70 88 68 46
is_linear=0
shrinkage=0.1


Tree=8
num_leaves=17
num_cat=0
split_feature=11 15 15 14 10 12 10 12 10 13 10 14 12 15 15 11
split_gain=4.31926 3.65659 3.31903 5.13255 6.86466 5.15066 4.60548 3.41406 3.19763 3.13535 3.4369 2.50682 2.20995 1.54693 0.91575 0.708429
threshold=92.500000000000014 91.350000000000009 73.500000000000014 37.850000000000009 48.500000000000007 31.500000000000004 71.500000000000014 34.500000000000007 70.500000000000014 11.805000000000001 79.500000000000014 16.500000000000004 35.500000000000007 93.65000000000002 85.850000000000009 260.50000000000006
decision_type=2 2 2 2 2 2 2 2 2 2 2 2 2 2 2 2
left_child=1 14 7 11 -5 6 -6 -2 12 -10 -11 -4 -7 -3 -1 -8
right_child=2 13 3 4 5 8 15 -9 9 10 -12 -13 -14 -15 -16 -17
leaf_value=0.014401704858312783 0.076267001343641574 0.10528928971014057 -0.034270915209380075 0.065145876569422653 -0.055706474462551642 -0.056689917092175246 0.032741279000847875 -0.027482484011505826 -0.15634523599111907 -0.11532305155330241 0.014642101284875621 -0.12769322674510178 0.023809588322225596 0.040011427580286835 -0.046160531229113767 0.0829458858314151
leaf_weight=6.328637436032297 7.8231892436742765 6.3045357167720786 5.6778290942311269 10.385947048664091 5.833435237407687 7.430200397968294 6.9174909889698011 5.3345379680395126 4.5070815309882155 4.202633783221243 3.9445788562297821 5.8127403929829597 6.3035615235567093 8.5582332164049131 4.1235312223434448 4.734257698059082
leaf_count=25 24 17 29 34 28 37 26 23 31 27 16 37 26 29 19 15
internal_value=-0.000111699 0.0358297 -0.0116423 -0.020817 -0.00795958 -0.0252656 0.0168265 0.0342038 -0.0531565 -0.0894214 -0.0523987 -0.0815305 -0.019742 0.0677012 -0.00949097 0.0531401
internal_weight=104.222 25.3149 78.9075 65.7498 54.2592 43.8732 17.4852 13.1577 26.3881 12.6543 8.14721 11.4906 13.7338 14.8628 10.4522 11.6517
internal_count=443 90 353 306 240 206 69 47 137 74 43 66 63 46 44 41
is_linear=0
shrinkage=0.1


Tree=9
num_leaves=19
num_cat=0
split_feature=15 13 11 15 12 13 11 15 15 9 10 10 13 9 11 5 10 10
split_gain=3.90951 3.86988 3.25256 5.39233 4.45183 6.58995 6.11549 6.1985 3.92302 7.81647 5.01988 7.2751 2.58825 2.0416 1.90838 1.68221 2.85573 0.103354
threshold=96.050000000000011 7.455000000000001 47.500000000000007 94.050000000000011 34.500000000000007 22.295000000000005 191.50000000000003 88.65000000000002 89.40000000000002 3.5000000000000004 63.500000000000007 79.500000000000014 11.435000000000002 1.5000000000000002 234.50000000000003 1.0000000180025095e-35 71.500000000000014 67.500000000000014
decision_type=2 2 2 2 2 2 2 2 2 2 2 2 2 2 2 2 2 2
left_child=1 15 -3 4 8 6 17 12 10 13 -4 14 -8 -10 -12 16 -1 -6
right_child=-2 2 3 -5 5 -7 7 -9 9 -11 11 -13 -14 -15 -16 -17 -18 -19
leaf_value=0.042684949383958969 0.058755922826156617 0.047019378283936118 0.092940693917934247 -0.12012060038400613 -0.17338154814713827 0.066656696683832173 -0.040270756901152172 0.057989576925474587 -0.038987734651337043 0.065392139076400332 -0.023333741294436178 0.089367349568085439 -0.16150894565279894 -0.13348638271337007 -0.11479824135942188 0.069328532112177696 -0.056199632374325861 -0.14710076072267575
leaf_weight=8.8502480685710925 10.165853306651114 7.0538309067487708 8.1303961947560328 5.4046660810708991 3.0275110378861489 3.8145743012428275 4.0405833870172483 4.3729741796851158 4.1252810508012754 4.8477453440427771 7.3576019480824488 5.5639279782772055 3.1209732890129089 5.1283504068851471 3.3062681928277016 7.5099179297685614 4.3589337915182105 2.9589117914438248
leaf_count=31 33 24 25 30 20 14 20 16 20 16 36 17 22 32 20 24 21 22
internal_value=-0.000122559 -0.00656047 -0.0174856 -0.0244643 -0.0158182 -0.0524525 -0.0783843 -0.0358225 0.00450468 -0.0374712 0.0288053 -0.00332766 -0.0931058 -0.0913588 -0.0516918 0.0315387 0.0100538 -0.160392
internal_weight=103.139 92.9727 72.2536 65.1998 59.7951 21.3355 17.521 11.5345 38.4596 14.1014 24.3582 16.2278 7.16156 9.25363 10.6639 20.7191 13.2092 5.98642
internal_count=443 410 334 310 280 114 100 58 166 68 98 73 42 52 56 76 52 42
is_linear=0
shrinkage=0.1


Tree=10
num_leaves=18
num_cat=0
split_feature=4 12 11 13 13 3 12 15 13 15 11 13 15 12 10 11 14
split_gain=3.76608 5.23346 4.419 3.95341 3.75465 4.84816 4.11922 4.99549 8.03681 3.18564 3.14849 3.61217 3.00595 2.60195 1.82102 0.575786 0.490422
threshold=1.0000000180025095e-35 30.500000000000004 72.000000000000014 6.4000000000000012 25.020000000000003 1.0000000180025095e-35 34.500000000000007 89.40000000000002 10.560000000000002 91.65000000000002 206.50000000000003 12.575000000000001 88.65000000000002 30.500000000000004 69.500000000000014 183.50000000000003 105.50000000000001
decision_type=2 2 2 2 2 2 2 2 2 2 2 2 2 2 2 2 2
left_child=2 -2 16 15 5 6 7 8 -5 -3 11 -7 -8 -9 -12 -4 -1
right_child=1 9 3 4 -6 10 12 13 -10 -11 14 -13 -14 -15 -16 -17 -18
leaf_value=0.079596857980351057 0.033157828999833119 -0.13999984890727499 0.068037648477233856 -0.074326157601026899 0.047314623359863729 0.017962901950079616 -0.16109894697476299 -0.14161917882333702 0.085981344588209954 -0.015620018755677312 0.080874428761632144 -0.11327924496388596 -0.051480087547976477 -0.02722956105840298 0.0092952826102497658 0.022998621004759356 0.040404093543970343
leaf_weight=6.9744093120098096 5.0149617344140998 5.643186613917349 7.4157715737819654 5.5134113952517563 9.1845238506793958 5.2432282790541667 4.4896908029913885 3.9752328842878333 7.2262734323740005 3.2423056662082672 6.47889596223831 3.4949891939759254 5.6491667330265045 3.9787615686655045 7.8733722716569901 4.5986395627260208 5.8881199508905411
leaf_count=21 19 36 24 31 33 22 32 24 23 15 21 21 29 20 35 17 20
internal_value=-0.000146503 -0.0485168 0.00749539 -0.001778 -0.0117875 -0.0218542 -0.0478027 -0.0222181 0.0166043 -0.0946138 0.0127947 -0.0345295 -0.100022 -0.084399 0.0416075 0.0507985 0.0616555
internal_weight=101.885 13.9005 87.9845 75.122 63.1075 53.923 30.8325 20.6937 12.7397 8.88549 23.0905 8.73822 10.1389 7.95399 14.3523 12.0144 12.8625
internal_count=443 70 373 332 291 258 159 98 54 51 99 43 61 44 56 41 41
is_linear=0
shrinkage=0.1


Tree=11
num_leaves=18
num_cat=0
split_feature=10 4 15 15 10 14 14 11 15 14 10 11 14 15 9 10 12
split_gain=3.26025 3.94306 4.82688 3.23582 3.69006 5.68358 3.47378 3.18121 2.78353 3.15485 2.31923 4.70417 2.25949 1.94454 4.58974 1.16699 1.01066
threshold=81.500000000000014 1.0000000180025095e-35 92.450000000000017 96.050000000000011 49.500000000000007 176.50000000000003 17.120000000000001 316.00000000000006 91.950000000000017 114.50000000000001 74.500000000000014 119.00000000000001 103.50000000000001 77.15000000000002 1.5000000000000002 68.500000000000014 33.500000000000007
decision_type=2 2 2 2 2 2 2 2 2 2 2 2 2 2 2 2 2
left_child=1 3 15 4 12 6 -6 10 9 -2 11 -8 -1 -13 -15 -3 -7
right_child=8 2 -4 -5 5 16 7 -9 -10 -11 -12 13 -14 14 -16 -17 -18
leaf_value=-0.0036780205669968979 -0.038642283493844097 -0.072537203877889783 0.020528754428656697 0.066655445190403104 0.066072581802368885 -0.13092342734891368 -0.057726129476460025 -0.094239555871208497 0.084767200612850729 0.068806831299492638 -0.058720046285489651 0.079775517522633344 0.075981469027071868 0.081091579986866766 -0.048114575466681929 -0.15383333149163106 -0.057878795949112632
leaf_weight=6.8067959621548635 6.5693803727626818 3.4447222799062711 4.2623076662421227 6.6072157174348822 5.8756751269102088 4.3017486706376067 7.5608372390270295 4.6291702315211287 7.4797638058662406 4.6787376701831818 6.5055106207728377 6.5463315397501018 7.4665098786354065 5.0701527148485166 6.0061148852109909 3.6227326914668083 3.3845329433679581
leaf_count=31 31 18 17 21 22 27 36 27 22 15 37 20 23 18 33 26 19
internal_value=-0.000159198 -0.00874843 -0.0635201 2.12791e-05 -0.00684144 -0.0196708 -0.00526356 -0.0168046 0.0374902 0.00605197 -0.00549276 0.00825718 0.0379927 0.0365668 0.0110294 -0.114209 -0.0987594
internal_weight=100.818 82.0904 11.3298 70.7606 64.1534 49.8801 42.1938 36.3181 18.7279 11.2481 31.6889 25.1834 14.2733 17.6226 11.0763 7.06745 7.68628
internal_count=443 375 61 314 293 239 193 171 68 46 144 107 54 71 51 44 46
is_linear=0
shrinkage=0.1


Tree=12
num_leaves=18
num_cat=0
split_feature=2 14 14 13 12 11 13 3 14 10 14 13 11 14 13 13 15
split_gain=2.87846 8.63212 5.86303 11.1619 5.5272 6.46302 4.19124 3.95245 5.48363 3.1278 2.3197 2.47561 1.53764 1.23931 0.794621 0.767228 0.151781
threshold=1.0000000180025095e-35 72.500000000000014 186.00000000000003 22.295000000000005 31.500000000000004 117.50000000000001 15.145000000000001 1.0000000180025095e-35 127.80000000000001 71.500000000000014 38.500000000000007 11.56 198.50000000000003 75.500000000000014 18.745000000000001 12.165000000000001 82.050000000000011
decision_type=2 2 2 2 2 2 2 2 2 2 2 2 2 2 2 2 2
left_child=1 10 9 -4 13 -6 7 8 16 15 11 -1 -11 -2 -15 -3 -7
right_child=4 2 3 -5 5 6 -8 -9 -10 12 -12 -13 -14 14 -16 -17 -18
leaf_value=-0.013005523520565049 0.083886698958406031 0.082974598823319923 -0.17564039260856479 0.053905628640388462 0.050023793736500372 -0.12164132583764456 -0.12191715713387058 0.063368588375350185 0.053798320442075498 -0.053120257433533824 -0.13453751795087601 -0.11399727120651755 0.029618684045093498 0.015269326201631558 0.067740396903863007 0.039083226409069874 -0.089866004873375163
leaf_weight=6.2716443315148336 8.8996286839246768 8.3246209025383013 4.2368383109569532 4.2365640997886658 10.876546517014505 3.5783197581768054 5.326146572828292 4.1994504854083052 3.1539129689335823 4.4962072372436506 5.1205351874232283 3.9596785083413124 4.4882942065596581 7.7088108658790571 4.613407164812088 7.6355070024728766 2.5923119559884071
leaf_count=29 28 25 28 15 39 22 36 16 13 22 34 26 19 30 15 28 18
internal_value=-0.000153647 -0.017519 0.010996 -0.0608711 0.0164691 -0.0113604 -0.0467791 -0.0171875 -0.0534672 0.0354084 -0.0795905 -0.0520909 -0.0117872 0.0554515 0.0349144 0.0619765 -0.108292
internal_weight=99.7184 48.7699 33.418 8.4734 50.9485 29.7267 18.8501 13.524 9.32454 24.9446 15.3519 10.2313 8.9845 21.2218 12.3222 15.9601 6.17063
internal_count=443 226 137 43 217 144 105 69 53 94 89 55 41 73 45 53 40
is_linear=0
shrinkage=0.1


Tree=13
num_leaves=17
num_cat=0
split_feature=11 4 13 13 15 14 10 11 11 14 14 14 3 12 13 10
split_gain=2.69263 2.2134 2.18359 4.21462 2.04175 3.97385 4.3471 3.6574 6.08047 4.86139 3.46893 3.20918 2.69119 2.19888 2.04802 0.586527
threshold=92.500000000000014 1.0000000180025095e-35 16.940000000000001 8.8900000000000023 73.500000000000014 37.850000000000009 48.500000000000007 368.00000000000006 260.50000000000006 200.50000000000003 168.50000000000003 135.50000000000003 1.0000000180025095e-35 32.500000000000007 10.560000000000002 72.500000000000014
decision_type=2 2 2 2 2 2 2 2 2 2 2 2 2 2 2 2
left_child=1 2 3 -1 12 13 -7 8 9 10 11 14 -2 -6 -8 -16
right_child=4 -3 -4 -5 5 6 7 -9 -10 -11 -12 -13 -14 -15 15 -17
leaf_value=0.070112788750708421 -0.019949034007932982 -0.026679576803918015 0.095371210933885842 -0.046995495801712396 -0.026670570488875795 0.05477993101918726 -0.057674192668448976 -0.12108032126566569 0.060388267026079662 -0.12124752578007963 0.065550034485549274 -0.11839739155535772 0.072879292439441135 -0.11705087355971083 -0.0062350332152308835 0.043622944583011719
leaf_weight=7.4648477211594635 6.14054476469755 5.5384945869445792 5.9387081563472739 5.2236145958304405 5.3365814313292486 9.7152071669697744 6.2511442080140212 3.268011085689067 9.1145928129553777 5.1608752310276023 4.4386583343148223 3.5492171570658675 6.3554737493395805 5.4317310079932213 5.3037738353013975 4.2503427565097809
leaf_count=24 27 25 17 24 27 34 35 21 34 35 16 21 20 39 26 18
internal_value=-0.000174597 0.0288224 0.045325 0.0219014 -0.00960365 -0.0170558 -0.00541161 -0.0195582 -0.010843 -0.0332663 -0.0141827 -0.0324682 0.0272634 -0.07226 -0.013172 0.0159453
internal_weight=98.4818 24.1657 18.6272 12.6885 74.3162 61.8201 51.0518 41.3366 38.0686 28.954 23.7931 19.3545 12.496 10.7683 15.8053 9.55412
internal_count=443 90 65 48 353 306 240 206 185 151 116 100 47 66 79 44
is_linear=0
shrinkage=0.1


Tree=14
num_leaves=19
num_cat=0
split_feature=15 14 11 11 13 11 12 9 12 12 1 11 13 13 15 13 9 14
split_gain=2.49209 2.45633 5.4562 3.50993 5.12833 4.80322 2.6126 3.4386 3.75671 3.52411 2.98121 2.82098 1.638 1.52684 1.55318 1.4645 1.33864 1.15271
threshold=96.050000000000011 186.00000000000003 276.50000000000006 47.500000000000007 14.915000000000001 167.50000000000003 37.500000000000007 2.5000000000000004 31.500000000000004 28.500000000000004 1.0000000180025095e-35 186.50000000000003 20.075000000000006 10.105000000000002 77.800000000000011 22.295000000000005 2.5000000000000004 71.65000000000002
decision_type=2 2 2 2 2 2 2 2 2 2 2 2 2 2 2 2 2 2
left_child=1 3 15 -1 6 -6 7 8 -5 -9 -8 17 -7 14 -10 16 -3 -11
right_child=-2 2 -4 4 5 12 10 9 13 11 -12 -13 -14 -15 -16 -17 -18 -19
leaf_value=0.062710260319293096 0.048047079749106124 -0.15865911448869519 0.065179195832031397 -0.069168847170363437 -0.13588529796193582 -0.056852471604116744 0.012654213117708422 0.11205182746137435 0.032758319735447072 0.079903082334110129 -0.11219044260037969 -0.038821591875042208 0.023898609529208709 0.060304429043463739 -0.049777878361082814 -0.02700781676377045 -0.068001694332711485 0.012939794787263627
leaf_weight=8.3193874806165677 9.6546391248702985 3.0712545216083509 3.3025140240788451 7.1223027631640461 5.1372972279787055 5.0923724696040136 4.1593163087964049 5.9730689674615887 4.8642731532454473 6.0554568469524366 3.5412099435925484 5.1546386554837218 4.9573909342288971 5.6151342615485182 4.2915356308221817 3.0864417180418968 3.4678236618638039 4.4670146182179451
leaf_count=27 33 22 12 39 34 28 20 16 18 21 23 27 22 22 24 15 21 19
internal_value=-0.000173247 -0.00548299 -0.0457303 0.00147776 -0.0061906 -0.0572278 0.0089352 0.0184306 -0.00951445 0.0466894 -0.0447576 0.0217859 -0.0170192 0.0192499 -0.00592827 -0.0837834 -0.110581 0.0514757
internal_weight=97.3331 87.6784 12.928 74.7504 66.431 15.1871 51.244 43.5434 21.8932 21.6502 7.70053 15.6771 10.0498 14.7709 9.15581 9.62552 6.53908 10.5225
internal_count=443 410 70 340 313 84 229 186 103 83 43 67 50 64 42 58 43 40
is_linear=0
shrinkage=0.1


Tree=15
num_leaves=18
num_cat=0
split_feature=10 4 15 15 10 14 14 0 14 15 14 13 15 11 10 10 15
split_gain=2.30128 2.71675 3.66673 2.56495 2.56744 3.67639 2.62823 2.54526 4.8632 4.47188 4.2455 2.2878 2.71905 2.28155 1.80092 1.5583 0.737813
threshold=81.500000000000014 1.0000000180025095e-35 92.450000000000017 96.050000000000011 49.500000000000007 17.120000000000001 176.50000000000003 1.0000000180025095e-35 118.50000000000001 90.250000000000014 91.90000000000002 8.5150000000000023 92.350000000000009 146.50000000000003 38.000000000000007 67.500000000000014 88.65000000000002
decision_type=2 2 2 2 2 2 2 2 2 2 2 2 2 2 2 2 2
left_child=1 3 15 4 14 -6 7 8 9 13 -9 -2 -13 -7 -1 -3 -8
right_child=11 2 -4 -5 5 6 16 10 -10 -11 -12 12 -14 -15 -16 -17 -18
leaf_value=-0.011499457160287706 0.077314929947515362 -0.050063121666416022 0.019349577544371336 0.060109208341974911 0.058076522015051715 0.054880771398969852 -0.049301647838677867 -0.011645783051248589 0.078158104052535704 -0.12171140837557051 -0.13807496367333505 -0.039628262575196201 0.06009897700173681 -0.031505888836205365 0.062207367687334696 -0.14783418862440131 -0.11370642355832349
leaf_weight=5.6544301137328139 6.8939101248979595 3.1220437139272672 4.1202872470021248 6.3870913237333289 5.6728854775428763 5.0782251581549698 3.3988097086548796 7.9864638000726682 6.2799974083900443 3.7213701307773581 3.9794890806078911 6.2519466653466207 4.8585821092128754 7.6823752447962761 8.0121592432260496 3.4114195108413696 3.7316539287567139
leaf_count=27 21 17 17 21 22 20 21 39 21 26 26 31 16 39 27 27 25
internal_value=-0.000173278 -0.00759114 -0.0545252 -0.000192692 -0.00648627 -0.0174693 -0.0277077 -0.0163534 0.00327548 -0.0252565 -0.053692 0.0320612 0.00398199 0.00287266 0.0317118 -0.101114 -0.0830072
internal_weight=96.2431 78.2387 10.6538 67.585 61.1979 47.5313 41.8584 34.7279 22.762 16.482 11.966 18.0044 11.1105 12.7606 13.6666 6.53346 7.13046
internal_count=443 375 61 314 293 239 217 171 106 85 65 68 47 59 54 44 46
is_linear=0
shrinkage=0.1


Tree=16
num_leaves=19
num_cat=0
split_feature=13 6 11 13 14 11 10 15 10 13 13 14 11 11 12 11 12 9
split_gain=2.19014 2.65516 5.03405 3.00505 3.64788 3.83802 3.81151 3.30951 5.62743 5.68941 2.93869 2.58093 2.277 3.39677 2.24191 2.23262 1.3335 0.61657
threshold=7.455000000000001 1.0000000180025095e-35 191.50000000000003 9.865000000000002 37.850000000000009 63.500000000000007 48.500000000000007 96.250000000000014 86.500000000000014 14.915000000000001 26.045000000000005 96.500000000000014 153.50000000000003 238.50000000000003 30.500000000000004 81.500000000000014 35.500000000000007 2.5000000000000004
decision_type=2 2 2 2 2 2 2 2 2 2 2 2 2 2 2 2 2 2
left_child=14 3 -3 12 -5 -6 -7 8 9 11 17 -8 15 -14 -1 -2 -16 -11
right_child=1 2 -4 4 5 6 7 -9 -10 10 -12 -13 13 -15 16 -17 -18 -19
leaf_value=0.081922550815789474 -0.031207033249359195 -0.12879541485394214 0.02280926398497779 -0.064927449332621193 0.097986337109806865 0.083192069528509591 0.056326712551868025 0.073694572491710394 0.090016349565081311 -0.15923954538037652 -0.017882005124403643 -0.040602823668030766 0.042157521264320937 -0.067673089686169183 -0.021001227181617062 -0.14775254701213766 0.037526497991943047 -0.099047008924849411
leaf_weight=5.6750233918428448 3.7405313178896931 4.8103380948305112 4.0211514607071877 5.454287275671958 5.7377402484416953 5.9225140661001197 5.8463259339332669 4.5724506378173819 4.0060764104127875 3.5893164873123151 3.4890513122081757 5.1818478927016258 6.0719344541430456 5.2512115687131882 7.7217937037348729 2.9321982935070992 7.8507691100239754 3.235994927585125
leaf_count=17 17 33 18 35 17 18 25 14 12 27 17 28 24 31 35 23 29 23
internal_value=-0.000178974 -0.00831783 -0.0597668 -0.00133088 0.0119656 0.0220518 0.00989639 -0.00461161 -0.0187367 -0.03915 -0.0925378 0.0107821 -0.0360837 -0.00877742 0.0281141 -0.0824206 0.00850501 -0.130701
internal_weight=95.1106 73.863 8.83149 65.0315 47.0356 41.5813 35.8436 29.9211 25.3486 21.3425 10.3144 11.0282 17.9959 11.3231 21.2476 6.67273 15.5726 6.82531
internal_count=443 362 51 311 216 181 164 146 132 120 67 53 95 55 81 40 64 50
is_linear=0
shrinkage=0.1


Tree=17
num_leaves=17
num_cat=0
split_feature=2 14 14 13 12 11 10 13 11 14 10 9 14 14 14 13
split_gain=2.04293 6.31692 3.69481 6.2606 3.14618 4.25085 3.24793 3.66263 3.50983 2.93343 2.53119 5.31672 2.21026 1.45418 1.13934 0.969566
threshold=1.0000000180025095e-35 70.000000000000014 186.00000000000003 23.040000000000003 31.500000000000004 117.50000000000001 70.500000000000014 11.105000000000002 234.50000000000003 38.500000000000007 69.500000000000014 2.5000000000000004 23.500000000000004 73.250000000000014 174.25000000000003 14.150000000000002
decision_type=2 2 2 2 2 2 2 2 2 2 2 2 2 2 2 2
left_child=1 9 10 -4 13 -6 7 -7 -8 12 15 -12 -1 -2 -15 -3
right_child=4 2 3 -5 5 6 8 -9 -10 -11 11 -13 -14 14 -16 -17
leaf_value=-0.09454347249824506 0.076668525756404537 0.074224545859492591 -0.1335552350292695 0.046283575417225796 0.04317320091580313 0.060546499601905807 -0.14273692324947085 -0.062463575703814639 -0.0057893262943807221 -0.1490650165342661 -0.080272861441940582 0.063410848597057493 0.00109193902580096 -0.0072605913693937971 0.055289707141992765 0.020285038663005565
leaf_weight=4.5933877974748594 8.2689303755760211 9.1531496047973651 4.2396512627601615 3.5621787309646606 10.383151434361936 4.9895103573799151 4.5238161720335475 4.7012256607413292 3.1918972134590149 3.6832871437072745 5.2903839573264104 5.0180397108197212 5.099465511739254 6.2495864704251272 5.4527175202965736 5.2403302192687979
leaf_count=30 27 29 30 13 39 19 38 31 17 28 33 17 25 27 19 21
internal_value=-0.000184844 -0.0152551 0.00854841 -0.051444 0.0142919 -0.00746605 -0.037673 0.000871144 -0.0860834 -0.073097 0.0274964 -0.010329 -0.0442291 0.0445676 0.0218849 0.0545864
internal_weight=93.6407 45.8799 32.5037 7.80183 47.7608 27.7896 17.4064 9.69074 7.71571 13.3761 24.7019 10.3084 9.69285 19.9712 11.7023 14.3935
internal_count=443 226 143 43 217 144 105 50 55 83 100 50 55 73 46 50
is_linear=0
shrinkage=0.1


Tree=18
num_leaves=18
num_cat=0
split_feature=2 14 14 13 12 13 14 14 14 14 0 11 10 10 9 1 15
split_gain=1.68329 5.25839 3.05867 5.27265 2.87917 3.77909 2.68437 2.30933 4.23179 2.12579 2.12126 3.14247 2.08243 4.92861 2.01589 1.56134 0.899718
threshold=1.0000000180025095e-35 70.000000000000014 186.00000000000003 23.040000000000003 37.500000000000007 9.4350000000000005 38.500000000000007 70.000000000000014 110.50000000000001 167.50000000000003 1.0000000180025095e-35 121.50000000000001 69.500000000000014 81.500000000000014 1.5000000000000002 1.0000000180025095e-35 88.750000000000014
decision_type=2 2 2 2 2 2 2 2 2 2 2 2 2 2 2 2 2
left_child=1 6 12 -4 7 -6 14 10 -9 -10 11 -2 16 -14 -1 -11 -3
right_child=4 2 3 -5 5 -7 -8 8 9 15 -12 -13 13 -15 -16 -17 -18
leaf_value=0.001159015862105767 0.073284497276400296 0.074228306027148916 -0.1247290661850432 0.041912604202079942 0.018632113331151921 -0.13806549138191515 -0.14283831794882365 -0.074036389265963218 0.061196513293698643 0.032131804246527958 0.086082376889979342 -0.03948882385783558 -0.079977348626589048 0.059194439462126269 -0.090950323556029958 -0.054058502349338178 0.023858662088623118
leaf_weight=5.2889469265937787 5.014634408056736 7.3260382711887377 4.0933706238865843 3.5414237231016159 3.5030576437711707 2.7451985403895378 3.4704297780990592 5.6067677438259151 8.5750016719102877 4.3461325317621213 8.3905984461307526 4.8711370974779129 5.0189067572355253 5.1615545004606247 4.3142651617527008 4.069933608174324 6.8733691796660423
leaf_count=27 16 23 30 13 16 24 28 33 30 18 28 28 32 18 28 24 27
internal_value=-0.000208291 -0.0140207 0.00780246 -0.0474318 0.0130079 -0.0502137 -0.0674612 0.0226723 0.00129614 0.0261546 0.0491029 0.0177163 0.0250996 -0.00941642 -0.0402213 -0.00954905 0.0498464
internal_weight=92.2108 45.0883 32.0147 7.63479 47.1225 6.24826 13.0736 40.8742 22.5978 16.9911 18.2764 9.88577 24.3799 10.1805 9.60321 8.41607 14.1994
internal_count=443 226 143 43 217 40 83 177 105 72 72 44 100 50 55 42 50
is_linear=0
shrinkage=0.1


Tree=19
num_leaves=18
num_cat=0
split_feature=4 13 11 9 13 14 14 13 13 13 13 14 10 12 14 12 13
split_gain=1.54155 4.37384 2.26259 1.88186 3.86524 5.7413 5.70259 3.37367 3.42967 2.23751 2.17577 4.21659 1.8825 1.35909 2.74067 5.33795 0.537817
threshold=1.0000000180025095e-35 11.510000000000002 72.000000000000014 2.5000000000000004 26.045000000000005 140.50000000000003 102.50000000000001 15.245000000000003 13.685000000000002 22.295000000000005 6.1300000000000008 75.500000000000014 73.500000000000014 31.500000000000004 72.500000000000014 33.500000000000007 10.330000000000002
decision_type=2 2 2 2 2 2 2 2 2 2 2 2 2 2 2 2 2
left_child=2 -2 16 4 5 6 13 8 10 -9 -5 -12 -7 -4 15 -15 -1
right_child=1 -3 3 7 -6 12 -8 9 -10 -11 11 -13 -14 14 -16 -17 -18
leaf_value=0.02325994322989669 0.010900829156666099 -0.11524334163635906 -0.083943357328290377 0.062108666035743422 0.059791152769354275 -0.16936643784489847 0.064690292444494743 -0.10494272237792922 0.11174747144599449 0.009952648274456374 0.029879270354972634 -0.096174458408760738 -0.059589314670075236 0.035990007677621248 0.038991926178305297 -0.1284962761184508 0.066332606964295784
leaf_weight=5.5801321715116483 7.8041075021028501 4.2432314306497574 5.0756848677992918 6.5331089645624258 5.5197144448757163 3.2524312585592261 7.3201491683721533 3.2949716784059992 4.5901395455002776 3.4905130788683891 8.5610514581203443 3.8457735814154139 3.0057256370782852 3.4587324634194356 4.5892585068941107 4.5927792973816395 6.0330769196152687
leaf_count=21 38 32 33 22 19 24 25 24 14 18 39 26 18 16 20 34 20
internal_value=-0.000215347 -0.0335288 0.00488145 -0.00216895 -0.0173625 -0.0309707 -0.00955635 0.0162817 0.0341959 -0.0458395 0.0154011 -0.00919391 -0.116642 -0.0402339 -0.022683 -0.057837 0.0456362
internal_weight=90.7906 12.0473 78.7432 67.13 36.8145 31.2948 25.0366 30.3156 23.5301 6.78548 18.9399 12.4068 6.25816 17.7165 12.6408 8.05151 11.6132
internal_count=443 70 373 332 189 170 128 143 101 42 87 65 42 103 70 50 41
is_linear=0
shrinkage=0.1


Tree=20
num_leaves=17
num_cat=0
split_feature=10 13 13 10 2 11 12 14 15 14 5 11 15 11 13 12
split_gain=1.44426 2.46452 3.38876 2.16667 3.58728 3.58282 3.93869 3.52622 2.18836 4.12508 3.92714 3.36146 2.34078 1.2983 0.880134 0.710375
threshold=80.500000000000014 8.5150000000000023 13.800000000000002 70.500000000000014 1.0000000180025095e-35 97.000000000000014 31.500000000000004 95.280000000000015 71.950000000000017 57.400000000000013 1.0000000180025095e-35 121.50000000000001 93.050000000000011 175.50000000000003 11.730000000000002 34.500000000000007
decision_type=2 2 2 2 2 2 2 2 2 2 2 2 2 2 2 2
left_child=3 -2 -3 8 7 -6 -7 -5 -1 11 12 -10 13 -11 -8 -13
right_child=1 2 -4 4 5 6 14 -9 9 10 -12 15 -14 -15 -16 -17
leaf_value=0.060480195578100984 0.068726841221471116 -0.065174178182943632 0.041806132886481093 -0.031354869275044564 0.069302502637680771 0.036760822130175716 -0.13842236349334699 -0.16149046559360725 -0.0011444009897006982 0.023795817625920489 -0.060894449984632365 -0.13924506481576007 -0.015549066923622913 0.078357047297778509 -0.051826238668039551 -0.068082736742628533
leaf_weight=6.1898491680622092 7.5155341923236874 5.1957147419452649 6.8841497376561165 5.2667965590953827 4.7579112276434907 3.8125696554779989 2.6258565075695515 3.4435468912124634 5.9672054648399335 8.1661735735833734 5.3834334500133982 3.2420123219490051 6.9782171025872222 9.3599014729261381 2.1222944781184196 2.4726583324372768
leaf_count=21 24 30 27 34 16 15 23 28 26 37 32 27 32 33 19 19
internal_value=-0.000223341 0.0237654 -0.00420756 -0.00695897 -0.032903 -0.000268755 -0.0389353 -0.0828027 0.00500768 -0.00325236 0.0164418 -0.0536394 0.0334321 0.0529346 -0.0997162 -0.108454
internal_weight=89.3838 19.5954 12.0799 69.7884 22.029 13.3186 8.56072 8.71034 47.7595 41.5696 29.8877 11.6819 24.5043 17.5261 4.74815 5.71467
internal_count=443 81 57 362 135 73 57 62 227 206 134 72 102 70 42 46
is_linear=0
shrinkage=0.1


Tree=21
num_leaves=19
num_cat=0
split_feature=11 11 14 13 11 12 3 11 15 9 11 15 9 10 10 13 12 11
split_gain=1.3739 1.92853 2.83086 3.64477 2.1053 2.82193 2.76994 3.60992 2.00491 2.71747 1.99284 1.6536 1.53433 1.19637 1.83195 1.10398 0.597601 0.434003
threshold=368.00000000000006 303.50000000000006 186.00000000000003 22.295000000000005 72.000000000000014 34.500000000000007 1.0000000180025095e-35 189.50000000000003 89.65000000000002 3.5000000000000004 213.50000000000003 91.350000000000009 2.5000000000000004 79.500000000000014 64.500000000000014 20.635000000000002 37.500000000000007 234.50000000000003
decision_type=2 2 2 2 2 2 2 2 2 2 2 2 2 2 2 2 2 2
left_child=1 2 4 12 11 8 7 16 10 15 13 -1 -4 14 -6 -10 -7 -8
right_child=-2 -3 3 -5 5 6 17 -9 9 -11 -12 -13 -14 -15 -16 -17 -18 -19
leaf_value=-0.0022280433837416126 -0.050426050918085524 0.049643182275969637 -0.14726293550007383 0.02320732654161195 0.076079824531407936 -0.16396678040325208 -0.01353097060348319 -0.0056685213452142341 -0.081449148237385222 0.050624914378549837 -0.023185337138775797 0.068865109308706096 -0.05135678399798943 0.092546256198830279 -0.0051214250356658893 -0.0067992137204493132 -0.095807875150132782 0.03358287079178917
leaf_weight=5.4129855185747138 5.1357071027159682 7.9692174792289725 3.0495815724134427 4.281819112598896 5.1379602476954478 2.5135841295123118 4.3150922805070868 4.3917021378874779 4.8777762949466688 3.8568958416581145 4.884362928569316 8.270595431327818 3.682330209761858 4.6444250717759124 6.0498187392950058 3.3359551168978214 2.6347505748271942 3.575173556804657
leaf_count=23 32 34 26 19 17 20 23 22 32 15 26 27 24 14 31 18 22 18
internal_value=-0.000235327 0.00287462 -0.00210048 -0.0489238 0.00596979 -0.00350513 -0.0360172 -0.0722711 0.0137789 -0.0186169 0.0326545 0.0407419 -0.0948026 0.0498816 0.0321701 -0.0511305 -0.129085 0.00781687
internal_weight=88.0197 82.884 74.9148 11.0137 63.9011 50.2175 17.4303 9.54004 32.7872 12.0706 20.7166 13.6836 6.73191 15.8322 11.1878 8.21373 5.14833 7.89027
internal_count=443 411 377 69 308 258 105 64 153 65 88 50 50 62 48 50 42 41
is_linear=0
shrinkage=0.1


Tree=22
num_leaves=18
num_cat=0
split_feature=11 11 4 13 15 15 13 9 14 14 11 2 12 14 13 13 10
split_gain=1.35319 5.80717 2.10629 4.00449 2.62681 4.94735 1.78353 2.35592 6.95686 4.05973 2.69932 2.02599 2.00135 3.21988 1.17156 2.68878 1.13849
threshold=37.500000000000007 47.500000000000007 1.0000000180025095e-35 11.510000000000002 96.050000000000011 94.050000000000011 25.020000000000003 2.5000000000000004 140.50000000000003 102.50000000000001 133.50000000000003 1.0000000180025095e-35 31.500000000000004 40.180000000000007 9.2650000000000023 13.800000000000002 68.500000000000014
decision_type=2 2 2 2 2 2 2 2 2 2 2 2 2 2 2 2 2
left_child=-1 -2 4 -4 5 6 7 8 9 10 -3 -9 -13 -14 -12 -16 -15
right_child=1 2 3 -5 -6 -7 -8 11 -10 -11 14 12 13 16 15 -17 -18
leaf_value=-0.052794710204009533 0.11021078279720609 0.039111980888627391 -0.00021974617537880308 -0.1445290496432787 0.057722925969743599 -0.10625022156450006 0.058342903492783309 -0.040300735185976044 -0.14443921388812533 0.068545024496558152 -0.017636118374927189 0.069722215155674963 0.070822984983820975 -0.082314308203430733 -0.14372520118605056 -0.017167229973692924 -0.0011432495333794932
leaf_weight=4.6358404532074919 4.7378637641668311 4.5276472344994643 5.4620843380689603 2.9676650166511536 7.5189218595623961 4.4661046117544165 5.2907129004597655 4.6050498075783279 4.0197201967239371 6.0401903465390197 5.6679656282067281 8.6172224059700984 4.6409160792827588 3.0618303380906582 3.3013434112071991 3.4154505357146263 3.9662957973778248
leaf_count=23 13 21 30 27 27 28 20 26 34 21 30 29 19 22 27 22 24
internal_value=-0.000227363 0.00273343 -0.00383121 -0.0510234 0.00192265 -0.0048861 0.00303461 -0.0026075 -0.023082 -0.00182858 -0.0269622 0.0195788 0.0331716 0.00618017 -0.0511177 -0.0793712 -0.0365057
internal_weight=86.9428 82.307 77.5691 8.42975 69.1394 61.6204 57.1543 51.8636 26.9723 22.9526 16.9124 24.8913 20.2863 11.669 12.3848 6.71679 7.02813
internal_count=443 420 407 57 350 323 295 275 155 121 100 120 94 65 79 49 46
is_linear=0
shrinkage=0.1


Tree=23
num_leaves=18
num_cat=0
split_feature=6 10 15 11 15 14 13 12 10 10 9 15 15 3 12 12 10
split_gain=1.29154 3.75712 3.18447 1.29926 1.69893 1.60643 3.52876 1.84939 1.79396 2.70365 4.15911 2.93134 3.37419 2.17788 2.00242 1.27981 1.18721
threshold=1.0000000180025095e-35 57.500000000000007 88.40000000000002 72.000000000000014 91.350000000000009 36.150000000000006 11.56 32.500000000000007 86.500000000000014 60.500000000000007 2.5000000000000004 91.950000000000017 86.500000000000014 1.0000000180025095e-35 34.500000000000007 31.500000000000004 70.500000000000014
decision_type=2 2 2 2 2 2 2 2 2 2 2 2 2 2 2 2 2
left_child=3 -2 -3 4 -1 6 7 -5 9 14 11 12 13 -11 -7 -12 -17
right_child=1 2 -4 5 -6 8 -8 -9 -10 10 15 -13 -14 -15 -16 16 -18
leaf_value=-0.0095361007884925356 0.028534165868450215 -0.0106186282442862 -0.15861060295644372 0.048277363298484345 0.062220738124692823 0.067256999628944186 -0.13331203018602039 -0.043533493004124575 0.056294567904800807 -0.14246659193499606 0.047935591109808606 -0.13660631388995217 0.035618180495944202 -0.017383718606623414 -0.0082297177043703981 0.033085002233195687 -0.045454006145381393
leaf_weight=5.6355884298682195 5.355488292872904 2.7985671982169151 3.026278268545866 3.8232445716857892 7.9597941115498543 8.0717909745872003 2.7823340930044642 5.1486132740974426 6.2479825019836417 2.8974630013108271 7.1497068107128126 3.5919771268963805 4.286566823720932 2.6790793910622597 6.2235795184969893 3.4571934938430786 4.3418803885579109
leaf_count=26 26 16 24 15 28 31 27 30 22 26 27 24 25 16 29 18 33
internal_value=-0.000234985 -0.0319223 -0.0875073 0.00453339 0.0324759 -0.00172494 -0.034922 -0.00440945 0.006247 -0.00107623 -0.0189277 -0.0592617 -0.0310941 -0.0823743 0.0343934 0.0173761 -0.010639
internal_weight=85.4771 11.1803 5.82485 74.2968 13.5954 60.7014 11.7542 8.97186 48.9472 42.6992 28.4039 13.4551 9.86311 5.57654 14.2954 14.9488 7.79907
internal_count=443 66 40 377 54 323 72 45 251 229 169 91 67 42 60 78 51
is_linear=0
shrinkage=0.1


Tree=24
num_leaves=16
num_cat=0
split_feature=4 13 15 15 15 10 5 14 5 15 15 11 11 2 14
split_gain=1.20092 3.07329 1.49217 1.98401 1.23016 1.7455 3.10988 4.35685 2.23716 2.17982 1.60162 1.41719 1.36901 1.16094 0.591812
threshold=1.0000000180025095e-35 11.510000000000002 96.050000000000011 94.050000000000011 91.65000000000002 70.500000000000014 1.0000000180025095e-35 40.180000000000007 1.0000000180025095e-35 86.500000000000014 81.050000000000011 234.50000000000003 175.50000000000003 1.0000000180025095e-35 130.50000000000003
decision_type=2 2 2 2 2 2 2 2 2 2 2 2 2 2 2
left_child=2 -2 3 4 5 8 7 -7 9 13 -9 -6 -11 -1 -12
right_child=1 -3 -4 -5 11 6 -8 10 -10 12 14 -13 -14 -15 -16
leaf_value=0.02364383815168121 0.0060157947661752522 -0.10615451164662991 0.046896652361879079 -0.057579402839915861 0.0049616280468379233 0.019340015389487049 0.035533359162611099 -0.040197267625018476 -0.044850865651370107 -0.059386396705520476 -0.15792991219117516 0.07507347639655873 0.027283588450770047 0.079013470330414615 -0.091399989863530637
leaf_weight=8.1606949716806465 7.406278267502783 3.644524410367012 7.4209301322698584 5.5569183602929106 7.0515966527163965 5.6080486699938801 6.102464396506547 3.4545782357454282 5.2208585999906054 3.7394462376832953 2.9168662503361702 4.876911848783493 3.5552177652716637 7.0650861635804167 2.468662329018116
leaf_count=37 38 32 28 32 37 29 27 21 32 22 26 17 19 26 20
internal_value=-0.000250058 -0.0309777 0.00438891 -0.000406765 0.00486891 -0.00223445 -0.0243234 -0.049605 0.0141289 0.027802 -0.0933428 0.0336265 -0.0171458 0.0493365 -0.127433
internal_weight=84.2491 11.0508 73.1983 65.7774 60.2204 48.2919 20.5506 14.4482 27.7413 22.5204 8.84011 11.9285 7.29466 15.2258 5.38553
internal_count=443 70 373 345 313 259 123 96 136 104 67 54 41 63 46
is_linear=0
shrinkage=0.1


Tree=25
num_leaves=18
num_cat=0
split_feature=11 11 4 14 15 15 13 3 13 13 11 1 15 15 2 13 15
split_gain=1.04397 4.87953 1.51258 4.21577 1.90607 3.43484 1.37031 1.99533 3.13987 2.89461 4.54885 1.74479 2.5642 4.63742 1.43254 1.23403 1.02307
threshold=37.500000000000007 47.500000000000007 1.0000000180025095e-35 81.500000000000014 96.050000000000011 94.050000000000011 25.020000000000003 1.0000000180025095e-35 14.410000000000002 12.690000000000001 256.50000000000006 1.0000000180025095e-35 91.15000000000002 81.800000000000026 1.0000000180025095e-35 7.455000000000001 88.750000000000014
decision_type=2 2 2 2 2 2 2 2 2 2 2 2 2 2 2 2 2
left_child=-1 -2 4 -4 5 6 7 8 9 10 14 -9 13 -13 -3 -16 -10
right_child=1 2 3 -5 -6 -7 -8 11 16 -11 -12 12 -14 -15 15 -17 -18
leaf_value=-0.046440994663511939 0.10359565923304333 -0.045581097368314311 -0.14427641974441735 0.0084368672617042961 0.049974458536836686 -0.090790670975675822 0.051480425857589052 0.054542890937253299 -0.0470859215174819 0.068773476514187373 -0.12856281370861197 0.025084642606003335 0.063608170831885011 -0.11797585066144721 0.056268684976295613 -0.012051880976668721 -0.13977851500523761
leaf_weight=4.6206952556967726 4.4986621290445319 4.6704133674502453 2.7767422050237647 5.1797543093562126 7.1706417500972739 4.2901685722172251 5.1011946946382514 8.6307998187839985 2.3179915957152835 4.2696779258549205 3.3227672316133967 5.7334101125597936 4.0496528670191774 3.7465346679091454 5.1073974221944809 5.4807966649532318 2.4485050290822983
leaf_count=23 13 29 26 31 27 28 20 38 17 19 25 26 15 29 18 36 23
internal_value=-0.000243828 0.00246526 -0.0036582 -0.0448586 0.00128318 -0.00461764 0.00211892 -0.0029396 -0.0208739 -0.00547431 -0.0225352 0.0194112 -0.00300002 -0.0314538 0.00055379 0.0209037 -0.0947012
internal_weight=83.4158 78.7951 74.2964 7.9565 66.34 59.1693 54.8791 49.7779 27.6175 22.8511 18.5814 22.1604 13.5296 9.47994 15.2586 10.5882 4.7665
internal_count=443 420 407 57 350 323 295 275 167 127 108 108 70 55 83 54 40
is_linear=0
shrinkage=0.1


Tree=26
num_leaves=19
num_cat=0
split_feature=6 10 14 11 14 11 13 10 12 10 5 11 1 10 15 13 13 13
split_gain=1.04579 3.01318 3.15837 1.0959 1.47736 2.04055 2.09992 1.66404 2.5262 5.24973 6.09079 3.0554 1.80135 1.39735 1.37683 1.23008 0.229741 0.0443566
threshold=1.0000000180025095e-35 41.500000000000007 52.500000000000007 72.000000000000014 36.150000000000006 130.00000000000003 9.3250000000000011 86.500000000000014 29.500000000000004 70.500000000000014 1.0000000180025095e-35 153.50000000000003 1.0000000180025095e-35 62.500000000000007 91.350000000000009 16.505000000000003 14.580000000000002 9.7400000000000002
decision_type=2 2 2 2 2 2 2 2 2 2 2 2 2 2 2 2 2 2
left_child=3 -2 -3 14 5 -5 -7 8 11 12 16 -6 15 -14 -1 -10 17 -11
right_child=1 2 -4 4 7 6 -8 -9 9 10 -12 -13 13 -15 -16 -17 -18 -19
leaf_value=-0.0077519793257831001 0.045992860815561531 0.0087065261601504459 -0.12576498729136729 0.02060564314731974 -0.025969538053018406 -0.019873969824190926 -0.12995951408256379 0.055183378769341075 0.05799779668564551 -0.15424002419791286 0.043690566801485961 0.079826375400830041 -0.071282403202389114 0.014506017443226125 0.057836480507411331 -0.0094547045624154193 -0.10519860257959777 -0.13389392887748583
leaf_weight=5.5301395729184133 3.5300876051187497 3.1002607494592667 4.0003794766962528 4.2447979971766454 4.4699828997254354 4.0393878519535065 3.0344753265380859 6.0087117403745642 8.3465098515152985 2.1071074083447439 2.8918638341128826 7.0119709670543671 3.5709648616611949 4.054310530424118 7.597733274102211 3.9988750405609599 2.3895594254136086 2.1801735907793045
leaf_count=26 17 16 33 19 25 21 32 22 34 20 15 26 20 23 28 21 23 22
internal_value=-0.000250163 -0.0295141 -0.0670524 0.00410227 -0.00177108 -0.0342064 -0.0670974 0.00603509 -0.00116405 -0.0166357 -0.0775385 0.0386395 0.0125452 -0.0256692 0.0302072 0.0361488 -0.130045 -0.143894
internal_weight=82.1073 10.6307 7.10064 71.4766 58.3487 11.3187 7.07386 47.03 41.0213 29.5394 9.5687 11.482 19.9707 7.62528 13.1279 12.3454 6.67684 4.28728
internal_count=443 66 49 377 323 72 53 251 229 178 80 51 98 43 54 55 65 42
is_linear=0
shrinkage=0.1


Tree=27
num_leaves=17
num_cat=0
split_feature=11 11 14 13 2 14 10 11 15 13 15 9 1 13 11 14
split_gain=0.937951 1.77499 2.20897 2.02294 1.39778 3.96213 2.5531 2.53736 1.69458 2.73015 1.7385 2.18719 1.64169 1.15539 1.04744 0.30692
threshold=368.00000000000006 303.50000000000006 218.30000000000004 20.400000000000002 1.0000000180025095e-35 74.500000000000014 71.500000000000014 145.00000000000003 92.65000000000002 14.580000000000002 89.850000000000009 3.5000000000000004 1.0000000180025095e-35 18.210000000000004 175.50000000000003 36.150000000000006
decision_type=2 2 2 2 2 2 2 2 2 2 2 2 2 2 2 2
left_child=1 2 4 -4 5 7 14 -1 9 10 11 12 -6 -10 -7 -9
right_child=-2 -3 3 -5 8 6 -8 15 13 -11 -12 -13 -14 -15 -16 -17
leaf_value=-0.017337379087467592 -0.043372485084050588 0.048945928536376443 -0.11132555861103673 0.0026195687207139634 0.016442316627552387 0.013870442999544697 -0.039813456361106024 -0.14296880904587583 0.075656712089448477 -0.076236427222916209 -0.042455964199172386 -0.025860832265267211 0.092099205489318714 0.0094367297807803011 0.074146522586772901 -0.091437761299964129
leaf_weight=5.4158982187509555 4.7518591582775107 7.4026888497173777 3.4020748212933531 2.8746066018939018 5.7185512483120053 6.1516336090862769 5.6639124266803256 2.4009995888918638 6.5283761844038946 3.8060045316815367 4.066804986447095 4.8247050754725924 5.753937816247344 4.4178270362317562 5.4257383234798908 2.2286662757396698
leaf_count=32 32 34 31 15 26 28 33 23 25 30 25 28 20 23 20 18
internal_value=-0.00026997 0.00242207 -0.00259253 -0.0591408 0.00309525 -0.013883 0.0152034 -0.0638043 0.0162881 0.00150485 0.0160346 0.0306303 0.0543874 0.0489307 0.0421188 -0.118162
internal_weight=80.8343 76.0824 68.6797 6.27668 62.4031 27.2868 17.2413 10.0456 35.1162 24.17 20.364 16.2972 11.4725 10.9462 11.5774 4.62967
internal_count=443 411 377 46 331 154 81 73 177 129 99 74 46 48 48 41
is_linear=0
shrinkage=0.1


Tree=28
num_leaves=17
num_cat=0
split_feature=4 13 11 3 13 2 9 15 10 11 11 13 13 14 11 14
split_gain=0.854213 2.50584 1.15439 1.18793 1.87631 2.97617 2.23415 1.79583 2.53284 2.54644 3.68519 1.77317 1.74217 1.90067 1.44534 0.878119
threshold=1.0000000180025095e-35 11.510000000000002 72.000000000000014 1.0000000180025095e-35 25.020000000000003 1.0000000180025095e-35 1.0000000180025095e-35 77.800000000000011 84.500000000000014 270.00000000000006 146.50000000000003 7.455000000000001 11.805000000000001 52.500000000000007 234.50000000000003 95.280000000000015
decision_type=2 2 2 2 2 2 2 2 2 2 2 2 2 2 2 2
left_child=2 -2 15 4 5 6 -4 -5 9 10 -9 -7 13 -13 -8 -1
right_child=1 -3 3 7 -6 11 14 8 -10 -11 -12 12 -14 -15 -16 -17
leaf_value=0.061679839469314206 0.0065220648864656163 -0.099403087760751796 -0.012838518173853009 0.058324813873508768 0.037848514493410167 0.045045233439710397 -0.14636088531451305 0.0029890277484309557 0.065383353548020565 0.033438814683970385 -0.13132130249244248 0.00094164414983532996 0.014914491791704397 -0.11462950594317084 -0.048820863928253209 0.0032143299680134595
leaf_weight=5.5410844609141332 7.0313195250928384 3.2729090377688408 4.6249479018151778 6.9343183934688595 5.9068477600812903 6.0408973246812847 3.5529052503407001 4.541496008634569 4.2396050542592993 4.923795022070407 3.7131182886660099 2.6428342424333078 6.303118497133255 3.0830573253333569 2.6539455018937588 4.7893757522106171
leaf_count=19 38 32 27 27 24 22 32 23 15 24 36 16 39 27 20 22
internal_value=-0.00025371 -0.0271227 0.00373044 -0.00165539 -0.0135078 -0.0240038 -0.065451 0.0152861 -0.00184817 -0.0234771 -0.0574269 0.000841217 -0.0213578 -0.0612867 -0.104654 0.0345742
internal_weight=79.7956 10.3042 69.4913 59.1609 34.8086 28.9017 10.8318 24.3523 17.418 13.1784 8.25461 18.0699 12.029 5.72589 6.20685 10.3305
internal_count=443 70 373 332 207 183 79 125 98 83 59 104 82 43 52 41
is_linear=0
shrinkage=0.1


Tree=29
num_leaves=16
num_cat=0
split_feature=11 11 4 14 15 15 14 13 11 10 9 2 1 12 9
split_gain=0.939544 3.79573 1.03805 3.66223 1.61228 3.10401 1.06019 1.44971 1.50983 1.08007 1.3329 2.55013 1.49665 1.38307 1.39616
threshold=37.500000000000007 47.500000000000007 1.0000000180025095e-35 81.500000000000014 96.050000000000011 94.050000000000011 17.120000000000001 25.020000000000003 368.00000000000006 49.500000000000007 2.5000000000000004 1.0000000180025095e-35 1.0000000180025095e-35 31.500000000000004 3.5000000000000004
decision_type=2 2 2 2 2 2 2 2 2 2 2 2 2 2 2
left_child=-1 -2 4 -4 5 6 -3 8 9 -8 11 12 -11 -12 -15
right_child=1 2 3 -5 -6 -7 7 -9 -10 10 13 -13 -14 14 -16
leaf_value=-0.044509882409158513 0.095216277543390876 0.039981802749438751 -0.13882914631759016 0.010944505473923782 0.047398726524321311 -0.088330389417264968 0.032495809546538433 0.049111364866281641 -0.076204993704634794 0.018289045981174836 0.039232534662705952 -0.10578879561960648 -0.058418333319499229 0.0104116572690559 -0.074981546973112059
leaf_weight=4.5251635015010825 4.1608885526657096 6.4805360734462729 2.438975252211093 4.9378202445805073 6.7107815667986861 4.0911513976752749 6.7206587977707377 4.7309660017490378 3.1212896592915049 7.0266330018639582 7.5670613199472418 3.6638622693717471 3.9867394901812077 5.4225310124456865 2.9596815966069698
leaf_count=23 13 31 26 31 27 28 33 19 22 38 30 31 31 36 24
internal_value=-0.000275884 0.00242835 -0.00309824 -0.0385749 0.00109023 -0.00448194 0.00215577 -0.00326759 -0.00939095 -0.00380697 -0.0117732 -0.0335202 -0.00947832 0.00823931 -0.0197399
internal_weight=78.5447 74.0196 69.8587 7.3768 62.4819 55.7711 51.68 45.1994 40.4685 37.3472 30.6265 14.6772 11.0134 15.9493 8.38221
internal_count=443 420 407 57 350 323 295 264 245 223 190 100 69 90 60
is_linear=0
shrinkage=0.1


Tree=30
num_leaves=17
num_cat=0
split_feature=6 10 14 15 15 12 10 14 10 15 9 12 3 13 10 14
split_gain=0.785795 2.35453 2.48905 0.899695 2.06719 1.81836 1.96728 1.2109 1.525 3.65523 1.24048 0.975081 1.29199 2.21926 2.02353 1.73708
threshold=1.0000000180025095e-35 57.500000000000007 76.500000000000014 90.950000000000017 89.65000000000002 37.500000000000007 49.500000000000007 222.50000000000003 70.500000000000014 93.050000000000011 2.5000000000000004 29.500000000000004 1.0000000180025095e-35 10.560000000000002 73.500000000000014 38.500000000000007
decision_type=2 2 2 2 2 2 2 2 2 2 2 2 2 2 2 2
left_child=3 -2 -3 4 5 6 -1 8 9 -5 -10 -8 13 15 -14 -13
right_child=1 2 -4 7 -6 -7 11 -9 10 -11 -12 12 14 -15 -16 -17
leaf_value=0.063772160470792691 0.022574334201652731 -0.0013786693972266317 -0.14217274471069533 0.066492328856557634 -0.072066360271553262 -0.060326144003854811 0.028651020903208941 -0.0308177743283021 0.014624007214927667 -0.060309777509742091 0.079599559796609765 -0.01746560348389517 0.048394889738845259 0.01731664485867053 -0.045912993295601466 -0.1239696452273613
leaf_weight=5.6078662201762191 4.9388074800372106 2.4136058501899242 2.6171970814466476 4.1780080720782333 4.1820710208266965 4.1685403306037179 7.945231772959235 4.1589342691004267 5.151958264410494 4.9866597093641758 6.8382229022681713 2.8081407397985458 6.1616815105080605 4.4116090834140778 3.6070662997663021 3.3682507164776325
leaf_count=23 26 16 24 18 34 34 36 24 26 32 27 15 27 27 27 27
internal_value=-0.000265671 -0.0264736 -0.0746246 0.00360093 -0.00532942 0.00200016 0.00966194 0.0185098 0.0282074 -0.00250297 0.0516808 -0.00105967 -0.0126557 -0.0368542 0.0135721 -0.0755468
internal_weight=77.5439 9.96961 5.0308 67.5742 42.2605 38.0784 33.9098 25.3138 21.1548 9.16467 11.9902 28.302 20.3567 10.588 9.76875 6.17639
internal_count=443 66 40 377 250 216 182 127 103 50 53 159 123 69 54 42
is_linear=0
shrinkage=0.1


Tree=31
num_leaves=17
num_cat=0
split_feature=11 11 14 13 6 11 12 15 13 11 14 14 13 10 12 10
split_gain=0.751246 1.37603 1.66678 1.82754 1.1085 2.45722 1.15244 1.7121 2.1085 2.06204 1.15141 1.7316 1.3875 0.710755 0.552319 0.390423
threshold=368.00000000000006 303.50000000000006 218.30000000000004 20.635000000000002 1.0000000180025095e-35 180.50000000000003 29.500000000000004 80.350000000000009 20.855000000000004 165.50000000000003 23.500000000000004 48.500000000000007 11.31 74.500000000000014 33.500000000000007 69.500000000000014
decision_type=2 2 2 2 2 2 2 2 2 2 2 2 2 2 2 2
left_child=1 2 4 -4 6 -6 13 9 10 -8 -9 -12 15 -1 -14 -13
right_child=-2 -3 3 -5 5 -7 7 8 -10 -11 11 12 14 -15 -16 -17
leaf_value=0.050475890230975221 -0.039491834801189049 0.043882518554765076 -0.10422919339758677 0.008106366061544976 -0.077544171931481748 0.036160216761874801 -0.093615444465464187 -0.027586204261070287 -0.055785170814206191 -2.9249796972961859e-05 0.086608187108083379 0.0044387158885841613 0.06620205037731143 0.0020739313643584247 0.016847936778991678 -0.044577227930874028
leaf_weight=8.6102208755910379 4.5869577936828128 7.1496734842658034 3.1935939509421578 2.6498651280999184 4.756031956523656 3.1656430587172508 3.8612160086631757 3.7848060615360799 3.9549655243754378 6.032923448830843 4.5764912478625801 3.4707908704876891 4.6140916235744935 4.6844291649758807 4.4584958553314209 3.0557150579988956
leaf_count=37 32 34 32 14 37 16 25 26 29 32 19 18 19 23 27 23
internal_value=-0.000252552 0.00224664 -0.00234233 -0.0532878 0.00270119 -0.0321059 0.00809664 -0.000808047 0.0118606 -0.0365515 0.0230264 0.032521 0.0166528 0.0334212 0.0419482 -0.0185106
internal_weight=76.6059 72.019 64.8693 5.84346 59.0258 7.92168 51.1041 37.8095 27.9154 9.89414 23.9604 20.1756 15.5991 13.2947 9.07259 6.52651
internal_count=443 411 377 46 331 53 278 218 161 57 132 106 87 60 46 41
is_linear=0
shrinkage=0.1


Tree=32
num_leaves=16
num_cat=0
split_feature=13 15 12 11 10 10 11 11 11 15 1 2 14 15 15
split_gain=0.693342 1.74681 3.36131 3.19579 1.25921 2.20367 1.17159 2.66147 3.09924 3.82603 2.7033 1.39808 1.32754 1.51998 1.05094
threshold=7.455000000000001 84.250000000000014 34.500000000000007 184.50000000000003 60.500000000000007 80.500000000000014 341.50000000000006 234.50000000000003 168.50000000000003 91.350000000000009 1.0000000180025095e-35 1.0000000180025095e-35 77.950000000000017 92.850000000000009 92.350000000000009
decision_type=2 2 2 2 2 2 2 2 2 2 2 2 2 2 2
left_child=4 2 3 -2 -1 -6 7 8 10 -10 11 -3 -12 -14 -9
right_child=1 6 -4 -5 5 -7 -8 14 9 -11 12 -13 13 -15 -16
leaf_value=0.05051449639143251 -0.074434479784474872 -0.070234540499371667 -0.113501179583338 0.038466257668926522 -0.038804084593022238 0.051985777513140985 -0.054016881897539504 0.020480755277133542 -0.00076239771287008799 -0.15199066612789378 0.078976117667209439 0.0074673041347626135 -0.030697757668299547 0.06022195322613131 0.08160478686729461
leaf_weight=6.8830401673913029 4.1294506415724737 4.4485945254564321 4.0096782334148875 6.3819548562169075 6.9262292273342592 4.3540829867124557 3.1726015470921984 5.7571646310389024 3.885754518210887 2.937748147174716 5.3723770622164011 4.8295635096728802 3.7744647469371557 3.5853878147900105 5.5003195591270924
leaf_count=26 30 30 39 34 38 17 24 33 27 28 24 28 29 16 20
internal_value=-0.0002348 -0.00559159 -0.0356025 -0.00588728 0.0168073 -0.00376014 0.00448124 0.00911045 -0.00698876 -0.0658713 0.0112656 -0.0297884 0.0411822 0.0135942 0.0503455
internal_weight=75.9484 57.7851 14.5211 10.5114 18.1634 11.2803 43.264 40.0914 28.8339 6.8235 22.0104 9.27816 12.7322 7.35985 11.2575
internal_count=443 362 103 64 81 55 259 235 182 55 127 58 69 45 53
is_linear=0
shrinkage=0.1


Tree=33
num_leaves=18
num_cat=0
split_feature=11 11 12 12 11 15 11 11 11 11 12 10 15 13 13 13 14
split_gain=0.716795 3.19726 0.989451 1.33826 2.93693 0.829218 1.32377 1.97805 1.50146 1.76149 1.36906 1.41706 0.948654 3.70597 1.7273 1.99495 0.581366
threshold=37.500000000000007 47.500000000000007 43.500000000000007 38.500000000000007 189.50000000000003 73.500000000000014 368.00000000000006 303.50000000000006 168.50000000000003 189.50000000000003 32.500000000000007 66.500000000000014 96.050000000000011 14.81 9.9850000000000012 7.455000000000001 118.50000000000001
decision_type=2 2 2 2 2 2 2 2 2 2 2 2 2 2 2 2 2
left_child=-1 -2 3 5 -5 -3 7 8 12 -10 -11 -12 13 14 15 -7 -15
right_child=1 2 -4 4 -6 6 -8 -9 9 10 11 -13 -14 16 -16 -17 -18
leaf_value=-0.039672752967156062 0.090336220151601851 0.028384863735315891 0.050000169272194618 -0.13771819196931651 0.016321789712074385 0.029180622717794022 -0.070006992843580043 0.050794438128637855 -0.10857800276478731 0.012880916640555415 0.0011548807386901757 -0.095495234782489682 0.046745933419513205 -0.11163304200223 0.061194454273752731 -0.062531065781161146 -0.044929860030181831
leaf_weight=4.3400092646479598 3.8890005499124518 8.0104632899165136 3.3528718538582316 2.3200492952018967 2.6532000843435526 6.1751990392804235 3.0590735338628283 6.1445906534790984 2.6748186759650698 6.4691294729709607 2.7075973711907864 3.4498702213168144 4.4367764443159095 2.5333265494555226 6.1726333927363148 3.8509302549064159 2.6984561383724213
leaf_count=23 13 35 20 26 16 26 23 28 22 38 16 35 18 22 31 33 18
internal_value=-0.000227281 0.00219763 -0.00294068 -0.00574236 -0.0555387 -0.00150054 -0.00625306 -0.00213101 -0.0100303 -0.0348607 -0.0192444 -0.0529957 0.00465767 -0.00405589 0.0195771 -0.00604487 -0.0772288
internal_weight=74.938 70.598 66.709 63.3561 4.97325 58.3829 50.3724 47.3133 41.1687 15.3014 12.6266 6.15747 25.8673 21.4305 16.1988 10.0261 5.23178
internal_count=443 420 407 387 42 345 310 287 259 111 89 51 148 130 90 59 40
is_linear=0
shrinkage=0.1


Tree=34
num_leaves=16
num_cat=0
split_feature=14 13 10 13 11 10 13 14 11 10 0 11 13 15 14
split_gain=0.704597 2.20536 3.58903 2.80049 3.00767 2.29511 1.67157 1.49035 2.84653 2.45025 1.79639 1.42077 1.27827 1.03433 1.35607
threshold=118.50000000000001 17.180000000000003 67.500000000000014 13.685000000000002 237.50000000000003 66.500000000000014 10.755000000000003 186.00000000000003 260.50000000000006 70.500000000000014 1.0000000180025095e-35 156.50000000000003 9.5900000000000016 89.050000000000026 37.850000000000009
decision_type=2 2 2 2 2 2 2 2 2 2 2 2 2 2 2
left_child=1 3 -3 4 6 -6 12 10 9 -9 11 -2 13 14 -1
right_child=7 2 -4 -5 5 -7 -8 8 -10 -11 -12 -13 -14 -15 -16
leaf_value=0.017127706977506606 0.013081484951846202 -0.14367582774439525 0.01503211135772688 0.063240636983834503 -0.011717064262018427 -0.12049786652472239 -0.05089196153827627 -0.0077940471946889717 0.064001235431000225 -0.12383342153656385 -0.013935783629652525 0.086498218959282683 0.066579785171046998 0.03878360040100453 -0.050886100271227287
leaf_weight=6.8459149748087018 4.5650266446173244 2.9126073941588393 2.7895896434783936 6.0324874818325034 3.9294551610946646 3.8299894072115421 4.4062097463756791 5.3703308477997762 3.2193371653556815 2.7523023318499327 5.6942522898316374 6.2376248687505722 4.1500282995402804 6.0320445932447901 5.1268845349550247
leaf_count=32 24 29 17 34 24 33 33 39 15 27 32 23 20 28 33
internal_value=-0.000229281 -0.00782121 -0.0660338 0.000404692 -0.0106399 -0.0654103 0.00536045 0.0123304 -0.0155742 -0.0471132 0.0315154 0.0554735 0.0165481 0.00501599 -0.0119966
internal_weight=73.8941 46.0552 5.7022 40.353 34.3205 7.75944 26.5611 27.8389 11.342 8.12263 16.4969 10.8027 22.1549 18.0048 11.9728
internal_count=443 283 46 237 203 57 146 160 81 66 79 47 113 93 65
is_linear=0
shrinkage=0.1


Tree=35
num_leaves=19
num_cat=0
split_feature=13 14 14 13 13 14 11 11 10 11 12 12 14 15 10 9 15 11
split_gain=0.602802 2.12958 2.12461 1.50083 1.16614 1.82353 2.47083 2.25297 2.1443 2.66613 1.83874 2.8388 1.74179 1.90218 1.23582 1.04085 1.02931 0.442441
threshold=19.650000000000002 200.50000000000003 115.80000000000001 15.520000000000001 13.685000000000002 127.80000000000001 237.50000000000003 341.50000000000006 49.500000000000007 66.500000000000014 35.500000000000007 39.500000000000007 29.250000000000004 77.450000000000017 68.500000000000014 2.5000000000000004 91.950000000000017 145.00000000000003
decision_type=2 2 2 2 2 2 2 2 2 2 2 2 2 2 2 2 2 2
left_child=1 3 -2 4 5 6 8 14 -1 -10 12 -12 -11 -14 -8 -3 -4 -5
right_child=2 15 16 17 -6 -7 7 -9 9 10 11 -13 13 -15 -16 -17 -18 -19
leaf_value=0.076185520401360132 -0.047335565836343942 -0.12916419026589521 0.083552091136683632 -0.019806279169880901 0.045057979180308232 0.043885810756513759 -0.047932562036498101 0.0083768611077586728 -0.08214678835933005 0.07052863333497561 -0.12140377057478591 0.026886746077421877 0.05015879365052936 -0.040817134499684382 -0.15109779658043121 -0.027122377935723252 0.017738017809267394 -0.075955760828149171
leaf_weight=3.6034328192472485 3.6182195469737044 1.8814829979091872 3.7461633272469026 2.7459321729838839 6.6353278327733269 7.7593564242124549 2.1639216467738143 2.9470139071345329 3.9049159288406399 5.5319540351629284 2.4451204091310492 2.734880467876792 4.1415342241525632 5.1637782007455826 2.5057054869830608 2.132680943235755 6.4988000988960266 2.8701829239726067
leaf_count=15 32 24 16 15 37 34 15 17 22 24 22 18 17 33 25 19 33 25
internal_value=-0.000230465 -0.00462817 0.0185387 0.000490046 0.0060444 1.04117e-05 -0.00967721 -0.0600845 0.00427105 -0.00656153 0.00818344 -0.043111 0.0260914 -0.000326294 -0.103291 -0.0749505 0.0418035 -0.0485021
internal_weight=73.0304 59.1672 13.8632 55.1531 49.5369 42.9016 35.1423 7.61664 27.5256 23.9222 20.0173 5.18 14.8373 9.30531 4.66963 4.01416 10.245 5.61612
internal_count=443 362 81 319 279 242 208 57 151 136 114 40 74 50 40 43 49 40
is_linear=0
shrinkage=0.1


Tree=36
num_leaves=17
num_cat=0
split_feature=10 11 5 14 10 2 14 11 12 10 11 5 14 10 13 15
split_gain=0.667201 1.50063 2.56546 1.12755 1.0455 2.30338 2.17581 1.77218 3.97885 1.50533 2.12039 1.42287 1.99044 2.51525 0.733823 0.585375
threshold=80.500000000000014 241.50000000000003 1.0000000180025095e-35 114.50000000000001 70.500000000000014 1.0000000180025095e-35 95.280000000000015 117.50000000000001 29.500000000000004 68.500000000000014 87.500000000000014 1.0000000180025095e-35 36.150000000000006 62.500000000000007 15.245000000000003 85.350000000000009
decision_type=2 2 2 2 2 2 2 2 2 2 2 2 2 2 2 2
left_child=4 2 3 -2 9 6 -6 -7 -9 10 -1 12 -12 14 -14 -10
right_child=1 -3 -4 -5 5 7 -8 8 15 -11 11 -13 13 -15 -16 -17
leaf_value=0.041609991943589456 -0.081552772711616137 0.065005525321805882 0.059627019930769382 -0.00086467970353982279 -0.026355029561882948 0.049061498073592773 -0.14298237708748493 0.073575035456247537 -0.13479624946273083 0.053917751484228442 -0.067063571303460898 -0.069664727487408748 0.049876313738771966 -0.052932565337799442 -0.00098293501858710028 -0.052876761913726839
leaf_weight=7.8446287661790839 3.3218399509787542 4.7391057126224032 4.1873573586344719 3.6183210611343384 4.1384129226207742 4.6984922029078007 2.6075301319360733 2.1451106891036034 1.9946886319667103 5.1763569675385943 4.4215788412839236 4.3815603442490092 8.051981449127199 4.8528164327144614 4.3802369050681582 1.5501982402056453
leaf_count=35 23 22 17 19 34 21 28 8 24 24 36 37 36 35 24 20
internal_value=-0.000229072 0.0178812 -0.00218866 -0.0394852 -0.00533807 -0.0259363 -0.0714354 0.00360935 -0.0339226 0.00368638 -0.00397628 -0.0176839 -0.00719141 0.00812412 0.0319571 -0.0989724
internal_weight=72.1102 15.8666 11.1275 6.94016 56.2436 17.1344 6.74594 10.3885 5.69 39.1092 33.9328 26.0882 21.7066 17.285 12.4322 3.54489
internal_count=443 81 59 42 362 135 62 73 52 227 203 168 131 95 60 44
is_linear=0
shrinkage=0.1


Tree=37
num_leaves=17
num_cat=0
split_feature=10 13 11 10 13 14 12 10 10 11 2 1 14 10 10 11
split_gain=0.550644 1.24376 1.78777 0.879786 1.98022 1.63961 1.29135 1.2328 1.74452 1.74998 1.11423 1.0008 0.93171 5.03482 2.23286 0.573174
threshold=80.500000000000014 8.5150000000000023 241.50000000000003 70.500000000000014 18.145000000000003 95.280000000000015 34.500000000000007 68.500000000000014 64.500000000000014 87.500000000000014 1.0000000180025095e-35 1.0000000180025095e-35 57.400000000000013 56.500000000000007 53.500000000000007 234.50000000000003
decision_type=2 2 2 2 2 2 2 2 2 2 2 2 2 2 2 2
left_child=3 -2 -3 7 5 6 -5 8 9 -1 -7 -10 13 -11 15 -14
right_child=1 2 -4 4 -6 10 -8 -9 11 12 -12 -13 14 -15 -16 -17
leaf_value=0.054528391495490061 0.051386262045024958 -0.041337194230465592 0.047178528007400557 0.010145228581861379 0.04722721831418264 -0.14167476301619916 -0.075093368029964885 0.049037685490620042 -0.015243249789181929 -0.12652575466704113 -0.045271475590280497 -0.096101658929743872 0.013785546393982466 0.045585213904949601 -0.040367802184380568 0.065104544729489441
leaf_weight=6.0818277820944813 6.1465546563267699 5.7636983506381494 3.7770341336727142 6.1265809834003466 3.1533338315784922 2.1179139409214249 2.5036667473614216 5.1251339912414542 3.4065371975302687 3.2600914910435703 2.7630633506923914 2.7798276208341122 4.2638733424246293 3.5510565098375082 5.7371666058897963 4.4453409612178802
leaf_count=27 24 38 19 35 21 23 31 24 22 33 25 24 23 18 38 18
internal_value=-0.000231194 0.0163054 -0.00629514 -0.00492094 -0.0241274 -0.0407806 -0.0145828 0.00336006 -0.00362275 0.00722831 -0.087102 -0.0515768 -0.00630435 -0.0367941 0.00807087 0.0399797
internal_weight=71.0027 15.6873 9.54073 55.3154 16.6646 13.5112 8.63025 38.6509 33.5257 27.3394 4.88098 6.18636 21.2575 6.81115 14.4464 8.70921
internal_count=443 81 57 362 135 114 66 227 203 157 48 46 130 51 79 41
is_linear=0
shrinkage=0.1


Tree=38
num_leaves=17
num_cat=0
split_feature=4 12 9 11 3 15 11 11 2 13 15 12 14 12 11 14
split_gain=0.53323 1.95429 1.59623 0.733407 0.975665 1.5216 2.27221 1.43312 1.076 2.53889 1.25633 1.07391 1.32719 1.60067 1.00831 0.530889
threshold=1.0000000180025095e-35 30.500000000000004 3.5000000000000004 72.000000000000014 1.0000000180025095e-35 80.950000000000017 234.50000000000003 320.00000000000006 1.0000000180025095e-35 10.560000000000002 89.850000000000009 31.500000000000004 127.80000000000001 34.500000000000007 127.50000000000001 90.500000000000014
decision_type=2 2 2 2 2 2 2 2 2 2 2 2 2 2 2 2
left_child=3 -2 -3 15 7 -6 14 8 9 -5 -11 -10 13 -13 -7 -1
right_child=1 2 -4 4 5 6 -8 -9 11 10 -12 12 -14 -15 -16 -17
leaf_value=0.05314232661212951 0.034700182760101408 -0.10764792294735287 0.003778288842799106 -0.10333983046858171 0.049875227145604301 -0.011138510526084125 0.035661877033653575 -0.070949058541554741 0.040590314454035992 0.042897608721668062 -0.04072067741580461 0.0062788255783327741 0.038480473745970259 -0.098568775012525367 -0.088234735333748482 0.0052354273568899698
leaf_weight=4.5929993465542776 3.5041068866848928 3.1076306775212288 2.1928234342485666 3.2507512606680447 7.8469360936433104 3.7483338899910432 6.7722932361066341 3.7466240357607594 7.0347428135573891 3.7774271816015244 3.4268694762140512 3.3104501217603666 3.4135483540594578 2.5994015131145716 3.0988574158400297 4.6601687967777252
leaf_count=17 19 33 18 29 37 19 36 29 32 20 24 20 25 28 33 24
internal_value=-0.000231986 -0.0232438 -0.0615504 0.00307433 -0.00153937 0.0148 -0.0054088 -0.0130168 -0.00492186 -0.0299792 0.00312288 0.0110931 -0.0111632 -0.0398376 -0.0460302 0.029015
internal_weight=70.084 8.80456 5.30045 61.2794 52.0262 21.4664 13.6195 30.5598 26.8132 10.455 7.2043 16.3581 9.3234 5.90985 6.84719 9.25317
internal_count=443 70 51 373 332 125 88 207 178 73 44 105 73 48 52 41
is_linear=0
shrinkage=0.1


Tree=39
num_leaves=19
num_cat=0
split_feature=11 11 12 12 14 10 14 14 13 15 11 10 13 10 10 11 0 10
split_gain=0.597485 1.42577 1.13541 0.986603 1.33715 0.715861 1.17623 1.93657 1.56143 2.07958 1.72064 1.28069 1.13968 3.3679 1.08819 0.87804 1.49385 0.145663
threshold=37.500000000000007 63.500000000000007 44.500000000000007 38.500000000000007 78.90000000000002 53.500000000000007 95.280000000000015 115.80000000000001 9.865000000000002 73.500000000000014 116.50000000000001 83.500000000000014 11.105000000000002 75.500000000000014 42.500000000000007 133.50000000000003 1.0000000180025095e-35 73.500000000000014
decision_type=2 2 2 2 2 2 2 2 2 2 2 2 2 2 2 2 2 2
left_child=-1 -2 3 5 -5 14 8 -8 9 -7 -11 15 -10 -14 -3 -9 -17 -12
right_child=1 2 -4 4 -6 6 7 11 12 10 17 -13 13 -15 -16 16 -18 -19
leaf_value=-0.037308087988571485 0.049444674535003695 -0.0099969840228306007 0.0579684857398493 -0.0992072787683769 0.008648771898357754 0.040312134442634352 -0.096069039175122786 -0.069437378644359768 0.087460416093667476 0.015235834945689664 -0.097926050561023326 0.038930610078840827 -0.049996122857818945 0.079127430821918976 0.058390112466265215 0.022687501111318759 -0.063982197032534091 -0.064307819709217715
leaf_weight=4.090391293168067 5.7930290177464476 4.7692229002714139 2.9476460739970198 2.5149589721113434 2.1170465666800737 4.1872621774673489 3.2431836742907789 3.5087165534496298 3.0134205594658843 2.8856763839721662 2.5907133743166924 3.8494282811880103 3.9882420646026713 4.093058567494154 4.5433959439396858 5.2813408048823458 3.1898620761930943 2.5647693555802107
leaf_count=23 25 31 17 25 20 18 30 27 14 14 21 17 38 20 22 36 24 21
internal_value=-0.000236193 0.00209381 -0.00253285 -0.0056982 -0.0499119 -0.00173755 -0.00725209 -0.0256714 0.00781034 -0.0168354 -0.0465937 -0.0112481 0.0349744 0.015403 0.0233674 -0.0273716 -0.00994829 -0.0812015
internal_weight=69.1714 65.081 59.2879 56.3403 4.63201 51.7083 42.3957 19.0725 23.3231 12.2284 8.04116 15.8293 11.0947 8.0813 9.31262 11.9799 8.4712 5.15548
internal_count=443 420 395 378 45 333 280 134 146 74 56 104 72 58 53 87 60 42
is_linear=0
shrinkage=0.1


Tree=40
num_leaves=18
num_cat=0
split_feature=9 0 14 14 12 12 14 13 12 15 11 12 9 11 14 15 11
split_gain=0.526789 2.67723 2.09442 2.30516 3.19843 2.19623 1.49217 2.76167 2.19378 1.13088 1.85196 1.37184 1.9728 1.66914 1.11331 0.950572 0.240266
threshold=2.5000000000000004 1.0000000180025095e-35 102.50000000000001 38.500000000000007 32.500000000000007 32.500000000000007 140.50000000000003 27.23 30.500000000000004 92.350000000000009 84.500000000000014 31.500000000000004 3.5000000000000004 141.50000000000003 74.500000000000014 93.65000000000002 172.50000000000003
decision_type=2 2 2 2 2 2 2 2 2 2 2 2 2 2 2 2 2
left_child=1 2 3 5 -5 -1 -4 8 -8 10 -2 -12 13 -13 -6 -11 -14
right_child=9 -3 6 4 14 -7 7 -9 -10 15 11 12 16 -15 -16 -17 -18
leaf_value=0.057591171050110967 -0.077856848705534637 -0.081212446033477673 0.060717063052279911 -0.15280406638492489 -0.065556295271604934 -0.047635249421641233 0.024705257156638551 0.080354440705902141 -0.095130505318969216 0.067106147331191426 0.040350771008045704 0.076363126935754241 -0.045281975574615746 -0.026916771907368499 0.024633853361339712 0.0062628261639531731 -0.092938676488234076
leaf_weight=4.7596864216029662 2.9201770536601606 4.4327115416526786 7.2621769458055523 2.6058799065649492 2.6099240705370903 3.4005899112671614 2.9096790924668294 2.8919458016753197 3.2162017365917563 5.1086302921175939 7.5963396765291717 2.8702191617339832 2.2045047245919704 3.4405741486698389 2.8778339046984911 5.1628042189404368 2.0339579954743385
leaf_count=24 19 37 30 27 23 28 16 11 32 24 34 14 19 31 17 33 24
internal_value=-0.000219378 -0.00830514 0.0016284 -0.0237645 -0.0615785 0.0137407 0.0269806 -0.000187832 -0.0382108 0.00931891 -0.003946 0.0079485 -0.0153838 0.0200561 -0.0182597 0.036524 -0.0681515
internal_weight=68.3038 36.9666 32.5339 16.2539 8.09364 8.16028 16.28 9.01783 6.12588 31.3372 21.0658 18.1456 10.5493 6.31079 5.48776 10.2714 4.23846
internal_count=443 245 208 119 67 52 89 59 48 198 141 122 88 45 40 57 43
is_linear=0
shrinkage=0.1


Tree=41
num_leaves=16
num_cat=0
split_feature=10 6 15 10 11 15 3 10 11 11 14 11 11 14 10
split_gain=0.470847 1.30653 1.7062 0.998866 0.89841 1.12986 1.42733 1.21359 1.19726 1.19679 2.27681 0.997791 1.70846 2.33143 0.723605
threshold=47.500000000000007 1.0000000180025095e-35 88.15000000000002 57.500000000000007 361.50000000000006 80.350000000000009 1.0000000180025095e-35 62.500000000000007 288.50000000000006 180.50000000000003 121.50000000000001 133.50000000000003 72.000000000000014 78.90000000000002 35.500000000000007
decision_type=2 2 2 2 2 2 2 2 2 2 2 2 2 2 2
left_child=14 3 -3 -2 5 6 -5 -7 9 11 -11 12 -9 -14 -1
right_child=1 2 -4 4 -6 7 -8 8 -10 10 -12 -13 13 -15 -16
leaf_value=-0.014881158614938998 -0.039766399058902197 0.0063763987033692562 -0.10866434763160518 -0.055531500621410747 -0.051319424376472113 0.071957260062796832 0.020426936118630955 0.037175877502800367 0.060967740504215197 0.0080038700967494051 -0.11207164983913098 0.056150377134272157 0.018620590692976908 -0.096633106042666631 0.041122149683661895
leaf_weight=3.7031400613486749 5.3743108175694934 2.553781956434249 2.6035755034536123 5.3682880178093892 2.6044589895755044 3.6849604239687315 4.588197685778141 7.3344718907028525 4.1736980304121962 4.7841465510427943 2.3571817148476839 4.7374992948025456 4.0326907131820917 3.1077053360641003 6.1201179064810276
leaf_count=26 35 19 28 39 22 19 26 36 20 36 24 29 22 30 32
internal_value=-0.000217917 -0.00368544 -0.0516993 0.0010631 0.00575446 0.00911988 -0.020528 0.017748 0.0112044 0.00332326 -0.0316302 0.0163156 0.00327805 -0.0315411 0.0200102
internal_weight=67.1282 57.305 5.15736 52.1476 46.7733 44.1688 9.95649 34.2124 30.5274 26.3537 7.14133 19.2124 14.4749 7.1404 9.82326
internal_count=443 385 47 338 303 281 65 216 197 177 60 117 88 52 58
is_linear=0
shrinkage=0.1


Tree=42
num_leaves=20
num_cat=0
split_feature=11 11 12 15 14 10 11 15 10 15 10 11 13 13 10 10 12 9 11
split_gain=0.479912 1.15879 0.876982 1.10094 1.03396 1.70448 1.86966 1.21617 1.79226 2.40722 2.1427 1.36297 1.26304 1.73366 1.24801 1.48786 1.10576 0.905254 0.31169
threshold=37.500000000000007 63.500000000000007 44.500000000000007 64.950000000000017 36.150000000000006 63.500000000000007 130.00000000000003 96.050000000000011 86.500000000000014 93.050000000000011 63.500000000000007 211.50000000000003 7.2250000000000005 14.915000000000001 69.500000000000014 79.500000000000014 32.500000000000007 2.5000000000000004 234.50000000000003
decision_type=2 2 2 2 2 2 2 2 2 2 2 2 2 2 2 2 2 2 2
left_child=-1 -2 3 -3 5 -5 -7 8 9 10 16 -11 -12 14 -14 17 -6 -16 -18
right_child=1 2 -4 4 7 6 -8 -9 -10 11 12 -13 13 -15 15 -17 18 -19 -20
leaf_value=-0.033917567713812755 0.045611856687294693 0.057069266022330291 0.052091780515715752 -0.099497440593415892 0.060790470114969644 0.03824274973877155 -0.069526997597347096 0.044134327867586982 0.050654178321087789 -0.13926399840754775 -0.10552237816058495 -0.031061495438883393 0.059824301124633897 -0.086889158384770265 -0.11697944033575723 0.033771463944772991 -0.017966194471167977 -0.022662341816739956 0.023073668219164747
leaf_weight=3.9709683824330559 5.5359652116894713 2.7024558112025252 2.8164062499999991 3.0676394542679173 5.1693871356546897 3.6615316942334175 2.8728215433657169 5.1011328250169745 4.5656198337674132 2.2273154761642209 1.9625095650553692 2.4389054663479328 2.616405798122285 2.938391243107616 1.6262012943625448 2.9814098123461008 4.0847872737795115 2.719270309433341 3.3834491968154907
leaf_count=23 25 12 17 32 24 17 29 23 20 26 15 16 15 37 26 17 27 24 18
internal_value=-0.000208182 0.00193453 -0.0023123 -0.00514353 -0.00841342 -0.0380061 -0.00913811 -0.00161802 -0.00797502 -0.0163015 -0.00502583 -0.0827095 -0.0307898 -0.0194043 0.000538461 -0.0206323 0.0252365 -0.0579585 0.000626721
internal_weight=66.4426 62.4716 56.9356 54.1192 51.4168 9.60199 6.53435 41.8148 36.7137 32.148 27.4818 4.66622 14.8442 12.8817 9.94329 7.32688 12.6376 4.34547 7.46824
internal_count=443 420 395 378 366 78 46 288 265 245 203 42 134 119 82 67 69 50 45
is_linear=0
shrinkage=0.1


Tree=43
num_leaves=17
num_cat=0
split_feature=4 14 13 13 14 5 10 13 10 14 14 15 15 10 12 10
split_gain=0.475165 1.68671 1.62106 0.66256 1.53326 0.945534 2.62953 2.13622 1.36928 1.80065 2.461 1.5199 1.1567 0.884148 0.805464 1.0908
threshold=1.0000000180025095e-35 54.000000000000007 8.4850000000000012 19.650000000000002 200.50000000000003 1.0000000180025095e-35 75.500000000000014 14.580000000000002 70.500000000000014 40.180000000000007 114.50000000000001 85.550000000000011 89.050000000000026 59.500000000000007 33.500000000000007 70.500000000000014
decision_type=2 2 2 2 2 2 2 2 2 2 2 2 2 2 2 2
left_child=3 -2 -3 4 5 7 12 8 11 -10 -11 13 -7 -1 15 -5
right_child=1 2 -4 14 -6 6 -8 -9 9 10 -12 -13 -14 -15 -16 -17
leaf_value=0.014687089797040379 -0.098084831853288298 0.05842850138814748 -0.046509984530788286 -0.036228195579428718 -0.068970410234551555 -0.055503348304038594 0.081001859475044416 -0.073089476072213319 0.020482329249690744 -0.11754355685904344 0.013833375219841217 -0.017785775065828232 0.0309671902584586 0.072597948836568615 0.058322069025615632 0.044274912518218058
leaf_weight=5.0639391466975301 2.1800328325480205 2.884449714794755 3.0063805915415287 3.4359065350145084 3.2093108156695953 3.3846919015049917 5.0687607116997242 4.1467945184558621 4.9510566052049381 3.3441099375486374 2.4856905490159988 6.1220039539039126 2.8492217697203159 5.4994652234017849 4.3734049033373594 3.2993857450783253
leaf_count=26 24 15 31 26 39 28 21 35 29 35 16 37 15 25 25 16
internal_value=-0.000221735 -0.0229369 0.00487323 0.00298147 -0.00229873 0.00268709 0.0275112 -0.0061883 0.00391229 -0.0238649 -0.0615275 0.0218598 -0.0159818 0.0448363 0.0249057 0.00320748
internal_weight=65.3046 8.07086 5.89083 57.2337 46.125 42.9157 11.3027 31.6131 27.4663 10.7809 5.8298 16.6854 6.23391 10.5634 11.1087 6.73529
internal_count=443 70 46 373 306 267 64 203 168 80 51 88 43 51 67 42
is_linear=0
shrinkage=0.1


Tree=44
num_leaves=18
num_cat=0
split_feature=10 6 15 10 10 15 11 11 11 14 11 10 12 14 12 11 12
split_gain=0.446187 0.980644 1.41084 0.813776 0.788074 0.969544 3.28113 1.96762 1.69904 1.77527 1.12499 1.91767 1.65556 2.53272 0.976036 0.574226 0.513709
threshold=47.500000000000007 1.0000000180025095e-35 88.15000000000002 57.500000000000007 62.500000000000007 90.950000000000017 89.500000000000014 72.000000000000014 133.50000000000003 121.50000000000001 141.50000000000003 69.500000000000014 29.500000000000004 115.80000000000001 32.500000000000007 189.50000000000003 34.500000000000007
decision_type=2 2 2 2 2 2 2 2 2 2 2 2 2 2 2 2 2
left_child=15 3 -3 -2 -5 6 -6 -7 -9 -10 14 -12 -13 16 -8 -1 -14
right_child=1 2 -4 4 5 7 10 8 9 -11 11 12 13 -15 -16 -17 -18
leaf_value=-0.0067337133558555157 -0.036841878886457777 0.0071246093914880187 -0.10019506995545394 0.040813455937229445 -0.10485378246967816 0.070710863841864285 0.08054596845830668 -0.069800057674495208 0.073870122051525225 -0.025024461764057777 0.042532716001608642 0.016814913499465518 -0.14602888021290258 0.017278509160214794 0.0011667512143781454 0.042371857903944647 -0.075713128022226239
leaf_weight=4.4226404130458814 5.2231406178325406 2.4573540799319735 2.4425110993906856 5.3680995367467395 3.3198774904012707 5.0531028509140006 2.8730140551924732 2.9356836322694999 3.3485207259654999 3.9639766104519367 4.3431152645498505 3.6644122395664436 2.2526026507839561 2.2877736566588283 3.3612273577600718 5.1593617759644985 1.9284861348569391
leaf_count=28 35 19 28 30 25 22 15 23 16 26 28 21 22 20 25 30 30
internal_value=-0.000202273 -0.00368201 -0.0463727 0.000508013 0.00487231 -3.30227e-05 -0.0125614 0.0196426 -0.00553773 0.0202611 0.00223292 -0.0130617 -0.0368894 -0.0673113 0.0377482 0.0197068 -0.113596
internal_weight=64.4049 54.8229 4.89987 49.923 44.6999 39.3318 24.0305 15.3013 10.2482 7.3125 20.7106 14.4764 10.1333 6.46886 6.23424 9.582 4.18109
internal_count=443 385 47 338 303 273 186 87 65 42 161 121 93 72 40 58 52
is_linear=0
shrinkage=0.1


Tree=45
num_leaves=15
num_cat=0
split_feature=13 15 12 11 15 12 1 14 11 15 13 2 10 10
split_gain=0.421151 1.15518 2.48402 2.52374 0.928523 1.43597 0.97392 3.72947 1.86447 4.25842 1.6456 1.4586 0.70293 1.29358
threshold=7.455000000000001 84.250000000000014 34.500000000000007 184.50000000000003 88.40000000000002 33.500000000000007 1.0000000180025095e-35 88.500000000000014 117.50000000000001 92.65000000000002 26.045000000000005 1.0000000180025095e-35 60.500000000000007 80.500000000000014
decision_type=2 2 2 2 2 2 2 2 2 2 2 2 2 2
left_child=12 2 3 -2 5 -3 7 -6 -8 -10 11 -9 -1 -14
right_child=1 4 -4 -5 6 -7 8 10 9 -11 -12 -13 13 -15
leaf_value=0.041117100840184023 -0.070516181974110026 0.060632243851941894 -0.10748253880730928 0.039611013923143694 -0.1200585900492349 -0.026942933370501028 0.057343769398175697 -0.065050548438359099 -0.1285784445154971 0.030207595386195753 0.064179360296565666 0.023854275624296872 -0.031812140289127488 0.043675874468833642
leaf_weight=5.9495791271328917 3.4558750037103874 5.8711004015058261 3.181921722367405 5.230268582701683 3.1109396908432254 2.7490072622895241 5.7497173473238954 3.7699397346004826 2.4074819795787317 5.6592324348166585 3.2153042051941156 3.614829920232296 5.8762652240693551 3.6990454122424126
leaf_count=26 30 32 39 34 32 30 29 29 34 36 16 21 38 17
internal_value=-0.000195005 -0.00482432 -0.031894 -0.00420427 0.00406327 0.032704 -0.00490545 -0.0237872 0.0138322 -0.0171815 0.00446682 -0.0215318 0.0141226 -0.00265031
internal_weight=63.5405 48.0156 11.8681 8.68614 36.1476 8.62011 27.5274 13.711 13.8164 8.06671 10.6001 7.38477 15.5249 9.57531
internal_count=443 362 103 64 259 62 197 98 99 70 66 50 81 55
is_linear=0
shrinkage=0.1


Tree=46
num_leaves=18
num_cat=0
split_feature=11 11 12 12 14 13 14 14 10 14 13 15 10 3 10 12 15
split_gain=0.409772 1.9702 0.810357 0.64658 1.0259 0.545985 1.55705 1.50895 1.41781 1.41388 1.28681 1.35845 1.54693 1.48176 1.27718 1.02116 1.07732
threshold=37.500000000000007 47.500000000000007 44.500000000000007 38.500000000000007 78.90000000000002 15.245000000000003 228.65000000000003 186.00000000000003 70.500000000000014 103.50000000000001 9.865000000000002 81.050000000000011 59.500000000000007 1.0000000180025095e-35 75.500000000000014 30.500000000000004 85.350000000000009
decision_type=2 2 2 2 2 2 2 2 2 2 2 2 2 2 2 2 2
left_child=-1 -2 3 5 -5 7 8 10 9 -7 11 13 -13 -3 -14 -12 -17
right_child=1 2 -4 4 -6 6 -8 -9 -10 -11 15 12 14 -15 -16 16 -18
leaf_value=-0.032087251616482154 0.078745018521739873 -0.023668748203834012 0.050876677347109905 -0.089694801391275183 0.011042972766298113 -0.13079458223865781 0.038312436502394416 -0.063855907714357646 5.5904476678431846e-05 -0.027507541181930269 -0.0092716442623847397 0.028873356780487115 -0.11335212575456864 0.051883345287154804 -0.019471347161712425 0.0075215049501185655 0.078109528861970742
leaf_weight=3.7874636873602858 3.1530534029006949 4.689094785600906 2.7041904106736174 2.2059809863567343 1.8661138024181125 2.4195019304752332 3.543813274241983 2.9473075829446307 4.9461463149636984 2.9305943287909031 3.726753205060958 2.5624348856508714 2.7793775433674455 5.8151474110782146 3.0276317801326513 3.3846369814127666 5.9861596170812845
leaf_count=23 13 31 17 25 20 31 21 32 36 20 25 13 27 28 23 29 29
internal_value=-0.000207353 0.00185004 -0.00251576 -0.0052487 -0.0435298 -0.00205164 -0.0188599 0.00461037 -0.0385378 -0.0742176 0.010922 -0.0057906 -0.0358464 0.0181569 -0.064405 0.0350051 0.0526138
internal_weight=62.4754 58.6879 55.5349 52.8307 4.07209 48.7586 13.8401 34.9185 10.2962 5.3501 31.9712 18.8737 8.36944 10.5042 5.80701 13.0975 9.3708
internal_count=443 420 407 390 45 345 108 237 87 51 205 122 63 59 50 83 58
is_linear=0
shrinkage=0.1


Tree=47
num_leaves=17
num_cat=0
split_feature=10 6 14 10 10 15 11 11 11 14 15 13 10 13 14 10
split_gain=0.439703 0.750917 1.22507 0.644953 0.618148 0.683882 2.64423 1.58764 1.29881 1.57601 0.924872 0.937495 1.41869 1.09572 0.706953 0.529361
threshold=47.500000000000007 1.0000000180025095e-35 52.500000000000007 57.500000000000007 62.500000000000007 90.950000000000017 89.500000000000014 72.000000000000014 133.50000000000003 121.50000000000001 86.850000000000009 8.2800000000000011 69.500000000000014 10.105000000000002 88.500000000000014 35.500000000000007
decision_type=2 2 2 2 2 2 2 2 2 2 2 2 2 2 2 2
left_child=15 3 -3 -2 -5 6 -6 -7 -9 -10 11 -8 -13 -14 -12 -1
right_child=1 2 -4 4 5 7 10 8 9 -11 14 12 13 -15 -16 -17
leaf_value=-0.010651897450201108 -0.033792478053086966 0.0095917725356832514 -0.093550647356002339 0.036309443829116987 -0.09651953314300854 0.064499280213419621 0.040295911805165098 -0.063233098942763591 0.069441083045081328 -0.025575150601582771 -0.08175954309374743 0.056528407858008105 -0.086500186033903484 -0.0002898434079529753 0.00056171004944960098 0.038722472435800452
leaf_weight=3.5040933918207866 5.058686787262558 2.2887594625353804 2.3176745446398854 5.1918912259861818 3.140003400854769 4.6710049062967292 7.0892996340990093 2.84746380522847 3.1486562825739384 3.9177236929535866 2.0358001571148625 2.3923496734350902 2.4286068230867386 3.7518061008304358 2.1395688066259027 5.7096512615680695
leaf_count=26 35 16 31 30 25 22 37 23 16 26 23 16 26 36 23 32
internal_value=-0.000201703 -0.00374286 -0.0423032 -2.78473e-05 0.00396719 -0.00050318 -0.0112533 0.016433 -0.00621396 0.0167624 0.00224318 0.0133918 -0.00885673 -0.0341664 -0.039576 0.0199448
internal_weight=61.633 52.4193 4.60643 47.8129 42.7542 37.5623 22.9774 14.5848 9.91384 7.06638 19.8374 15.6621 8.57276 6.18041 4.17537 9.21374
internal_count=443 385 47 338 303 273 186 87 65 42 161 115 78 62 46 58
is_linear=0
shrinkage=0.1


Tree=48
num_leaves=18
num_cat=0
split_feature=4 14 13 13 11 11 10 2 1 3 13 13 14 10 10 13 13
split_gain=0.39817 1.30343 1.35238 0.569623 1.92009 1.93561 1.62437 1.26204 3.07815 2.17079 2.09658 1.30391 2.11913 1.14073 1.05026 1.00342 0.500967
threshold=1.0000000180025095e-35 54.000000000000007 8.4850000000000012 13.685000000000002 83.500000000000014 241.50000000000003 74.500000000000014 1.0000000180025095e-35 1.0000000180025095e-35 1.0000000180025095e-35 8.4850000000000012 6.1300000000000008 78.90000000000002 66.500000000000014 69.500000000000014 15.520000000000001 9.6200000000000028
decision_type=2 2 2 2 2 2 2 2 2 2 2 2 2 2 2 2 2
left_child=3 -2 -3 7 -5 6 13 8 9 -1 -10 -9 14 -6 -13 -7 -14
right_child=1 2 -4 4 5 15 -8 11 10 -11 -12 12 16 -15 -16 -17 -18
leaf_value=-0.042898973230091085 -0.091481685106361732 0.054723484027643668 -0.046212232834653588 0.082933333398090434 -0.041803300833585147 0.075965560143861077 -0.10131630774596601 0.050914656493429335 -0.16217511859185987 0.059830604233536339 -0.033408682754122711 0.059592177395196025 -0.092651730261888554 0.041508008669348666 -0.0099233551582732695 0.0062771999251498515 -0.028227932149595715
leaf_weight=4.0843771602958423 1.9749123631045211 2.6245511490851641 2.6858547506853938 3.5283270105719593 3.7041971795260924 3.6540705263614637 2.3649946805089712 5.7263447307050255 2.2503295205533496 4.1439247280359268 2.8862553229555488 4.183457385748623 2.3160105217248192 2.9543359000235796 4.5232356050983071 4.7546057142317295 2.5207609422504902
leaf_count=33 24 15 31 16 38 20 25 25 20 22 31 21 22 20 31 30 19
internal_value=-0.000186806 -0.0221216 0.00367302 0.00279484 0.0156586 0.00204206 -0.0301248 -0.00546729 -0.0290803 0.00883754 -0.0898211 0.0109099 -0.00600456 -0.00483876 0.023478 0.0365609 -0.0590762
internal_weight=60.8805 7.28532 5.31041 53.5952 20.9605 17.4322 9.02353 32.6347 13.3649 8.2283 5.13658 19.2698 13.5435 6.65853 8.70669 8.40868 4.83677
internal_count=443 70 46 373 149 133 83 224 106 55 51 118 93 58 52 50 41
is_linear=0
shrinkage=0.1


Tree=49
num_leaves=19
num_cat=0
split_feature=11 11 12 14 10 11 15 15 10 14 14 14 9 11 11 13 13 10
split_gain=0.348262 1.67564 0.601445 0.587172 2.39645 1.36479 1.10743 2.31686 0.89708 1.50782 1.31976 1.64551 1.40877 0.980666 0.833943 0.534501 0.386928 0.247793
threshold=37.500000000000007 47.500000000000007 44.500000000000007 33.500000000000007 63.500000000000007 130.00000000000003 96.050000000000011 94.050000000000011 53.500000000000007 189.50000000000003 108.50000000000001 90.500000000000014 2.5000000000000004 213.50000000000003 189.50000000000003 9.865000000000002 14.150000000000002 73.500000000000014
decision_type=2 2 2 2 2 2 2 2 2 2 2 2 2 2 2 2 2 2
left_child=-1 -2 3 4 -3 -6 7 8 14 10 11 12 17 -11 -5 -14 -12 -10
right_child=1 2 -4 6 5 -7 -8 -9 9 13 16 -13 15 -15 -16 -17 -18 -19
leaf_value=-0.030299981287700024 0.075402333126792287 -0.10019380058347625 0.044271975252141806 -0.0035245198703516669 0.049184646856356269 -0.039649285719117654 0.044793434276721153 -0.085446817711974862 -0.071535974276434308 -0.13189267816632005 0.051517543068886888 -0.096529724278106979 0.00012908833566284907 -0.01735967210362328 0.059127201634468766 0.057087667504053322 0.0067005479222481722 -0.022020942584953046
leaf_weight=3.6064828811213365 2.9286324530839911 3.0567495906725508 2.6374592278152695 3.9280931130051595 3.5668316595256329 3.3573022540658712 4.9810185953974715 3.2939393799751988 2.1220448445528799 1.4734794879332178 4.8832943774759752 2.198779607191681 3.5016845585778356 1.5175032624974845 4.6273160353302956 3.1114217191934586 3.1814104933291674 1.929801410064101
leaf_count=23 13 34 17 27 17 33 25 28 23 23 26 29 23 17 23 21 23 18
internal_value=-0.000174952 0.00175492 -0.00228656 -0.00470711 -0.0264454 0.00611177 0.000617268 -0.00553453 0.00257101 -0.00736901 0.00212257 -0.0177608 -0.00152113 -0.0737833 0.0303616 0.0269277 0.0338379 -0.0479531
internal_weight=59.9032 56.2968 53.3681 50.7307 9.98088 6.92413 40.7498 35.7688 32.4748 23.9194 20.9284 12.8637 10.665 2.99098 8.55541 6.61311 8.0647 4.05185
internal_count=443 420 407 390 84 50 306 281 253 203 163 114 85 40 50 44 49 41
is_linear=0
shrinkage=0.1


Tree=50
num_leaves=16
num_cat=0
split_feature=4 12 15 13 14 12 9 13 13 11 12 14 3 11 13
split_gain=0.384297 1.0889 1.06107 0.463921 1.02029 0.67423 0.782778 0.638044 0.822647 1.06976 1.9745 0.952399 0.980084 1.04355 0.733548
threshold=1.0000000180025095e-35 30.500000000000004 91.65000000000002 19.650000000000002 200.50000000000003 33.500000000000007 1.5000000000000002 15.520000000000001 13.685000000000002 216.50000000000003 33.500000000000007 95.280000000000015 1.0000000180025095e-35 89.500000000000014 8.8400000000000016
decision_type=2 2 2 2 2 2 2 2 2 2 2 2 2 2 2
left_child=3 -2 -3 4 7 6 -5 8 9 11 -11 12 13 -1 -15
right_child=1 2 -4 5 -6 -7 -8 -9 -10 10 -12 -13 -14 14 -16
leaf_value=0.092812021644199758 0.026305041485073833 -0.097628741118414408 0.0036655728355555572 0.038960421463570469 -0.059421645063581066 0.054358100365674747 -0.033296600118244778 -0.034853676463337639 0.043081859306052718 -0.083050330820693824 0.013025945344252048 -0.023493054378753764 -0.0061662480405476824 -0.0086469920928147082 0.059427367566136771
leaf_weight=3.0981943234801346 2.7923863418400279 2.4112141979858279 1.8107184059917925 2.8638646490871889 2.8638730365782967 3.940280444920063 3.1464826017618179 4.1120260376483193 5.2995901834219685 3.8177419994026405 4.8648254349827766 5.4491612892597905 6.1106929909437886 3.5052395891398191 2.8863945761695504
leaf_count=13 19 36 15 15 39 25 27 36 33 32 34 37 35 24 23
internal_value=-0.000171569 -0.0221422 -0.0541853 0.00279444 -0.00180447 0.0222093 0.00113308 0.00241096 0.00678507 0.000315397 -0.029219 0.0124977 0.0250691 0.0451821 0.0220947
internal_weight=58.9727 7.01432 4.22193 51.9584 42.0077 9.95063 6.01035 39.1439 35.0318 29.7323 8.68257 21.0497 15.6005 9.48983 6.39163
internal_count=443 70 51 373 306 67 42 267 231 198 66 132 95 60 47
is_linear=0
shrinkage=0.1


Tree=51
num_leaves=18
num_cat=0
split_feature=13 13 4 2 10 15 15 10 11 13 11 11 14 11 12 12 11
split_gain=0.348094 0.892455 1.30352 1.45982 0.666839 1.19268 2.75665 1.35652 1.00875 1.38031 1.00175 2.67997 1.83059 0.879167 0.529778 1.14034 0.381613
threshold=7.455000000000001 8.6600000000000019 1.0000000180025095e-35 1.0000000180025095e-35 86.500000000000014 96.050000000000011 94.050000000000011 69.500000000000014 208.50000000000003 13.800000000000002 175.50000000000003 121.50000000000001 88.500000000000014 124.50000000000001 30.500000000000004 35.500000000000007 184.50000000000003
decision_type=2 2 2 2 2 2 2 2 2 2 2 2 2 2 2 2 2
left_child=14 16 4 -4 5 6 7 10 13 -10 11 -3 -12 -9 -1 -16 -2
right_child=1 2 3 -5 -6 -7 -8 8 9 -11 12 -13 -14 -15 15 -17 -18
leaf_value=0.045803761652098096 -0.076522360806010825 0.045704861507948141 -0.12557860768638493 0.0085491335172139353 0.048811226023888016 0.052781279775324152 -0.10110984749259014 -0.031433112524132695 -0.12913941294076367 -0.011552408927692664 -0.0085644477787437459 -0.085456566911119261 0.079396899119634351 0.047385290023793325 -0.031080296153521886 0.034228839344765526 -0.01953734281374335
leaf_weight=3.7257073298096648 2.1643622107803813 3.7824754621833661 1.6672431621700516 1.5808593109250069 3.2831096053123465 3.9882340766489497 2.7331350427120915 3.3371263202279788 1.775669742375612 2.2802802845835686 4.0706868283450586 2.6486911419779062 5.6496471259742975 2.4572596633806825 5.2754985336214286 5.4206294342875481 2.5713002812117338
leaf_count=17 24 21 30 14 17 22 26 27 24 23 32 29 31 23 35 29 19
internal_value=-0.000153287 -0.00457337 0.000373856 -0.0602983 0.00584705 0.00153646 -0.005576 0.00446587 -0.0247819 -0.0630313 0.0223032 -0.00831428 0.0425604 0.00199188 0.013329 0.00201735 -0.0455815
internal_weight=58.4119 43.9901 39.2544 3.2481 36.0063 32.7232 28.735 26.0018 9.85034 4.05595 16.1515 6.43117 9.72033 5.79439 14.4218 10.6961 4.73566
internal_count=443 362 319 44 275 258 236 210 97 47 113 50 63 50 81 64 43
is_linear=0
shrinkage=0.1


Tree=52
num_leaves=17
num_cat=0
split_feature=9 0 14 13 11 10 14 13 12 15 12 13 14 14 13 15
split_gain=0.345888 2.1653 0.977604 1.82666 1.6788 1.33515 1.25324 1.02658 0.721467 0.587036 1.05196 1.83186 0.88995 1.47655 1.23004 0.799132
threshold=2.5000000000000004 1.0000000180025095e-35 102.50000000000001 10.650000000000002 246.50000000000003 69.500000000000014 140.50000000000003 25.020000000000003 32.500000000000007 92.350000000000009 35.500000000000007 6.6050000000000013 90.500000000000014 170.50000000000003 9.3250000000000011 93.65000000000002
decision_type=2 2 2 2 2 2 2 2 2 2 2 2 2 2 2 2
left_child=1 2 3 5 -5 -1 -4 8 -8 10 12 -12 14 -14 -2 -11
right_child=9 -3 6 4 -6 -7 7 -9 -10 15 11 -13 13 -15 -16 -17
leaf_value=0.034585383574581317 -0.012306682096055172 -0.078261343090024638 0.054494680041581534 -0.13725626341263356 -0.011062075923802428 -0.044314735619338512 0.0066987450021643805 0.038439024077582054 -0.075023509681101386 0.060523042072832989 0.024278418255924233 -0.11947321423343588 -0.091858262269705462 0.025406148284240211 0.058448726822561081 -0.00081907320230072958
leaf_weight=6.3438669014722162 4.4674318544566685 3.7772235507145515 6.2408164925873262 2.007871118374168 2.2195087019354105 3.2401680704206228 1.9976771585643289 3.0141432657837868 2.3523532757535577 4.2567810239270312 1.6992278620600694 1.8533638603985307 1.9628462567925442 2.3706704750657082 5.4596086461097002 4.2382148699834943
leaf_count=37 26 37 30 30 19 33 17 15 27 24 10 34 19 21 31 33
internal_value=-0.000157261 -0.00727988 0.00249941 -0.0162422 -0.0710003 0.00791085 0.0215253 -0.00641472 -0.037494 0.00828804 -0.00202765 -0.0507159 0.0101016 -0.0277082 0.0266069 0.029919
internal_weight=57.5018 31.1936 27.4164 13.8114 4.22738 9.58403 13.605 7.36417 4.35003 26.3081 17.8131 3.55259 14.2606 4.33352 9.92704 8.495
internal_count=443 245 208 119 49 70 89 59 44 198 141 44 97 40 57 57
is_linear=0
shrinkage=0.1


Tree=53
num_leaves=18
num_cat=0
split_feature=11 11 3 15 13 13 13 13 11 12 12 15 1 13 15 10 9
split_gain=0.304226 0.723096 0.65966 1.27979 1.25344 0.822631 2.47968 1.60979 1.96067 0.834051 1.23474 0.626014 0.610726 0.610195 0.536577 0.511128 0.428847
threshold=37.500000000000007 63.500000000000007 1.0000000180025095e-35 80.950000000000017 9.9850000000000012 14.410000000000002 19.650000000000002 11.805000000000001 216.50000000000003 33.500000000000007 37.500000000000007 91.950000000000017 1.0000000180025095e-35 16.505000000000003 87.850000000000009 69.500000000000014 2.5000000000000004
decision_type=2 2 2 2 2 2 2 2 2 2 2 2 2 2 2 2 2
left_child=-1 -2 5 15 -5 7 -7 8 9 16 -11 -8 -10 14 -6 -4 -3
right_child=1 2 3 4 13 6 11 -9 12 10 -12 -13 -14 -15 -16 -17 -18
leaf_value=-0.029084171948104129 0.040255369380859003 0.0069409302294240324 0.07326248154011282 -0.069346570510043656 -0.0047984941650352306 -0.11337084817407797 0.037389892720788506 0.053749004791484513 -0.11197268419385498 -0.063840693400452161 0.031984982374184436 -0.026218552105012068 -0.035959598367997392 -0.028906715000663635 0.054429119958650865 0.020093558599036439 0.058884919160722228
leaf_weight=3.4198336834087959 4.4535081870853892 3.4535407731309622 3.5005885139107731 2.5738274417817584 2.8134526237845403 2.8530261581763607 2.5244741309434175 4.400293067097663 2.0590475853532544 3.1033109268173575 2.3727619471028447 3.9968868792057037 2.171911328099668 2.7977378405630589 3.3520794594660401 3.7395594157278538 2.9445394910871983
leaf_count=23 25 28 15 22 25 38 20 30 23 30 20 30 19 31 20 25 19
internal_value=-0.000174353 0.00168718 -0.00184292 0.012845 -0.00783638 -0.0110732 -0.0356133 0.000145728 -0.0144999 0.00632761 -0.0223198 -0.00159518 -0.0729523 0.00982643 0.0274024 0.0458006 0.0308467
internal_weight=56.5304 53.1105 48.657 18.7772 11.5371 29.8798 9.37439 20.5054 16.1051 11.8742 5.47607 6.52136 4.23096 8.96327 6.16553 7.24015 6.39808
internal_count=443 420 395 138 98 257 88 169 139 97 50 50 42 76 45 40 47
is_linear=0
shrinkage=0.1


Tree=54
num_leaves=18
num_cat=0
split_feature=9 0 14 13 11 14 11 14 10 15 11 12 15 11 15 13 13
split_gain=0.272751 1.71331 0.875556 1.58044 1.47945 1.33103 1.11519 1.1136 0.935635 0.498466 0.97769 0.845213 0.650836 0.547471 0.356707 0.465047 0.509022
threshold=2.5000000000000004 1.0000000180025095e-35 102.50000000000001 10.650000000000002 246.50000000000003 37.850000000000009 156.50000000000003 144.25000000000003 64.500000000000014 92.350000000000009 84.500000000000014 35.500000000000007 93.65000000000002 153.50000000000003 71.950000000000017 9.3250000000000011 11.905000000000003
decision_type=2 2 2 2 2 2 2 2 2 2 2 2 2 2 2 2 2
left_child=1 2 3 5 -5 -1 -4 -8 -7 10 -2 14 -11 -13 -12 -16 -17
right_child=9 -3 6 4 -6 8 7 -9 -10 12 11 13 -14 -15 15 16 -18
leaf_value=0.040659484073047987 -0.061804591260979251 -0.070485421136534207 -0.017122540583669615 -0.13410590604586708 -0.012488321697089222 0.013356917089787188 0.081381863662430665 0.007800305826128587 -0.081598161502918265 0.055944967525922644 0.052473850089667901 0.0077144577648996827 -0.00013007061504096188 -0.077594457979479281 -0.019908702031372717 0.061060139597297607 0.0021378242731248435
leaf_weight=5.1807368695735985 2.3761296682059827 3.6859081657603374 4.9120256919413796 1.8424253668636073 2.1882422585040331 2.0239989422261715 3.9505714401602727 4.2906065289862454 2.129460770636797 4.0958981122821552 2.5481300950050345 1.3528801156207912 4.1843201043084264 1.6944855088368056 3.3016542177647334 2.5204734653234482 3.5049606934189796
leaf_count=30 19 37 36 30 19 13 17 36 27 24 13 13 33 28 24 16 28
internal_value=-0.000167659 -0.00660256 0.00227691 -0.0157493 -0.0680799 0.00684798 0.0205932 0.0430731 -0.0353261 0.00743076 -0.00222731 0.0072592 0.027608 -0.0397215 0.0193152 0.0102563 0.0267854
internal_weight=55.7829 30.204 26.5181 13.3649 4.03067 9.3342 13.1532 8.24118 4.15346 25.5789 17.2987 14.9226 8.28022 3.04737 11.8752 9.32709 6.02543
internal_count=443 245 208 119 49 70 89 53 40 198 141 122 57 41 81 68 44
is_linear=0
shrinkage=0.1


Tree=55
num_leaves=16
num_cat=0
split_feature=11 15 11 12 14 13 13 6 14 11 10 14 14 10 14
split_gain=0.249304 0.548157 1.05029 0.733279 0.674126 0.80172 1.56711 0.650928 0.938866 0.560548 1.72049 0.600115 0.939876 0.486962 0.0415983
threshold=368.00000000000006 76.800000000000026 303.50000000000006 34.500000000000007 186.00000000000003 22.295000000000005 8.1200000000000028 1.0000000180025095e-35 23.500000000000004 168.50000000000003 72.500000000000014 138.00000000000003 78.90000000000002 72.500000000000014 251.00000000000003
decision_type=2 2 2 2 2 2 2 2 2 2 2 2 2 2 2
left_child=1 3 4 -1 7 6 -6 8 -3 11 -11 12 13 -10 -8
right_child=-2 2 -4 -5 5 -7 14 -9 9 10 -12 -13 -14 -15 -16
leaf_value=0.0016762767539590673 -0.02609415110033593 -0.034995347225668404 0.051843483092667175 -0.056508391499142697 0.03185816213177016 0.011619820628389446 -0.094674297328071796 -0.032827126011123656 0.016232870223972459 0.035161084043659661 -0.06218316180453564 0.060367971951404233 -0.014544695860720519 0.068949685854211337 -0.1217977815910618
leaf_weight=5.6616468355059606 3.4729968700557938 3.6903440263122382 4.5377613124437621 3.5080293538048863 1.1928310878574842 2.6964464951306581 1.0300444541499021 3.6619026102125636 3.6367295458912903 4.5825627734884611 3.0070712585002184 4.5454365815967313 5.1734042027965188 3.3815591651946306 1.2535893917083738
leaf_count=39 32 36 28 28 7 19 18 39 25 34 33 26 39 18 22
internal_value=-0.000160895 0.00158595 0.00638158 -0.0205833 0.000931518 -0.0293005 -0.0610395 0.00682248 0.0120048 0.0191346 -0.00340745 0.0293566 0.0177946 0.0416329 -0.109564
internal_weight=55.0324 51.5594 42.3897 9.16968 37.8519 6.17291 3.47646 31.679 28.0171 24.3268 7.58963 16.7371 12.1917 7.01829 2.28363
internal_count=443 411 344 67 316 66 47 250 211 175 67 108 82 43 40
is_linear=0
shrinkage=0.1


Tree=56
num_leaves=18
num_cat=0
split_feature=10 6 15 10 13 10 10 11 11 9 12 13 10 15 14 5 10
split_gain=0.268446 0.718981 0.993388 0.617525 0.590871 1.22432 0.573421 0.626151 0.993111 0.652282 1.30634 0.590575 0.695872 1.47417 0.427208 0.990353 1.5025
threshold=47.500000000000007 1.0000000180025095e-35 88.15000000000002 57.500000000000007 7.455000000000001 38.000000000000007 62.500000000000007 42.500000000000007 72.000000000000014 2.5000000000000004 27.500000000000004 16.505000000000003 69.500000000000014 84.250000000000014 170.50000000000003 1.0000000180025095e-35 72.500000000000014
decision_type=2 2 2 2 2 2 2 2 2 2 2 2 2 2 2 2 2
left_child=4 3 -3 -2 -1 -6 -5 -8 -9 10 -10 12 -12 -14 15 16 -11
right_child=1 2 -4 6 5 -7 7 8 9 14 11 -13 13 -15 -16 -17 -18
leaf_value=0.061960626930295595 -0.033664628961077463 0.0040607296974268714 -0.095662751336660551 0.03777868075293888 -0.045465997706283776 0.046041869026959267 -0.046882245721660991 0.054254412726231521 -0.093306333852936685 0.019477013778054861 0.048545535783004939 -0.048663244221064765 -0.076917423264175333 0.034910944801568138 0.042171851414153839 0.040745588528949064 -0.071671363529594273
leaf_weight=2.1253386437892905 4.6414243876934043 2.0915291123092166 1.9121282612904904 4.673081675078719 2.9174288511276245 2.9310048073530197 2.5864631002768865 3.5288408175110844 2.0033074319362667 4.1977810868993384 2.785297501832245 2.3409409667365253 2.1061867009848356 2.6772019555792212 3.5144967762753359 4.2652475629001856 3.1773537853732705
leaf_count=10 35 19 28 30 29 19 19 22 19 24 19 24 29 26 27 28 36
internal_value=-0.000148199 -0.00305509 -0.0435667 0.000761472 0.0168041 0.000394144 0.00498234 0.00036373 0.00435763 -0.00214743 -0.0196563 -0.00476737 0.00880932 -0.0143285 0.0116159 0.00239038 -0.0197915
internal_weight=54.4751 46.5013 4.00366 42.4976 7.97377 5.84843 37.8562 33.1831 30.5967 27.0678 11.9129 9.90963 7.56869 4.78339 15.1549 11.6404 7.37513
internal_count=443 385 47 338 58 48 303 273 254 232 117 98 74 55 115 88 60
is_linear=0
shrinkage=0.1


Tree=57
num_leaves=16
num_cat=0
split_feature=10 11 13 10 2 14 15 15 9 14 10 14 11 11 14
split_gain=0.290244 0.905269 1.20222 0.427041 1.23693 0.72083 0.791369 1.56535 1.19674 0.724008 1.68502 2.94195 0.795638 1.62104 0.649006
threshold=80.500000000000014 241.50000000000003 8.5150000000000023 74.500000000000014 1.0000000180025095e-35 15.300000000000002 96.050000000000011 93.350000000000009 3.5000000000000004 27.635000000000002 69.500000000000014 118.50000000000001 87.500000000000014 165.50000000000003 88.500000000000014
decision_type=2 2 2 2 2 2 2 2 2 2 2 2 2 2 2
left_child=3 2 -2 5 -5 -1 7 8 9 -7 12 -12 -11 -14 -15
right_child=1 -3 -4 4 -6 6 -8 -9 -10 10 11 -13 13 14 -16
leaf_value=-0.05301789715649291 0.033269913483369148 0.05402549534627369 -0.042615096394712698 -0.084825615790542028 0.014052201712249674 0.065097535799666414 0.051265995870092611 -0.061633731401587448 -0.042053247685038625 0.069440498131018741 -0.13769993861613419 0.035411769569104433 -0.04063811552424404 0.0016349083933744715 0.055880081763398551
leaf_weight=2.4243317227810612 4.1482163071632367 3.786548424512147 4.202999472618103 2.3337323963642111 2.763090705499053 2.6485851602628925 3.13830542564392 3.7910215472802511 4.2132873218506566 3.0746124349534574 1.9229477262124413 2.005624239332974 3.9620995703153303 3.5227568056434375 5.8989059906452894
leaf_count=26 21 22 38 33 35 18 16 37 38 17 27 18 37 26 34
internal_value=-0.000141436 0.0134679 -0.00492149 -0.00410281 -0.031222 -0.00032652 0.003411 -0.00142742 0.00694885 0.0159115 0.00952149 -0.0493225 0.0235674 0.0130291 0.0355978
internal_weight=53.8371 12.1378 8.35122 41.6993 5.09682 36.6025 34.1781 31.0398 27.2488 23.0355 20.3869 3.92857 16.4584 13.3838 9.42166
internal_count=443 81 59 362 68 294 268 252 215 177 159 45 114 97 60
is_linear=0
shrinkage=0.1


Tree=58
num_leaves=17
num_cat=0
split_feature=14 11 11 12 15 13 13 15 12 12 11 3 9 15 10 14
split_gain=0.265634 1.47985 1.40386 0.498291 0.998498 0.801773 0.668674 0.830054 0.77212 0.998509 0.729782 1.56259 0.906193 0.768441 0.713253 0.637654
threshold=186.00000000000003 260.50000000000006 151.50000000000003 29.500000000000004 83.450000000000017 13.685000000000002 20.855000000000004 90.950000000000017 37.500000000000007 43.500000000000007 138.00000000000003 1.0000000180025095e-35 1.5000000000000002 77.800000000000011 67.500000000000014 37.850000000000009
decision_type=2 2 2 2 2 2 2 2 2 2 2 2 2 2 2 2
left_child=3 2 -2 4 -1 -6 7 8 10 -10 15 12 -12 -13 -9 -5
right_child=1 -3 -4 6 5 -7 -8 14 9 -11 11 13 -14 -15 -16 -17
leaf_value=0.066058516049226509 -0.0058827071129059338 0.04960604820443959 -0.10877215317922409 0.056051344614391374 -0.033995676372717332 0.030060232296749669 -0.049261357452574123 0.056773034812380968 -0.096783123042480601 0.0077536517808974781 -0.11221727664015546 0.052304758990086547 -0.024701341093939524 -0.019173239446925092 0.0014833971921862836 -0.005575680377330707
leaf_weight=3.4283502772450429 3.512313324492423 2.357676737010479 2.1305243037641048 3.3144250661134818 3.5322001613676548 4.3734707785770297 2.8877284592017523 4.1516286577098054 2.0988549832254644 1.6181883877143262 1.9196851141750793 3.0752664245665073 3.0838565230369568 2.9438513740897179 5.3270138576626778 3.40260642580688
leaf_count=19 32 15 34 16 27 30 33 26 31 15 21 16 34 30 38 26
internal_value=-0.000135629 -0.01693 -0.0447299 0.00283984 0.0209864 0.00144049 -0.003241 0.00105486 -0.00983235 -0.0512738 -0.00114902 -0.0169822 -0.0582782 0.017346 0.0257002 0.0248333
internal_weight=53.1576 8.00051 5.64284 45.1571 11.334 7.90567 33.8231 30.9354 21.4567 3.71704 17.7397 11.0227 5.00354 6.01912 9.47864 6.71703
internal_count=443 81 66 362 76 57 286 253 189 46 143 101 55 46 64 42
is_linear=0
shrinkage=0.1


Tree=59
num_leaves=16
num_cat=0
split_feature=11 9 14 14 14 13 11 11 14 14 14 13 14 11 11
split_gain=0.258117 0.453863 0.877242 1.65438 1.27806 1.1714 1.14582 0.772419 0.805648 2.02812 0.789245 1.02844 0.635249 0.533822 0.249006
threshold=368.00000000000006 2.5000000000000004 78.90000000000002 140.50000000000003 38.500000000000007 11.805000000000001 138.00000000000003 241.50000000000003 78.90000000000002 121.50000000000001 54.000000000000007 8.3950000000000014 186.00000000000003 165.50000000000003 189.50000000000003
decision_type=2 2 2 2 2 2 2 2 2 2 2 2 2 2 2
left_child=1 2 4 13 6 -5 -1 8 10 -10 11 -3 -11 -4 -7
right_child=-2 7 3 5 -6 14 -8 -9 9 12 -12 -13 -14 -15 -16
leaf_value=0.033461019880208158 -0.027149635363562397 0.033291499640181056 0.0074069286204800511 -0.087187597919725468 -0.086908731588242874 -0.024431250698920326 -0.051204673578099116 0.04565465915607668 -0.1100472581785676 0.038268949255943728 0.054399779445743382 -0.048960486274706672 -0.028012102232844567 0.055726183552253672 0.020567675718312896
leaf_weight=3.344311363995077 3.3130110362544647 3.5278759673237854 4.0932022863999027 2.3612718367949119 2.9116775449365377 2.4136737952940166 3.0619735708460212 5.229857529513537 1.9668615777045477 3.1078634094446898 4.1004866510629654 2.6711244257166982 2.7041378002613783 5.1798005253076553 2.5069584222510457
leaf_count=19 32 19 29 26 38 22 37 31 25 22 24 36 30 33 20
internal_value=-0.00013244 0.00168753 -0.00743038 0.0063841 -0.0319741 -0.0292891 -0.00700613 0.0118087 0.00201748 -0.0222734 0.0203636 -0.00215055 0.0074305 0.0343975 -0.00150525
internal_weight=52.4941 49.1811 25.8729 16.5549 9.31796 7.2819 6.40628 23.3082 18.0783 7.77886 10.2995 6.199 5.812 9.273 4.92063
internal_count=443 411 224 130 94 68 56 187 156 77 79 55 52 62 42
is_linear=0
shrinkage=0.1


Tree=60
num_leaves=17
num_cat=0
split_feature=10 15 10 6 15 10 14 14 14 11 15 14 14 10 12 12
split_gain=0.279383 0.535754 0.52009 0.503524 0.913008 0.574562 0.496049 0.684107 1.1359 1.00289 1.18513 0.987676 1.92055 1.44189 0.792096 0.487901
threshold=47.500000000000007 91.750000000000014 40.500000000000007 1.0000000180025095e-35 88.15000000000002 55.500000000000007 218.30000000000004 74.500000000000014 55.500000000000007 63.500000000000007 83.15000000000002 95.280000000000015 165.50000000000003 74.500000000000014 35.500000000000007 31.500000000000004
decision_type=2 2 2 2 2 2 2 2 2 2 2 2 2 2 2 2
left_child=1 2 -1 5 -5 -2 7 8 14 -9 -11 -12 13 -13 15 -7
right_child=3 -3 -4 4 -6 6 -8 9 -10 10 11 12 -14 -15 -16 -17
leaf_value=-0.032663251820142077 -0.036513802153312042 0.053764482634027437 0.033033277581922371 0.0076303462849134683 -0.090785308860057159 -0.0092264400196366957 -0.033474634962223089 0.075957311581126619 -0.060480959079744739 0.051829080561696161 0.042586149498730255 -0.019267032168975861 0.030236525126544195 -0.13312207930180647 -0.045029666576342262 0.037898660508078059
leaf_weight=2.5894625745713702 3.8738655541092148 2.6605815030634403 2.2538627535104752 2.0328485053032632 1.7576870974153278 3.5975479576736671 3.2238921364769331 2.7676237225532558 3.2637069262564173 4.8432045225054017 2.8797904774546614 2.5670093009248358 3.4734513149596751 1.9628315190784631 2.3903930350206783 5.6432661237195134
leaf_count=27 31 17 14 19 28 28 36 15 34 30 21 21 26 27 30 39
internal_value=-0.000129653 0.017713 -0.00209108 -0.00315356 -0.0380054 0.000109426 0.0039844 0.0076013 -0.00834856 0.0204472 0.0106782 -0.00763484 -0.0257056 -0.0686017 0.00627975 0.0195524
internal_weight=51.781 7.50391 4.84333 44.2771 3.79054 40.4866 36.6127 33.3888 14.8949 18.4939 15.7263 10.8831 8.00329 4.52984 11.6312 9.24081
internal_count=443 58 41 385 47 338 307 271 131 140 125 95 74 48 97 67
is_linear=0
shrinkage=0.1


Tree=61
num_leaves=17
num_cat=0
split_feature=11 11 12 15 14 10 11 10 10 15 15 15 10 12 13 13
split_gain=0.286867 0.561773 0.528993 0.781086 0.732406 1.0018 0.79542 0.759626 0.999039 1.30079 1.66134 1.15404 1.05941 0.845839 0.896563 0.888497
threshold=37.500000000000007 63.500000000000007 44.500000000000007 64.950000000000017 36.150000000000006 63.500000000000007 130.00000000000003 47.500000000000007 86.500000000000014 96.050000000000011 93.050000000000011 71.15000000000002 63.500000000000007 29.500000000000004 14.410000000000002 9.6700000000000017
decision_type=2 2 2 2 2 2 2 2 2 2 2 2 2 2 2 2
left_child=-1 -2 3 -3 5 -5 -7 -6 9 10 11 -9 -13 -14 15 -15
right_child=1 2 -4 4 7 6 -8 8 -10 -11 -12 12 13 14 -16 -17
leaf_value=-0.029772666368248685 0.037364566218699886 0.054295355912873128 0.045598503790174667 -0.088599615169555279 0.033625163795761019 0.02366878810503871 -0.056311226374840741 -0.10448376233186879 0.039239151970580692 0.041377245684000058 -0.09822452405373007 0.029628430287163207 0.0071725244572616448 -0.094021780582383793 -0.11911055271193419 0.0045679730855202987
leaf_weight=3.06809750618413 4.0587383769452563 2.1739438958466044 2.2607737537473431 2.405206076335161 5.3695049937814465 2.9291363637894392 2.1607273789122701 1.2947585843503606 3.8922296166419974 3.4120019264519206 2.7085120738483957 5.3783368454314759 4.4520975369960052 1.3576122233644126 1.4438764215447006 2.7980792871676385
leaf_count=23 25 12 17 32 36 17 29 11 22 19 36 38 36 26 29 35
internal_value=-0.00012587 0.00176535 -0.00151572 -0.00406538 -0.00726908 -0.0354159 -0.010284 -0.000698479 -0.00759145 -0.0155701 -0.0255687 -0.0138024 -0.00619313 -0.0253601 -0.0512262 -0.0276401
internal_weight=51.1636 48.0955 44.0368 41.776 39.6021 7.49507 5.08986 32.107 26.7375 22.8453 19.4333 16.7248 15.43 10.0517 5.59957 4.15569
internal_count=443 420 395 378 366 78 46 288 252 230 211 175 164 126 90 61
is_linear=0
shrinkage=0.1


Tree=62
num_leaves=18
num_cat=0
split_feature=4 14 11 14 14 14 13 13 13 11 10 10 9 10 3 15 15
split_gain=0.258301 1.0098 0.620713 0.417782 0.786843 0.997653 1.09161 1.40152 0.991699 0.841711 0.888489 1.2327 1.08428 0.820142 0.751818 0.723489 0.556086
threshold=1.0000000180025095e-35 54.000000000000007 124.50000000000001 17.120000000000001 30.360000000000003 38.500000000000007 11.31 6.4600000000000009 8.1200000000000028 83.500000000000014 54.500000000000007 86.500000000000014 2.5000000000000004 72.500000000000014 1.0000000180025095e-35 91.950000000000017 82.050000000000011
decision_type=2 2 2 2 2 2 2 2 2 2 2 2 2 2 2 2 2
left_child=3 -2 -3 -1 -5 -6 7 -7 -9 -8 -11 12 15 16 -14 -12 -10
right_child=1 2 -4 4 5 6 9 8 13 10 11 -13 14 -15 -16 -17 -18
leaf_value=0.031185872155344907 -0.088145817542612456 -0.031788952242297296 0.044046231540226438 -0.045672279181750264 0.059759272214115047 0.022772674108873417 0.062952108946095417 -0.10421952757702616 0.027454233246284765 0.042905262491929191 -0.024547811699321173 0.053149963918142064 0.049557812821781115 -0.082890452967355588 -0.0289162568775665 -0.1082291727934009 -0.035844978127428824
leaf_weight=4.546583015471696 1.5822852673009027 2.2108579929918051 2.1088227033615112 3.5604515960440031 2.9087643064558497 4.6847260836511841 3.0039858967065838 2.1244279276579601 2.513153925538063 4.5195698961615589 2.183665741235016 2.4796838648617259 2.1560709066689014 1.9424547883681951 2.8145319274626672 1.9610033230856059 3.0995515175163746
leaf_count=33 24 21 25 38 16 29 17 18 17 30 29 12 21 30 33 19 31
internal_value=-0.000144219 -0.0198014 0.00523299 0.00246296 -0.000805739 0.00358388 -0.00129626 -0.0221271 -0.0438577 0.0143546 0.00529528 -0.00936463 -0.0263709 -0.0268846 0.00512301 -0.0641407 -0.00750202
internal_weight=50.4006 5.90197 4.31968 44.4986 39.952 36.3916 33.4828 14.3643 9.67959 19.1185 16.1145 11.595 9.11527 7.55516 4.9706 4.14467 5.61271
internal_count=443 70 46 373 340 302 286 125 96 161 144 114 102 78 54 48 48
is_linear=0
shrinkage=0.1


Tree=63
num_leaves=19
num_cat=0
split_feature=11 11 12 15 14 10 15 15 10 10 13 14 10 11 12 13 11 12
split_gain=0.251792 0.859825 0.413179 0.473336 0.593902 1.21459 0.747998 1.08591 0.59257 1.04564 1.00021 0.898036 0.762793 0.848914 0.629485 0.524352 0.494356 0.217034
threshold=37.500000000000007 50.000000000000007 44.500000000000007 64.950000000000017 33.500000000000007 63.500000000000007 96.050000000000011 94.050000000000011 53.500000000000007 79.500000000000014 8.1200000000000028 176.50000000000003 62.500000000000007 167.50000000000003 29.500000000000004 10.400000000000002 189.50000000000003 32.500000000000007
decision_type=2 2 2 2 2 2 2 2 2 2 2 2 2 2 2 2 2 2
left_child=-1 -2 3 -3 5 -5 7 8 16 10 -10 12 -12 -14 -11 -15 -6 -7
right_child=1 2 -4 4 6 17 -8 -9 9 14 11 -13 13 15 -16 -17 -18 -19
leaf_value=-0.028307523948715215 0.058693599343161179 0.040660996306060571 0.040291809353615177 -0.087960749247071174 -0.0041045718427555602 0.020934177207488185 0.038669654662145128 -0.066814383629798801 -0.081867223658315169 0.058954371937900207 0.057146682067819213 -0.077398364352063709 -0.077701787261061875 0.045233262984547912 -0.0036798651897540606 -0.025377171528174931 0.049360601293165718 -0.02205226687188017
leaf_weight=2.9820877434685817 2.5021127834916106 2.26644467934966 2.2395510356873265 2.5387204084545365 3.1958070313558045 2.182153157889843 4.2307941578328601 2.693056675605475 2.5951728876680162 2.7709509693086138 1.9316200446337441 1.7082714135758577 1.5885996483266351 1.9980078092776237 3.8120175860822201 2.2204570416361094 3.7690007500350475 2.5436321273446083
leaf_count=23 16 13 17 34 27 14 25 27 25 15 13 34 30 16 34 28 23 29
internal_value=-0.000133877 0.00166187 -0.00156049 -0.0037898 -0.00632247 -0.0321727 -0.000546777 -0.00641309 -5.6514e-05 -0.00936204 -0.0268807 -0.0117754 0.00271056 -0.0153967 0.0226846 0.00806632 0.0248281 -0.00220308
internal_weight=49.7685 46.7864 44.2843 42.0447 39.7783 7.26451 32.5138 28.283 25.5899 18.6251 12.0421 9.44696 7.73868 5.80706 6.58297 4.21846 6.96481 4.72579
internal_count=443 420 404 387 374 77 297 272 245 195 146 121 87 74 49 44 50 43
is_linear=0
shrinkage=0.1


Tree=64
num_leaves=18
num_cat=0
split_feature=4 14 13 14 14 14 13 13 13 11 11 11 13 11 15 13 15
split_gain=0.21707 0.819855 0.630465 0.375778 0.606836 0.738024 0.932728 1.21009 0.762565 0.741925 1.73706 0.704474 0.7428 0.776765 0.695615 0.355888 0.297281
threshold=1.0000000180025095e-35 54.000000000000007 7.705000000000001 17.120000000000001 30.360000000000003 40.180000000000007 11.31 6.4600000000000009 8.1200000000000028 247.50000000000003 119.00000000000001 83.500000000000014 14.915000000000001 189.50000000000003 94.950000000000017 19.650000000000002 88.15000000000002
decision_type=2 2 2 2 2 2 2 2 2 2 2 2 2 2 2 2 2
left_child=3 -2 -3 -1 -5 -6 7 -7 -9 10 -10 -8 16 14 -14 -15 -13
right_child=1 2 -4 4 5 6 11 8 9 -11 -12 12 13 15 -16 -17 -18
leaf_value=0.029721054128178603 -0.082314483099496669 0.048036774029957256 -0.02982018295288081 -0.040726932636233462 0.051534807164534818 0.021407002949986102 0.059080363214627465 -0.094545564145361416 -0.071515675057572239 -0.077449298102122213 0.044104876570533885 0.0084478788555791221 -0.084499167790565641 -0.018489735879801721 0.00053619055971663488 0.029983102846867671 0.055423801326512839
leaf_weight=4.4782387427985659 1.4869124190881837 1.8389460071921346 2.3941991459578276 3.4781730649992815 2.8833770081400862 4.5783010609447947 2.8613549098372486 2.090409988537429 2.3043351471424103 2.0295737739652395 2.9795706858858466 2.3965649222955099 2.1256586872041212 2.5074370659422129 1.7572511360049246 3.8255741223692894 3.0765118040144444
leaf_count=33 24 12 34 38 17 29 17 18 27 22 28 25 33 28 11 26 21
internal_value=-0.000125161 -0.0184356 0.00400213 0.00228967 -0.000868758 0.00304569 -0.00125193 -0.0207552 -0.0412819 -0.0260576 -0.00631777 0.0134485 0.00512617 -0.0108001 -0.0460155 0.0107912 0.0348539
internal_weight=49.0924 5.72006 4.23315 43.3723 38.8941 35.4159 32.5325 13.9822 9.40389 7.31348 5.28391 18.5504 15.689 10.2159 3.88291 6.33301 5.47308
internal_count=443 70 46 373 340 302 285 124 95 77 55 161 144 98 44 54 46
is_linear=0
shrinkage=0.1


Tree=65
num_leaves=18
num_cat=0
split_feature=11 11 3 15 13 15 14 13 11 14 11 14 14 13 10 10 13
split_gain=0.231868 0.998008 0.452923 0.917972 0.940248 0.788314 1.30078 1.57044 1.04589 0.674384 1.73991 1.12548 1.14747 0.801713 0.442778 0.442301 0.58369
threshold=37.500000000000007 47.500000000000007 1.0000000180025095e-35 80.950000000000017 9.9850000000000012 80.350000000000009 33.500000000000007 8.1200000000000028 216.50000000000003 140.50000000000003 189.50000000000003 118.50000000000001 75.500000000000014 11.435000000000002 69.500000000000014 80.500000000000014 15.520000000000001
decision_type=2 2 2 2 2 2 2 2 2 2 2 2 2 2 2 2 2
left_child=-1 -2 5 14 -5 8 -7 -8 -3 11 -11 12 -9 -14 -4 16 -6
right_child=1 2 3 4 15 6 7 9 -10 10 -12 -13 13 -15 -16 -17 -18
leaf_value=-0.027438671430958579 0.06614131080938411 -0.012165289830899817 0.068428946271970173 -0.063837637789393165 0.022458027854767162 -0.076938072839609351 0.065888783431113623 0.033689498868816607 -0.10373855981177962 -0.08927031172415989 0.015586361948528868 0.063099672945511151 -0.0040569798405052275 -0.10312368236177896 0.015675478403170143 0.047530139170189369 -0.040409589601757973
leaf_weight=2.9196345382370046 2.2783012092113486 3.6536183375865248 3.0575717128813293 2.2874052142724386 3.3488669418729824 2.0382884400896755 3.6682327501475838 2.7888786252588016 1.8936838582158086 2.8847867618314913 3.5053358669392765 2.8152431435883045 1.6321965130046012 1.6353665059432385 3.3172009792178869 2.1584848547354341 2.6418599337339401
leaf_count=23 13 35 15 22 28 32 24 25 22 39 31 16 18 23 25 18 34
internal_value=-0.000118603 0.00163042 -0.00176181 0.0110787 -0.00718403 -0.00990292 -0.00103427 0.00713866 -0.0434257 -0.00698216 -0.0317506 0.0108581 -0.0134255 -0.0536384 0.040978 0.00871809 -0.00526606
internal_weight=48.525 45.6053 43.327 16.8114 10.4366 26.5156 20.9683 18.93 5.5473 15.2618 6.39012 8.87168 6.05644 3.26756 6.37477 8.14921 5.99073
internal_count=443 420 407 142 102 265 208 176 57 152 70 82 66 41 40 80 62
is_linear=0
shrinkage=0.1


Tree=66
num_leaves=18
num_cat=0
split_feature=13 14 9 13 14 10 11 12 12 11 13 14 15 12 13 9 15
split_gain=0.250372 0.87564 1.30007 0.630343 0.640539 0.996278 1.26504 0.831647 1.23232 1.02047 1.41337 0.906373 0.840652 0.605748 0.592122 0.839489 0.345133
threshold=19.650000000000002 186.00000000000003 2.5000000000000004 15.520000000000001 124.50000000000001 49.500000000000007 66.500000000000014 35.500000000000007 39.500000000000007 116.50000000000001 9.0800000000000018 55.500000000000007 73.500000000000014 31.500000000000004 23.555000000000003 1.5000000000000002 89.550000000000011
decision_type=2 2 2 2 2 2 2 2 2 2 2 2 2 2 2 2 2
left_child=1 3 -3 4 5 -1 -7 9 -9 -8 12 -12 -11 -5 -2 -16 -6
right_child=14 2 -4 13 16 6 7 8 -10 10 11 -13 -14 -15 15 -17 -18
leaf_value=0.045258176443350354 0.04840361516859109 -0.11877545264250032 0.008189625836409694 0.0029720574375220517 0.012096109977991362 -0.070758676493690761 0.058371227755645606 -0.103598862820053 0.0079932536543011103 -0.00050425544579593294 0.05234132829209745 -0.020939824254113296 -0.084938740842584876 -0.080428870607627212 0.02895435164942526 -0.050420702779964278 0.059776444521478893
leaf_weight=3.8848463697358993 3.3253311878070217 1.5666759498417371 1.6620856630615888 1.7122497148811811 3.2275816332548848 2.938111953437331 3.4262776765972403 1.7588340244255949 2.2626527678221464 2.1933393254876119 4.4391933623701334 2.7231694413349032 2.5501864720135927 1.7722393968142567 3.0996394958347082 2.3370730308815837 2.8663412518799305
leaf_count=30 30 30 22 13 23 22 21 32 24 14 32 27 28 27 19 32 17
internal_value=-0.000110231 -0.00354333 -0.053417 0.000960381 0.00532339 -0.0014743 -0.00961849 -0.000336694 -0.0408126 0.0102798 -0.00356001 0.0244794 -0.0458974 -0.0394463 0.0151642 -0.00516651 0.0345231
internal_weight=47.7458 38.9838 3.22876 35.755 32.2705 26.1766 22.2918 19.3537 4.02149 15.3322 11.9059 7.16236 4.74353 3.48449 8.76204 5.43671 6.09392
internal_count=443 362 52 310 270 230 200 178 56 122 101 59 42 40 81 51 40
is_linear=0
shrinkage=0.1


Tree=67
num_leaves=16
num_cat=0
split_feature=11 15 10 11 15 15 14 13 13 5 13 14 13 13 12
split_gain=0.211359 0.487207 0.723061 0.715127 0.458161 0.812908 0.665239 1.19428 0.550333 0.769912 1.08087 1.14962 0.712615 0.592838 0.211907
threshold=368.00000000000006 76.800000000000026 71.500000000000014 303.50000000000006 81.250000000000014 84.250000000000014 186.00000000000003 22.295000000000005 6.4000000000000012 1.0000000180025095e-35 11.56 74.500000000000014 9.7400000000000002 20.075000000000006 31.500000000000004
decision_type=2 2 2 2 2 2 2 2 2 2 2 2 2 2 2
left_child=1 2 -1 4 -3 -6 8 14 -7 10 12 -12 -10 -13 -8
right_child=-2 3 -4 -5 5 6 7 -9 9 -11 11 13 -14 -15 -16
leaf_value=0.0056699255487911802 -0.025358522426005222 0.033280537725647562 -0.054486638347158223 0.047673950971000113 -0.059197057803468872 -0.037828136099392048 -0.051411186502479361 0.018688669159074321 0.0067443525877100277 0.050209182007141501 -0.083920527158347288 -0.027325653633007013 0.074764291462486601 0.038275551365352607 -0.11211661887489383
leaf_weight=4.6042902301996929 3.0996784130111328 4.0415735756978384 3.5298766503110528 3.8027407140471032 2.3372233249247101 2.1622550785541597 1.1070589236915105 2.3214462865144014 3.8404746893793362 4.76027778815478 2.1360772429034114 3.0409762784838676 2.5715279318392277 2.5184074053540826 1.1965393139980731
leaf_count=33 32 37 34 28 32 16 12 18 35 39 32 32 16 19 28
internal_value=-0.000120214 0.00165894 -0.0204354 0.0066739 0.00180678 -0.00273746 0.00240612 -0.031931 0.00995776 0.0154341 0.00369989 -0.0215665 0.0340237 0.00239177 -0.0829429
internal_weight=47.0704 43.9707 8.13417 35.8366 32.0338 27.9923 25.655 4.62504 21.03 18.8677 14.1075 7.69546 6.412 5.55938 2.3036
internal_count=443 411 67 344 316 279 247 58 189 173 134 83 51 51 40
is_linear=0
shrinkage=0.1


Tree=68
num_leaves=17
num_cat=0
split_feature=9 0 13 14 10 13 13 14 10 10 13 13 0 10 14 11
split_gain=0.174414 1.16184 0.599012 0.864344 0.731568 1.29795 0.553649 2.17833 0.538927 0.982217 0.618158 3.30842 0.805001 0.523268 0.413239 0.262212
threshold=2.5000000000000004 1.0000000180025095e-35 26.045000000000005 172.50000000000003 69.500000000000014 10.105000000000002 9.8050000000000015 91.90000000000002 85.500000000000014 82.500000000000014 6.4600000000000009 9.3250000000000011 1.0000000180025095e-35 71.500000000000014 78.90000000000002 184.50000000000003
decision_type=2 2 2 2 2 2 2 2 2 2 2 2 2 2 2 2
left_child=1 2 3 4 6 -6 15 -8 9 10 -2 -12 13 -13 -14 -1
right_child=8 -3 -4 -5 5 -7 7 -9 -10 -11 11 12 14 -15 -16 -17
leaf_value=0.016059932715929565 0.037122268454604472 -0.063617613798535852 0.04435400816301701 -0.062104493190002136 -0.079715993212003178 0.015652626351003913 -0.093863450647633156 0.050935593121778658 -0.034038290726114744 0.071211940277519023 -0.13090863125240976 -0.057378765701547721 0.060593134771911042 0.018753098271821957 0.010192140601811877 0.055515656289227222
leaf_weight=3.2388841658830767 4.11573407985271 3.0504367700777939 2.9273619763553134 2.273087788373231 2.4896711697801939 3.343644724227488 1.7815086869522927 2.492556270211935 2.843599919229745 2.4859531112015238 1.8467000890523184 2.0002247965894626 3.2907478515990078 1.6454912261106072 3.2171236947178841 3.5093668326735497
leaf_count=23 27 37 21 34 36 28 30 17 21 15 25 29 27 20 34 19
internal_value=-0.000115769 -0.00577291 0.00222722 -0.00421965 0.00358649 -0.0250509 0.0187422 -0.0094193 0.0065071 0.0127051 0.0036802 -0.00778942 0.0146031 -0.0230167 0.0356777 0.0365785
internal_weight=46.5521 25.1065 22.0561 19.1287 16.8556 5.83332 11.0223 4.27406 21.4456 18.602 16.116 12.0003 10.1536 3.64572 6.50787 6.74825
internal_count=443 245 208 187 153 64 89 47 198 177 162 135 110 49 61 42
is_linear=0
shrinkage=0.1


Tree=69
num_leaves=18
num_cat=0
split_feature=11 15 11 12 11 15 13 15 15 14 12 13 11 14 9 11 13
split_gain=0.174258 0.423432 1.11613 0.848151 0.633585 0.661314 0.398942 0.587664 1.18782 0.663584 0.837647 1.04164 1.84733 1.51795 0.514061 0.510906 0.217718
threshold=368.00000000000006 80.350000000000009 216.50000000000003 34.500000000000007 303.50000000000006 82.050000000000011 5.7450000000000001 96.050000000000011 93.850000000000009 45.20000000000001 39.500000000000007 11.31 135.50000000000003 127.80000000000001 1.5000000000000002 213.50000000000003 9.9050000000000029
decision_type=2 2 2 2 2 2 2 2 2 2 2 2 2 2 2 2 2
left_child=1 2 3 -1 5 -3 -7 8 9 16 11 13 -13 -11 -14 -16 -8
right_child=-2 4 -4 -5 -6 6 7 -9 -10 10 -12 12 14 -15 15 -17 -18
leaf_value=0.026098716925617601 -0.02337848716077378 0.052343029692660227 -0.075421651639699161 -0.043251967418458062 0.046167152353152892 -0.04783282109375421 0.060364619865596651 0.037024174930502016 -0.063723633189773199 -0.135698729022181 0.058834375241382866 0.053944643180600521 -0.00012559242945917143 -0.0037726655862607983 -0.11548154628977172 -0.027430365179462297 0.014476040781165489
leaf_weight=5.1160321906208974 3.0106294648721805 2.4024552074261036 2.42926509026438 2.6911011310294271 3.6805109246633938 1.8051013797521616 2.229424003511677 3.8021687995642415 3.0195935158990315 1.5481161349453025 1.7138658869080234 3.8746338863857073 1.8795491247437892 1.9974694796837864 1.235313000623137 1.4124451363459227 1.9280881476588545
leaf_count=38 32 21 29 25 27 15 16 27 34 22 18 32 15 26 27 14 25
internal_value=-0.000124655 0.0015124 -0.0162257 0.00219369 0.00709436 0.00210938 -0.00245408 0.000870232 -0.00572638 0.00410185 -0.00654392 -0.0159224 0.00325876 -0.0613758 -0.0401201 -0.0685107 0.0390833
internal_weight=45.7758 42.7651 10.2364 7.80713 32.5287 28.8482 26.4458 24.6407 20.8385 17.8189 13.6614 11.9475 8.40194 3.54559 4.52731 2.64776 4.15751
internal_count=443 411 92 63 319 292 271 256 229 195 154 136 88 48 56 41 41
is_linear=0
shrinkage=0.1


Tree=70
num_leaves=18
num_cat=0
split_feature=13 15 12 11 11 11 15 10 14 10 9 13 11 15 12 12 10
split_gain=0.197045 0.602737 1.51618 1.33277 0.642979 0.626506 0.702776 0.799795 0.649529 0.675954 0.63327 0.571834 0.483756 0.773311 0.330836 0.820627 0.264544
threshold=7.455000000000001 84.250000000000014 34.500000000000007 184.50000000000003 341.50000000000006 303.50000000000006 85.850000000000009 59.500000000000007 17.120000000000001 74.500000000000014 1.5000000000000002 13.685000000000002 117.50000000000001 93.450000000000017 30.500000000000004 35.500000000000007 70.500000000000014
decision_type=2 2 2 2 2 2 2 2 2 2 2 2 2 2 2 2 2
left_child=14 2 3 -2 5 6 -3 10 -9 11 -8 -10 -11 -14 -1 -16 -13
right_child=1 4 -4 -5 -6 -7 7 8 9 12 -12 16 13 -15 15 -17 -18
leaf_value=0.039817090183376341 -0.054745965606690351 0.053834428643753901 -0.096564263497476349 0.03648948172186392 -0.050379106281561198 0.058111845868286674 -0.083532170301889433 0.069753297813617082 -0.01562475905433029 0.0095675312277097718 -0.0055788529154729566 0.021922199768256673 -0.10471468124720895 -0.0054032387835847833 -0.029632869984717314 0.031749170365501629 0.072428226743952315
leaf_weight=2.9782441668212405 2.7692998801358026 2.4146622219123044 2.2855751840397716 3.795729729346931 1.9972202274948347 2.314039049204438 1.9505591262131954 1.5170709560625244 2.5948412460274977 2.2264582794159651 2.2376166828908026 2.367079921066761 1.458140039816499 1.6960954964160917 4.3347314465790969 4.3775880727916956 1.8457460887730119
leaf_count=17 30 21 39 34 24 16 22 10 30 22 26 32 27 16 35 29 13
internal_value=-0.000131951 -0.00403579 -0.0264173 -0.001996 0.00401025 0.00881203 0.00319453 -0.00363909 0.008048 0.000367611 -0.0418841 0.0213042 -0.0261214 -0.0513129 0.0110447 0.00120912 0.0440502
internal_weight=45.1607 33.4701 8.8506 6.56503 24.6195 22.6223 20.3083 17.8936 13.7054 12.1884 4.18818 6.80767 5.38069 3.15424 11.6906 8.71232 4.21283
internal_count=443 362 103 64 259 235 219 198 150 140 48 75 65 43 81 64 45
is_linear=0
shrinkage=0.1


Tree=71
num_leaves=18
num_cat=0
split_feature=11 11 3 15 13 7 13 13 15 10 12 15 15 1 13 15 14
split_gain=0.175359 0.326199 0.451606 0.74255 0.869311 0.66157 1.01171 1.38517 1.01114 1.10069 1.33824 0.695443 0.402505 0.552417 0.382033 0.342914 0.440906
threshold=37.500000000000007 63.500000000000007 1.0000000180025095e-35 80.950000000000017 9.9850000000000012 1.0000000180025095e-35 14.410000000000002 19.650000000000002 91.750000000000014 68.500000000000014 33.500000000000007 93.050000000000011 92.350000000000009 1.0000000180025095e-35 7.0650000000000004 68.15000000000002 74.500000000000014
decision_type=2 2 2 2 2 2 2 2 2 2 2 2 2 2 2 2 2
left_child=-1 -2 5 14 -5 6 8 -8 9 10 -3 -9 13 -6 -4 -11 -17
right_child=1 2 3 4 12 -7 7 11 -10 15 -12 -13 -14 -15 -16 16 -18
leaf_value=-0.024812673048717954 0.031305843800674568 0.0083951887413870035 0.067806705614222237 -0.062614065285286763 0.031416018288955398 -0.067333310428563983 -0.10666820730480016 0.023362932022630456 0.055916719689320583 0.067624859658872785 -0.088275573722181422 -0.052557300886875019 0.036468789499558139 -0.046271925208729747 0.017046924244712915 -0.031929754734404132 0.039317038495582497
leaf_weight=2.7033649324439457 3.3686472941189995 3.1850888933986479 2.671803690493106 2.0709501672536117 1.6558816209435465 1.8436347255483259 1.9950499958358694 2.9169630873948336 3.6144401687197378 1.5553191024810074 2.60171805229038 2.0576779609546065 3.3090854366309941 2.0464971759356558 3.3316349806264043 1.423086086753756 2.2292059049941599
leaf_count=23 25 28 14 22 17 25 37 27 29 9 33 20 30 29 26 21 28
internal_value=-0.000127971 0.00146556 -0.00114484 0.0123489 -0.00568862 -0.00983595 -0.00492348 -0.0362721 0.0100326 -0.00505197 -0.0350675 -0.00804022 0.0111252 -0.0115261 0.0396373 0.0283019 0.0115563
internal_weight=44.58 41.8767 38.508 15.0859 9.08241 23.4222 21.5785 6.96969 14.6089 10.9944 5.78681 4.97464 7.01146 3.70238 6.00344 5.20761 3.65229
internal_count=443 420 395 138 98 257 232 84 148 119 61 47 76 46 40 58 49
is_linear=0
shrinkage=0.1


Tree=72
num_leaves=19
num_cat=0
split_feature=10 13 10 6 15 10 13 13 12 13 15 11 11 10 13 15 1 3
split_gain=0.192136 0.477411 0.60928 0.408411 0.703059 0.462317 0.492784 0.561362 0.493738 1.00882 0.647504 0.950744 0.907563 0.84909 0.60521 0.494624 0.413128 0.195535
threshold=47.500000000000007 6.6050000000000013 38.000000000000007 1.0000000180025095e-35 88.15000000000002 55.500000000000007 4.9650000000000007 5.5550000000000006 39.500000000000007 6.6050000000000013 73.500000000000014 168.50000000000003 246.50000000000003 75.500000000000014 9.9850000000000012 84.850000000000009 1.0000000180025095e-35 1.0000000180025095e-35
decision_type=2 2 2 2 2 2 2 2 2 2 2 2 2 2 2 2 2 2
left_child=1 -1 -3 5 -5 -2 -7 -8 9 -9 -11 14 15 -14 -12 -13 -16 -18
right_child=3 2 -4 4 -6 6 7 8 -10 10 11 12 13 -15 16 -17 17 -19
leaf_value=0.063472244919048529 -0.035040792230701077 -0.03698871560244868 0.035211727541183527 0.006446387630540569 -0.087709704265671137 -0.056225200320724047 0.054533982498062218 -0.069184329991782936 0.043898306932009287 0.055021342825798139 -0.018506164131160695 -0.018126705815713819 -0.045085002046744045 0.0303740309903031 0.0045128882501351275 -0.097614976361025632 0.07033733292531795 0.030548202686109967
leaf_weight=1.5874818935990322 3.335502251982688 2.2810226930305362 2.3970172125846148 1.7165131475776427 1.4740673415362833 1.2963915020227457 2.2717425562441376 2.0256452932953897 2.644956321688368 2.2790779154747751 3.1715280478820231 1.2769516417756661 2.5969164152629673 3.5021838522516191 3.110711667686699 2.0230774995870888 2.5449508570600301 2.3996521742083132
leaf_count=9 31 29 20 19 28 11 14 16 30 15 37 16 28 32 29 35 24 20
internal_value=-0.000128152 0.0160868 6.63041e-06 -0.00282514 -0.0370543 0.000342299 0.00413183 0.00675338 0.00281711 -0.00154129 0.00444083 -0.00114809 -0.0246125 -0.00175543 0.0184963 -0.0668569 0.0330649 0.0510274
internal_weight=43.9354 6.26552 4.67804 37.6699 3.19058 34.4793 31.1438 29.8474 27.5757 24.9307 22.9051 20.626 9.39913 6.0991 11.2268 3.30003 8.05531 4.9446
internal_count=443 58 49 385 47 338 307 296 282 252 236 221 111 60 110 51 73 44
is_linear=0
shrinkage=0.1


Tree=73
num_leaves=19
num_cat=0
split_feature=14 12 15 2 12 9 10 13 14 12 10 13 11 14 0 15 9 11
split_gain=0.178627 0.920951 0.716942 0.737492 0.678107 0.659729 0.552374 0.645691 0.632752 0.510354 0.446319 0.931024 0.596328 0.424667 0.396002 0.243767 0.219587 0.0805092
threshold=73.250000000000014 37.500000000000007 71.950000000000017 1.0000000180025095e-35 35.500000000000007 1.5000000000000002 62.500000000000007 19.650000000000002 158.00000000000003 33.500000000000007 82.500000000000014 13.895000000000001 72.000000000000014 124.50000000000001 1.0000000180025095e-35 85.550000000000011 2.5000000000000004 213.50000000000003
decision_type=2 2 2 2 2 2 2 2 2 2 2 2 2 2 2 2 2 2
left_child=1 2 -1 5 6 -4 8 9 -2 10 11 12 -8 -6 15 -5 -3 -15
right_child=4 16 3 14 13 -7 7 -9 -10 -11 -12 -13 -14 17 -16 -17 -18 -19
leaf_value=0.043964492975631653 0.046406686876630215 -0.089283016985765282 -0.011927415516523383 0.012719289713498214 0.003934823106288371 -0.094159050922125981 -0.028791571449692716 0.022392583347904373 -0.018335111083815775 -0.078898747448109208 0.014928546461155304 0.01379285617219264 -0.12133406028128607 0.035699805457895965 0.03721396533194532 -0.035228596207316741 -0.032890351495797575 0.063361139131335717
leaf_weight=3.1882075723260668 3.5650032414123478 1.3732545496895903 2.5462568355724198 2.2212072424590588 3.4576128497719756 1.5816801094915716 1.401812825351952 3.018534622155129 2.618355103302747 1.7860471475869415 2.5094650946557522 2.0694343135692179 1.3835464953444896 1.8903155617881564 3.0151095818728209 2.0287805767729878 1.3888238249346612 2.3731831118930131
leaf_count=20 27 21 31 19 33 33 13 24 25 25 18 23 29 23 22 21 19 17
internal_value=-0.000117346 -0.00798196 0.00204739 -0.00968263 0.005114 -0.0434357 -0.00534637 -0.0177133 0.0189916 -0.0309435 -0.019313 -0.0370126 -0.0747594 0.0299771 0.00949544 -0.0101692 -0.0609277 0.0510969
internal_weight=43.4166 17.3433 14.5812 11.393 26.0733 4.12794 18.3522 12.1688 6.18336 9.15031 7.36426 4.85479 2.78536 7.72111 7.2651 4.24999 2.76208 4.2635
internal_count=443 186 146 126 257 64 184 132 52 108 83 65 42 73 62 40 40 40
is_linear=0
shrinkage=0.1


Tree=74
num_leaves=20
num_cat=0
split_feature=11 12 12 11 11 12 13 13 15 11 13 13 14 11 13 14 14 10 3
split_gain=0.170876 0.275243 0.469175 0.775399 0.469462 0.694558 0.514257 0.288488 0.869789 1.25199 1.14962 0.857841 0.722757 0.661639 2.04642 0.521618 0.604959 0.784259 0.496898
threshold=37.500000000000007 43.500000000000007 38.500000000000007 191.50000000000003 92.500000000000014 27.500000000000004 7.705000000000001 9.865000000000002 79.200000000000003 138.00000000000003 8.1200000000000028 15.245000000000003 135.50000000000003 151.50000000000003 13.685000000000002 228.65000000000003 140.50000000000003 70.500000000000014 1.0000000180025095e-35
decision_type=2 2 2 2 2 2 2 2 2 2 2 2 2 2 2 2 2 2 2
left_child=-1 2 4 -4 5 -2 -7 8 18 -10 -11 12 13 -9 -15 16 17 -13 -6
right_child=1 -3 3 -5 7 6 -8 11 9 10 -12 15 -14 14 -16 -17 -18 -19 -20
leaf_value=-0.024861835324867351 -0.019224732542654721 0.036764412848113069 -0.091987122925740628 0.014110457715484765 -0.021955062254520468 0.082424852047434521 0.018688482540999845 0.089447465501922896 -0.12639482485540396 0.056978877920283978 -0.064875571333380691 -0.052513467101920633 -0.020618546776412439 -0.050938306252050453 0.087216817957240955 0.025155720773495094 -0.081048144748426171 0.037025126007530794 0.033647027986530513
leaf_weight=2.622454473283141 2.4633811917155972 2.0960091375745824 1.4109610412269824 1.3459093384444711 3.0051763243973273 2.1684628203511238 3.0415082667022943 2.1230260320007819 1.4401796646416185 1.3285687910392883 1.8556092716753481 2.166570727480575 2.3925720928236842 2.0530315013602376 2.2441229736432433 1.9765647538006303 1.8762753792107103 1.7834842344745991 3.4551898390054703
leaf_count=23 20 21 28 15 26 12 29 14 21 13 29 32 31 31 16 18 25 16 23
internal_value=-0.00012904 0.00148334 -0.000456031 -0.0401901 0.00264066 0.0245289 0.0452165 -0.00342264 -0.0159171 -0.0490262 -0.0140329 0.00491273 0.0262932 0.0437755 0.0212111 -0.0192348 -0.0342942 -0.012086 0.00778254
internal_weight=42.8491 40.2266 38.1306 2.75687 35.3737 7.67335 5.20997 27.7004 11.0847 4.62436 3.18418 16.6156 8.81275 6.42018 4.29715 7.8029 5.82633 3.95005 6.46037
internal_count=443 420 399 43 356 61 41 295 112 63 42 183 92 61 47 91 73 48 49
is_linear=0
shrinkage=0.1


Tree=75
num_leaves=19
num_cat=0
split_feature=14 12 2 12 11 10 14 14 12 14 0 11 10 10 13 2 14 13
split_gain=0.174406 0.735367 0.617262 0.551839 0.576212 0.695262 0.631613 0.905926 0.738219 0.615264 0.460055 0.534605 0.413193 0.910455 0.400323 0.731767 0.386467 0.147916
threshold=73.250000000000014 37.500000000000007 1.0000000180025095e-35 35.500000000000007 47.500000000000007 60.500000000000007 133.49500000000003 114.50000000000001 31.500000000000004 91.90000000000002 1.0000000180025095e-35 114.50000000000001 58.500000000000007 72.500000000000014 7.705000000000001 1.0000000180025095e-35 158.00000000000003 6.7300000000000013
decision_type=2 2 2 2 2 2 2 2 2 2 2 2 2 2 2 2 2 2
left_child=1 2 12 4 -2 16 7 9 -8 -7 11 -4 -1 -14 -5 -16 -6 -3
right_child=3 17 10 14 5 6 8 -9 -10 -11 -12 -13 13 -15 15 -17 -18 -19
leaf_value=0.010729750487168108 0.046951128677293952 -0.029319033870001406 0.033982908588949902 0.067648291129983357 0.045200500010699557 0.0042597427222272732 -0.024040305360488498 0.051381046674861236 -0.10364698630577351 -0.082559037606774133 0.042815970363220601 -0.030963437771056496 -0.097662259006436672 0.0094574754393096545 0.041307206653938347 -0.033668158545857446 -0.0094259789282441567 -0.07675265815202581
leaf_weight=1.8473668182268745 1.9407581416890085 1.1642349455505603 2.2381518483161926 1.8877576012164343 2.7261046338826409 1.8871498256921753 3.6098566427826881 2.0377993918955326 1.7199012180790303 1.4384675696492193 3.8696980159729719 2.9222513367421925 1.7350650830194356 1.4620495042763648 3.6375740400981158 2.0272723671514541 2.4672303036786616 1.5101974052377043
leaf_count=23 16 11 14 10 20 18 33 12 36 26 28 33 27 21 32 31 23 29
internal_value=-0.000115203 -0.00803548 0.0010984 0.00511165 -0.00448605 -0.0107698 -0.0253489 -0.00112157 -0.0497292 -0.033293 0.0167507 -0.00279514 -0.0269208 -0.0486761 0.0277662 0.0144759 0.0192488 -0.0561038
internal_weight=42.1289 16.749 14.0746 25.3799 17.8273 15.8865 10.6932 5.36342 5.32976 3.32562 9.0301 5.1604 5.04448 3.19711 7.5526 5.66485 5.19333 2.67443
internal_count=443 186 146 257 184 168 125 56 69 44 75 47 71 48 73 63 43 40
is_linear=0
shrinkage=0.1


Tree=76
num_leaves=18
num_cat=0
split_feature=11 11 11 3 11 13 13 15 14 15 13 15 12 11 11 2 13
split_gain=0.210346 0.482512 0.307847 0.329647 0.582523 0.536247 1.09834 0.845441 1.31182 0.722901 0.477744 0.900247 0.437709 0.496745 0.269897 0.0926589 0.0755096
threshold=33.000000000000007 47.500000000000007 66.500000000000014 1.0000000180025095e-35 320.00000000000006 14.410000000000002 19.650000000000002 80.350000000000009 37.850000000000009 68.15000000000002 8.8900000000000023 89.40000000000002 31.500000000000004 270.00000000000006 187.50000000000003 1.0000000180025095e-35 12.165000000000001
decision_type=2 2 2 2 2 2 2 2 2 2 2 2 2 2 2 2 2
left_child=-1 -2 -3 4 5 7 -7 9 -9 -4 -10 -12 16 14 -14 -8 -5
right_child=1 2 3 12 -6 6 15 8 10 -11 11 -13 13 -15 -16 -17 -18
leaf_value=-0.031291196979927403 0.045283568195959231 -0.039093449558654902 0.020485252943629212 -0.026437133059274844 -0.048770765522113818 -0.099273728798791205 -0.014069527527646401 -0.061305070534404565 0.077044682297312261 -0.065037861888087398 0.073173455530340631 -0.015486907058008554 0.027604095936366903 0.061001430582049668 -0.012932767395266007 0.016431085409578817 -0.00010366973426000305
leaf_weight=2.0576851922087362 2.3664761260151854 2.0358509048819533 1.7700500655919373 2.1823892518877974 2.8752655335701993 1.5057769853156049 2.0188109911978245 1.3838980086147765 2.8326917546801269 2.237988512031734 2.1025703800842166 2.5153525192290545 3.8732042955234629 2.7287143357098103 2.8518134602345526 1.9659866373986008 2.173211358487606
leaf_count=19 17 20 12 20 34 31 19 20 27 33 20 33 38 24 35 21 20
internal_value=-0.00012178 0.00150523 -0.00129073 0.000907033 -0.00692209 -0.000358771 -0.0265154 0.0108239 0.0281058 -0.0272687 0.0447132 0.0248807 0.012931 0.0250155 0.010414 0.000978614 -0.0132981
internal_weight=41.4777 39.4201 37.0536 35.0177 21.2084 18.3331 5.49057 12.8426 8.83451 4.00804 7.45061 4.61792 13.8093 9.45373 6.72502 3.9848 4.3556
internal_count=443 424 407 387 250 216 71 145 100 45 80 53 137 97 73 40 40
is_linear=0
shrinkage=0.1


Tree=77
num_leaves=20
num_cat=0
split_feature=4 12 15 15 13 11 11 11 11 12 12 14 15 3 15 15 14 13 15
split_gain=0.183736 0.996491 0.415197 0.418066 0.31602 0.956459 0.800923 0.529006 0.667112 0.630742 0.445423 0.872991 0.751729 0.401564 0.731645 0.490609 0.348327 0.520357 0.124394
threshold=1.0000000180025095e-35 25.500000000000004 92.450000000000017 79.350000000000009 13.685000000000002 83.500000000000014 156.50000000000003 54.000000000000007 145.00000000000003 30.500000000000004 34.500000000000007 143.00000000000003 92.15000000000002 1.0000000180025095e-35 88.65000000000002 69.750000000000014 95.280000000000015 8.8400000000000016 73.500000000000014
decision_type=2 2 2 2 2 2 2 2 2 2 2 2 2 2 2 2 2 2 2
left_child=4 -2 3 -3 7 -6 -7 -1 16 -10 11 -8 -12 14 15 -11 17 -9 -15
right_child=1 2 -4 -5 5 6 10 8 9 13 12 -13 -14 18 -16 -17 -18 -19 -20
leaf_value=-0.050240379711286087 0.060601887966449254 -0.024722270948480611 -0.00042142836212982022 -0.11247028620665947 0.073759070377963351 -0.048569106154836054 0.063682109418437827 0.005973720875064769 -0.065175221564317806 -0.0072548096618252527 -0.063900908873511658 -0.015780505959960885 0.031232886388429526 0.034731043900457746 0.023586684143813336 -0.086759642022964656 -0.0081482936931402648 0.065694305752912324 0.00083081317709188501
leaf_weight=2.3204260300844934 1.177359852939843 1.0010410528630025 1.2693485645577309 1.1865379419177768 2.2554245069622985 2.4213641062378874 3.5581710794940573 2.9879910452291387 2.0899690706282845 1.3439464941620811 1.5528415148146453 2.2611508835107088 1.7858157884329555 2.1915154494345188 2.0370628829114139 1.8371408558450637 2.728003884665668 2.8511860477738082 2.1388010564260185
leaf_count=20 8 10 15 37 16 35 31 24 25 10 31 22 14 13 20 33 29 22 28
internal_value=-0.000103376 -0.0188558 -0.0459174 -0.0723166 0.00228667 0.0141826 0.00257825 -0.00501941 0.000173798 -0.0154158 0.0161016 0.0328062 -0.0130148 -0.00452446 -0.023206 -0.0531704 0.0213521 0.0351344 0.0179873
internal_weight=40.9951 4.63429 3.45693 2.18758 36.3608 13.8348 11.5793 22.526 20.2056 11.6384 9.15798 5.81932 3.33866 9.54847 5.21815 3.18109 8.56718 5.83918 4.33032
internal_count=443 70 62 47 373 149 133 224 204 129 98 53 45 104 63 43 75 46 41
is_linear=0
shrinkage=0.1


Tree=78
num_leaves=20
num_cat=0
split_feature=11 11 10 4 10 15 15 15 14 9 15 11 15 13 15 13 11 9 14
split_gain=0.211038 0.344167 0.271651 0.662422 0.675848 0.54533 1.61054 0.517623 0.649193 0.474355 0.621662 0.508629 0.813006 0.698409 0.710207 1.0144 0.619656 0.488776 0.248439
threshold=28.500000000000004 47.500000000000007 82.500000000000014 1.0000000180025095e-35 61.500000000000007 96.050000000000011 94.050000000000011 92.350000000000009 102.50000000000001 1.0000000180025095e-35 61.650000000000006 87.500000000000014 89.40000000000002 9.2150000000000016 86.000000000000014 11.435000000000002 191.50000000000003 3.5000000000000004 118.50000000000001
decision_type=2 2 2 2 2 2 2 2 2 2 2 2 2 2 2 2 2 2 2
left_child=-1 -2 3 5 -5 6 9 8 -4 -3 -11 -12 13 16 15 -15 -13 18 -14
right_child=1 2 7 4 -6 -7 -8 -9 -10 10 11 12 17 14 -16 -17 -18 -19 -20
leaf_value=-0.036403878598262426 0.035283615531993717 0.038502939065682182 -0.041631111237730251 -0.0066576107076591175 -0.11222861487133523 0.039342612414492321 -0.096643138476902035 0.053822964345579531 0.03589016236396033 0.057887411008850677 0.041536623485490871 -0.003047669419464126 -0.11645221170266661 0.036155770792668712 0.066764092899586527 -0.052702437112412473 -0.073312009311985477 -0.0078199640114399917 -0.048048004384358238
leaf_weight=1.539882369339465 2.7742348690517238 2.9931965332944079 2.2201093933545044 1.3157243127934628 1.1248134560883043 2.9922261070460072 1.809445391409098 2.4231949225068092 2.1040790695697069 1.4819977506995226 1.7546026352793003 3.1206267769448441 1.2390190826263277 2.9238947946578264 2.0351623753085732 2.2916799176018685 2.0995307937264442 1.2106883446685968 0.92908658878877748
leaf_count=13 23 27 25 15 35 21 24 16 16 9 16 29 30 32 20 39 23 13 17
internal_value=-9.65532e-05 0.00134279 -0.00126775 -0.0054308 -0.055314 -0.000901906 -0.00594276 0.0168234 -0.00391053 0.00149026 -0.00431423 -0.00955061 -0.0152061 -0.00341733 0.0166624 -0.00288778 -0.0313078 -0.0587176 -0.0871393
internal_weight=40.3832 38.8433 36.0691 29.3217 2.44054 26.8812 23.8889 6.74738 4.32419 22.0795 19.0863 17.6043 15.8497 12.4709 7.25074 5.21557 5.22016 3.37879 2.16811
internal_count=443 430 407 350 50 300 279 57 41 255 228 219 203 143 91 71 52 60 47
is_linear=0
shrinkage=0.1


Tree=79
num_leaves=17
num_cat=0
split_feature=11 13 15 12 11 11 15 11 11 15 9 15 11 13 14 11
split_gain=0.170747 0.303892 0.490449 1.22694 1.14327 0.46275 0.772746 0.644884 0.527856 1.43729 0.839695 0.587738 0.408001 0.793356 0.314183 0.119144
threshold=28.500000000000004 7.455000000000001 84.250000000000014 34.500000000000007 184.50000000000003 339.00000000000006 88.40000000000002 234.50000000000003 168.50000000000003 91.450000000000017 1.5000000000000002 91.950000000000017 92.500000000000014 5.7450000000000001 38.500000000000007 76.000000000000014
decision_type=2 2 2 2 2 2 2 2 2 2 2 2 2 2 2 2
left_child=-1 12 3 4 -3 6 14 8 10 -10 -8 -12 -2 -14 -4 -13
right_child=1 2 5 -5 -6 -7 7 -9 9 -11 11 15 13 -15 -16 -17
leaf_value=-0.032752682761852413 0.046206030517911105 -0.055042395269091771 0.083493951898238272 -0.093227319245492157 0.035319118286052546 -0.041246709223373847 -0.049000827232196814 0.033023703392547857 0.028872348700912598 -0.12485784923829431 -0.029502789293159765 0.02202055356076078 -0.034332859880091444 0.035193601053819745 0.025690732164197868 0.056670145326373891
leaf_weight=1.5403661914169777 3.1295488625764829 2.3904804685153094 1.5404888717457716 1.9869058064650742 3.3798497775569558 2.0359669597819439 2.6280073774978501 3.9443156355991951 1.1146916130091988 1.3383905873633919 1.7221787378657607 1.8698331918567421 3.1106242947280407 3.4743630308657885 2.4136253404431045 2.1147010454442352
leaf_count=13 19 29 11 39 34 27 34 31 16 27 31 17 29 27 36 23
internal_value=-0.000110526 0.00120593 -0.00400371 -0.0254522 -0.00211504 0.0040254 0.00895804 -0.00157732 -0.0142284 -0.0550022 -0.00222784 0.0193117 0.0164787 0.00235061 0.0482104 0.04041
internal_weight=39.7343 38.194 28.4794 7.75724 5.77033 20.7222 18.6862 14.7321 10.7878 2.45308 8.33472 5.70671 9.71454 6.58499 3.95411 3.98453
internal_count=443 430 355 102 63 253 226 179 148 43 105 71 75 56 47 40
is_linear=0
shrinkage=0.1


Tree=80
num_leaves=20
num_cat=0
split_feature=11 11 11 12 15 14 14 12 15 10 10 12 10 14 5 13 12 15 15
split_gain=0.990421 0.570058 0.278058 0.28802 0.425505 0.527473 0.717105 0.719006 0.537804 0.509979 0.494862 0.893144 0.963237 0.459619 0.450061 0.428556 0.624651 0.0183371 0.000191601
threshold=21.000000000000004 47.500000000000007 66.500000000000014 44.500000000000007 64.950000000000017 36.150000000000006 24.500000000000004 32.500000000000007 71.15000000000002 62.500000000000007 86.500000000000014 31.500000000000004 69.500000000000014 133.49500000000003 1.0000000180025095e-35 15.975000000000001 33.500000000000007 91.950000000000017 83.15000000000002
decision_type=2 2 2 2 2 2 2 2 2 2 2 2 2 2 2 2 2 2 2
left_child=-1 -2 -3 4 -4 6 7 -6 -7 15 11 13 -13 -11 17 16 -10 18 -14
right_child=1 2 3 -5 5 8 -8 -9 9 10 -12 12 14 -15 -16 -17 -18 -19 -20
leaf_value=-0.098865673802599474 0.042720958148652705 -0.038273009073695553 0.046061604432447868 0.041226342758751061 0.033212485965280057 -0.055250530750215243 -0.087072261949685523 -0.05082315351178416 0.079785044199507438 0.033188212745239191 0.03094619246303202 0.0021554048552029676 -0.10758594933125985 -0.023076609185571535 -0.026578953966329279 -0.00097205337204708309 0.0097232925319086609 -0.12617463906432724 -0.10462564616374322
leaf_weight=0.98995127528905769 3.2182373050600281 1.918371895328163 1.790713988244536 1.6800718437880267 2.0322414934635189 1.5153063982725168 1.6478131697513161 2.0403128564357758 2.4840102652087825 3.5110685620456916 2.8847454395145169 2.1015727794729173 0.4177825909573587 2.4755006479099393 0.80560054862871755 3.6584215234033763 2.6092787384986877 0.93404866848140955 0.45867728698067367
leaf_count=10 26 20 12 16 18 14 25 35 20 34 21 32 15 25 14 38 26 15 27
internal_value=-0.000113861 0.00244638 -0.00126051 0.00088805 -0.00127253 -0.0041384 -0.0314102 -0.00888861 0.00240104 0.00631139 -0.00581358 -0.0157202 -0.0482594 0.0099222 -0.0887586 0.0251381 0.0438926 -0.116426 -0.106037
internal_weight=39.1737 38.1838 34.9655 33.0472 31.3671 29.5764 5.72037 4.07255 23.856 22.3407 13.589 10.7043 4.71768 5.98657 2.61611 8.75171 5.09329 1.81051 0.87646
internal_count=443 433 407 387 371 359 78 53 281 267 183 162 103 59 71 84 46 57 42
is_linear=0
shrinkage=0.1


Tree=81
num_leaves=18
num_cat=0
split_feature=13 13 15 12 11 1 11 11 14 13 14 13 1 15 14 0 12
split_gain=0.307469 0.316091 0.400813 0.725756 0.80193 0.692093 0.404738 0.574287 0.64337 0.623702 0.657587 0.532631 0.851719 1.17893 0.507378 0.432212 0.246762
threshold=4.9650000000000007 6.4600000000000009 84.250000000000014 34.500000000000007 184.50000000000003 1.0000000180025095e-35 339.00000000000006 303.50000000000006 172.50000000000003 22.295000000000005 211.50000000000003 10.650000000000002 1.0000000180025095e-35 91.750000000000014 46.500000000000007 1.0000000180025095e-35 35.500000000000007
decision_type=2 2 2 2 2 2 2 2 2 2 2 2 2 2 2 2 2
left_child=-1 16 3 4 -3 -5 7 8 11 10 -10 14 13 -13 -4 -14 -2
right_child=1 2 6 5 -6 -7 -8 -9 9 -11 -12 12 15 -15 -16 -17 -18
leaf_value=-0.041191181504407065 0.0063314624500732178 -0.037575815639828897 0.074977968138804793 -0.01859845416078083 0.031734785026910663 -0.12808444858009893 -0.037797569543777484 0.065539704763263318 -0.013514387609217747 0.0084110364993506392 -0.12426451650122139 0.0091967875861592146 -0.0040280889630923576 -0.099363369569200402 0.010017256760956647 0.056614707521535849 0.047449432991727242
leaf_weight=1.7404402755200852 3.6863061971962443 3.3728779596276599 2.3383352532982924 1.277436671545729 3.3050522115081549 1.0535177891142666 2.0029468354769042 1.6671470953151573 1.0950596234761172 2.1572248553857207 1.0503653266932813 2.6214208337478322 2.1303558582440019 1.6176313757896421 2.4749320095870644 2.6214926075190306 2.4161883629858494
leaf_count=17 28 37 15 20 35 24 27 13 18 19 26 32 29 25 33 27 18
internal_value=-0.000117802 0.0018201 -0.00230126 -0.0200415 -0.0032725 -0.0680827 0.00503767 0.00937654 0.00420544 -0.029558 -0.0677359 0.0147292 0.00035693 -0.03223 0.0415758 0.0294272 0.0226115
internal_weight=38.6287 36.8883 30.7858 9.00888 6.67793 2.33095 21.7769 19.774 18.1068 4.30265 2.14542 13.8042 8.9909 4.23905 4.81327 4.75185 6.10249
internal_count=443 426 380 116 72 44 264 237 224 63 44 161 113 57 48 56 46
is_linear=0
shrinkage=0.1


Tree=82
num_leaves=18
num_cat=0
split_feature=14 13 10 13 13 13 11 0 12 13 14 12 11 11 11 12 15
split_gain=0.18296 0.621628 1.16298 0.870887 1.02497 1.07561 0.697079 0.519394 0.830265 0.810327 1.21188 0.512267 0.506794 1.24213 0.464369 0.195461 0.164125
threshold=118.50000000000001 17.180000000000003 70.500000000000014 13.685000000000002 10.755000000000003 9.865000000000002 237.50000000000003 1.0000000180025095e-35 30.500000000000004 26.045000000000005 186.00000000000003 30.500000000000004 165.50000000000003 95.000000000000014 149.50000000000003 33.500000000000007 85.850000000000009
decision_type=2 2 2 2 2 2 2 2 2 2 2 2 2 2 2 2 2
left_child=1 3 -3 4 5 6 12 9 -9 10 15 -12 13 -1 -10 -2 -6
right_child=7 2 -4 -5 16 -7 -8 8 14 -11 11 -13 -14 -15 -16 -17 -18
leaf_value=0.022530906372736755 0.051543765988187752 -0.11852627383191539 0.018973844735391144 0.050658223908362138 -0.036006825074144183 0.070212659645401396 -0.052432563054341658 -0.07495099408406232 0.057227077846459723 0.07536882654782652 -0.0072110366238680827 -0.11056146501388792 0.030958337602357361 -0.065773602673127526 -0.018144572783118925 0.012155413326450076 -0.084122113991274616
leaf_weight=3.8832861348055392 2.5329848597757501 1.2913570976816111 1.1746713682077823 2.9280163887888184 1.2684647601563477 2.0171181671321383 2.8066431786864987 1.6566589586436737 1.339503856841475 2.2366821924224496 0.91534298611804832 1.0074373862007631 4.1406152592971921 2.7008679008577019 2.0972642945125699 2.5066135758534074 1.6071807225234804
leaf_count=31 21 31 15 34 23 18 38 19 15 15 11 32 37 35 27 20 21
internal_value=-0.000124899 -0.00549218 -0.0530293 -1.97983e-06 -0.00805303 0.00209039 -0.00806455 0.0088196 -0.0167994 0.0230046 0.0061824 -0.0613613 0.00354644 -0.0136922 0.011232 0.0319526 -0.0628982
internal_weight=38.1107 23.8182 2.46603 21.3522 18.4242 15.5485 13.5314 14.2925 5.09343 9.19906 6.96238 1.92278 10.7248 6.58415 3.43677 5.0396 2.87565
internal_count=443 283 46 237 203 159 141 160 61 99 84 43 103 66 42 41 44
is_linear=0
shrinkage=0.1


Tree=83
num_leaves=20
num_cat=0
split_feature=13 13 15 11 12 14 10 11 11 14 15 15 11 11 15 15 10 12 14
split_gain=0.249258 0.267566 0.282563 0.964039 0.937995 1.06053 0.439576 0.346701 0.390697 0.533215 0.553712 0.540447 0.450009 0.99386 0.337785 0.401695 0.4116 0.193673 0.167979
threshold=4.9650000000000007 6.4600000000000009 84.250000000000014 105.50000000000001 33.500000000000007 62.500000000000007 69.500000000000014 341.50000000000006 303.50000000000006 172.50000000000003 96.050000000000011 93.050000000000011 72.000000000000014 111.50000000000001 85.850000000000009 93.450000000000017 60.500000000000007 31.500000000000004 62.500000000000007
decision_type=2 2 2 2 2 2 2 2 2 2 2 2 2 2 2 2 2 2 2
left_child=-1 18 3 -3 6 -6 -5 8 9 12 11 -11 -4 -14 -15 16 -16 -18 -2
right_child=1 2 7 4 5 -7 -8 -9 -10 10 -12 -13 13 14 15 -17 17 -19 -20
leaf_value=-0.037344298319692826 0.0039994687814403551 -0.099357374172200544 0.040746765456629225 0.054004617429702674 -0.11401588633326898 0.0075135991394506664 -0.0073247015210697866 -0.039337451443619248 0.051740267533528041 -0.018686027652516 0.027532377816441279 -0.10849197262515252 -0.086428267545211337 0.057373907294336557 -0.061626424493974534 0.041837620892636124 -0.022775928426453207 0.025292424991681391 0.037470452333675124
leaf_weight=1.7173536028712977 2.9655135944485655 1.2305133212357775 4.0588456550613143 2.3699177242815495 1.3364920830354097 1.5517981441225854 2.3057113755494356 1.6893463912419964 1.8393818303011347 1.7787618211004876 1.2393090706318615 1.0751371227670459 1.1444165743887413 1.4226507171988467 1.2381339566782115 1.9507273200433699 1.4223638684488835 2.0409532918129116 3.0328440722078085
leaf_count=17 22 18 34 19 32 20 27 24 16 35 10 18 18 13 21 23 21 31 24
internal_value=-0.000131661 0.00165882 -0.00223256 -0.0172705 -0.00391647 -0.0487215 0.023761 0.0040952 0.00791458 0.00327404 -0.0282811 -0.0525182 0.0130015 0.00078641 0.013147 0.00368857 -0.0121402 0.00555104 0.0209228
internal_weight=37.4102 35.6928 29.6945 8.79443 7.56392 2.88829 4.67563 20.9 19.2107 17.3713 4.09321 2.8539 13.2781 9.21925 8.07483 6.65218 4.70145 3.46332 5.99836
internal_count=443 426 380 116 98 52 46 264 240 224 63 53 161 127 109 96 73 52 46
is_linear=0
shrinkage=0.1


Tree=84
num_leaves=18
num_cat=0
split_feature=10 13 10 14 14 12 12 14 14 14 13 15 13 10 12 13 10
split_gain=0.192091 0.220434 0.569556 0.2196 0.488968 0.392894 0.796947 0.689816 0.80283 0.658581 0.654793 0.599101 0.347617 0.834263 0.596153 0.452602 0.268236
threshold=47.500000000000007 7.455000000000001 38.000000000000007 17.120000000000001 30.360000000000003 35.500000000000007 31.500000000000004 152.45000000000002 115.80000000000001 135.50000000000003 7.705000000000001 91.65000000000002 13.685000000000002 82.500000000000014 28.500000000000004 18.210000000000004 70.500000000000014
decision_type=2 2 2 2 2 2 2 2 2 2 2 2 2 2 2 2 2
left_child=1 -1 -3 -2 -5 6 12 8 16 10 -7 -12 13 14 -6 -14 -8
right_child=3 2 -4 4 5 9 7 -9 -10 -11 11 -13 15 -15 -16 -17 -18
leaf_value=0.051719603971227615 0.019882061714708993 -0.033247209533562076 0.04397074264846914 -0.049276692249419954 -0.0032567638165543044 0.039698579977734405 -0.019094403692706895 -0.093458903081937092 0.034747758421567299 0.058095631581903721 -0.086093933563533509 0.012005443623200057 0.061553789561292996 0.043023820699271874 -0.080850559495023108 0.0014269108266444276 -0.071901845385422353
leaf_weight=1.3915153294801701 3.6815166627056923 1.9168385202065112 1.9040512125939129 2.3978591202758279 2.4076797934249097 1.8378995545208443 1.9455576986074441 1.5965741388499735 1.8645529681816695 2.5972345968475565 1.2958672619424763 1.1981250643730161 2.1239784453064203 2.0478724781423807 1.6817920217290518 3.0492170117795467 1.9025004357099531
leaf_count=10 37 29 19 36 26 13 25 38 17 31 32 11 19 15 25 30 30
internal_value=-0.000144367 0.0176428 0.00523255 -0.00307574 -0.00610005 -0.00204775 -0.00961268 -0.0353483 -0.0191075 0.0182805 -0.00559116 -0.0389666 0.00701842 -0.00907685 -0.0351672 0.0261134 -0.0452027
internal_weight=36.8406 5.21241 3.82089 31.6282 27.9467 25.5489 18.6197 7.30919 5.71261 6.92913 4.33189 2.49399 11.3105 6.13734 4.08947 5.1732 3.84806
internal_count=443 58 48 385 348 312 225 110 72 87 56 43 115 66 51 49 55
is_linear=0
shrinkage=0.1


Tree=85
num_leaves=20
num_cat=0
split_feature=10 10 11 10 12 11 11 15 12 14 9 13 13 1 13 15 10 14 10
split_gain=0.159828 0.22704 0.253279 0.196645 0.174007 0.235377 0.912492 1.29565 0.597943 0.567326 0.496406 0.385386 0.590474 0.734641 0.658781 0.323672 0.557809 0.392922 0.0117037
threshold=44.500000000000007 51.500000000000007 37.500000000000007 35.500000000000007 39.500000000000007 183.50000000000003 241.50000000000003 80.950000000000017 35.500000000000007 55.500000000000007 2.5000000000000004 5.5550000000000006 9.9850000000000012 1.0000000180025095e-35 11.105000000000002 96.050000000000011 73.500000000000014 130.50000000000003 73.500000000000014
decision_type=2 2 2 2 2 2 2 2 2 2 2 2 2 2 2 2 2 2 2
left_child=3 -2 -3 -1 5 11 7 -7 9 -8 -11 -4 13 -13 -14 16 17 -16 -9
right_child=1 2 4 -5 -6 6 8 18 -10 10 -12 12 14 -15 15 -17 -18 -19 -20
leaf_value=-0.0053367996920352743 -0.035590116107449353 -0.034392867274849366 0.054430502789832906 0.03723773957532419 0.028913180764334918 -0.0019556580528623901 0.035688872097094114 -0.11034666881523957 0.056330311493545698 -0.065240267491798634 0.0078257133535630154 0.020114426297126137 0.085403906406242402 -0.056439530030105392 -0.077875029429654768 0.046876544325280892 0.033164852416566366 0.00050892852120745758 -0.12736930325532078
leaf_weight=1.9971826877444971 1.9577723322436238 2.0474094978999373 1.612252851948148 2.3749995790421963 2.2189697118010363 2.3055944875814007 2.0011428948491812 0.81954180309548952 1.9933591112494466 1.9456439679488542 1.7809809949249027 2.1947200922295433 1.2936345278285442 2.9231356885284185 1.23808731418103 1.5127487331628797 1.9926386941224334 1.3227817388251422 0.79636830103117973
leaf_count=26 21 21 13 25 36 22 19 25 19 29 18 20 10 38 26 13 29 17 16
internal_value=-0.000142174 -0.00259557 -0.000442306 0.01779 0.00204452 -0.000272414 -0.0107937 -0.0500766 0.00915775 -0.00725908 -0.0303215 0.00842139 0.00247654 -0.0236104 0.0206167 0.00680075 -0.00651307 -0.0373869 -0.118736
internal_weight=36.329 31.9568 29.999 4.37218 27.9516 25.7326 11.6426 3.9215 7.72113 5.72777 3.72662 14.09 12.4777 5.11786 7.35989 6.06626 4.55351 2.56087 1.61591
internal_count=443 392 371 51 350 314 148 63 85 66 47 166 153 58 95 85 72 43 41
is_linear=0
shrinkage=0.1


Tree=86
num_leaves=20
num_cat=0
split_feature=13 15 12 15 14 0 15 10 15 10 5 11 12 15 15 13 0 11 10
split_gain=0.214129 0.187749 0.311986 0.495132 0.417063 0.563361 0.686242 0.486063 0.710247 0.589549 0.746219 0.586877 0.54285 0.742812 1.05724 0.541939 0.722922 0.39043 0.206577
threshold=4.9650000000000007 64.950000000000017 43.500000000000007 71.15000000000002 33.500000000000007 1.0000000180025095e-35 85.050000000000011 62.500000000000007 93.050000000000011 71.500000000000014 1.0000000180025095e-35 135.50000000000003 26.500000000000004 81.65000000000002 93.250000000000014 9.5550000000000015 1.0000000180025095e-35 270.00000000000006 48.500000000000007
decision_type=2 2 2 2 2 2 2 2 2 2 2 2 2 2 2 2 2 2 2
left_child=-1 -2 3 -3 5 6 -5 8 11 15 12 -6 -11 -14 17 -9 -17 -15 -13
right_child=1 2 -4 4 7 -7 -8 9 -10 10 -12 18 13 14 -16 16 -18 -19 -20
leaf_value=-0.034787794602501684 0.03294618254829712 -0.049971905973237224 0.042794138272049496 0.043040369282424933 0.078943306819591372 -0.078878859561329492 -0.049666769829646094 -0.087894594546688534 -0.026430640742620484 0.047474003640121103 0.050866621595315888 0.040749830249265248 0.049687368801309403 -0.11787569355747077 0.0088853342291169441 -0.056255566960885017 0.032863354716924552 -0.034893632729869284 -0.0034895242242684783
leaf_weight=1.6994275804609049 1.8074740227311838 2.043834074400368 1.6060656765475858 1.5994807360693841 2.5132886255159992 1.4235206528101114 1.5943525906186549 1.3151303213089693 2.0589310429058969 1.4107445636764149 3.0225405585952103 2.0454745311290026 1.170530254486948 1.4719599599484356 2.3131434535607696 1.8756936239078641 1.7683917605318129 0.92222275934182096 2.1809294559061527
leaf_count=17 14 20 20 15 19 27 28 22 28 14 30 21 16 37 23 34 19 19 20
internal_value=-0.000142931 0.00158144 -0.000171731 -0.00241728 0.000970879 -0.0265585 -0.00323877 0.00625206 0.0249733 -0.00453493 0.00909169 0.0406769 -0.00823213 -0.0216022 -0.0393291 -0.0328672 -0.0130082 -0.0859116 0.0179212
internal_weight=35.8431 34.1437 32.3362 30.7302 28.6863 4.61735 3.19383 24.069 8.79862 15.2704 10.3111 6.73969 7.2886 5.87786 4.70733 4.95922 3.64409 2.39418 4.2264
internal_count=443 426 412 392 372 70 43 302 88 214 139 60 109 95 79 75 53 56 41
is_linear=0
shrinkage=0.1


Tree=87
num_leaves=19
num_cat=0
split_feature=13 13 10 12 11 10 12 14 11 11 14 11 14 0 14 11 14 9
split_gain=0.187376 0.187864 0.275322 0.276865 1.23091 0.417793 0.536249 0.35212 0.683087 0.413729 0.74187 0.289355 0.416686 0.366508 0.257031 0.202449 0.196199 0.138158
threshold=4.3800000000000017 6.4600000000000009 36.500000000000007 36.500000000000007 189.50000000000003 48.500000000000007 35.500000000000007 189.50000000000003 258.50000000000006 208.50000000000003 93.500000000000014 103.50000000000001 130.50000000000003 1.0000000180025095e-35 57.400000000000013 135.50000000000003 55.500000000000007 2.5000000000000004
decision_type=2 2 2 2 2 2 2 2 2 2 2 2 2 2 2 2 2 2
left_child=-1 14 -3 5 17 -4 7 9 -9 11 16 12 -7 15 -2 -13 -11 -5
right_child=1 2 3 4 -6 6 -8 8 -10 10 -12 13 -14 -15 -16 -17 -18 -19
leaf_value=-0.034703260495226262 -0.0038592273940838994 -0.043112084770393244 0.053563517161533347 -0.11615199830821824 0.018151738435555492 -0.03382870624343777 0.054292108414441154 -0.083110812291372405 0.019142640550234472 0.023920184467770639 -0.082702874381143932 0.068450380927906576 0.028040174025670928 -0.0040565831903354469 0.038061340734307197 0.023251719619344736 -0.02429730409972224 -0.059582846303600216
leaf_weight=1.5018283892422903 2.8463957104831925 1.5405397424474383 1.6440530922263921 0.88666958874091395 2.8795031980844215 2.5123878000304156 1.7341580311767746 1.4690023281145834 1.1765679288655517 1.9310125280171626 1.4388232810888437 1.9096968099474909 1.920891201123595 2.4716353211551905 3.0085784224793315 2.0599135525990278 1.4989725286141036 0.84144773660227656
leaf_count=14 24 25 16 21 39 30 19 36 12 24 22 21 17 27 25 27 19 25
internal_value=-0.000141319 0.00139572 -0.00202011 0.000380059 -0.021889 0.00509394 0.00113397 -0.00387908 -0.0376355 0.00179347 -0.0224338 0.0126406 -0.0070216 0.0261734 0.0176817 0.0449959 0.00284817 -0.0886076
internal_weight=35.2721 33.7702 27.9153 26.3747 4.60762 21.7671 20.1231 18.3889 2.64557 15.7433 4.86881 10.8745 4.43328 6.44125 5.85497 3.96961 3.42999 1.72812
internal_count=443 429 380 355 85 270 254 235 48 187 65 122 47 75 49 48 43 46
is_linear=0
shrinkage=0.1


Tree=88
num_leaves=18
num_cat=0
split_feature=13 14 9 13 14 10 11 14 10 10 3 13 11 12 10 12 10
split_gain=0.146149 0.444976 0.776035 0.374027 0.388782 0.56991 0.923705 0.433756 0.643117 0.621585 0.809376 0.895593 0.410263 0.371053 0.340948 0.201783 0.0434814
threshold=19.650000000000002 186.00000000000003 2.5000000000000004 15.520000000000001 124.50000000000001 49.500000000000007 45.500000000000007 95.280000000000015 85.500000000000014 75.500000000000014 1.0000000180025095e-35 6.7300000000000013 198.50000000000003 33.500000000000007 70.500000000000014 29.500000000000004 68.500000000000014
decision_type=2 2 2 2 2 2 2 2 2 2 2 2 2 2 2 2 2
left_child=1 3 -3 4 5 -1 -7 8 9 10 11 -8 -13 14 -2 -5 -6
right_child=13 2 -4 15 16 6 7 -9 -10 -11 -12 12 -14 -15 -16 -17 -18
leaf_value=0.040309443149552857 -0.035649081594299595 -0.1124560320460286 0.010141464310183671 -0.0054549779153864539 0.020776235531355072 -0.091418920441012907 -0.099526399234854346 -0.043100981724817827 -0.05312735797274501 0.052919265150363742 0.031587108889603942 0.032474741013988624 -0.041151952157391064 0.042648464752105701 0.023373376614405361 -0.06219057347388264 0.040463558702863667
leaf_weight=2.7303551970981195 1.9538774597458535 0.98007936764042769 1.091153784189373 1.1529515571892255 2.231481507420539 1.2566470243036771 1.3119560815393905 2.2183008347637942 1.6743529685772944 2.9319310695864251 4.0639416314661503 1.6771036109421404 1.3792038634419439 2.6000765422359109 1.960966160520911 1.3738133904989807 2.2560090804472566
leaf_count=30 30 30 22 12 16 12 16 30 20 38 33 26 25 31 20 28 24
internal_value=-0.000140363 -0.00324613 -0.04787 0.000273797 0.00416821 -0.00201265 -0.00901024 -0.00222254 0.00473231 0.0132572 -0.000533612 -0.0304166 -0.000750391 0.0133647 -0.00608442 -0.0363024 0.0306737
internal_weight=34.8442 28.3293 2.07123 26.258 23.7313 19.2438 16.5134 15.2568 13.0385 11.3641 8.43221 4.36826 3.05631 6.51492 3.91484 2.52676 4.48749
internal_count=443 362 52 310 270 230 200 188 158 138 100 67 51 81 50 40 40
is_linear=0
shrinkage=0.1


Tree=89
num_leaves=15
num_cat=0
split_feature=15 15 15 11 11 15 12 14 9 10 10 14 11 14
split_gain=0.140078 0.397626 0.507173 0.400032 0.436307 0.381748 0.405899 0.618321 0.824528 0.473143 0.827776 0.519962 0.402643 0.300013
threshold=90.950000000000017 93.850000000000009 95.750000000000014 92.500000000000014 167.50000000000003 89.65000000000002 32.500000000000007 72.500000000000014 2.5000000000000004 64.500000000000014 80.500000000000014 55.500000000000007 117.50000000000001 152.45000000000002
decision_type=2 2 2 2 2 2 2 2 2 2 2 2 2 2
left_child=5 3 -3 -2 -5 6 9 8 12 -1 11 -11 -8 -9
right_child=1 2 -4 4 -6 -7 7 13 -10 10 -12 -13 -14 -15
leaf_value=0.045152986587828042 0.062466932250193091 -0.045143780187444527 0.012095818127776214 -0.03790477331788402 0.028989952615535802 -0.049185505317758373 -0.037284288414373423 0.02584431380174973 -0.0023474918376430445 0.010553451632092429 0.039351741175550882 -0.068088886667352272 -0.12208343280660741 -0.026247693758504217
leaf_weight=3.1904424950480514 2.0059038382023555 2.4868818819522858 4.1001056793611497 1.3888185231480745 3.2722972410265356 1.8048888704506669 1.0034985262900575 3.4795101955533028 2.6311395636294037 1.4586320379748943 2.6782582001760602 1.9846646978985516 1.2667673565447328 1.6205091483425347
leaf_count=28 19 35 37 26 38 39 10 39 37 15 21 36 33 30
internal_value=-0.000147313 0.00791085 -0.00951469 0.0251272 0.00905811 -0.00520467 -0.00109455 -0.015083 -0.0404461 0.0139296 -0.0023435 -0.0347748 -0.0846007 0.0092923
internal_weight=34.3723 13.254 6.58699 6.66702 4.66112 21.1183 19.3134 10.0014 4.90141 9.312 6.12155 3.4433 2.27027 5.10002
internal_count=443 155 72 83 64 288 249 149 80 100 72 51 43 69
is_linear=0
shrinkage=0.1


Tree=90
num_leaves=16
num_cat=0
split_feature=15 15 15 11 11 15 12 9 9 14 11 10 10 14 12
split_gain=0.11566 0.326974 0.413149 0.340361 0.355801 0.314582 0.335564 0.592388 0.761234 1.11159 0.441618 0.391322 0.682836 0.436506 0.182205
threshold=90.950000000000017 93.850000000000009 95.750000000000014 92.500000000000014 167.50000000000003 89.65000000000002 32.500000000000007 3.5000000000000004 2.5000000000000004 72.500000000000014 105.50000000000001 64.500000000000014 80.500000000000014 55.500000000000007 36.500000000000007
decision_type=2 2 2 2 2 2 2 2 2 2 2 2 2 2 2
left_child=5 3 -3 -2 -5 6 11 8 9 10 -8 -1 13 -13 -11
right_child=1 2 -4 4 -6 -7 7 -9 -10 14 -12 12 -14 -15 -16
leaf_value=0.041408462707631565 0.058041468773188588 -0.040854433698250141 0.01092265333592245 -0.034319636551764308 0.026267112949044932 -0.045048997066105545 -0.028927947559961836 -0.06918383033902091 0.040058592949865829 -0.011322641566043944 -0.12011747074741677 0.0095139535050332777 0.036023327321431674 -0.062971777521412406 0.035380393894099881
leaf_weight=3.1341476384550386 1.946211839094756 2.4739133154507726 4.0871543677058071 1.3809503952506927 3.2515089740045369 1.7751917459536333 0.94175838492810582 1.616609577089547 2.7425078740343451 1.6946812667883935 1.2178410482592879 1.4563303133472802 2.6354959793388844 1.9341107539366929 1.6474076870363203
leaf_count=28 19 35 37 26 38 39 9 33 31 23 34 15 21 36 19
internal_value=-0.00014894 0.00719552 -0.00860039 0.0229492 0.00820602 -0.00478944 -0.00103208 -0.0138337 -0.00298009 -0.0244342 -0.0803515 0.0127489 -0.00215727 -0.0318363 0.0116986
internal_weight=33.9358 13.1397 6.56107 6.57867 4.63246 20.7961 19.0209 9.86081 8.2442 5.50169 2.1596 9.16008 6.02594 3.39044 3.34209
internal_count=443 155 72 83 64 288 249 149 116 85 43 100 72 51 42
is_linear=0
shrinkage=0.1


Tree=91
num_leaves=20
num_cat=0
split_feature=13 13 15 11 10 10 14 15 15 11 12 14 14 9 15 15 12 11 15
split_gain=0.142878 0.179542 0.278778 0.626219 0.706425 1.13324 1.55903 0.301882 0.525787 0.355513 0.574045 0.866607 0.576863 0.49538 0.953909 1.40783 0.250623 0.124838 0.00487478
threshold=4.3800000000000017 6.4600000000000009 84.250000000000014 105.50000000000001 55.500000000000007 69.500000000000014 54.000000000000007 93.850000000000009 96.050000000000011 63.500000000000007 30.500000000000004 118.50000000000001 14.410000000000002 1.0000000180025095e-35 89.40000000000002 92.850000000000009 35.500000000000007 198.50000000000003 91.65000000000002
decision_type=2 2 2 2 2 2 2 2 2 2 2 2 2 2 2 2 2 2 2
left_child=-1 16 3 -3 -5 -6 -7 9 -9 -4 11 -11 -12 -14 17 18 -2 -15 -16
right_child=1 2 7 4 5 6 -8 8 -10 10 12 -13 13 14 15 -17 -18 -19 -20
leaf_value=-0.031224064969115263 0.00045766201637202007 -0.091197455081349688 0.052151357172689365 -0.067229907750366857 0.061683743415970362 -0.12171084304979539 0.028892675997246309 -0.048621502529775019 0.012552657403839072 -0.088343214909997747 0.089254672898415141 0.025542501030484357 0.055833434519314711 0.05783824568034053 -0.10970285328818655 0.021790454943322712 0.043899083994809462 0.014949995685510364 -0.1214229843316193
leaf_weight=1.4173408281058062 3.3755429005250326 1.0196405949536735 1.9484943561255956 1.5138670802116392 2.3571625982876867 1.1540584580507132 1.6997153479605911 2.5459175587166092 3.135173199698329 1.4124878775328391 1.0176554601639489 1.2679656590335069 1.7298037646105511 1.4303948220331224 0.65925121167674683 1.5419282689690588 2.1894442047923803 1.2914563228841869 0.76868320163339376
leaf_count=14 30 18 21 23 21 28 26 37 29 31 10 17 14 23 27 20 19 22 13
internal_value=-0.000153383 0.00122028 -0.00220955 -0.0181704 -0.0070977 0.0103717 -0.032011 0.00438313 -0.0148619 0.0127495 0.00584509 -0.0344705 0.0186502 0.00896871 -0.00527423 -0.0444661 0.0175489 0.0374887 -0.116012
internal_weight=33.476 32.0586 26.4937 7.74444 6.7248 5.21094 2.85377 18.7492 5.68109 13.0681 11.1196 2.68045 8.43917 7.42152 5.69171 2.96986 5.56499 2.72185 1.42793
internal_count=443 429 380 116 98 75 54 264 66 198 177 48 129 119 105 60 49 45 40
is_linear=0
shrinkage=0.1


Tree=92
num_leaves=19
num_cat=0
split_feature=12 10 15 10 14 5 11 10 10 13 13 15 15 11 15 9 14 11
split_gain=0.134141 0.607548 0.453795 0.419263 1.22247 0.731491 0.902817 0.520697 0.496451 0.554497 0.838344 0.456536 0.415869 0.276876 0.274295 0.214289 0.081348 0.0138697
threshold=29.500000000000004 87.500000000000014 83.000000000000014 70.500000000000014 27.635000000000002 1.0000000180025095e-35 83.500000000000014 68.500000000000014 53.500000000000007 9.2150000000000016 11.730000000000002 91.15000000000002 91.750000000000014 169.50000000000003 92.65000000000002 1.5000000000000002 156.00000000000003 241.50000000000003
decision_type=2 2 2 2 2 2 2 2 2 2 2 2 2 2 2 2 2 2
left_child=2 3 -1 7 -5 6 -6 8 12 -10 -11 -12 15 14 -4 -2 17 -8
right_child=1 -3 13 4 5 -7 16 -9 9 10 11 -13 -14 -15 -16 -17 -18 -19
leaf_value=0.049189019025437465 0.018991119512927972 0.04669407411930062 0.031740830290132263 0.037151801155696565 0.00037716296811859268 -0.0004108159823476528 -0.11015588006794251 0.045078132516466835 -0.064571754527003838 0.050214295154418991 0.0063392693675547495 -0.083243758723214545 0.050896624159361498 -0.034771355447677045 -0.020267046539086883 -0.028609795805865902 -0.079697077918582659 -0.12695766156529109
leaf_weight=2.2470521060749871 1.8492544358596261 2.1613277068827292 2.5414917464368045 2.129044707864522 1.0861705114366489 1.8690594979561863 1.0352017002878713 2.2832973401527843 2.3709626737982035 1.6798768541775646 1.0383243260439488 1.2582743039820341 2.013668529689312 1.9237210825085638 1.687391690444201 1.9356631957925854 0.76438291603699315 0.93512652767822135
leaf_count=20 20 19 30 26 14 26 36 20 30 19 20 26 19 25 19 30 21 23
internal_value=-0.000172244 -0.00392311 0.0107279 -0.00884035 -0.0274888 -0.0516758 -0.0767531 0.00126489 -0.00697144 -0.0262948 -0.00347228 -0.042742 0.0141809 -0.00331888 0.0109889 -0.0053527 -0.107388 -0.11813
internal_weight=32.8093 24.4096 8.39966 22.2483 7.81899 5.68994 3.82088 14.4293 12.146 6.34744 3.97648 2.2966 5.79859 6.1526 4.22888 3.78492 2.73471 1.97033
internal_count=443 349 94 330 146 120 94 184 164 95 65 46 69 74 49 50 80 59
is_linear=0
shrinkage=0.1


Tree=93
num_leaves=18
num_cat=0
split_feature=14 15 2 14 15 14 15 3 13 10 11 11 11 1 12 15 15
split_gain=0.128666 0.67187 0.357655 0.323564 0.403965 0.37103 0.256592 0.490833 0.355065 0.72789 0.38249 0.592885 0.5788 0.530874 0.255233 0.156839 0.018207
threshold=30.360000000000003 70.250000000000014 1.0000000180025095e-35 38.500000000000007 70.250000000000014 54.000000000000007 83.15000000000002 1.0000000180025095e-35 11.31 66.500000000000014 83.500000000000014 246.50000000000003 180.50000000000003 1.0000000180025095e-35 35.500000000000007 93.450000000000017 83.000000000000014
decision_type=2 2 2 2 2 2 2 2 2 2 2 2 2 2 2 2 2
left_child=1 -1 16 -2 -5 -6 7 -7 9 -8 -10 12 13 -12 -11 -13 -3
right_child=3 2 -4 4 5 6 8 -9 10 14 11 15 -14 -15 -16 -17 -18
leaf_value=0.051179877106114706 0.043548705104923466 -0.053108227010641496 -0.0080504322834132509 -0.044680016842587565 -0.046879044085050885 -0.00687299148158735 0.018437470383566752 0.059855544508168448 0.047407695736547253 -0.078750648759344774 -0.049108791491161388 0.011663613808259157 -0.079882719187739606 0.032171195044290446 -0.017709712167177018 0.049826820563493197 -0.072738033104636432
leaf_weight=1.270236238837241 1.8169488534331346 0.8467894373461603 2.8153414819389582 1.883745140396061 1.371968822088095 2.0963964173570302 2.608558232663202 2.324704640195705 2.3244331143796435 1.730069608660415 1.3583772801794094 2.4773017689585686 1.2925325983669607 1.9674508122261614 1.1340087163262067 1.9049421474337576 1.0690086581744251
leaf_count=10 17 16 35 19 36 30 30 24 21 33 24 32 29 31 17 13 26
internal_value=-0.000182402 -0.0133941 -0.0307312 0.00283336 -0.00018929 0.0035206 0.00677935 0.0282142 0.00113775 -0.0197769 0.0112444 0.00190515 -0.0230956 -0.00102622 -0.054582 0.028253 -0.0640616
internal_weight=32.2928 6.00138 4.73114 26.2914 24.4745 22.5907 21.2188 4.4211 16.7977 5.47264 11.325 9.0006 4.61836 3.32583 2.86408 4.38224 1.9158
internal_count=443 87 77 356 339 320 284 54 230 80 150 129 84 55 50 45 42
is_linear=0
shrinkage=0.1


Tree=94
num_leaves=18
num_cat=0
split_feature=11 11 12 14 10 11 15 11 13 13 10 10 10 12 10 14 10
split_gain=0.138733 0.374314 0.223072 0.252332 0.808692 0.476813 0.34061 0.63725 0.71965 0.545494 0.584205 0.5992 0.383588 0.713045 1.27267 0.557903 0.34142
threshold=33.000000000000007 47.500000000000007 44.500000000000007 33.500000000000007 63.500000000000007 130.00000000000003 96.050000000000011 165.50000000000003 17.320000000000004 11.435000000000002 62.500000000000007 75.500000000000014 87.500000000000014 28.500000000000004 69.500000000000014 108.50000000000001 80.500000000000014
decision_type=2 2 2 2 2 2 2 2 2 2 2 2 2 2 2 2 2
left_child=-1 -2 3 4 -3 -6 7 8 9 10 -5 -12 13 -9 15 -15 -16
right_child=1 2 -4 6 5 -7 -8 12 -10 -11 11 -13 -14 14 16 -17 -18
leaf_value=-0.029147898420877727 0.04462597507637614 -0.082706958248497373 0.037825969205939045 0.011052051216476967 0.036200990569540251 -0.033645327382963941 0.033300373435286842 0.055991772665647421 -0.092043661013500852 0.036305975771625421 -0.1209861124480196 -0.012551753104338032 0.053574315068563833 -0.020941171260389323 -0.11297720852995352 0.040256865896042986 -0.031583325524980645
leaf_weight=1.5705916986335093 1.8736539501696849 1.5921533161308676 1.3714557588100422 1.6744911554269557 1.9864077912643554 1.9240866983309386 2.8917382247745982 2.0245213042944661 1.3962607651483265 1.6544652474112806 1.0557202916825192 0.98516045347787429 1.7509416453540314 2.6865480202250165 1.1814223813707943 3.3436458916403353 0.91409531701356161
leaf_count=19 17 34 17 20 17 33 25 21 34 25 24 17 15 34 39 35 17
internal_value=-0.000168617 0.00133318 -0.00151968 -0.00351368 -0.0226271 0.0018344 0.00136476 -0.00358237 -0.0280866 -0.0114565 -0.0327252 -0.0686434 0.0103488 0.00289233 -0.0103374 0.0129922 -0.077472
internal_weight=31.8774 30.3068 28.4331 27.0617 5.50265 3.91049 21.559 18.6673 6.7661 5.36984 3.71537 2.04088 11.9012 10.1502 8.12571 6.03019 2.09552
internal_count=443 424 407 390 84 50 306 281 120 86 61 41 161 146 125 69 56
is_linear=0
shrinkage=0.1


Tree=95
num_leaves=19
num_cat=0
split_feature=13 13 15 11 13 15 15 15 14 13 11 11 10 12 10 0 11 14
split_gain=0.113349 0.187463 0.371026 0.883942 0.600359 0.696909 0.319576 0.367445 0.345069 0.409984 0.70465 0.58276 0.554469 0.302362 0.320525 0.216581 0.199219 0.0652834
threshold=4.3800000000000017 7.3600000000000003 84.250000000000014 348.50000000000006 9.0800000000000018 80.950000000000017 93.850000000000009 96.050000000000011 38.500000000000007 11.31 124.50000000000001 153.50000000000003 54.500000000000007 36.500000000000007 69.500000000000014 1.0000000180025095e-35 180.50000000000003 55.500000000000007
decision_type=2 2 2 2 2 2 2 2 2 2 2 2 2 2 2 2 2 2
left_child=-1 13 3 4 -3 17 8 -8 -4 11 -11 -10 -12 14 -2 16 -14 -6
right_child=1 2 6 -5 5 -7 7 -9 9 10 12 -13 15 -15 -16 -17 -18 -19
leaf_value=-0.028227403023244141 -0.028694751802099478 -0.10831749301348155 0.04677995182841585 0.053072759411615669 0.023529840744205017 -0.088196812696663046 -0.045122327420056001 0.0078703038453630334 -0.098116153228817948 0.067018957210036784 0.044108143349189249 0.0047954279789881628 0.028648653134056807 0.045132717708455165 0.025775560068678 -0.059753491933594916 -0.032339925204693649 -0.0088877070872080809
leaf_weight=1.3784156218171144 2.0258829463273313 1.1050082375295485 2.4511017322074649 1.1765366860199717 1.0991421411745257 1.1678394901100544 2.398850916652008 2.8786195432767272 0.8399315257556722 2.0088115017861128 1.6851030299440024 1.5954649588093159 0.90921179554425213 2.3103281259536743 2.3144915113225579 1.2203043778426947 1.3033682312234303 1.428680876502767
leaf_count=14 20 23 35 13 19 27 37 28 24 20 20 30 17 21 23 25 25 22
internal_value=-0.000189987 0.00110176 -0.0031302 -0.0246076 -0.0436453 -0.0243082 0.00429426 -0.0162173 0.013305 0.0047243 0.0168287 -0.0306972 -0.00287102 0.0159076 0.000351377 -0.0259317 -0.00727799 0.00520802
internal_weight=31.2971 29.9187 23.268 5.97721 4.80067 3.69566 17.2908 5.27747 12.0133 9.5622 7.1268 2.4354 5.11799 6.6507 4.34037 3.43288 2.21258 2.52782
internal_count=443 429 365 104 91 68 261 65 196 161 107 54 87 64 43 67 42 41
is_linear=0
shrinkage=0.1


Tree=96
num_leaves=17
num_cat=0
split_feature=11 12 12 14 13 14 10 13 13 5 0 13 14 14 14 13
split_gain=0.119969 0.179697 0.278639 0.976482 0.373694 0.221816 0.374466 0.624545 0.820519 0.445906 0.51201 0.428219 0.44315 0.327627 0.523373 0.159179
threshold=37.500000000000007 43.500000000000007 38.500000000000007 57.400000000000013 5.3000000000000007 246.30000000000004 68.500000000000014 20.855000000000004 9.2150000000000016 1.0000000180025095e-35 1.0000000180025095e-35 11.905000000000003 103.50000000000001 40.180000000000007 108.50000000000001 9.3250000000000011
decision_type=2 2 2 2 2 2 2 2 2 2 2 2 2 2 2 2
left_child=-1 2 4 -4 -2 6 7 8 -6 10 13 -10 -13 -8 -15 -12
right_child=1 -3 3 -5 5 -7 9 -9 11 -11 15 12 -14 14 -16 -17
leaf_value=-0.024141331509288499 0.046257007100357565 0.036192270915279171 -0.11838466530586363 0.025646823659432161 -0.050186453285071778 0.034116267444125846 0.051527529567387355 -0.074151889436650451 0.044714959830098877 0.039639167779964839 -0.06531627864708571 -0.048804064533932649 0.029687086709694627 -0.04945826748020183 0.024805778211881971 -0.018059083382572571
leaf_weight=1.9577706812415296 1.8059218488633728 1.4148838047403831 0.83459640783257683 1.079580563586205 2.8706173920072668 1.6787044387310732 1.6427477388642708 1.6470244335941959 2.6503231024835259 3.2971763620153061 1.2101144655607643 1.4927202968392523 1.3882634472101925 1.460297566372901 2.7101798516814597 1.7342840045457704
leaf_count=23 16 21 19 24 34 28 16 34 29 39 13 27 13 35 34 38
internal_value=-0.00018458 0.00143734 -0.000350644 -0.0371521 0.00240234 -0.000927766 -0.00358924 -0.0178451 -0.00680729 0.00829451 -0.00350651 0.0157055 -0.0109814 0.0137017 -0.00119786 -0.0374813
internal_weight=30.8752 28.9174 27.5026 1.91418 25.5884 23.7825 22.1037 10.0489 8.40192 12.0548 8.75762 5.53131 2.88098 5.81323 4.17048 2.9444
internal_count=443 420 399 43 356 340 312 137 103 175 136 69 40 85 69 51
is_linear=0
shrinkage=0.1


Tree=97
num_leaves=18
num_cat=0
split_feature=12 11 11 12 4 11 3 14 11 11 12 13 10 15 0 15 13
split_gain=0.114741 0.494327 0.446021 0.855084 0.412153 0.428902 0.399626 0.645535 1.14509 0.444895 0.39549 0.373883 0.403528 0.337942 0.304657 0.284438 0.259444
threshold=29.500000000000004 33.000000000000007 45.500000000000007 30.500000000000004 1.0000000180025095e-35 83.500000000000014 1.0000000180025095e-35 127.80000000000001 237.50000000000003 175.50000000000003 34.500000000000007 8.1200000000000028 74.500000000000014 90.450000000000017 1.0000000180025095e-35 80.950000000000017 6.7300000000000013
decision_type=2 2 2 2 2 2 2 2 2 2 2 2 2 2 2 2 2
left_child=11 -2 -3 -4 5 -5 7 8 10 -9 -7 -1 13 -13 15 -8 -6
right_child=1 2 3 4 16 6 14 9 -10 -11 -12 12 -14 -15 -16 -17 -18
leaf_value=0.045887392674109399 -0.07042113291137779 0.061097965295071104 -0.081059813277933129 0.058138432109845921 0.00032519805257548873 0.021402969793706438 0.054961839288106343 -0.026733233534651898 -0.10587972454338009 0.044852976845712947 -0.048559459269170713 -0.019736863944591738 -0.038452167338681016 0.041682756312218301 -0.010452475235686411 0.0060162394601264166 -0.082688605221774181
leaf_weight=2.1396746011450913 1.0617964531993518 1.1137101594358707 1.3414112739264989 1.4432695535942972 0.6476542456075538 2.2271901532076321 2.6729456214234224 1.3718455459456893 1.6110618666280059 2.3645222680061124 1.2680021027335895 1.5110104968771341 2.0672876168973744 2.2003783662803471 2.3916469095274806 2.1361698757391423 0.8991677078884095
leaf_count=18 15 11 22 14 10 29 22 25 29 30 34 24 27 25 38 37 33
internal_value=-0.000178675 -0.00381508 -0.000523939 -0.00389225 0.00154624 0.00592284 0.00122551 -0.0130167 -0.036129 0.0185694 -0.00397833 0.0101773 -0.00304507 0.0166771 0.0187151 0.0332206 -0.0479307
internal_weight=30.4687 22.5504 21.4886 20.3749 19.0335 17.4867 16.0434 8.84262 5.10625 3.73637 3.49519 7.91835 5.77868 3.71139 7.20076 4.80912 1.54682
internal_count=443 349 334 323 301 258 244 147 92 55 63 94 76 49 97 59 43
is_linear=0
shrinkage=0.1


Tree=98
num_leaves=18
num_cat=0
split_feature=14 15 11 14 11 15 11 10 15 15 10 12 10 12 11 11 10
split_gain=0.111173 0.550859 0.501883 0.590143 0.47426 0.386034 0.243432 0.266347 0.467105 0.777466 0.468882 0.891363 0.505234 0.641856 0.462014 0.474415 0.291035
threshold=36.150000000000006 70.250000000000014 114.50000000000001 24.500000000000004 234.50000000000003 70.250000000000014 368.00000000000006 86.500000000000014 95.750000000000014 93.65000000000002 63.500000000000007 32.500000000000007 68.500000000000014 29.500000000000004 216.50000000000003 114.50000000000001 44.500000000000007
decision_type=2 2 2 2 2 2 2 2 2 2 2 2 2 2 2 2 2
left_child=1 -1 -3 4 -4 -2 7 8 9 10 11 -7 -12 -14 15 -15 -13
right_child=5 2 3 -5 -6 6 -8 -9 -10 -11 12 16 13 14 -16 -17 -18
leaf_value=0.042929339467055128 -0.04185666598776587 0.010228038193497957 -0.07456735006612919 -0.12306582744315425 0.023575311055086746 0.07084663686045331 -0.031272082939704147 0.04273685304616015 0.042333896436982571 -0.058678302427806778 -0.061163036284062382 0.020272189707867976 0.045840774991848576 -0.044001393499381702 -0.085012863948667819 0.044684930672133104 -0.037662485436930383
leaf_weight=1.4143363106995845 1.7776549998670841 2.0148571645841002 0.96648101729806546 0.87995206797495473 1.0037452897522596 2.6895497106015771 1.5755617711693037 2.1589357182383528 2.9063677876256397 2.051731555722653 1.5233001178130505 1.9356954353861513 2.1954772644676268 1.2462668819352991 0.90025056555168692 1.1689202917041255 1.5706892316229639
leaf_count=12 19 20 23 22 19 26 25 20 27 36 34 23 30 22 27 33 25
internal_value=-0.000172515 -0.0120031 -0.0279727 -0.0549777 -0.0245679 0.00296197 0.00659619 0.00952847 0.00558666 -0.00140208 0.00748032 0.0275391 -0.010188 0.00390228 -0.0238693 -0.00107833 -0.00567972
internal_weight=29.9798 6.27937 4.86504 2.85018 1.97023 23.7004 21.9227 20.3472 18.1882 15.2819 13.2301 6.19593 7.03422 5.51092 3.31544 2.41519 3.50638
internal_count=443 96 84 64 42 347 328 303 283 256 220 74 146 112 82 55 48
is_linear=0
shrinkage=0.1


Tree=99
num_leaves=18
num_cat=0
split_feature=13 13 15 12 11 15 14 13 11 11 9 10 14 12 2 15 11
split_gain=0.127921 0.141063 0.274369 0.617856 0.641799 0.27537 0.304386 0.348794 0.564638 0.49785 0.325079 0.322641 0.672427 0.263792 0.310965 0.247683 0.165829
threshold=4.3800000000000017 7.3600000000000003 84.250000000000014 34.500000000000007 184.50000000000003 93.850000000000009 38.500000000000007 11.31 92.500000000000014 153.50000000000003 1.0000000180025095e-35 73.500000000000014 159.55000000000004 36.500000000000007 1.0000000180025095e-35 96.050000000000011 220.50000000000003
decision_type=2 2 2 2 2 2 2 2 2 2 2 2 2 2 2 2 2
left_child=-1 13 3 4 -3 6 -4 9 -9 -8 -10 12 -12 14 -2 -7 -5
right_child=1 2 5 16 -6 15 7 8 10 -11 11 -13 -14 -15 -16 -17 -18
leaf_value=-0.031143969572165076 -0.030553077076719806 -0.050206606312278981 0.04503758409247921 -0.12110741474387587 0.029084555794197876 -0.039781158237394615 -0.094298174012987276 0.076093992744174999 0.048529699892575384 0.0041204310311001267 -0.081566227026465835 0.023847775952170604 0.019634991831817633 0.042892353163767521 0.024758187672858468 0.0046405844008382538 -0.049854601707659138
leaf_weight=1.2753965649753833 1.8631224092096115 1.7179521733196477 2.3100539888255325 0.58543236600235082 2.5156208965927362 2.2860473170876494 0.77885978959966307 1.2628086386248467 1.1718992013484237 1.5113031726796178 1.358271236997098 1.6422938858158884 1.2708704837132243 2.146653956733644 2.2367041194811463 2.7834582086652517 0.73886990337632596
leaf_count=14 21 30 35 18 34 37 24 12 11 30 34 26 24 21 22 28 22
internal_value=-0.000167237 0.00123473 -0.00254096 -0.0217391 -0.0030912 0.00397477 0.0126579 0.00434353 0.0158502 -0.0293507 0.00187412 -0.0109262 -0.0326477 0.0144926 -0.000377426 -0.015391 -0.0813532
internal_weight=29.4556 28.1802 21.9337 5.55788 4.23357 16.3759 11.3064 8.99631 6.70614 2.29016 5.44333 4.27144 2.62914 6.24648 4.09983 5.06951 1.3243
internal_count=443 429 365 104 64 261 196 161 107 54 95 84 58 64 43 65 40
is_linear=0
shrinkage=0.1


end of trees

feature_importances:
Column_11=314
Column_13=259
Column_14=259
Column_15=245
Column_10=234
Column_12=168
Column_9=59
Column_3=28
Column_2=25
Column_4=22
Column_0=19
Column_1=17
Column_5=17
Column_6=12
Column_7=1

parameters:
[boosting: gbdt]
[objective: binary]
[metric: binary_logloss]
[tree_learner: serial]
[device_type: cpu]
[data_sample_strategy: bagging]
[data: ]
[valid: ]
[num_iterations: 100]
[learning_rate: 0.1]
[num_leaves: 31]
[num_threads: 1]
[seed: 42]
[deterministic: 0]
[force_col_wise: 0]
[force_row_wise: 0]
[histogram_pool_size: -1]
[max_depth: -1]
[min_data_in_leaf: 20]
[min_sum_hessian_in_leaf: 0.001]
[bagging_fraction: 1]
[pos_bagging_fraction: 1]
[neg_bagging_fraction: 1]
[bagging_freq: 0]
[bagging_seed: 400]
[bagging_by_query: 0]
[feature_fraction: 1]
[feature_fraction_bynode: 1]
[feature_fraction_seed: 30056]
[extra_trees: 0]
[extra_seed: 12879]
[early_stopping_round: 0]
[early_stopping_min_delta: 0]
[first_metric_only: 0]
[max_delta_step: 0]
[lambda_l1: 0]
[lambda_l2: 0]
[linear_lambda: 0]
[min_gain_to_split: 0]
[drop_rate: 0.1]
[max_drop: 50]
[skip_drop: 0.5]
[xgboost_dart_mode: 0]
[uniform_drop: 0]
[drop_seed: 17869]
[top_rate: 0.2]
[other_rate: 0.1]
[min_data_per_group: 100]
[max_cat_threshold: 32]
[cat_l2: 10]
[cat_smooth: 10]
[max_cat_to_onehot: 4]
[top_k: 20]
[monotone_constraints: ]
[monotone_constraints_method: basic]
[monotone_penalty: 0]
[feature_contri: ]
[forcedsplits_filename: ]
[refit_decay_rate: 0.9]
[cegb_tradeoff: 1]
[cegb_penalty_split: 0]
[cegb_penalty_feature_lazy: ]
[cegb_penalty_feature_coupled: ]
[path_smooth: 0]
[interaction_constraints: ]
[verbosity: -1]
[saved_feature_importance_type: 0]
[use_quantized_grad: 0]
[num_grad_quant_bins: 4]
[quant_train_renew_leaf: 0]
[stochastic_rounding: 1]
[linear_tree: 0]
[max_bin: 255]
[max_bin_by_feature: ]
[min_data_in_bin: 3]
[bin_construct_sample_cnt: 200000]
[data_random_seed: 175]
[is_enable_sparse: 1]
[enable_bundle: 1]
[use_missing: 1]
[zero_as_missing: 0]
[feature_pre_filter: 1]
[pre_partition: 0]
[two_round: 0]
[header: 0]
[label_column: ]
[weight_column: ]
[group_column: ]
[ignore_column: ]
[categorical_feature: ]
[forcedbins_filename: ]
[precise_float_parser: 0]
[parser_config_file: ]
[objective_seed: 16083]
[num_class: 1]
[is_unbalance: 0]
[scale_pos_weight: 1]
[sigmoid: 1]
[boost_from_average: 1]
[reg_sqrt: 0]
[alpha: 0.9]
[fair_c: 1]
[poisson_max_delta_step: 0.7]
[tweedie_variance_power: 1.5]
[lambdarank_truncation_level: 30]
[lambdarank_norm: 1]
[label_gain: ]
[lambdarank_position_bias_regularization: 0]
[eval_at: ]
[multi_error_top_k: 1]
[auc_mu_weights: ]
[num_machines: 1]
[local_listen_port: 12400]
[time_out: 120]
[machine_list_filename: ]
[machines: ]
[gpu_platform_id: -1]
[gpu_device_id: -1]
[gpu_use_dp: 0]
[num_gpu: 1]

end of parameters

pandas_categorical:null
