tree
version=v4
num_class=1
num_tree_per_iteration=1
label_index=0
max_feature_idx=26
objective=binary sigmoid:1
feature_names=Column_0 Column_1 Column_2 Column_3 Column_4 Column_5 Column_6 Column_7 Column_8 Column_9 Column_10 Column_11 Column_12 Column_13 Column_14 Column_15 Column_16 Column_17 Column_18 Column_19 Column_20 Column_21 Column_22 Column_23 Column_24 Column_25 Column_26
feature_infos=[0:4] [0:6] [0:4] [0:15] none none [0:0.20000000000000001] [0:4] none [0:1.2] [25:100] [0:1] [0:1] [0:1] [0:1] [0:1] [0:1] [0:1] [0:1] none [0:6] [4.4000000000000004:285] [0.20000000000000001:822] [0.56999999999999995:317] [0.38:913] [16:99] [2.2999999999999998:434]
tree_sizes=1793 1686 1997 1794 1894 1900 1891 1901 1801 1993 1804 1798 1918 1896 1802 1901 2114 1799 2018 1799 2016 1900 1903 1914 2012 1805 2013 2124 2122 2117 1877 2010 1909 1917 2014 2014 2030 2235 1914 2025 2134 1895 2016 2016 1925 2029 2125 2120 1911 1931 2011 2036 1925 2030 1922 2238 2017 1929 2019 2248 1924 1919 1921 2031 1918 2023 2137 2149 2038 2053 2120 2032 2127 1936 2152 1909 1929 2132 1928 2134 1834 1932 2025 2245 1941 2151 1823 2156 2035 2141 2048 2042 2154 2362 2047 2147 2038 2049 2150 1848

Tree=0
num_leaves=16
num_cat=0
split_feature=10 21 25 16 22 1 22 22 25 22 1 12 26 21 23
split_gain=34.3274 33.378 9.53699 8.26418 8.03631 7.38866 6.97057 5.79229 5.32044 7.38932 6.30545 5.10839 4.14607 3.0468 0.880553
threshold=52.500000000000007 88.000000000000014 48.500000000000007 1.0000000180025095e-35 117.50000000000001 1.5000000000000002 186.50000000000003 172.50000000000003 69.500000000000014 146.50000000000003 1.5000000000000002 1.0000000180025095e-35 31.650000000000002 77.050000000000011 135.50000000000003
decision_type=2 2 2 2 2 2 2 2 2 2 2 2 2 2 2
left_child=1 3 -3 5 -4 6 13 12 9 -2 -10 -7 -5 -1 -6
right_child=8 2 4 7 14 11 -8 -9 10 -11 -12 -13 -14 -15 -16
leaf_value=-0.0055218774940611094 -0.10888282597540386 0.026640167061157023 0.0577951808310989 -0.03567566767051799 0.20000000729852799 -0.16124919576026028 0.07062315333796837 0.14982739542085424 -0.073068885597221203 0.037676850891533657 -0.19999999270147203 -0.041180078050502333 0.094431000601751913 -0.10536964197965125 0.14225166328829583
leaf_weight=6.5878501385450381 8.140542075037958 8.9257605969905871 6.8007907569408443 7.3863774240016919 12.474770814180372 6.9604961872100812 7.4751026928424826 3.8551123142242423 8.4998793601989728 5.9579008370637885 7.2532895207405081 7.2177994400262833 3.6643530130386353 5.7005975842475891 3.3493783622980109
leaf_count=26 24 38 31 27 74 17 35 21 28 26 15 26 18 17 18
internal_value=8.02838e-09 0.034001 0.114173 -0.0177822 0.148706 -0.0450399 -0.00552188 0.0442857 -0.0915738 -0.0469478 -0.131512 -0.100125 0.00746689 -0.0518411 0.187777
internal_weight=110.25 80.3984 31.5507 48.8477 22.6249 33.9418 19.7636 14.9058 29.8516 14.0984 15.7532 14.1783 11.0507 12.2884 15.8241
internal_count=441 348 161 187 123 121 78 66 93 50 43 43 45 43 92
is_linear=0
shrinkage=1


Tree=1
num_leaves=15
num_cat=0
split_feature=10 21 25 12 22 22 21 10 25 24 10 25 25 23
split_gain=27.9183 27.1869 7.83783 7.04947 9.67232 6.97092 5.67716 4.7442 7.44696 4.45959 3.73732 2.70619 1.75207 0.00376481
threshold=52.500000000000007 88.000000000000014 48.500000000000007 1.0000000180025095e-35 186.50000000000003 146.50000000000003 60.70000000000001 69.500000000000014 65.500000000000014 47.500000000000007 40.500000000000007 73.500000000000014 74.500000000000014 118.50000000000001
decision_type=2 2 2 2 2 2 2 2 2 2 2 2 2 2
left_child=1 3 -3 6 10 9 -1 8 -2 -4 11 -5 -6 -7
right_child=7 2 5 4 12 13 -8 -9 -10 -11 -12 -13 -14 -15
leaf_value=0.0026075327207312139 0.040436814673995243 0.023980556902173288 0.0084946042038360307 -0.0037006955408505197 0.14961451139471982 0.18187307288761342 -0.10256857957898143 -0.13437148407838626 -0.095213216020636815 0.14534853151563631 0.050006688344681853 -0.092521903769249 0.059644538391957547 0.18577067918440615
leaf_weight=8.7080858945846575 5.9489386528730455 8.9241772294044512 5.2699756771326083 6.5814852565527016 4.3499108850955945 9.5134924650192243 12.497619017958639 11.134201660752295 12.658890098333357 4.3437256067991257 5.132815644145011 7.1641876399517059 4.3082564175128937 3.3512620925903311
leaf_count=35 26 38 22 26 24 57 37 29 38 24 23 22 20 20
internal_value=1.61052e-06 0.0307073 0.10327 -0.0160417 0.0173314 0.134748 -0.0593782 -0.08274 -0.0518458 0.0703288 -0.0228051 -0.0499939 0.104846 0.182888
internal_weight=109.887 80.145 31.4026 48.7424 27.5367 22.4785 21.2057 29.742 18.6078 9.6137 18.8785 13.7457 8.65817 12.8648
internal_count=441 348 161 187 115 123 72 93 64 46 71 48 44 77
is_linear=0
shrinkage=0.1


Tree=2
num_leaves=18
num_cat=0
split_feature=10 21 12 22 23 25 22 25 1 21 21 24 21 23 26 25 23
split_gain=22.8147 22.5006 6.79257 8.53699 5.932 6.81013 7.06297 5.05073 5.97529 4.78389 4.02623 6.52933 2.55337 2.24636 1.76203 0.0722406 0.00126701
threshold=52.500000000000007 89.15000000000002 1.0000000180025095e-35 186.50000000000003 73.250000000000014 49.500000000000007 146.50000000000003 63.500000000000007 1.5000000000000002 60.70000000000001 74.40000000000002 229.50000000000003 98.250000000000014 135.50000000000003 14.750000000000002 54.500000000000007 108.50000000000001
decision_type=2 2 2 2 2 2 2 2 2 2 2 2 2 2 2 2 2
left_child=1 2 9 10 12 -6 -7 -2 13 -1 11 -4 -3 -9 -5 -14 -8
right_child=7 4 3 14 5 6 16 8 -10 -11 -12 -13 15 -15 -16 -17 -18
leaf_value=0.0023467256232383247 -0.0033729075044815352 0.084222806207536804 0.064116821847366418 0.053991059707802429 -0.040762766254746341 0.01758093775108751 0.16825816693338316 -0.086359073043262929 -0.16666159778747158 -0.093318574419040845 -0.095615498231711227 -0.07553855009969411 0.19191442768904762 -4.7952162224297371e-06 0.14206305163613406 0.17300918013169489 0.17104496398727775
leaf_weight=8.7082839757204074 7.3715507984161404 4.0861168205738094 8.447733432054525 4.4426643401384336 4.9210984110832241 5.7404558211565 3.251570463180542 9.5422571450471896 8.2023503929376584 13.076602950692175 5.0204793959856024 5.5453012734651557 3.3570697307586652 4.4020924121141425 4.648523136973381 5.0795349478721619 3.2742629945278168
leaf_count=35 29 21 39 21 18 25 20 29 18 39 15 18 20 17 26 31 20
internal_value=1.69427e-05 0.027862 -0.0131668 0.0193195 0.0967581 0.0586171 0.0984872 -0.0750709 -0.0989357 -0.0550774 -0.0187907 0.00877278 0.149107 -0.0590979 0.0990242 0.180532 0.169656
internal_weight=109.118 79.5997 49.8896 28.1047 29.7101 17.1874 12.2663 29.5183 22.1467 21.7849 19.0135 13.993 12.5227 13.9443 9.09119 8.4366 6.52583
internal_count=441 348 193 119 155 83 65 93 64 74 72 57 72 46 47 51 40
is_linear=0
shrinkage=0.1


Tree=3
num_leaves=16
num_cat=0
split_feature=10 21 23 22 24 10 23 7 1 0 25 24 26 23 25
split_gain=19.5102 19.9535 9.99696 9.54161 6.84177 6.80485 5.90476 5.55973 4.8638 3.92843 5.62474 3.60447 3.36503 2.77289 1.64761
threshold=47.500000000000007 84.300000000000026 105.50000000000001 156.50000000000003 92.500000000000014 40.500000000000007 146.00000000000003 0.90000000000000013 1.5000000000000002 1.0000000180025095e-35 49.500000000000007 132.50000000000003 17.500000000000004 82.500000000000014 70.500000000000014
decision_type=2 2 2 2 2 2 2 2 2 2 2 2 2 2 2
left_child=1 5 3 -2 -5 7 -4 11 -8 10 -3 12 -1 -12 -15
right_child=2 9 6 4 -6 -7 8 -9 -10 -11 13 -13 -14 14 -16
leaf_value=0.010641430324742088 -0.056930082766046011 -0.0098891633782053606 -0.14452119685638889 0.1535028130867063 -0.016852818799876438 0.093880182047768213 0.014097776846596043 -0.10447217038969139 -0.094279863549755344 0.17599963548965941 0.16561271197956615 0.05071603699828206 -0.087458167915194035 0.033179524825849752 0.12606705021555692
leaf_weight=7.6368302106857353 11.272067010402681 4.7581944167614045 10.682257682085039 5.377969488501547 4.1976086050271988 5.269763469696044 7.0274094343185451 7.4011444300413123 10.081392288208006 6.1710723638534537 6.2341475933790189 7.7270296961069098 6.4498632848262787 4.1552919149398804 3.533369317650795
leaf_count=31 38 19 27 31 16 26 29 22 30 38 39 35 20 20 20
internal_value=3.00698e-05 0.0385156 -0.0469203 0.00542374 0.0788247 -0.0107129 -0.0861865 -0.0295793 -0.0497639 0.106825 0.0839736 -0.00416903 -0.0342754 0.116052 0.0758665
internal_weight=107.975 59.3367 48.6387 20.8476 9.57558 34.4846 27.7911 29.2149 17.1088 24.8521 18.681 21.8137 14.0867 13.9228 7.68866
internal_count=441 270 171 85 47 134 86 108 59 136 98 86 51 79 40
is_linear=0
shrinkage=0.1


Tree=4
num_leaves=17
num_cat=0
split_feature=10 21 16 1 23 24 23 22 25 1 25 12 22 23 10 22
split_gain=16.2527 15.8262 5.87013 6.84087 4.90075 4.73017 8.46536 4.46248 4.29685 4.73438 4.08126 4.01509 3.35608 1.80073 0.586127 0.0592372
threshold=52.500000000000007 89.15000000000002 1.0000000180025095e-35 1.5000000000000002 70.000000000000014 45.500000000000007 107.50000000000001 186.50000000000003 63.500000000000007 1.5000000000000002 48.500000000000007 1.0000000180025095e-35 146.50000000000003 135.50000000000003 34.000000000000007 167.50000000000003
decision_type=2 2 2 2 2 2 2 2 2 2 2 2 2 2 2 2
left_child=1 2 3 7 -4 6 -3 12 -2 13 -7 -5 -1 -10 -12 -16
right_child=8 5 4 11 -6 10 -8 -9 9 -11 14 -13 -14 -15 15 -17
leaf_value=0.020618540062547212 0.0021152784903985459 0.10562527768739849 -0.017785305133620293 -0.13792623244480703 0.097014945073165784 0.03754543705746962 -0.077705719791080388 0.06470386539050367 -0.076053277205410635 -0.1489785692429961 0.11364906214559603 -0.032915984785284007 -0.083924044085482902 0.0015041493376515269 0.16818822028255756 0.1513883150999642
leaf_weight=6.0475007742643374 7.3300707638263729 6.0314006358385104 7.1406583786010724 7.2534647285938245 7.7593391388654709 5.075143069028857 4.3246260285377502 7.681092143058776 9.4004028439521807 7.7638036906719199 4.456935688853263 7.3111250698566437 6.2385038286447525 4.3924915641546241 3.551522955298422 5.1313001364469528
leaf_count=25 29 34 28 18 39 23 15 37 29 18 27 27 19 17 22 34
internal_value=5.22256e-05 0.0237818 -0.0104629 -0.0330991 0.0419982 0.0830298 0.0290672 0.00491441 -0.0640245 -0.0865144 0.11371 -0.0852132 -0.0324654 -0.0513543 0.143128 0.15826
internal_weight=106.889 78.0026 49.4317 34.5317 14.9 28.5709 10.356 19.9671 28.8868 21.5567 18.2149 14.5646 12.286 13.7929 13.1398 8.68282
internal_count=441 348 193 126 67 155 49 81 93 64 106 45 44 46 83 56
is_linear=0
shrinkage=0.1


Tree=5
num_leaves=17
num_cat=0
split_feature=10 21 23 22 7 24 22 3 0 25 25 20 3 23 21 25
split_gain=13.7757 14.7367 7.87493 10.2823 6.05681 5.4931 4.93701 3.595 3.36927 4.29936 2.64668 5.70469 2.40984 2.58591 1.70031 0.763743
threshold=47.500000000000007 84.300000000000026 73.250000000000014 146.50000000000003 1.5500000000000003 117.50000000000001 157.50000000000003 1.0000000180025095e-35 1.0000000180025095e-35 49.500000000000007 72.500000000000014 2.5000000000000004 1.7500000000000002 99.850000000000009 55.650000000000006 60.500000000000007
decision_type=2 2 2 2 2 2 2 2 2 2 2 2 2 2 2 2
left_child=1 4 3 -2 5 7 -7 -1 9 -3 11 15 -11 -14 -12 -4
right_child=2 8 10 -5 -6 6 -8 -9 -10 12 14 -13 13 -15 -16 -17
leaf_value=0.035164371713608755 -0.063656105345334335 -0.0097554893299069065 -0.053225980437560744 0.11098283932160123 -0.10770262017898538 0.012454371049345183 0.14294359493231365 -0.06431389039419716 0.15959145876734904 0.15493015140394628 -0.048080819834088732 0.046242959933351133 0.11395456491283268 -0.0014917945615101364 -0.11732163922168018 -0.10293368819460882
leaf_weight=5.536818787455565 6.6546308100223523 4.7398141324520173 6.628015950322153 6.8332764655351639 5.2799613177776328 8.3715558052062971 4.4357339292764655 10.564101561903952 5.8034103065729132 5.121870979666709 5.2562436610460308 5.4590014219284049 4.7899065166711789 3.2612585723400116 10.903272882103918 5.7922418564558029
leaf_count=24 22 19 23 37 15 35 25 35 38 34 18 24 30 15 30 17
internal_value=5.3744e-05 0.0328018 -0.0398451 0.0248199 -0.00921556 0.00877268 0.0576486 -0.0301051 0.093372 0.0719182 -0.0654687 -0.0389591 0.101305 0.0671911 -0.0947995 -0.0764074
internal_weight=105.431 57.9044 47.5267 13.4879 34.1882 28.9082 12.8073 16.1009 23.7163 17.9129 34.0388 17.8793 13.173 8.05117 16.1595 12.4203
internal_count=441 270 171 59 134 119 60 59 136 98 112 64 79 45 48 40
is_linear=0
shrinkage=0.1


Tree=6
num_leaves=17
num_cat=0
split_feature=10 21 10 24 26 21 3 20 23 26 13 25 1 22 10 22
split_gain=11.9719 9.08831 6.4904 6.40087 4.24129 6.85595 5.42734 5.69401 4.0958 3.5879 3.19402 3.08089 4.04579 3.59063 2.59712 0.0175499
threshold=69.500000000000014 88.000000000000014 47.500000000000007 60.500000000000007 12.250000000000002 61.550000000000004 1.1000000000000003 2.5000000000000004 75.500000000000014 23.050000000000004 1.0000000180025095e-35 70.500000000000014 1.5000000000000002 183.50000000000003 40.500000000000007 163.50000000000003
decision_type=2 2 2 2 2 2 2 2 2 2 2 2 2 2 2 2
left_child=1 4 11 9 8 6 14 -8 -1 -4 -7 12 13 -3 -6 -13
right_child=-2 2 3 -5 5 10 7 -9 -10 -11 -12 15 -14 -15 -16 -17
leaf_value=0.10116922528201562 -0.10248364574914688 0.028438756939239602 0.0079014200471123185 0.098655372184069071 -0.088275517705015627 -0.10687596253618299 -0.021214062289883009 0.12737681393220088 -0.01043065820834306 -0.10802844767554493 -0.029507307614642597 0.15061691023809246 -0.0096619779182236607 0.1521801307847154 0.0070391000873637009 0.14002361056266696
leaf_weight=5.5408563315868369 10.2586233317852 4.0622890591621417 6.3923629820346815 4.7285650372505179 5.3402760326862353 11.003832623362541 4.590415030717848 5.8852072656154633 8.0904043614864332 4.5840303748846054 10.359198153018951 2.9829677939414969 5.195620968937873 5.5471087545156479 6.1519607603549957 3.2874800860881805
leaf_count=28 29 20 27 26 17 31 17 32 32 13 38 20 24 38 25 24
internal_value=7.84761e-05 0.0113023 0.050051 0.00138819 -0.0137178 -0.0290225 0.0102034 0.0622643 0.0349326 -0.0405139 -0.0693589 0.0863135 0.0614309 0.0998695 -0.0372522 0.145063
internal_weight=104.001 93.7426 36.7804 15.705 56.9622 43.3309 21.9679 10.4756 13.6313 10.9764 21.363 21.0755 14.805 9.6094 11.4922 6.27045
internal_count=441 412 192 66 220 160 91 49 60 40 69 126 82 58 42 44
is_linear=0
shrinkage=0.1


Tree=7
num_leaves=17
num_cat=0
split_feature=10 21 22 21 3 24 23 24 26 25 1 12 22 21 23 25
split_gain=9.99731 9.51088 4.11922 5.43751 3.98694 8.77972 3.75859 4.23649 4.56414 3.28134 4.26848 2.86724 2.86705 2.47326 1.72751 0.0568775
threshold=52.500000000000007 89.15000000000002 87.500000000000014 30.650000000000002 1.0000000180025095e-35 108.50000000000001 73.250000000000014 45.500000000000007 16.850000000000005 63.500000000000007 1.5000000000000002 1.0000000180025095e-35 189.50000000000003 98.250000000000014 135.50000000000003 54.500000000000007
decision_type=2 2 2 2 2 2 2 2 2 2 2 2 2 2 2 2
left_child=1 2 -1 -4 5 -5 13 -8 -9 -2 14 -6 -13 -3 -11 -15
right_child=9 6 3 4 11 -7 7 8 -10 10 -12 12 -14 15 -16 -17
leaf_value=-0.060883826153491638 0.00666565412769652 0.044864196483123953 0.084983335178792446 0.13055854224529542 -0.071098036972545423 -0.061996370402791913 -0.027278284515172536 0.15389747895002504 0.014013222647394503 -0.063302367348561248 -0.1346538990842725 -0.039625767879207151 0.071868760004007479 0.15707142951352598 0.013506559944799035 0.13907304520454547
leaf_weight=11.047778397798536 7.2335178852081325 3.5650291442871112 7.4627228677272788 5.2012993842363375 10.696515738964081 4.346925288438797 6.3007659614086142 4.3411027491092664 5.0411229953169823 9.0926225185394305 7.0552723556756964 5.8924200236797333 3.789709210395813 3.0696290284395218 4.3191015720367423 4.1022064834833145
leaf_count=37 29 21 38 28 34 15 27 30 26 29 18 21 20 20 17 31
internal_value=9.67822e-05 0.0190894 -0.00723563 0.0086162 -0.0104271 0.042896 0.0673528 0.0361444 0.0787369 -0.0512284 -0.0716895 -0.0354111 0.00401462 0.112938 -0.0385669 0.146777
internal_weight=102.558 74.8572 48.4374 37.3896 29.9269 9.54822 26.4199 15.683 9.38223 27.7005 20.467 20.3786 9.68213 10.7369 13.4117 7.17184
internal_count=441 348 193 156 118 43 155 83 56 93 64 75 41 72 46 51
is_linear=0
shrinkage=0.1


Tree=8
num_leaves=16
num_cat=0
split_feature=10 21 23 24 22 21 22 24 24 23 20 25 25 10 25
split_gain=9.07545 6.31051 5.55324 7.64195 4.86466 3.98376 3.35481 4.05811 3.73515 2.88691 2.40194 8.70581 2.38717 0.0869195 0.0445454
threshold=69.500000000000014 88.000000000000014 107.50000000000001 55.500000000000007 117.50000000000001 98.050000000000011 161.00000000000003 117.50000000000001 91.500000000000014 133.49500000000003 2.5000000000000004 73.500000000000014 66.500000000000014 43.000000000000007 59.500000000000007
decision_type=2 2 2 2 2 2 2 2 2 2 2 2 2 2 2
left_child=1 6 4 -4 -3 -6 10 8 9 -8 12 -12 -1 14 -7
right_child=-2 2 3 -5 5 13 7 -9 -10 -11 11 -13 -14 -15 -16
leaf_value=-0.10415832695807546 -0.091677007345701542 0.0020722041897749291 -0.056075506477722394 0.091733490967045209 0.034805458292763838 0.14887703054202794 0.076327061427152051 0.07893932609030116 -0.063092562320750861 -0.033535456351547789 0.066313691643330855 -0.077249763044202169 -0.02303630389179397 0.16009886796624326 0.13141847865837186
leaf_weight=7.0503210127353686 9.7350141853094083 5.972610920667651 9.6646757796406728 5.4818747937679282 4.707885928452014 2.9278818070888502 5.7578905373811775 7.349421113729476 7.4660523384809485 4.0914498865604401 8.2750863432884234 8.6281869411468488 7.4718775749206543 3.4939548373222351 2.9179741069674492
leaf_count=20 29 27 35 33 28 21 28 38 26 15 39 27 27 24 24
internal_value=0.000104563 0.00989552 0.0431061 -0.00258013 0.0776704 0.109812 -0.0109265 0.0166788 -0.00974729 0.0306898 -0.0325929 -0.00696752 -0.0624199 0.147621 0.140163
internal_weight=100.992 91.2571 35.1669 15.1466 20.0203 14.0477 56.0903 24.6648 17.3154 9.84934 31.4255 16.9033 14.5222 9.33981 5.84586
internal_count=441 412 192 68 124 97 220 107 69 43 113 66 47 69 45
is_linear=0
shrinkage=0.1


Tree=9
num_leaves=18
num_cat=0
split_feature=10 24 26 23 22 23 25 24 26 24 10 22 22 24 1 22 23
split_gain=7.68106 8.81702 5.58389 5.33014 5.79846 5.08649 4.26697 4.26492 3.5968 3.483 2.01547 3.60009 4.48102 1.88564 1.05942 0.821386 0.108683
threshold=47.500000000000007 61.500000000000007 12.050000000000002 105.50000000000001 156.50000000000003 146.00000000000003 79.500000000000014 92.500000000000014 20.250000000000004 37.500000000000007 40.500000000000007 170.50000000000003 135.50000000000003 121.50000000000001 1.5000000000000002 303.50000000000006 96.500000000000014
decision_type=2 2 2 2 2 2 2 2 2 2 2 2 2 2 2 2 2
left_child=1 9 6 4 -2 -5 -3 -6 -7 -1 11 12 13 -4 -13 16 -11
right_child=3 2 10 5 7 8 -8 -9 -10 15 -12 14 -14 -15 -16 -17 -18
leaf_value=0.015055264822674467 -0.040701221405682136 0.13169603757688239 0.015642780775054831 -0.11708839007629797 0.13204723185503883 0.028775012615021828 -0.01132634235805768 -0.0072577850456505937 -0.067648486775010688 0.13526496654644077 0.035900084674576428 0.048870716316268305 -0.1296810883800367 -0.067421422634775172 -0.017986217094685352 0.080196695225186979 0.16058965083893434
leaf_weight=3.8298837170004836 10.700862765312197 5.144948445260523 6.3701795563101822 9.79680944979191 4.8303837180137617 6.902273252606391 3.5084816813468933 4.0324416011571884 8.8017500787973386 4.0811508223414403 5.9405115917325011 5.4960035160183889 5.5908703655004492 4.7864066362380981 4.1672843620181084 2.6290059164166451 2.897939033806324
leaf_count=20 38 32 28 27 31 30 14 16 29 33 28 28 15 16 18 18 20
internal_value=0.000117471 0.0253948 0.00235697 -0.0304202 0.00884465 -0.0605433 0.0737085 0.0686657 -0.0252682 0.0956925 -0.0167284 -0.028566 -0.0566109 -0.0199935 0.0200387 0.127835 0.145781
internal_weight=99.5072 54.4427 41.0047 45.0645 19.5637 25.5008 8.65343 8.86283 15.704 13.438 32.3513 26.4107 16.7475 11.1566 9.66329 9.6081 6.97909
internal_count=441 270 179 171 85 86 46 47 59 91 133 105 59 44 46 71 53
is_linear=0
shrinkage=0.1


Tree=10
num_leaves=16
num_cat=0
split_feature=10 21 26 1 25 22 10 21 22 7 0 3 23 3 22
split_gain=6.91964 4.48618 4.11137 3.87063 2.98756 3.5879 3.76456 2.95911 5.71735 6.51626 4.41944 3.09966 2.91927 2.78224 2.42482
threshold=69.500000000000014 88.000000000000014 23.050000000000004 1.5000000000000002 78.500000000000014 314.00000000000006 40.500000000000007 55.650000000000006 83.500000000000014 0.90000000000000013 1.0000000180025095e-35 1.0000000180025095e-35 82.500000000000014 2.5000000000000004 201.00000000000003
decision_type=2 2 2 2 2 2 2 2 2 2 2 2 2 2 2
left_child=1 7 4 -4 5 6 12 8 -1 10 14 -9 -3 -13 -10
right_child=-2 2 3 -5 -6 -7 -8 11 9 -11 -12 13 -14 -15 -16
leaf_value=-0.056873974773200511 -0.082219188706470575 0.13000011345221496 0.043005920142120804 -0.071425463898668107 -0.017454978722563214 0.013743543544769202 0.17172399247727754 0.019427865256378241 0.18404834686622829 -0.042606752655536935 0.014913538799533128 -0.089656548571637462 -0.0014046218396943561 -0.015696623633960998 0.069539032319090213
leaf_weight=7.7105625122785595 9.2417775541543943 3.2034572511911446 6.4224023520946485 5.476436585187912 3.7636565193533889 5.5421527773141852 5.5461105927824974 8.6127002686262149 4.2727600634098071 5.7709997445344916 5.2415881901979446 10.02744622528553 3.5800278782844543 10.321967914700508 3.2603330612182617
leaf_count=26 29 28 36 20 19 31 39 37 26 21 23 31 19 39 17
internal_value=0.00012899 0.00870388 0.0375539 -0.00966109 0.0635207 0.0805736 0.110614 -0.00881678 0.0154962 0.0455848 0.0854257 -0.0308582 0.0606504 -0.0521414 0.134489
internal_weight=97.9944 88.7526 33.5342 11.8988 21.6354 17.8717 12.3296 55.2184 26.2562 18.5457 12.7747 28.9621 6.78349 20.3494 7.53309
internal_count=441 412 192 56 136 117 86 220 113 87 66 107 47 70 43
is_linear=0
shrinkage=0.1


Tree=11
num_leaves=16
num_cat=0
split_feature=10 24 26 23 22 25 21 23 23 26 21 21 10 26 21
split_gain=6.10774 7.17608 4.44672 4.22053 6.34412 3.37222 3.33546 2.03683 3.03854 2.75878 1.82315 3.71859 3.3435 0.719039 0.0793336
threshold=47.500000000000007 61.500000000000007 12.050000000000002 73.250000000000014 146.50000000000003 79.500000000000014 116.70000000000002 146.00000000000003 121.50000000000001 20.250000000000004 62.900000000000006 84.300000000000026 36.000000000000007 18.500000000000004 94.850000000000009
decision_type=2 2 2 2 2 2 2 2 2 2 2 2 2 2 2
left_child=1 6 5 4 -2 -3 14 8 -5 -9 12 13 -4 -12 -1
right_child=3 2 10 7 -6 -7 -8 9 -10 -11 11 -13 -14 -15 -16
leaf_value=0.15358946727483561 -0.048851798072628502 0.12035760162380982 -0.047956346986452465 -0.037130500639168951 0.094323019232268268 -0.0082778118587801819 0.037495163172625655 0.026423063395884402 -0.12627384761925795 -0.058893922503114829 -0.091087244830238376 0.025309381766453143 0.055889701608630542 -0.042602597061414241 0.1307896924196518
leaf_weight=2.5814108029007894 6.2560412585735303 4.9203598350286466 5.1737888827919978 9.8259067088365608 6.1247012987732887 3.4788514524698257 6.3559402227401733 6.8342303931713095 6.2596545517444602 8.508795425295828 6.2258474081754702 6.722006417810916 7.7366914302110672 6.0128510296344757 3.7332918494939804
leaf_count=19 22 32 19 36 37 14 39 30 17 29 19 37 37 21 33
internal_value=0.000143749 0.0229998 0.00234818 -0.0274765 0.0219762 0.0670784 0.0886356 -0.0469575 -0.0718204 -0.0208913 -0.0147106 -0.0344464 0.0142741 -0.0672668 0.14011
internal_weight=96.7504 52.941 40.2704 43.8093 12.3807 8.39921 12.6706 31.4286 16.0856 15.343 31.8712 18.9607 12.9105 12.2387 6.3147
internal_count=441 270 179 171 59 46 91 112 53 59 133 77 56 40 52
is_linear=0
shrinkage=0.1


Tree=12
num_leaves=17
num_cat=0
split_feature=10 23 24 22 16 1 12 22 23 24 24 12 2 22 21 24
split_gain=5.26045 3.33755 8.35025 9.52419 5.66432 4.26041 3.27282 3.26872 3.19381 4.4616 6.88811 3.82608 1.98848 1.10392 0.227097 0.0728892
threshold=69.500000000000014 105.50000000000001 67.500000000000014 87.500000000000014 1.0000000180025095e-35 1.0000000180025095e-35 1.0000000180025095e-35 172.50000000000003 34.000000000000007 289.50000000000006 112.50000000000001 1.0000000180025095e-35 1.0000000180025095e-35 339.00000000000006 94.15000000000002 50.500000000000007
decision_type=2 2 2 2 2 2 2 2 2 2 2 2 2 2 2 2
left_child=1 2 3 -1 5 7 -7 -3 12 10 11 -10 -4 14 -5 -16
right_child=-2 4 8 13 -6 6 -8 -9 9 -11 -12 -13 -14 -15 15 -17
leaf_value=-0.055959240740715503 -0.073716062941173707 -0.031083790802323971 -0.0054814995086156695 0.1724500954106859 0.071278843113182097 -0.10507490161551275 -0.013446520122521287 0.062759811283415429 -0.057595373815208788 -0.072762437932110569 0.12616032109217101 0.058445916404211817 -0.088120803494560973 0.072584467939937072 0.14637635114049816 0.12355319181796516
leaf_weight=3.5141554251313201 8.7554077059030515 9.5280710011720675 6.1320582255721074 2.8106783330440503 6.4085125923156729 9.5794246345758456 6.5729022845625868 6.0802022889256468 6.1759850382804924 4.1901097744703284 6.2766873389482489 5.262484185397625 5.544380359351635 2.40665179491043 3.8292112350463867 2.2051151618361473
leaf_count=14 29 37 27 20 34 29 27 34 23 14 36 28 19 17 31 22
internal_value=0.000149201 0.0076243 0.0250758 0.0877495 -0.0144809 -0.0317852 -0.0677884 0.00547298 -0.00248169 0.0200339 0.0419828 -0.00420838 -0.0447215 0.132633 0.148972 0.138036
internal_weight=95.272 86.5166 48.3475 14.7658 38.1691 31.7606 16.1523 15.6083 33.5817 21.9053 17.7152 11.4385 11.6764 11.2517 8.845 6.03433
internal_count=441 412 251 104 161 127 56 71 147 101 87 51 46 90 73 53
is_linear=0
shrinkage=0.1


Tree=13
num_leaves=17
num_cat=0
split_feature=10 24 25 23 1 20 3 7 21 20 20 25 3 11 22 26
split_gain=4.42775 4.53315 4.85492 4.48404 2.97828 7.85314 6.07571 2.63632 2.61409 2.81099 2.49138 2.36632 1.92758 1.78491 0.180166 0.00914678
threshold=52.500000000000007 69.500000000000014 81.500000000000014 107.50000000000001 1.5000000000000002 2.5000000000000004 2.5000000000000004 0.28750000000000003 62.900000000000006 3.5000000000000004 1.5000000000000002 68.500000000000014 2.5000000000000004 1.0000000180025095e-35 165.50000000000003 13.200000000000001
decision_type=2 2 2 2 2 2 2 2 2 2 2 2 2 2 2 2
left_child=1 2 3 13 6 -6 8 12 9 -3 -5 -8 -2 14 -1 -16
right_child=7 4 -4 10 5 -7 11 -9 -10 -11 -12 -13 -14 -15 15 -17
leaf_value=0.15841405246750814 -0.027247717780910313 0.063040028600159892 -0.037717884652458837 -0.043285792813743118 -0.097661289474117535 0.035287352067639007 0.03433074028661437 0.014829742096614166 -0.06051311490280778 -0.038397259538003714 0.068809384937507309 0.14386056040087736 -0.093284621443598156 0.054168209032413886 0.12233766239510345 0.1316546059847474
leaf_weight=3.2611054331064278 10.065017834305769 5.8598123937845283 5.1530630216002455 3.8440490514039984 9.7479141876101512 8.1640953421592695 3.933277301490306 7.3576137721538535 7.610926739871501 5.1179143413901329 4.0948384180665016 3.9566379263997078 7.8813286274671546 3.4916113466024399 2.0551146864891052 2.162457138299942
leaf_count=25 38 29 23 16 31 39 19 31 29 21 26 24 24 25 21 20
internal_value=0.000161892 0.0133745 0.0483273 0.071776 -0.00557191 -0.0370648 0.0157321 -0.0355812 -0.0154757 0.0157491 0.0145323 0.0892578 -0.0562485 0.113202 0.140763 0.127115
internal_weight=93.7568 68.4528 24.0622 18.9092 44.3906 17.912 26.4786 25.304 18.5887 10.9777 7.93889 7.88992 17.9463 10.9703 7.47868 4.21757
internal_count=441 348 156 133 192 70 122 93 79 50 42 43 62 91 66 41
is_linear=0
shrinkage=0.1


Tree=14
num_leaves=16
num_cat=0
split_feature=10 21 26 25 25 22 10 22 22 26 26 25 24 24 22
split_gain=4.07105 2.6934 2.93776 2.84538 2.25981 2.75569 3.74662 2.30256 1.99823 3.21137 3.84335 5.96088 1.98546 4.27258 4.24577
threshold=69.500000000000014 88.000000000000014 23.050000000000004 67.500000000000014 78.500000000000014 314.00000000000006 40.500000000000007 183.50000000000003 161.00000000000003 21.850000000000005 16.525000000000002 74.500000000000014 88.000000000000014 200.50000000000003 117.50000000000001
decision_type=2 2 2 2 2 2 2 2 2 2 2 2 2 2 2
left_child=1 8 4 -4 5 6 7 -3 12 10 11 -10 -1 14 -14
right_child=-2 2 3 -5 -6 -7 -8 -9 9 -11 -12 -13 13 -15 -16
leaf_value=-0.067158116692687272 -0.066361236627774781 -0.0036333740626979397 -0.04808859042283916 0.057541348442741086 -0.018278645380201939 0.0097659509697166288 0.16271523393334855 0.12454915592452372 0.11127631009193142 0.090041826515170606 -0.062747207825645801 -0.030352001062199332 0.088374674585212698 -0.058388721748755118 -0.029541852072694538
leaf_weight=7.864912003278735 8.3649480491876584 3.705970138311395 7.2039203047752363 3.9475811347365379 3.5831220373511306 5.2156677320599547 4.9243403226137161 2.2535117119550705 5.2253647446632439 4.5833385139703742 6.9052082598209372 6.8903955221176147 6.241706997156145 9.6268362402915937 5.9782301336526871
leaf_count=26 29 23 31 25 19 31 39 24 30 25 25 27 31 34 22
internal_value=0.00017262 0.00678642 0.0303118 -0.0106961 0.0535455 0.0695307 0.0981708 0.0448374 -0.00681895 0.0149012 -0.00320491 0.0307304 -0.0240744 -0.00856409 0.0306876
internal_weight=92.5151 84.1501 30.8341 11.1515 19.6826 16.0995 10.8838 5.95948 53.316 23.6043 19.021 12.1158 29.7117 21.8468 12.2199
internal_count=441 412 192 56 136 117 86 47 220 107 82 57 113 87 53
is_linear=0
shrinkage=0.1


Tree=15
num_leaves=17
num_cat=0
split_feature=10 24 26 24 26 23 22 25 12 1 7 24 22 24 26 23
split_gain=3.79837 4.91702 3.41421 3.11197 2.99629 2.93259 4.73994 2.01043 4.80408 2.47482 1.768 2.81949 5.37694 2.5864 0.81492 0.0768033
threshold=47.500000000000007 61.500000000000007 12.050000000000002 37.500000000000007 8.7500000000000018 73.250000000000014 146.50000000000003 69.500000000000014 1.0000000180025095e-35 1.5000000000000002 1.5500000000000003 132.50000000000003 135.50000000000003 86.000000000000014 24.700000000000006 124.50000000000001
decision_type=2 2 2 2 2 2 2 2 2 2 2 2 2 2 2 2
left_child=1 3 4 -1 -3 6 -2 8 -7 -9 11 12 -4 -14 15 -5
right_child=5 2 10 14 -6 7 -8 9 -10 -11 -12 -13 13 -15 -16 -17
leaf_value=-0.0009921695801032057 -0.041924865094687361 -0.0065201900725560787 0.060706320175528253 0.12457169757905517 0.11605552122434032 -0.05710849222022462 0.085563426027069026 -0.026190558488579402 0.062581471137445804 -0.10587828324888049 -0.060776573477315403 0.052697771017579803 -0.016928732908511549 -0.10950532007368333 0.060897790993826077 0.14907407535294701
leaf_weight=3.4714394621551019 5.9698698371648771 3.673414930701254 5.3851306810975172 3.4486149437725544 4.3626202493906021 8.8093530461192149 5.7015057951211929 8.3271846175193769 5.414702668786048 7.3259423077106467 6.2247818261384955 6.9717317149043074 6.5896526202559453 5.5675639063119888 2.1400146037340164 2.0336691066622734
leaf_count=20 22 17 27 38 29 32 37 31 25 24 23 36 30 17 17 16
internal_value=0.000178594 0.0187844 0.0019886 0.0774892 0.060024 -0.022153 0.0203536 -0.038758 -0.0115458 -0.0634858 -0.0131835 -0.0010984 -0.0224782 -0.0593254 0.113232 0.133661
internal_weight=91.4172 49.8686 38.7749 11.0937 8.03604 41.5486 11.6714 29.8772 14.2241 15.6531 30.7389 24.5141 17.5423 12.1572 7.6223 5.48228
internal_count=441 270 179 91 46 171 59 112 57 55 133 110 74 47 71 54
is_linear=0
shrinkage=0.1


Tree=16
num_leaves=19
num_cat=0
split_feature=10 23 24 22 23 3 24 23 24 24 12 20 1 3 3 22 21 10
split_gain=3.18085 2.27814 5.61916 7.94114 4.60286 3.06973 2.95181 2.58778 3.22499 5.06291 2.54824 1.91287 2.94956 1.49263 1.45295 0.956663 0.182197 0.0480134
threshold=69.500000000000014 105.50000000000001 67.500000000000014 87.500000000000014 143.00000000000003 1.1000000000000003 56.500000000000007 34.000000000000007 289.50000000000006 112.50000000000001 1.0000000180025095e-35 2.5000000000000004 1.5000000000000002 1.1000000000000003 1.0000000180025095e-35 339.00000000000006 93.000000000000014 43.000000000000007
decision_type=2 2 2 2 2 2 2 2 2 2 2 2 2 2 2 2 2 2
left_child=1 2 3 -1 5 -3 -6 13 9 10 -9 12 -8 -4 -13 16 -5 -18
right_child=-2 4 7 15 6 -7 11 8 -10 -11 -12 14 -14 -15 -16 -17 17 -19
leaf_value=-0.054212154810254015 -0.060297150571060054 -0.12048588930292162 -0.0033784680831499604 0.16313476095706203 -0.046433334616282018 -0.018994073936062495 0.054014895353315433 -0.046712018666017728 -0.061103916412918013 0.11218598447224093 0.049654248901140743 0.02802250013270885 -0.054043265912009801 -0.075880854316224142 0.11338577637972724 0.064878215822670046 0.12097177523732389 0.14049605260786088
leaf_weight=3.4426511749625197 7.9317703098058692 5.2516405582427961 5.6433647572994214 2.3082923442125303 6.3201800510287311 6.8900292292237282 5.4740875810384768 5.8970862179994636 4.0291779041290274 6.0140351876616469 5.1321073770523071 4.0975461453199378 4.6905173361301422 5.7152209356427193 3.8838683143258095 2.2100672200322151 2.9454042576253414 2.2005737721920013
leaf_count=14 29 16 25 17 26 30 26 23 14 36 28 20 18 21 25 17 35 21
internal_value=0.000177127 0.00601635 0.0209476 0.0762034 -0.0125573 -0.0628924 0.0124222 -0.00138398 0.0193551 0.0383763 -0.00187084 0.0329213 0.00415081 -0.039859 0.0695615 0.12266 0.139792 0.129321
internal_weight=90.0776 82.1459 45.538 13.107 36.6079 12.1417 24.4662 32.431 21.0724 17.0432 11.0292 18.146 10.1646 11.3586 7.98141 9.66434 7.45427 5.14598
internal_count=441 412 251 104 161 46 115 147 101 87 51 89 44 46 45 90 73 56
is_linear=0
shrinkage=0.1


Tree=17
num_leaves=16
num_cat=0
split_feature=10 24 21 26 3 23 22 23 23 26 10 22 22 24 21
split_gain=2.82194 4.03917 3.05069 2.71736 2.54217 2.28871 3.71149 1.82877 2.59987 1.91775 1.73526 2.99137 2.61412 1.24749 0.046807
threshold=47.500000000000007 61.500000000000007 116.70000000000002 12.050000000000002 0.40000000000000008 73.250000000000014 146.50000000000003 146.00000000000003 121.50000000000001 20.250000000000004 40.500000000000007 163.50000000000003 116.50000000000001 91.500000000000014 94.550000000000011
decision_type=2 2 2 2 2 2 2 2 2 2 2 2 2 2 2
left_child=1 2 14 4 -3 6 -2 8 -7 -9 11 12 -5 -13 -1
right_child=5 3 -4 10 -6 7 -8 9 -10 -11 -12 13 -14 -15 -16
leaf_value=0.14186828208298227 -0.036769966036911267 -0.0032747361762257999 0.021388248856789381 -0.0087905964937816331 0.11098676878542318 -0.026161882273467114 0.077966222150526329 0.031175281749837708 -0.11266540905449651 -0.042482852660409701 0.037906514718350458 0.056437405061881676 -0.09286730613806915 -0.015069298310220801 0.12183443535922629
leaf_weight=1.9884273707866649 5.8150397837162 3.8816695660352698 5.5686739832162857 7.19292607158423 3.9070935174822807 9.1944207623600978 5.4727092050015926 6.5413325652480108 5.5848717838525763 7.6901008784770966 5.6237974911928168 4.6932171881198865 7.6111513525247574 5.0811473205685616 2.8204173855483532
leaf_count=18 22 20 39 30 26 36 37 30 17 29 28 26 26 23 34
internal_value=0.000197425 0.0164812 0.0717727 0.00137794 0.0540425 -0.0193473 0.0188583 -0.0342127 -0.0588503 -0.00862665 -0.0122036 -0.0236693 -0.0520166 0.0192651 0.130118
internal_weight=88.667 48.3685 10.3775 37.991 7.78876 40.2985 11.2877 29.0107 14.7793 14.2314 30.2022 24.5784 14.8041 9.77436 4.80884
internal_count=441 270 91 179 46 171 59 112 53 59 133 105 56 49 52
is_linear=0
shrinkage=0.1


Tree=18
num_leaves=18
num_cat=0
split_feature=10 17 22 1 12 11 26 2 25 1 23 24 12 26 13 21 21
split_gain=2.49093 3.38517 4.73875 5.11965 4.14734 3.81542 3.34981 3.165 2.67348 2.93277 3.35072 2.6168 2.18908 1.7481 1.41461 0.099311 0.0077174
threshold=52.500000000000007 1.0000000180025095e-35 186.50000000000003 1.0000000180025095e-35 1.0000000180025095e-35 1.0000000180025095e-35 25.250000000000004 1.5000000000000002 63.500000000000007 1.0000000180025095e-35 93.500000000000014 82.500000000000014 1.0000000180025095e-35 23.750000000000004 1.0000000180025095e-35 91.65000000000002 107.45000000000002
decision_type=2 2 2 2 2 2 2 2 2 2 2 2 2 2 2 2 2
left_child=1 2 5 11 -3 6 7 14 -2 10 -10 15 -5 -7 -1 -4 -17
right_child=8 4 3 12 -6 13 -8 -9 9 -11 -12 -13 -14 -15 -16 16 -18
leaf_value=0.031861792053679505 0.027193125396490499 0.0085330994190894183 0.15121053300121495 -0.058346849336084187 0.151429257280987 -0.084677957908507129 -0.043764725182343429 -0.032767367376577872 -0.066713608174549119 -0.10791940609870761 0.04166256916391968 0.03607947581900188 0.038406076620861859 -0.0088834348361915283 0.11288547979662281 0.11956359584838135 0.12894758679090546
leaf_weight=4.2526846788823622 6.4810797274112728 4.7137973234057409 2.0861940160393715 5.1137013137340546 3.5688232183456421 9.6882593259215337 8.1581740453839284 4.22129301726818 6.560532860457899 5.558533012866973 5.0477839112281799 5.3122183158993721 4.3089588396251202 4.4362810850143424 4.3681697323918343 1.9780488684773447 1.5735634379088876
leaf_count=25 29 29 16 23 27 35 32 18 22 20 22 28 27 20 27 25 16
internal_value=0.000191456 0.0104695 0.00156938 0.0399382 0.0701043 -0.0206848 0.00634467 0.0381774 -0.0275291 -0.0481886 -0.0195871 0.0864406 -0.014102 -0.0608722 0.0729163 0.133893 0.123721
internal_weight=87.4281 63.7802 55.4975 20.3727 8.28262 35.1249 21.0003 12.8421 23.6479 17.1668 11.6083 10.95 9.42266 14.1245 8.62085 5.63781 3.55161
internal_count=441 348 292 135 56 157 102 70 93 64 44 85 50 55 52 57 41
is_linear=0
shrinkage=0.1


Tree=19
num_leaves=16
num_cat=0
split_feature=25 22 1 21 24 14 3 10 25 25 0 23 23 25 25
split_gain=2.27912 3.50713 3.94361 3.24023 5.462 2.94151 2.68076 2.47071 2.40344 1.94767 2.91659 2.80055 2.35545 1.887 0.520675
threshold=87.500000000000014 161.00000000000003 1.0000000180025095e-35 72.250000000000014 66.500000000000014 1.0000000180025095e-35 1.7500000000000002 47.500000000000007 53.500000000000007 73.500000000000014 1.5000000000000002 84.500000000000014 90.500000000000014 67.500000000000014 69.500000000000014
decision_type=2 2 2 2 2 2 2 2 2 2 2 2 2 2 2
left_child=1 8 5 -4 -5 6 -3 14 -1 10 11 -10 -11 -8 -7
right_child=-2 2 3 4 -6 7 13 -9 9 12 -12 -13 -14 -15 -16
leaf_value=-0.062229584104377837 -0.05504653565948292 0.15306046484042385 0.063043697082086042 0.036886961522797176 -0.10093280331615749 0.025807551011308889 0.10872141999082877 -0.051552245460699711 -0.046565600927675393 0.022037348427745303 0.088188862164151741 0.041517362717555545 -0.057083573632377295 0.0015596663300386643 0.08958301179441755
leaf_weight=8.3613184653222543 6.8728106319904319 4.4046069607138634 4.5565318837761906 5.3977039940655214 6.1542575359344482 2.5116621442139149 3.1207762211561203 3.4092739745974541 7.309026204049589 5.9394205994904068 4.6239341869950286 7.1315939426422119 10.266409166157244 3.4706097729504108 2.610839206725359
leaf_count=32 27 38 25 38 22 19 24 13 31 29 26 37 39 20 21
internal_value=0.000194387 0.00498397 0.0282586 -0.00836832 -0.0365359 0.0584721 0.0926592 0.0144109 -0.0140256 -0.00259818 0.0190676 -0.00306526 -0.0280858 0.0522968 0.0583127
internal_weight=86.1408 79.268 35.6363 16.1085 11.552 19.5278 10.996 8.53178 43.6317 35.2704 19.0646 14.4406 16.2058 6.59139 5.1225
internal_count=441 414 220 85 60 135 82 53 194 162 94 68 68 44 40
is_linear=0
shrinkage=0.1


Tree=20
num_leaves=18
num_cat=0
split_feature=10 23 23 26 17 24 10 21 12 21 7 26 23 3 24 23 22
split_gain=2.1963 2.03078 2.40447 2.67268 2.86345 3.85747 2.82084 3.74526 3.13603 2.93083 2.16707 3.08557 2.0934 1.92353 1.7555 1.64272 0.986036
threshold=69.500000000000014 11.000000000000002 19.500000000000004 8.4500000000000011 1.0000000180025095e-35 279.50000000000006 37.500000000000007 65.40000000000002 1.0000000180025095e-35 61.550000000000004 0.45000000000000007 16.650000000000002 163.50000000000003 1.1000000000000003 88.000000000000014 114.50000000000001 157.50000000000003
decision_type=2 2 2 2 2 2 2 2 2 2 2 2 2 2 2 2 2
left_child=1 -1 -3 -4 5 6 7 -5 -9 13 11 15 -12 -8 -6 -11 -13
right_child=-2 2 3 4 14 -7 9 8 -10 10 12 16 -14 -15 -16 -17 -18
leaf_value=0.080903660747019698 -0.052143843723567986 -0.06466379812712153 0.076291919261432722 -0.031939667075181366 0.017121062569556224 -0.077091224295114197 -0.0029987924110173019 0.15861286858372212 0.027806187825897083 0.045606332462202331 0.064831400948770282 -0.11186612044585126 -0.039846220482267325 0.081979413267713186 0.11060975415015949 -0.042907408245706873 -0.051381309555395473
leaf_weight=3.3824875801801673 7.3279428035020819 5.0895573273301116 5.0911327823996535 3.957268074154852 4.8373662717640382 6.9021986722946158 6.2154610976576787 3.4280606098473072 3.9386008977890015 4.0112452283501678 4.1583740562200537 5.36686162650585 3.5342093482613564 4.6613359376788139 3.4346863962709904 4.393008179962635 5.4143776223063469
leaf_count=23 29 26 33 16 30 24 26 28 26 28 28 17 15 26 23 19 24
internal_value=0.000193571 0.00512218 0.00167844 0.00654767 0.00102144 -0.00709348 0.00275066 0.0465261 0.0886768 -0.010379 -0.028103 -0.0460829 0.0167393 0.0334193 0.055939 -0.000660905 -0.0814904
internal_weight=85.1442 77.8162 74.4337 69.3442 64.2531 55.981 49.0788 11.3239 7.36666 37.7549 26.8781 19.1855 7.69258 10.8768 8.27205 8.40425 10.7812
internal_count=441 412 389 363 330 277 253 70 54 183 131 88 43 52 53 47 41
is_linear=0
shrinkage=0.1


Tree=21
num_leaves=17
num_cat=0
split_feature=25 22 21 1 24 7 10 22 22 26 26 26 23 1 10 23
split_gain=1.86345 2.75724 3.34573 4.68565 2.98052 2.61344 2.14035 3.39878 2.10257 2.5826 4.07317 4.93577 3.16772 1.96418 1.13591 0.37394
threshold=87.500000000000014 161.00000000000003 40.900000000000006 1.5000000000000002 66.500000000000014 1.0000000180025095e-35 56.500000000000007 225.50000000000003 40.500000000000007 12.700000000000001 32.050000000000004 23.750000000000004 144.25000000000003 1.5000000000000002 47.500000000000007 93.500000000000014
decision_type=2 2 2 2 2 2 2 2 2 2 2 2 2 2 2 2
left_child=1 8 -3 5 -5 6 7 -4 -1 -10 11 12 14 -12 -11 -9
right_child=-2 2 3 4 -6 -7 -8 15 9 10 13 -13 -14 -15 -16 -17
leaf_value=0.050441250583253355 -0.050245159582168408 0.1145556051888843 -0.0081082394286689143 0.029767824505546839 -0.067946488782946735 0.11691521281326361 -0.037868272706854389 0.13263833422084273 0.034908406060587441 -0.022980911466047384 0.070296495281783292 -0.12607555539040516 0.053279248081985392 -0.023604653607747186 -0.086714996087760773 0.074930502325996767
leaf_weight=4.7379416227340689 6.739980347454547 3.7685563862323752 4.763777697458865 5.076731692999604 8.1055193468928319 4.2448221482336512 3.6959027126431456 3.0103033743798733 6.949474796652793 6.426375359296804 4.5728281624615175 6.8456852883100501 3.9446406066417685 4.3435032218694687 4.9507052078843117 1.7909061461687086
leaf_count=26 27 26 31 36 31 35 14 32 36 30 24 22 20 19 17 15
internal_value=0.000181438 0.00458238 0.0256343 0.0147145 -0.0303149 0.0486228 0.0267623 0.0517355 -0.0123771 -0.0202026 -0.0325239 -0.0554819 -0.023941 0.0245535 -0.0507146 0.111113
internal_weight=83.9677 77.2277 34.4565 30.688 13.1823 17.5057 13.2609 9.56499 42.7712 38.0332 31.0837 22.1674 15.3217 8.91633 11.3771 4.80121
internal_count=441 414 220 194 67 127 92 78 194 168 132 89 67 43 47 47
is_linear=0
shrinkage=0.1


Tree=22
num_leaves=17
num_cat=0
split_feature=23 16 24 22 23 23 22 26 25 26 22 23 22 21 22 23
split_gain=1.74107 4.52994 3.54556 10.1933 3.01504 3.56205 2.4181 3.87051 1.97069 3.26758 1.65125 2.28895 1.23891 1.05592 0.173614 0.00778333
threshold=105.50000000000001 1.0000000180025095e-35 67.500000000000014 87.500000000000014 143.00000000000003 170.50000000000003 116.50000000000001 12.050000000000002 69.500000000000014 23.050000000000004 163.50000000000003 45.20000000000001 341.50000000000006 86.15000000000002 183.50000000000003 36.150000000000006
decision_type=2 2 2 2 2 2 2 2 2 2 2 2 2 2 2 2
left_child=2 4 3 -1 13 -6 -4 -8 9 -7 -9 -12 14 -2 -5 -16
right_child=1 -3 6 12 5 8 7 10 -10 -11 11 -13 -14 -15 15 -17
leaf_value=-0.069193752452576016 -0.11115051550335348 0.061298485708957851 0.041978520083138834 0.15448736698569693 0.065631370252090246 0.05369919245409286 0.0511942835401345 -0.080348910182443931 -0.066708814159501542 -0.066152202789079129 -0.06397855377936966 0.03227778200811348 0.046194740150912517 -0.046051411353259526 0.12716899970253814 0.11723295899805575
leaf_weight=4.2300100699067107 4.6246645301580411 6.4424296393990508 8.2418038025498408 3.6714841090142709 4.8624664247036007 5.1350357383489627 5.5827688165009048 7.388501018285754 8.2331014052033407 4.0839328169822693 5.1579346209764463 4.7414182275533676 1.787871368229389 5.4021179974079132 1.6906602010130884 1.477256692945957
leaf_count=17 14 38 39 33 27 28 36 26 34 14 20 29 16 26 22 22
internal_value=0.00016979 -0.0152745 0.0137925 0.0579656 -0.0305279 -0.0100609 -0.00446215 -0.0211978 -0.0311501 0.000605938 -0.0445754 -0.0178754 0.120313 -0.0760771 0.139688 0.122536
internal_weight=82.7535 38.7837 43.9697 12.8573 32.3413 22.3145 31.1124 22.8706 17.4521 9.21897 17.2879 9.89935 8.62727 10.0268 6.8394 3.16792
internal_count=441 181 260 110 143 103 150 111 76 42 75 49 93 40 77 44
is_linear=0
shrinkage=0.1


Tree=23
num_leaves=17
num_cat=0
split_feature=24 10 25 10 24 21 20 26 21 24 1 23 1 23 24 2
split_gain=1.64181 2.99091 1.8693 1.76773 4.13261 2.12262 2.91995 2.71504 3.70715 2.48739 3.59574 3.22613 1.54155 1.52863 1.48583 0.970847
threshold=279.50000000000006 31.500000000000004 89.500000000000014 37.500000000000007 77.500000000000014 61.550000000000004 3.5000000000000004 11.450000000000001 85.050000000000011 59.500000000000007 1.5000000000000002 105.50000000000001 1.5000000000000002 133.49500000000003 56.500000000000007 1.0000000180025095e-35
decision_type=2 2 2 2 2 2 2 2 2 2 2 2 2 2 2 2
left_child=1 -1 3 4 15 6 12 14 13 11 -11 -10 -5 -9 -7 -3
right_child=-2 2 -4 5 -6 7 -8 8 9 10 -12 -13 -14 -15 -16 -17
leaf_value=0.090631040313302019 -0.041126868128709575 0.13884468309127823 -0.064874972685304524 0.10084957606774679 -0.019073712995905323 -0.011374816445640184 -0.027090131741606335 -0.096386610528104141 0.038645862531680807 0.12347013574351128 -0.025724111555144619 -0.064454546866164447 0.017681101606290436 -0.024138913675928294 0.082847999722285737 0.054410011418442872
leaf_weight=3.8664312418550244 8.6118839234113675 3.1225758194923383 4.1430252008140078 5.0857152417302114 5.7387276217341423 2.9606525972485533 5.6745664924383155 7.9771793037652987 4.8752206601202515 3.3004274219274512 3.1641118451952934 8.0406131781637651 3.9670776724815369 4.6273361295461655 3.8499577753245831 2.4149877522140741
leaf_count=32 37 31 16 28 25 20 26 26 39 25 16 33 19 19 27 22
internal_value=0.000162358 0.00504609 0.000246299 0.00440992 0.0403939 -0.00317126 0.0291505 -0.0154411 -0.0276483 -0.000192809 0.050446 -0.0255382 0.0644038 -0.0698632 0.0418882 0.102022
internal_weight=81.4205 72.8086 68.9422 64.7991 11.2763 53.5229 14.7274 38.7955 31.9849 19.3804 6.46454 12.9158 9.05279 12.6045 6.81061 5.53756
internal_count=441 404 372 356 78 278 73 205 158 113 41 72 47 45 47 53
is_linear=0
shrinkage=0.1


Tree=24
num_leaves=18
num_cat=0
split_feature=22 24 24 23 21 24 23 3 21 25 22 24 1 26 12 23 22
split_gain=1.56916 5.15351 4.29725 4.85729 2.64912 3.30657 6.40315 3.76707 3.39125 2.71602 2.78542 2.61155 1.80257 2.83517 2.24009 0.971531 0.123764
threshold=87.500000000000014 206.50000000000003 91.500000000000014 88.500000000000014 24.100000000000005 91.500000000000014 86.060000000000016 1.0000000180025095e-35 60.70000000000001 75.500000000000014 157.50000000000003 67.500000000000014 1.0000000180025095e-35 17.950000000000003 1.0000000180025095e-35 50.500000000000007 186.50000000000003
decision_type=2 2 2 2 2 2 2 2 2 2 2 2 2 2 2 2 2
left_child=1 2 3 -1 -2 6 7 16 9 10 -7 15 13 -8 -14 -9 -6
right_child=4 -3 -4 -5 5 8 12 11 -10 -11 -12 -13 14 -15 -16 -17 -18
leaf_value=-0.096380570383077541 0.070918579498529991 -0.11237992728831846 0.093578768391153588 0.042568790709367837 0.16263489935311229 -0.014184291203523972 -0.028316765598788818 0.13768544342906328 -0.082017862161362934 -0.053364618581496881 0.10941433400010621 -0.012476198243786993 -0.074136125707515738 0.084550183073175841 0.01629669928690098 0.037901433162624953 0.13002453471400752
leaf_weight=5.1757024973630923 6.025655359029769 4.9757005125284186 4.0088820457458487 4.8954012095928192 2.3100788835436097 4.1166864112019557 5.3769023269414902 2.3212744500488025 7.9127266667783251 5.277736522257328 3.2729468867182732 5.0321710780262947 7.4171295650303364 3.7974124774336815 4.3429933935403824 1.6833217255771158 2.3454342782497406
leaf_count=19 36 15 22 26 21 18 32 29 29 20 22 26 31 25 24 18 28
internal_value=0.000161293 -0.024899 0.00601566 -0.0288395 0.00796013 0.00108841 0.0199557 0.0731279 -0.0306565 0.00142655 0.0405588 0.0354799 -0.0148218 0.0184009 -0.0407394 0.0957415 0.146206
internal_weight=80.2882 19.0557 14.08 10.0711 61.2325 55.2068 34.6267 13.6923 20.5801 12.6674 7.38963 9.03677 20.9344 9.17431 11.7601 4.0046 4.65551
internal_count=441 82 67 45 359 323 234 122 89 60 40 73 112 57 55 47 49
is_linear=0
shrinkage=0.1


Tree=25
num_leaves=16
num_cat=0
split_feature=23 23 21 22 20 23 26 21 3 23 14 14 25 10 25
split_gain=1.37443 2.25675 2.73777 4.88462 2.24917 2.27208 2.17864 2.34587 1.59896 2.77789 2.7406 2.07715 1.82717 0.0636381 0.0125253
threshold=257.00000000000006 105.50000000000001 98.050000000000011 117.50000000000001 2.5000000000000004 150.50000000000003 24.100000000000005 88.300000000000011 1.0000000180025095e-35 37.850000000000009 1.0000000180025095e-35 1.0000000180025095e-35 73.500000000000014 47.500000000000007 54.500000000000007
decision_type=2 2 2 2 2 2 2 2 2 2 2 2 2 2 2
left_child=1 2 8 -4 6 -6 7 -3 11 -10 12 -1 -11 14 -5
right_child=-2 4 3 13 5 -7 -8 -9 9 10 -12 -13 -14 -15 -16
leaf_value=0.074526018846305192 0.05117608110050164 -0.04824610456717239 -0.028710827216736845 0.12381110027334158 -0.037614623323609681 0.050995035122591043 -0.082273634652883509 0.042571756992093222 -0.060677510326305056 0.02291321972025577 0.081182799226640012 -0.014348262212066304 -0.063414700705682545 0.14010337796440558 0.11103447070260752
leaf_weight=5.4150653351098281 4.950434621423482 8.0700350403785723 3.4470379687845689 1.433065362274647 5.1654606983065587 6.5799014940857887 8.339362680912016 4.3921889737248412 8.5613018721342105 5.3506669178605062 4.0332635790109626 5.1126529090106487 4.5253355093300343 1.935287859290838 1.6515438538044689
leaf_count=36 29 32 17 17 23 38 30 29 35 30 28 25 19 20 33
internal_value=0.00016315 -0.00324894 0.0122215 0.0629485 -0.0229585 0.0120256 -0.0427118 -0.0162382 -0.000794377 -0.0158616 0.0117231 0.0313654 -0.0166436 0.125889 0.11697
internal_weight=78.9626 74.0122 41.4652 8.46694 32.5469 11.7454 20.8016 12.4622 32.9983 22.4706 13.9093 10.5277 9.876 5.0199 3.08461
internal_count=441 412 260 87 152 61 91 61 173 112 77 61 49 70 50
is_linear=0
shrinkage=0.1


Tree=26
num_leaves=18
num_cat=0
split_feature=10 21 23 26 21 26 23 26 26 24 21 22 24 12 22 23 24
split_gain=1.31399 1.28052 3.32139 1.79858 3.17369 1.31583 2.12773 1.31371 1.32057 0.95297 1.66105 2.26611 2.1235 3.05154 2.09111 2.0584 0.0295174
threshold=69.500000000000014 100.95000000000002 54.000000000000007 23.050000000000004 115.60000000000001 40.050000000000004 227.65000000000003 10.850000000000003 8.7500000000000018 289.50000000000006 55.650000000000006 165.50000000000003 91.500000000000014 1.0000000180025095e-35 156.50000000000003 96.500000000000014 49.500000000000007
decision_type=2 2 2 2 2 2 2 2 2 2 2 2 2 2 2 2 2
left_child=1 5 16 4 -4 6 7 8 -1 10 14 15 13 -13 -9 -12 -3
right_child=-2 2 3 -5 -6 -7 -8 9 -10 -11 11 12 -14 -15 -16 -17 -18
leaf_value=-0.012206858770181454 -0.04273399979109449 0.13532374908456166 0.11862426257234499 -0.036267685191410652 -0.014197844599416816 0.03821612063785388 0.066266199398866063 0.072004195072817259 0.063563427341293111 -0.063619801769584955 -0.028643195952690645 -0.020637821437266383 -0.066535870329853516 0.11508624104368954 -0.026291623459951421 -0.11424017318953805 0.11524888483417005
leaf_weight=5.7230351790785772 6.5407879203557959 1.4650930427014821 3.0091761685907823 5.4592422023415565 4.4731170050799847 6.774939388036727 3.5020684003829947 4.1047066897153872 3.8459175415337086 5.0742034763097754 7.4969636872410792 4.0683798883110267 2.9743212759494781 2.7943429797887802 4.5780898034572601 4.4931332468986511 1.4646719712764023
leaf_count=28 29 17 23 26 32 37 22 21 28 20 35 25 12 24 21 16 25
internal_value=0.00016257 0.00409766 0.0291421 0.00737614 0.0392196 -0.0030733 -0.00882261 -0.0146465 0.0182465 -0.0234917 -0.0168179 -0.0315343 0.0040387 0.0346259 0.0201768 -0.0607196 0.125288
internal_weight=77.8422 71.3014 15.8713 12.9415 7.48229 55.4301 48.6552 45.1531 9.56895 35.5841 30.5099 21.8271 9.83704 6.86272 8.6828 11.9901 2.92977
internal_count=441 412 123 81 55 289 252 230 56 174 154 112 61 49 42 51 42
is_linear=0
shrinkage=0.1


Tree=27
num_leaves=19
num_cat=0
split_feature=25 22 24 26 25 22 10 24 23 22 26 22 25 3 12 14 23 23
split_gain=1.28904 1.60724 4.23767 3.55882 3.47436 3.40185 2.97943 2.61314 2.1143 1.88018 2.30887 2.89312 2.20736 1.58584 1.56353 1.39571 2.09096 0.0453788
threshold=87.500000000000014 87.500000000000014 206.50000000000003 11.450000000000001 69.500000000000014 105.50000000000001 47.500000000000007 91.500000000000014 95.280000000000015 161.00000000000003 13.400000000000002 316.00000000000006 75.500000000000014 2.5000000000000004 1.0000000180025095e-35 1.0000000180025095e-35 96.500000000000014 84.500000000000014
decision_type=2 2 2 2 2 2 2 2 2 2 2 2 2 2 2 2 2 2
left_child=1 2 7 4 17 -5 -6 8 -1 13 -11 12 15 14 -7 16 -12 -3
right_child=-2 3 -4 5 6 9 -8 -9 -10 10 11 -13 -14 -15 -16 -17 -18 -19
leaf_value=-0.065001956587884449 -0.043179146862054159 0.12935992694194484 -0.10320520566967846 0.098472917844816321 0.097485446737739317 -0.048898841942994799 -0.036534477660893863 0.079566623376176829 0.029725595975215336 -0.053005798781186601 -0.042291333864835794 0.11775460110120273 0.079291726336949683 -0.072740207835835721 0.033344739823805765 -0.059779226236578081 0.059683301486955179 0.1510034591107568
leaf_weight=4.9947301745414752 6.299400106072425 1.9796146489679798 4.7172845005989066 3.2226479537785044 2.9147404301911592 4.6933403797447664 3.8496838472783566 3.6230053305625907 4.4603305459022522 4.676217811182144 3.748311376199128 2.8790029101073733 3.4399371091276398 6.5371888056397429 4.5549072548747063 4.0042327325791112 4.3377312161028385 1.8970123790204523
leaf_count=20 27 24 15 21 27 22 19 20 24 28 26 26 25 28 25 22 26 16
internal_value=0.000162594 0.00403367 -0.0219529 0.0128029 0.0644708 -0.000258539 0.0212137 0.00735499 -0.0203152 -0.00844402 0.00974237 0.0256813 0.00861274 -0.0350407 -0.00839259 -0.0114969 0.0124126 0.139951
internal_weight=76.8293 70.5299 17.7954 52.7346 10.6411 42.0935 6.76442 13.0781 9.45506 38.8709 23.0854 18.4092 15.5302 15.7854 9.24825 12.0903 8.08604 3.87663
internal_count=441 414 79 335 86 249 46 64 44 228 153 125 99 75 47 74 52 40
is_linear=0
shrinkage=0.1


Tree=28
num_leaves=19
num_cat=0
split_feature=16 23 25 23 24 7 1 3 24 24 22 26 24 21 22 22 22 1
split_gain=1.34285 4.16144 3.05477 2.48823 2.58324 2.60946 4.79835 2.29918 1.99752 2.62617 6.59904 2.54504 1.44226 1.22875 0.596498 0.48904 0.0803108 0.00327536
threshold=1.0000000180025095e-35 90.500000000000014 74.500000000000014 105.50000000000001 143.50000000000003 1.0000000180025095e-35 1.0000000180025095e-35 0.40000000000000008 124.50000000000001 78.500000000000014 87.500000000000014 7.6500000000000012 67.500000000000014 30.650000000000002 168.50000000000003 201.00000000000003 183.50000000000003 1.0000000180025095e-35
decision_type=2 2 2 2 2 2 2 2 2 2 2 2 2 2 2 2 2 2
left_child=3 13 -3 8 5 7 -7 -5 9 10 -1 -12 16 -2 -9 -11 -13 -18
right_child=1 2 -4 4 -6 6 -8 14 -10 15 11 12 -14 -15 -16 -17 17 -19
leaf_value=-0.068170903793093207 -0.051882433686731483 0.1339597001138961 0.0043188201992406796 0.01496658481124977 -0.089988895280680631 0.10099275407449732 -0.048847421898530904 -0.08826359003479245 0.088754146748291768 -0.012118169941507372 -0.057281947804162681 0.13906049128380232 0.045651007675627964 0.018539592950392154 -0.0408130119918928 -0.056485096945580265 0.1114904212802636 0.11836520015377516
leaf_weight=4.6327811926603379 5.1466792449355143 4.4231796413660041 3.0854755453765392 5.5555565282702544 5.3678747639060012 4.5806015282869321 4.006401851773262 5.2804900854825956 3.1903923004865637 4.7916204966604692 1.2707251328974951 2.6467131935060006 3.7034427262842655 4.7777490355074406 5.31670281291008 5.1596862003207207 1.4723657742142677 1.3092553354799747
leaf_count=18 21 34 15 31 19 29 18 20 21 21 10 29 27 31 26 22 30 19
internal_value=0.000166802 0.0245171 0.0806873 -0.00711644 -0.0271048 -0.0134606 0.0310825 -0.0371403 0.0142415 0.00472744 0.0311024 0.075314 0.0937653 -0.0179804 -0.0644572 -0.0351221 0.126591 0.114726
internal_weight=75.7177 17.4331 7.50866 58.2846 30.1076 24.7398 8.587 16.1527 28.177 24.9866 15.0353 10.4025 9.13178 9.92443 10.5972 9.95131 5.42833 2.78162
internal_count=441 101 49 340 143 124 47 77 197 176 133 115 105 52 46 43 78 49
is_linear=0
shrinkage=0.1


Tree=29
num_leaves=19
num_cat=0
split_feature=16 23 25 23 24 21 1 24 24 22 24 12 21 22 21 21 22 26
split_gain=1.1062 3.4661 2.6555 2.0609 2.16993 2.22228 1.84613 1.62925 2.2196 5.15875 2.54576 2.22739 1.12499 1.08538 1.00412 0.701749 0.068533 0.000526791
threshold=1.0000000180025095e-35 90.500000000000014 74.500000000000014 105.50000000000001 143.50000000000003 72.250000000000014 1.0000000180025095e-35 124.50000000000001 92.500000000000014 87.500000000000014 67.500000000000014 1.0000000180025095e-35 115.60000000000001 341.50000000000006 30.650000000000002 100.95000000000002 183.50000000000003 13.850000000000003
decision_type=2 2 2 2 2 2 2 2 2 2 2 2 2 2 2 2 2 2
left_child=3 14 -3 7 5 -5 12 8 9 -1 13 -12 -7 16 -2 -8 -11 -18
right_child=1 2 -4 4 -6 6 15 -9 -10 10 11 -13 -14 -15 -16 -17 17 -19
leaf_value=-0.067081817667921817 -0.047097067223220906 0.12574220566710706 0.0038844678146500349 0.041221692392903728 -0.083250336053110427 0.029555061947447982 -0.08716101331413259 0.080795880028084244 -0.049540738409357681 0.13643367770870582 -0.035571340900281211 0.070728137841800695 -0.041264880673008 0.024581822264295818 0.01673218236792667 -0.031658877627865345 0.10938392656582972 0.11282608881063445
leaf_weight=4.8772012889385321 5.1049230322241801 4.2501242458820334 3.0873364433646202 5.892793767154223 5.2295363992452613 5.7287288382649439 4.8786852173507196 3.1560339257121077 5.8056143745779982 2.70314848795533 4.0960296131670475 3.7999295927584171 3.6864254847168922 1.3659071587026117 4.7651524357497692 4.2735149785876274 0.85806516744196393 0.92270494438707829
leaf_count=19 21 34 15 29 19 36 22 21 23 31 21 27 18 15 31 19 21 19
internal_value=0.000181851 0.0224156 0.0744689 -0.00649807 -0.0247824 -0.0122821 -0.0292628 0.0131816 0.00444624 0.0212764 0.0526271 0.0155853 0.0018261 0.102625 -0.0162811 -0.0612449 0.126399 0.111167
internal_weight=74.4819 17.2075 7.33746 57.2743 29.6897 24.4601 18.5674 27.5846 24.4286 18.623 13.7458 7.89596 9.41515 5.84983 9.87008 9.1522 4.48392 1.78077
internal_count=441 101 49 340 143 124 95 197 176 153 134 48 54 86 52 41 71 40
is_linear=0
shrinkage=0.1


Tree=30
num_leaves=17
num_cat=0
split_feature=23 23 25 20 21 26 24 21 23 21 10 26 13 21 23 26
split_gain=1.11287 2.21007 1.56534 3.30138 5.11069 3.40694 3.50307 3.21394 2.55317 1.56078 1.15912 1.9239 1.8862 1.82448 0.37066 0.0995471
threshold=11.000000000000002 19.500000000000004 73.500000000000014 2.5000000000000004 94.15000000000002 23.050000000000004 83.500000000000014 30.100000000000005 127.80000000000001 75.950000000000017 52.500000000000007 11.15 1.0000000180025095e-35 67.200000000000017 118.50000000000001 14.15
decision_type=2 2 2 2 2 2 2 2 2 2 2 2 2 2 2 2
left_child=-1 -2 3 5 7 6 8 -5 15 -7 11 -4 -13 -14 -9 -3
right_child=1 2 10 4 -6 9 -8 14 -10 -11 -12 12 13 -15 -16 -17
leaf_value=0.058170800079287689 -0.070685061699028676 0.11662113189352688 0.056799018373668513 0.0212920559086845 -0.042429072687068907 -0.088955097332429359 -0.031373304246465526 0.11335576375345613 0.015587020535087599 -0.014278267836490572 -0.051106412593863483 -0.058260168966451135 0.057455023997065549 -0.031858391988861673 0.16225367183587364 0.15080646812544629
leaf_weight=3.1668945308774701 4.4436729028820983 1.4940314292907735 4.1476123854517999 4.0878964737057668 4.0317850727587929 5.0088774263858777 5.500940952450037 3.4604148641228676 3.5557160973548889 6.3430743999779224 7.018336057662963 7.0849221860989937 4.3439076170325279 4.8307830207049847 2.8083182349801064 1.9816735126078127
leaf_count=24 27 28 28 25 26 18 24 29 22 36 32 36 23 24 20 19
internal_value=0.00018568 -0.00243234 0.00218411 0.0152507 0.0530908 -0.00754504 0.0284005 0.0902762 0.0751637 -0.0472283 -0.0160504 -0.00399418 -0.0195017 0.0104285 0.135261 0.136112
internal_weight=73.3089 70.142 65.6983 38.2727 14.3884 23.8843 12.5324 10.3566 7.03142 11.352 27.4256 20.4072 16.2596 9.17469 6.26873 3.4757
internal_count=441 417 390 247 100 147 93 74 69 54 143 111 83 47 49 47
is_linear=0
shrinkage=0.1


Tree=31
num_leaves=18
num_cat=0
split_feature=23 23 23 23 26 21 22 25 25 10 10 3 3 3 24 21 25
split_gain=0.962822 1.4302 2.45064 2.87687 2.08029 1.79015 3.25211 1.51535 3.1107 2.03081 2.34585 1.62044 1.311 1.26561 0.542819 0.031504 0.00308335
threshold=257.00000000000006 186.00000000000003 148.50000000000003 105.50000000000001 20.250000000000004 98.050000000000011 117.50000000000001 53.500000000000007 64.500000000000014 52.500000000000007 40.500000000000007 2.5000000000000004 1.1000000000000003 1.0000000180025095e-35 73.500000000000014 103.95000000000002 54.500000000000007
decision_type=2 2 2 2 2 2 2 2 2 2 2 2 2 2 2 2 2
left_child=1 2 3 5 -3 7 -7 -1 -9 10 11 13 -5 -10 -4 -8 -17
right_child=-2 4 14 12 -6 6 15 8 9 -11 -12 -13 -14 -15 -16 16 -18
leaf_value=-0.055715713497706078 0.044628523311366824 0.019675609505815612 0.033031948098266102 -0.08134944242288504 -0.069533016009286436 -0.0195391135364213 0.13257136958301124 0.095125970390082581 0.010336924218211812 -0.06124820668196912 0.072831032786855168 0.046942678780792231 -0.01609299660227885 -0.06304040394163582 0.090622989873959864 0.11566363116850174 0.10875978453862439
leaf_weight=4.2673717141151455 4.5683710947632781 4.2164528183639032 3.3517368473112574 5.6192735172808153 6.8782767653465271 3.1140140108764163 1.1339556379243734 3.5831409096717861 4.0838617160916382 5.0227191671729079 4.5349227618426076 3.5757479518651953 6.8090815357863903 5.5383770056068897 3.19830172508955 1.4702602475881579 1.1551773790270088
leaf_count=19 29 24 21 23 28 17 19 28 25 19 33 24 37 25 19 23 28
internal_value=0.000197872 -0.00280683 0.00364337 -0.00390433 -0.0356301 0.00992131 0.0560388 -0.00043557 0.00852084 -0.00511615 0.0107829 -0.0105373 -0.0455976 -0.0318977 0.0611529 0.118642 0.112626
internal_weight=72.121 67.5527 56.4579 49.9079 11.0947 37.4795 6.87341 30.6061 26.3388 22.7556 17.7329 13.198 12.4284 9.62224 6.55004 3.75939 2.62544
internal_count=441 412 360 320 52 260 87 173 154 126 107 74 60 50 40 70 51
is_linear=0
shrinkage=0.1


Tree=32
num_leaves=17
num_cat=0
split_feature=22 22 21 23 24 23 2 10 20 21 3 23 7 7 23 22
split_gain=0.998111 1.75301 1.71009 1.47216 3.69502 1.97881 1.85355 1.93471 1.82721 2.96442 2.57121 1.61843 1.23777 0.786199 0.604013 0.0941159
threshold=40.500000000000007 67.500000000000014 24.100000000000005 73.250000000000014 67.500000000000014 95.280000000000015 1.5000000000000002 43.000000000000007 2.5000000000000004 77.050000000000011 2.5000000000000004 196.27000000000001 0.45000000000000007 1.0000000180025095e-35 16.500000000000004 183.50000000000003
decision_type=2 2 2 2 2 2 2 2 2 2 2 2 2 2 2 2
left_child=-1 -2 12 4 14 -5 7 -6 10 -10 11 -7 -3 -12 -4 -16
right_child=1 2 3 5 6 8 -8 -9 9 -11 13 -13 -14 -15 15 -17
leaf_value=0.046725347262510313 -0.046919573115819117 0.091702648489962013 0.043443285108283408 -0.064578560320655606 -0.0119219510906351 -0.023552987744851248 -0.054040447614779968 0.084970203126805907 0.092401533723868765 -0.01765585541923477 -0.0072239444659756239 -0.10383412120401923 0.0053940521374721178 0.058942762779974747 0.14828691577240208 0.11192452654718746
leaf_weight=4.3286426439881316 7.9437009319663039 3.5084009766578665 1.1292050704360037 6.5315065998584023 5.7456188537180406 6.7381400242447906 4.8265800811350337 3.2133794240653515 4.3876265771687013 5.5344361551105976 3.8400184847414485 4.0028824955224991 3.1566541008651257 3.3733026459813118 1.4056054074317219 1.4420624123886225
leaf_count=26 34 23 18 39 31 39 23 24 27 32 20 15 18 22 15 35
internal_value=0.000190809 -0.00282557 0.0031278 -0.00296588 0.020414 -0.0150353 -0.00408311 0.022831 -0.00342724 0.0310125 -0.0224596 -0.0534715 0.0508258 0.0237189 0.105332 0.129873
internal_weight=71.1078 66.7791 58.8354 52.1704 17.7625 34.4079 13.7856 8.959 27.8764 9.92206 17.9543 10.741 6.66506 7.21332 3.97687 2.84767
internal_count=441 415 381 340 146 194 78 55 155 59 96 54 41 42 68 50
is_linear=0
shrinkage=0.1


Tree=33
num_leaves=17
num_cat=0
split_feature=10 3 23 23 23 3 26 23 23 1 7 10 10 26 22 14
split_gain=0.901883 0.955561 2.98571 2.38788 2.46759 2.60327 2.35078 2.59043 2.5471 1.70136 1.697 3.18329 1.84691 3.10125 1.51628 1.76412
threshold=69.500000000000014 1.7500000000000002 226.50000000000003 150.50000000000003 105.50000000000001 1.0000000180025095e-35 45.800000000000004 227.65000000000003 163.50000000000003 1.0000000180025095e-35 1.0000000180025095e-35 40.500000000000007 47.500000000000007 16.650000000000002 161.00000000000003 1.0000000180025095e-35
decision_type=2 2 2 2 2 2 2 2 2 2 2 2 2 2 2 2
left_child=1 2 3 4 5 9 7 8 10 14 12 -12 13 -3 -1 -16
right_child=-2 6 -4 -5 -6 -7 -8 -9 -10 -11 11 -13 -14 -15 15 -17
leaf_value=-0.024006062379128577 -0.037776065348647636 0.1008310341301665 -0.096531135492273878 0.068743973682565074 -0.065984670251049246 -0.040023779818241269 0.10109400123869104 0.090824906064070995 -0.061823587046091283 0.10755961666573705 -0.0050054894188531164 0.12996768786265359 -0.045896304635561463 -0.030147182146844975 0.12942926663821 -0.0088373120167358956
leaf_weight=4.3783421739935999 5.747537173330783 3.2121328879147857 3.4600996151566497 4.4921120181679717 6.0336076505482188 6.864568766206502 2.9215004444122306 3.2948396503925315 5.796615555882453 2.6959180887788525 4.0895395278930655 3.0509397769346833 6.5557716749608517 4.1347195766866207 1.919812654145062 1.7768029887229204
leaf_count=24 29 37 14 30 25 39 21 23 26 24 29 24 32 23 26 15
internal_value=0.000185768 0.00355924 -0.00886841 0.00190251 -0.0107832 0.00810283 0.0154475 0.00714416 -0.00312847 0.0387752 0.0130399 0.052665 -0.0073118 0.0271181 0.0158107 0.0629705
internal_weight=70.4249 64.6773 31.6213 28.1612 23.6691 17.6354 33.0561 30.1346 26.8397 10.7709 21.0431 7.14048 13.9026 7.34685 8.07496 3.69662
internal_count=441 412 197 183 153 128 215 194 171 89 145 53 92 60 65 41
is_linear=0
shrinkage=0.1


Tree=34
num_leaves=18
num_cat=0
split_feature=25 10 24 16 26 23 26 1 26 22 22 23 2 26 25 22 21
split_gain=0.851923 1.05284 2.88196 1.36654 2.91968 2.34748 1.77539 1.95002 1.18539 4.10612 3.09413 3.17058 1.53307 1.49283 1.12908 0.935413 0.0116486
threshold=87.500000000000014 37.500000000000007 77.500000000000014 1.0000000180025095e-35 31.050000000000004 91.90000000000002 23.750000000000004 1.5000000000000002 14.350000000000003 146.50000000000003 97.000000000000014 105.50000000000001 1.5000000000000002 11.850000000000003 71.500000000000014 146.50000000000003 93.000000000000014
decision_type=2 2 2 2 2 2 2 2 2 2 2 2 2 2 2 2 2
left_child=1 2 15 6 5 -5 8 -8 10 -10 -3 13 -11 -12 -4 -1 -17
right_child=-2 3 14 4 -6 -7 7 -9 9 12 11 -13 -14 -15 -16 16 -18
leaf_value=0.039517280316180459 -0.036403940503962437 -0.096702530802907957 0.031473431077535564 -0.062424834549911649 0.10762886171297624 0.053812713978172257 0.00041770316764850809 -0.077812324332608429 0.10380310240864832 0.021401703938453046 0.1299479620693591 -0.040111676853579643 -0.065563045836708481 0.0084210924834330608 -0.039680841740241161 0.12621307023764844 0.11384812746423512
leaf_weight=2.7930112201720467 5.8251093365252009 3.6165447011590031 3.9630686677992326 3.6737720407545549 3.224421963095665 3.2964184693992138 5.8053950425237399 7.0628243684768677 4.3259097337722769 4.6513254232704622 2.3496049949899298 5.127953864634037 3.5929610906168818 1.7739507406949995 5.0999422892928123 1.3995495289564135 1.6722010644152758
leaf_count=23 27 12 26 18 25 24 35 31 30 31 30 26 15 17 21 15 35
internal_value=0.000195071 0.00355621 0.0267791 -0.00359137 0.0289462 -0.00745251 -0.0122507 -0.0425195 0.00306109 0.0249021 -0.0182743 0.0123844 -0.0164986 0.0776672 -0.00856654 0.0813998 0.119482
internal_weight=69.254 63.4289 14.9278 48.5011 10.1946 6.97019 38.3065 12.8682 25.4383 12.5702 12.8681 9.25151 8.24429 4.12356 9.06301 5.86476 3.07175
internal_count=441 414 120 294 67 42 227 66 161 76 85 73 46 47 47 73 50
is_linear=0
shrinkage=0.1


Tree=35
num_leaves=18
num_cat=0
split_feature=23 23 25 10 24 25 16 23 23 22 24 7 21 24 22 25 21
split_gain=0.841835 1.825 1.30704 1.42016 2.16168 1.56674 1.35394 2.21251 1.49142 2.15883 2.32172 1.66961 1.21436 1.89097 1.93389 0.219118 0.0596879
threshold=11.000000000000002 19.500000000000004 87.500000000000014 37.500000000000007 101.50000000000001 69.500000000000014 1.0000000180025095e-35 90.500000000000014 105.50000000000001 163.50000000000003 92.500000000000014 1.1000000000000003 48.45000000000001 60.500000000000007 201.00000000000003 70.500000000000014 90.450000000000017
decision_type=2 2 2 2 2 2 2 2 2 2 2 2 2 2 2 2 2
left_child=-1 -2 3 4 5 -3 8 -8 9 15 16 12 -10 -14 -15 -5 -11
right_child=1 2 -4 6 -6 -7 7 -9 11 10 -12 -13 13 14 -16 -17 -18
leaf_value=0.052518923703267897 -0.067219913502884407 0.13593986969981078 -0.047073537410672002 -0.031555983828441485 -0.0086220687938934389 0.036868367178520899 -0.019909203531874788 0.08009344211274938 -0.089107389671596982 0.14311824908023732 -0.01425339746846755 0.030528138464871526 -0.065978596312297591 0.054354525627765493 -0.047183327140904903 0.0018590791293747713 0.11384475592564991
leaf_weight=2.9420213820412746 4.044810462743043 2.570524766109882 4.9586072526872149 4.1153151318430883 5.8292213827371597 4.2115258974954486 4.1997097786515933 4.6753504946827888 3.9201446473598542 1.3808680176734927 1.9341535866260526 4.1426448188722125 6.4326488971710187 4.0907095447182655 3.4642642438411713 3.7512461319565773 1.4054515268653629
leaf_count=24 27 33 23 22 32 36 25 36 15 13 11 23 29 24 16 19 33
internal_value=0.000195456 -0.00216818 0.00213948 0.00648751 0.0360351 0.0744183 -0.0020763 0.0327718 -0.0110053 0.0164593 0.0699215 -0.026683 -0.0399178 -0.026132 0.00779527 -0.0156217 0.128352
internal_weight=68.0692 65.1272 61.0824 56.1238 12.6113 6.78205 43.5125 8.87506 34.6374 12.587 4.72047 22.0504 17.9078 13.9876 7.55497 7.86656 2.78632
internal_count=441 417 390 367 101 69 266 61 205 98 57 107 84 69 40 41 46
is_linear=0
shrinkage=0.1


Tree=36
num_leaves=18
num_cat=0
split_feature=10 23 23 26 17 24 21 3 7 1 2 26 22 22 1 25 21
split_gain=0.792659 1.04609 1.46315 1.48141 1.2955 1.76622 1.57367 3.98922 1.68225 1.33151 1.2016 1.4432 1.87348 1.30679 2.84061 1.01048 0.754347
threshold=69.500000000000014 11.000000000000002 15.300000000000002 8.4500000000000011 1.0000000180025095e-35 279.50000000000006 55.650000000000006 1.1000000000000003 1.0000000180025095e-35 1.0000000180025095e-35 1.5000000000000002 23.450000000000003 133.50000000000003 167.50000000000003 1.0000000180025095e-35 57.500000000000007 83.950000000000017
decision_type=2 2 2 2 2 2 2 2 2 2 2 2 2 2 2 2 2
left_child=1 -1 -3 -4 5 6 7 -5 10 -10 11 12 -8 -14 -15 -6 -12
right_child=-2 2 3 4 15 -7 8 -9 9 -11 16 -13 13 14 -16 -17 -18
leaf_value=0.064880461781131687 -0.036042113996856306 -0.077798587159967098 0.062467480434699255 -0.015951095193395087 0.0012177377979810638 -0.059181965962013083 0.087662418165182054 0.11641882406193869 0.064651637537813764 -0.01320537382370293 -0.091155029036955368 -0.055819971173845996 -0.077521286447221838 0.097771199495069627 -0.043260377072041126 0.080852758167979932 -0.026034220485072979
leaf_weight=2.6532004605978718 5.5375045910477629 2.2829771488904944 4.0070392275229088 5.7594365999102575 3.1382254762575021 5.5819605812430373 2.4715798199176851 3.7650584056973457 4.5379883674904686 4.2573265507817268 3.5570662654936305 4.5684174895286551 2.2030627615749818 2.3646063376218081 3.6062769116833806 3.2367998864501715 3.5582089256495237
leaf_count=23 29 14 34 27 24 24 17 27 38 26 14 23 12 27 24 31 27
internal_value=0.000197141 0.00345754 0.000690505 0.00385566 -0.000608851 -0.00643627 0.00080682 0.0363751 -0.0100775 0.0269654 -0.0246684 -0.00880423 0.0113721 -0.011696 0.0125914 0.0416509 -0.0585894
internal_weight=67.0867 61.5492 58.896 56.6131 52.606 46.231 40.649 9.5245 31.1245 8.79531 22.3292 15.2139 10.6455 8.17395 5.97088 6.37503 7.11528
internal_count=441 412 389 375 341 286 262 54 208 64 144 103 80 63 51 55 41
is_linear=0
shrinkage=0.1


Tree=37
num_leaves=20
num_cat=0
split_feature=23 23 23 23 22 22 24 22 21 21 22 23 0 10 26 20 25 26 26
split_gain=0.745026 1.1212 1.91279 1.80436 1.35154 1.80372 1.80715 1.5859 1.42273 1.51807 3.11832 1.30838 1.28334 1.24509 0.4317 0.314543 0.0269635 0.0112463 0.000529877
threshold=257.00000000000006 186.00000000000003 148.50000000000003 121.50000000000001 40.500000000000007 60.500000000000007 67.500000000000014 91.000000000000014 22.150000000000002 32.650000000000006 130.00000000000003 78.90000000000002 1.0000000180025095e-35 43.000000000000007 17.950000000000003 2.5000000000000004 80.500000000000014 28.150000000000002 15.450000000000001
decision_type=2 2 2 2 2 2 2 2 2 2 2 2 2 2 2 2 2 2 2
left_child=1 2 3 4 -1 -6 7 -7 -8 -10 -11 16 -3 15 -4 -12 17 18 -9
right_child=-2 12 14 -5 5 6 8 11 9 10 13 -13 -14 -15 -16 -17 -18 -19 -20
leaf_value=0.079980222532163248 0.041176670283750709 -0.004842158548577234 0.032300447981759024 -0.051115985894392237 -0.075305268896985911 -0.029643122342796265 0.053264899054942805 0.10473564097280348 -0.077106628134023178 0.069548099300482322 -0.032104064441114667 0.02882326795233044 -0.077043482598551039 0.0084811478731814088 0.085719063643091523 -0.071460739840732743 0.13270891800804846 0.12207580418690218 0.10869830784073974
leaf_weight=2.2497983425855628 4.1552036963403216 6.4306088946759683 3.4253193810582152 6.7949853464961043 2.9169139415025702 2.0947438180446607 3.381045654416087 0.6493439530022449 3.4679618999362019 4.2897685132920769 3.8239961434155685 3.5145150404423475 3.9888110309839249 5.5251919925212851 2.7095915004611015 4.3301899917423725 0.92778482101857651 0.74817915074527253 0.70251875417307019
leaf_count=15 29 36 22 35 12 10 21 28 15 27 26 34 16 36 18 21 11 10 19
internal_value=0.000184866 -0.00256365 0.00348343 -0.00359615 0.0047643 0.000111818 0.00668732 0.0460846 -0.00702353 -0.0165322 -0.00484159 0.0703314 -0.0324826 -0.0281697 0.0558937 -0.053004 0.118511 0.112239 0.106795
internal_weight=66.1265 61.9713 51.5518 45.4169 38.622 36.3722 33.4552 8.63709 24.8182 21.4371 17.9691 6.54234 10.4194 13.6794 6.13491 8.15419 3.02783 2.10004 1.35186
internal_count=441 412 360 320 285 270 258 112 146 125 110 102 52 83 40 47 68 57 47
is_linear=0
shrinkage=0.1


Tree=38
num_leaves=17
num_cat=0
split_feature=24 24 24 24 21 10 25 25 1 23 20 26 11 26 3 1
split_gain=0.637715 1.20846 1.43292 1.45897 1.79204 1.11192 0.917731 1.44255 0.940421 2.52251 2.03917 1.44441 1.51749 1.50604 0.763314 0.221832
threshold=33.500000000000007 40.500000000000007 49.500000000000007 55.500000000000007 98.050000000000011 47.500000000000007 53.500000000000007 63.500000000000007 1.5000000000000002 143.00000000000003 2.5000000000000004 23.050000000000004 1.0000000180025095e-35 16.525000000000002 0.40000000000000008 1.5000000000000002
decision_type=2 2 2 2 2 2 2 2 2 2 2 2 2 2 2 2
left_child=-1 -2 15 -4 6 -6 -5 -8 9 11 -10 12 13 -9 -12 -3
right_child=1 2 3 4 5 -7 7 8 10 -11 14 -13 -14 -15 -16 -17
leaf_value=0.047108405738500489 -0.058723393301480943 0.08766122480455818 -0.061785372915566218 -0.038970535578734138 0.11940519073393795 0.01910120168481181 0.055654941378700119 0.046200418553327328 -0.07249108044477795 0.061837770203361953 -0.023013447940466808 0.040715705660675783 -0.062254219243754585 -0.047381208309253804 0.042812344363697845 0.038142615022239146
leaf_weight=2.7722434336319557 3.5320512205362311 1.7770024519413701 3.8602590551599851 6.4148223958909503 1.936541340779512 2.574409170076251 4.4211072474718085 3.8701671380549723 5.518179737031458 6.1758278459310523 3.6613618768751621 3.95369510911405 6.6175382696092129 3.094943530857563 3.395146083086729 1.8428483847528696
leaf_count=22 22 22 29 31 34 20 35 30 27 39 19 25 30 14 24 18
internal_value=0.000173616 -0.00190337 0.00149163 -0.00248477 0.00194869 0.0621615 -0.00381534 0.00172447 -0.00484629 0.00687699 -0.026953 -0.0124787 -0.0279628 0.00461747 0.00865777 0.0624515
internal_weight=65.4181 62.6459 59.1138 55.494 51.6337 4.51095 47.1228 40.708 36.2869 23.7122 12.5747 17.5363 13.5826 6.96511 7.05651 3.61985
internal_count=441 419 397 357 328 54 274 243 208 138 70 99 74 44 43 40
is_linear=0
shrinkage=0.1


Tree=39
num_leaves=18
num_cat=0
split_feature=10 23 23 26 17 24 21 21 24 23 23 3 22 2 23 26 20
split_gain=0.684246 0.868033 1.12343 1.15597 0.988623 1.55734 1.60567 1.16846 1.70868 1.75024 1.57503 1.51211 1.7892 1.0041 1.62998 0.930781 0.884992
threshold=69.500000000000014 11.000000000000002 19.500000000000004 8.4500000000000011 1.0000000180025095e-35 279.50000000000006 129.65000000000001 104.90000000000002 64.250000000000014 152.45000000000002 121.50000000000001 2.5000000000000004 151.50000000000003 1.5000000000000002 80.500000000000014 25.250000000000004 2.5000000000000004
decision_type=2 2 2 2 2 2 2 2 2 2 2 2 2 2 2 2 2
left_child=1 -1 -3 -4 5 6 7 8 9 -5 -9 13 -13 14 -10 -6 -16
right_child=-2 2 3 4 15 -7 -8 10 11 -11 -12 12 -14 -15 16 -17 -18
leaf_value=0.06042420994000039 -0.034092894612765455 -0.053849835421103054 0.057260497016074212 0.0061548497107601404 -0.00022020459245251806 -0.055393301119084359 -0.067595763404278461 0.0018969392815757513 0.062537445514715198 -0.1113980619153089 0.11395750719938327 0.11180810953372118 0.0089164980065419251 -0.03983828825658535 -0.045401683124122572 0.078281825456947174 0.020892340878014067
leaf_weight=2.5415207622572771 5.3499000892043105 3.5412168316543093 3.8275851914659134 2.5472174920141724 3.0947013404220334 5.3862604871392241 3.0423667449504128 2.7737895376048973 4.1717255860567155 2.5192329995334148 2.2895124591886997 2.8498203903436652 4.1528161577880383 5.4451924338936797 4.3086163997650129 2.9502658769488335 3.7805738709867001
leaf_count=23 29 26 33 30 27 24 20 28 28 11 19 20 28 26 22 26 21
internal_value=0.000156525 0.00325047 0.000686852 0.00432117 0.000212035 -0.00508041 0.00207355 0.00815761 0.000605544 -0.052297 0.0525682 0.011453 0.0507897 -0.00410432 0.0117655 0.038093 -0.0144184
internal_weight=64.5723 59.2224 56.6809 53.1397 49.3121 43.2671 37.8809 34.8385 29.7752 5.06645 5.0633 24.7087 7.00264 17.7061 12.2609 6.04497 8.08919
internal_count=441 412 389 363 330 277 253 233 186 41 47 145 48 97 71 53 43
is_linear=0
shrinkage=0.1


Tree=40
num_leaves=19
num_cat=0
split_feature=21 24 10 22 25 25 2 10 10 24 26 22 3 21 1 11 26 24
split_gain=0.653589 1.96577 1.86197 0.883361 0.862562 2.15051 6.16955 1.55356 1.41147 2.13092 1.57107 1.39031 1.1374 0.960705 0.802566 1.23182 0.497021 0.244295
threshold=15.100000000000001 279.50000000000006 31.500000000000004 40.500000000000007 48.500000000000007 63.500000000000007 1.0000000180025095e-35 52.500000000000007 40.500000000000007 62.500000000000007 17.150000000000002 169.50000000000003 2.5000000000000004 81.850000000000009 1.0000000180025095e-35 1.0000000180025095e-35 17.950000000000003 104.50000000000001
decision_type=2 2 2 2 2 2 2 2 2 2 2 2 2 2 2 2 2 2
left_child=-1 2 -2 -4 11 6 17 8 9 16 13 -5 -9 -10 15 -11 -7 -6
right_child=1 -3 3 4 5 7 -8 12 10 14 -12 -13 -14 -15 -16 -17 -18 -19
leaf_value=0.038516013520490638 0.080921903243861115 -0.080963659892534401 0.048531552985518173 -0.08430530362773303 0.11359961700623322 0.11448655675777807 -0.054881883262323121 -0.0068935083610131166 0.045588455538140421 0.027810685639029484 0.087273552129382773 0.00051463749383782174 -0.072326637711901884 -0.030770540084610699 -0.062970888506168388 -0.052901280030789026 0.025892783126834878 0.16470717015552713
leaf_weight=4.1502195596694937 2.8173734056763342 3.032666213810443 3.1942986398935309 3.4001945108175269 2.0613718703389163 1.207772419322285 3.0261259749531746 4.9757147673517448 3.037324517965315 3.8662995900958759 3.4602444544434547 4.476923837326467 5.6995427533984184 3.6012496631592512 5.1057917140424252 3.7009467259049416 1.3311839271336792 1.7120993211865423
leaf_count=27 32 14 21 17 26 27 15 27 19 29 31 36 26 27 23 17 13 14
internal_value=0.000143138 -0.00252415 0.00167317 -0.00247249 -0.0056883 -8.9628e-05 0.0514864 -0.00983496 0.00365881 -0.0155821 0.0326417 -0.0360983 -0.0418284 0.00416573 -0.0323345 -0.0116635 0.0680365 0.136788
internal_weight=63.8573 59.7071 56.6745 53.8571 50.6628 42.7857 6.7996 35.9861 25.3108 15.212 10.0988 7.87712 10.6753 6.63857 12.673 7.56725 2.53896 3.77347
internal_count=441 414 400 368 347 294 55 239 186 109 77 53 53 46 69 46 40 40
is_linear=0
shrinkage=0.1


Tree=41
num_leaves=17
num_cat=0
split_feature=23 23 23 23 24 26 7 10 22 24 21 23 26 22 26 20
split_gain=0.648713 0.821812 1.54377 2.15013 1.94887 1.09965 0.886282 1.42089 1.44623 2.05826 2.09965 1.35442 1.52216 1.31858 1.15694 0.343737
threshold=257.00000000000006 186.00000000000003 143.00000000000003 121.50000000000001 79.500000000000014 22.650000000000002 1.5500000000000003 52.500000000000007 138.00000000000003 67.500000000000014 36.900000000000013 65.000000000000014 14.15 156.50000000000003 16.525000000000002 1.5000000000000002
decision_type=2 2 2 2 2 2 2 2 2 2 2 2 2 2 2 2
left_child=1 2 3 6 -4 -3 7 8 11 15 -11 12 -1 -9 -12 -10
right_child=-2 5 4 -5 -6 -7 -8 13 9 10 14 -13 -14 -15 -16 -17
leaf_value=0.030281262195737482 0.039640067971709332 0.0082772189319436692 -0.001067876315082843 -0.063874790361431594 0.10546169593073451 -0.058758364679256436 -0.035675757878475212 -0.067266511326668499 0.03468290976516774 0.067530211179848504 0.0025497819554412804 0.011896683876252326 0.13868053873963304 0.012330308629072556 -0.068851955502296766 0.11491582101429353
leaf_weight=2.463674604892736 3.8997859545052043 4.4293121919035894 3.8459458965808144 5.3079018853604785 3.1027010902762413 5.4679360240697861 4.8379785325378171 3.9370823949575406 0.81417297152802293 2.4346179626882067 4.1044813729822618 4.4040074162185192 2.7317927647382021 4.415117597207427 5.0754514634609222 1.5515789818018673
leaf_count=15 29 27 26 27 22 25 37 18 22 18 35 27 28 26 25 34
internal_value=0.000140732 -0.00247348 0.00283271 -0.00437834 0.0464996 -0.028758 0.00421023 0.0102533 0.0228078 0.00228607 -0.0150311 0.0526948 0.0872779 -0.0251903 -0.0369272 0.0873037
internal_weight=62.8235 58.9238 49.0265 42.0779 6.94865 9.89725 36.77 31.932 23.5798 13.9803 11.6146 9.59947 5.19547 8.3522 9.17993 2.36575
internal_count=441 412 360 312 48 52 285 248 204 134 78 70 43 44 60 56
is_linear=0
shrinkage=0.1


Tree=42
num_leaves=18
num_cat=0
split_feature=1 20 22 23 13 22 22 14 25 25 26 25 25 24 23 21 24
split_gain=0.597641 2.22519 1.8572 2.04737 1.72325 2.00416 2.21606 1.80429 2.17925 1.72303 1.38046 1.99324 1.38022 1.85935 0.955833 0.419297 0.371002
threshold=1.5000000000000002 2.5000000000000004 172.50000000000003 146.00000000000003 1.0000000180025095e-35 117.50000000000001 67.500000000000014 1.0000000180025095e-35 64.500000000000014 65.500000000000014 21.350000000000005 68.500000000000014 69.500000000000014 92.500000000000014 78.90000000000002 104.90000000000002 92.500000000000014
decision_type=2 2 2 2 2 2 2 2 2 2 2 2 2 2 2 2 2
left_child=2 10 4 9 7 6 -6 8 -1 15 11 -2 -3 -14 16 -4 -11
right_child=1 12 3 -5 5 -7 -8 -9 -10 14 -12 -13 13 -15 -16 -17 -18
leaf_value=-0.0003570402313825334 0.051842809064915875 0.077057521485269564 0.12466850527187721 0.10999756471636489 -0.060064703311659411 -0.079092526131791935 0.044942459730494176 -0.027219421150687723 0.11853240676752796 0.058232723070600748 -0.072219847969039658 -0.054602968372952511 0.055210894848064157 -0.047700794509103903 -0.041278814790969766 0.043947456419827585 -0.0012681375156439107
leaf_weight=3.2275930121541023 3.1029448779299873 3.2236755378544313 1.4083989476785057 3.0227783471345893 3.564880043268202 5.4654210489243278 4.6070398837327957 4.4242773372679949 2.9518126407638192 2.0188689073547703 6.471971157938242 4.0620203129947186 3.1672583529725671 3.9390449412167072 3.9291975628584623 1.1848668525926767 2.1789345368742943
leaf_count=21 26 26 20 25 17 27 32 24 23 29 35 27 27 20 27 23 12
internal_value=0.000141482 -0.0122234 0.0079434 0.0373106 -0.00870586 -0.0322164 -0.000865373 0.0215309 0.0564347 0.0168152 -0.0387431 -0.0085043 0.0227861 -0.00183336 -0.00583137 0.0877869 0.0273479
internal_weight=61.951 23.9669 37.9841 13.743 24.241 13.6373 8.17192 10.6037 6.17941 10.7203 13.6369 7.16497 10.33 7.1063 8.127 2.59327 4.1978
internal_count=441 161 280 136 144 76 49 68 44 111 88 53 73 47 68 43 41
is_linear=0
shrinkage=0.1


Tree=43
num_leaves=18
num_cat=0
split_feature=24 24 24 24 21 10 1 20 22 23 22 11 26 23 25 25 26
split_gain=0.549168 0.933148 1.138 1.17639 1.27216 1.01679 0.792562 2.18654 1.53124 2.09454 1.82859 1.70495 1.42136 1.13617 0.48623 0.479403 0.239344
threshold=33.500000000000007 40.500000000000007 49.500000000000007 55.500000000000007 98.050000000000011 47.500000000000007 1.5000000000000002 2.5000000000000004 172.50000000000003 95.280000000000015 117.50000000000001 1.0000000180025095e-35 25.250000000000004 75.500000000000014 74.500000000000014 64.500000000000014 21.350000000000005
decision_type=2 2 2 2 2 2 2 2 2 2 2 2 2 2 2 2 2
left_child=-1 -2 15 -4 6 -6 8 16 10 14 13 -12 -9 -5 -10 -3 -8
right_child=1 2 3 4 5 -7 7 12 9 -11 11 -13 -14 -15 -16 -17 -18
leaf_value=0.044576862624001755 -0.053802898452488472 0.022004341444951253 -0.057723108678157109 0.061871673009283194 0.1154438697582626 0.013878809516035732 -0.040583509555767422 0.050153871598409894 0.03462451754482207 0.10635510229169892 -0.0017131610196395681 -0.091699957723795883 -0.03332943287574569 -0.0084998833245364998 -0.021783241613974953 0.097985070842597333 -0.074428316731291452
leaf_weight=2.6589251505210987 3.2689672242850056 1.7612119903787964 3.5850609270855776 3.8874449096620136 1.6562079493887711 2.434737715870142 4.4393134191632289 4.9338629618287069 3.0190501473844034 3.1589631140232086 4.5230384878814203 3.9392313845455647 3.4763705283403397 5.5983539186418056 3.0944536104798317 1.5712621724233029 3.9474499374628067
leaf_count=22 22 17 29 25 34 20 23 35 28 28 27 17 20 31 19 23 21
internal_value=0.00013275 -0.00189442 0.00118935 -0.002462 0.00165608 0.0549971 -0.00330139 -0.0203833 0.00723935 0.0402372 -0.00980822 -0.0436025 0.015646 0.0203396 0.00607277 0.0578293 -0.0565135
internal_weight=60.9539 58.295 55.026 51.6935 48.1085 4.09095 44.0175 16.797 27.2205 9.27247 17.9481 8.46227 8.41023 9.4858 6.1135 3.33247 8.38676
internal_count=441 419 397 357 328 54 274 99 175 75 100 44 55 56 47 40 44
is_linear=0
shrinkage=0.1


Tree=44
num_leaves=17
num_cat=0
split_feature=16 23 25 1 26 26 26 24 21 7 26 25 22 26 7 22
split_gain=0.55242 1.93402 1.82733 1.03058 1.66975 1.38216 1.87631 1.82504 1.19658 1.39407 2.09095 1.83126 1.49576 1.48866 1.36798 0.715948
threshold=1.0000000180025095e-35 90.500000000000014 74.500000000000014 1.5000000000000002 36.100000000000009 14.050000000000002 21.350000000000005 92.500000000000014 61.550000000000004 1.0000000180025095e-35 12.900000000000002 77.500000000000014 87.500000000000014 21.850000000000005 1.5500000000000003 117.50000000000001
decision_type=2 2 2 2 2 2 2 2 2 2 2 2 2 2 2 2
left_child=3 15 -3 8 5 7 -7 -5 -1 10 11 -10 -12 -14 -11 -2
right_child=1 2 -4 4 -6 6 -8 -9 9 14 12 -13 13 -15 -16 -17
leaf_value=0.045213510855591776 0.019891091158931909 0.11185531167137022 -7.958930237323062e-05 0.0042243599112172523 -0.085352464660891067 0.065730258462500274 -0.029144349159482327 -0.10363156400027229 0.098600573093377178 0.096581043015392637 -0.10380673983061339 -0.035927925002814963 -0.051088181470864483 0.039100675625481585 -9.1518689240599937e-05 -0.040173836132790519
leaf_weight=6.3147170543670681 3.4965732693672162 3.2197977453470221 2.6660258024930954 3.5116239818744388 3.5350968427956095 4.1405218131840211 4.1979088112711906 2.8357846140861511 2.3368812631815699 2.3094154382124534 2.9689050316810599 1.7845823615789411 5.4884515441954118 2.7457423834130168 3.9974592067301273 4.5887547638267279
leaf_count=39 21 34 15 33 18 37 25 10 38 24 12 14 35 23 32 31
internal_value=0.000123841 0.0175463 0.0611536 -0.00514857 -0.0236519 -0.00879965 0.0179665 -0.0439616 0.00691562 -0.00426442 -0.0205504 0.0403501 -0.0429548 -0.0210142 0.0353075 -0.0141982
internal_weight=60.1382 13.9712 5.88582 46.1671 18.2209 14.6858 8.33843 6.34741 27.9462 21.6314 15.3246 4.12146 11.2031 8.23419 6.30687 8.08533
internal_count=441 101 49 340 123 105 62 43 217 178 122 52 70 58 56 52
is_linear=0
shrinkage=0.1


Tree=45
num_leaves=18
num_cat=0
split_feature=25 25 22 26 24 3 14 26 7 21 25 25 2 25 10 25 22
split_gain=0.525139 1.60935 1.6809 1.31602 0.935873 1.76685 2.85768 2.68931 2.05775 2.2818 2.05657 1.28715 1.03371 1.58698 1.55863 1.2066 0.812762
threshold=48.500000000000007 41.500000000000007 161.00000000000003 50.750000000000007 279.50000000000006 1.0000000180025095e-35 1.0000000180025095e-35 23.450000000000003 1.0000000180025095e-35 69.850000000000009 71.500000000000014 83.500000000000014 1.0000000180025095e-35 67.500000000000014 47.500000000000007 70.500000000000014 133.50000000000003
decision_type=2 2 2 2 2 2 2 2 2 2 2 2 2 2 2 2 2
left_child=1 2 -1 4 5 6 7 16 12 -10 -11 -8 13 -7 -15 -14 -2
right_child=3 -3 -4 -5 -6 8 11 -9 9 10 -12 -13 15 14 -16 -17 -18
leaf_value=-0.04274824073175474 0.18848266223792443 -0.073472493180317608 0.077699052608145414 0.068543060930769395 -0.039179632143928403 0.053549439475551998 0.025957643295342989 -0.00098778927803155176 0.10911499056655878 0.050202765840590129 -0.061605301096552406 -0.062650740203468822 -0.106284118829514 0.0050795205665331552 -0.077732235060296181 -0.024012775153361473 0.096930070739879817
leaf_weight=2.3908122032880765 1.4964094646275024 3.6013032961636782 2.2481354903429747 2.9655050085857502 5.4341958835721007 3.0206766123883488 3.8832445917651057 2.5343274511396885 2.6121463030576688 3.5747334416955709 3.0476854396983981 2.8371374979615211 2.9524063826538613 5.3871804801747185 3.9314016187563539 4.4993460681289434 2.7546974872238934
leaf_count=15 12 19 28 26 30 31 36 17 20 33 20 12 16 39 22 30 35
internal_value=0.000105811 -0.023315 0.0156232 0.00389512 -0.000101782 0.00489116 0.0347708 0.0805485 -0.00901206 0.029967 -0.00125212 -0.0114501 -0.0271998 -0.00943953 -0.0298578 -0.0566089 0.129157
internal_weight=59.1713 8.24025 4.63895 50.9311 47.9656 42.5314 13.5058 6.78543 29.0256 9.23457 6.62242 6.72038 19.791 12.3393 9.31858 7.45175 4.25111
internal_count=441 62 43 379 353 323 112 64 211 73 53 48 138 92 61 46 47
is_linear=0
shrinkage=0.1


Tree=46
num_leaves=19
num_cat=0
split_feature=16 23 25 24 21 12 21 10 3 24 24 2 21 22 3 23 22 3
split_gain=0.526531 1.55228 1.52045 0.927739 0.899234 1.2999 2.42487 2.90609 1.8123 3.479 2.46198 1.11219 1.08036 0.966537 1.49238 0.769693 0.555352 0.247989
threshold=1.0000000180025095e-35 90.500000000000014 74.500000000000014 252.00000000000003 55.650000000000006 1.0000000180025095e-35 82.250000000000014 37.500000000000007 2.5000000000000004 51.500000000000007 68.500000000000014 1.5000000000000002 39.750000000000007 121.50000000000001 1.7500000000000002 144.25000000000003 117.50000000000001 2.5000000000000004
decision_type=2 2 2 2 2 2 2 2 2 2 2 2 2 2 2 2 2 2
left_child=3 16 -3 4 12 6 -6 17 9 -7 -10 15 -1 -9 -15 -11 -2 -8
right_child=1 2 -4 -5 5 8 7 13 10 11 -12 -13 -14 14 -16 -17 -18 -19
leaf_value=-0.0079440886276916194 0.019147923583881482 0.10547507965375949 0.0014730038198876552 -0.06288096505317059 -0.080153190580585121 0.16014824177862649 0.06543371806338244 -0.063836348008061802 -0.071695160965988755 0.080191375639627277 0.041592862674448547 -0.037895672172934047 0.070627365487698435 -0.045102995873019656 0.062883791825032453 0.0012489034140059712 -0.034397501950198868 0.12999790897263372
leaf_weight=3.5137429572641841 3.4091357067227346 3.0387668069452047 2.6156539544463158 2.6188936755061141 5.8193813711404827 1.9252370325848476 1.1988066826015704 3.953661769628523 4.6259048669598988 2.3896086011081934 3.2773965056985617 2.9862854294478893 3.4863870814442635 2.9506028443574905 2.2600552565418184 2.5563415624201298 4.4855108503252268 1.1809536800719795
leaf_count=21 21 34 15 14 29 22 18 20 29 25 24 22 22 28 27 17 31 22
internal_value=9.96218e-05 0.0173705 0.0573652 -0.00513032 -0.00153994 -0.00806251 -0.027519 -0.000986101 0.0109588 0.0395613 -0.0247161 0.0102936 0.0311881 -0.0265538 0.00173487 0.0393895 -0.011275 0.0974736
internal_weight=58.2923 13.5491 5.65442 44.7433 42.1244 35.1242 17.3635 11.5441 17.7608 9.85747 7.9033 7.93224 7.00013 9.16432 5.21066 4.94595 7.89465 2.37976
internal_count=441 101 49 340 326 283 144 115 139 86 53 64 43 75 55 42 52 40
is_linear=0
shrinkage=0.1


Tree=47
num_leaves=19
num_cat=0
split_feature=21 24 10 1 11 1 25 26 21 21 24 21 22 26 22 25 21 10
split_gain=0.485724 0.93634 0.997982 1.12215 0.930004 0.793818 1.5109 2.41226 2.35535 1.88087 1.35281 1.30349 1.10271 1.32992 1.09665 2.13834 1.0644 0.705516
threshold=15.100000000000001 252.00000000000003 34.000000000000007 1.0000000180025095e-35 1.0000000180025095e-35 1.5000000000000002 68.500000000000014 14.350000000000003 67.200000000000017 84.300000000000026 103.50000000000001 113.90000000000002 201.00000000000003 23.750000000000004 172.50000000000003 65.500000000000014 75.950000000000017 40.500000000000007
decision_type=2 2 2 2 2 2 2 2 2 2 2 2 2 2 2 2 2 2
left_child=-1 2 3 4 -2 6 14 10 -9 -10 -8 12 13 -7 17 -16 -14 -4
right_child=1 -3 5 -5 -6 11 7 8 9 -11 -12 -13 16 -15 15 -17 -18 -19
leaf_value=0.034442293561810958 0.062157951973802854 -0.058523872168536752 -0.072267377178346096 0.10028753755445324 -0.040982305830462834 0.036061323701374236 0.021493046593409559 0.12858977198754348 -0.044041914435261037 0.078154662055900145 -0.066934649953437939 0.03739923207290597 -0.020035976157712996 -0.047184158638879092 0.089578477251809133 -0.058240246524190423 -0.10041273193164024 -0.01341601201893736
leaf_weight=3.8438456878066054 1.6267448342405251 2.8123417235910884 3.8237876296043414 2.0174596244469285 1.8898850958794355 3.6349739013239759 4.099298200570046 3.3373464196920377 2.3908905535936356 2.662156755104661 2.993366613984108 3.151346141472458 3.0459064319729805 4.0656268298625946 2.179724235553294 1.7759933471679685 3.5888073174282908 4.3593134749680758
leaf_count=27 30 16 19 22 14 30 35 27 13 29 13 28 16 23 34 12 24 29
internal_value=0.000107614 -0.00236133 0.000757552 0.0408359 0.00672896 -0.00415941 0.00639558 0.0271042 0.063395 0.0203364 -0.0158267 -0.020832 -0.0336331 -0.00788915 -0.0200182 0.0232125 -0.0635129 -0.040916
internal_weight=57.2988 53.455 50.6426 5.53409 3.51663 45.1085 27.6219 15.4831 8.39039 5.05305 7.09266 17.4867 14.3353 7.7006 12.1388 3.95572 6.63471 8.1831
internal_count=441 414 398 66 44 332 211 117 69 42 48 121 93 53 94 46 40 48
is_linear=0
shrinkage=0.1


Tree=48
num_leaves=17
num_cat=0
split_feature=16 24 25 1 26 26 24 26 24 3 22 26 23 23 21 24
split_gain=0.498583 1.30196 1.37516 0.786422 1.43278 1.11856 1.56155 1.365 0.907469 1.57527 1.51396 1.99346 0.813932 0.74145 0.73402 2.85054
threshold=1.0000000180025095e-35 103.50000000000001 66.500000000000014 1.5000000000000002 36.100000000000009 14.050000000000002 92.500000000000014 21.350000000000005 63.500000000000007 2.5000000000000004 87.500000000000014 17.950000000000003 124.50000000000001 133.49500000000003 61.550000000000004 78.500000000000014
decision_type=2 2 2 2 2 2 2 2 2 2 2 2 2 2 2 2
left_child=3 -2 -3 8 5 6 -5 -7 10 14 -1 12 -12 -11 -10 -16
right_child=1 2 -4 4 -6 7 -8 -9 9 13 11 -13 -14 -15 15 -17
leaf_value=-0.067900549164376711 0.068185147677858077 0.052234612788941051 -0.028846308753461586 0.0060716061575278348 -0.08095823228815463 0.058684962540465804 -0.096717308678335029 -0.025015636767163198 0.02836969197615969 0.098368480205146422 0.025665707554663499 0.09501883860879462 -0.070010276615200748 0.026118214674990554 0.056084511628153103 -0.078790706721919124
leaf_weight=3.7886882647871989 3.6228718832135192 3.1113079413771612 6.3835388533771038 3.2863971297629195 3.2997597418725482 3.9462930411100388 2.6858516409993172 3.8484737239778042 4.6026593595743197 2.8668658016249529 1.532647582003847 1.9680670034140346 2.1178127657622099 2.8151060827076435 2.6443703304976225 3.8460136391222477
leaf_count=19 35 28 38 33 18 37 10 25 28 29 33 27 15 18 28 20
internal_value=0.000105866 0.0171831 -0.0022774 -0.00507376 -0.0217757 -0.0075905 -0.0401548 0.0173599 0.00581334 0.0197549 -0.0190474 0.0138953 -0.0298407 0.0625724 -0.00217667 -0.0238386
internal_weight=56.3667 13.1177 9.49485 43.249 17.0668 13.767 5.97225 7.79477 26.1822 16.775 9.40722 5.61853 3.65046 5.68197 11.093 6.49038
internal_count=441 101 66 340 123 105 43 62 217 123 94 75 48 47 76 48
is_linear=0
shrinkage=0.1


Tree=49
num_leaves=17
num_cat=0
split_feature=23 3 23 25 25 13 23 23 20 26 23 10 11 26 23 24
split_gain=0.455807 1.17359 1.02718 1.6319 1.08942 0.866956 0.740513 1.62222 1.42053 1.9339 0.894826 0.999614 2.56978 0.997171 0.832429 0.335965
threshold=75.500000000000014 1.0000000180025095e-35 34.000000000000007 70.500000000000014 73.500000000000014 1.0000000180025095e-35 143.00000000000003 163.50000000000003 2.5000000000000004 23.050000000000004 133.49500000000003 52.500000000000007 1.0000000180025095e-35 16.750000000000004 205.50000000000003 89.500000000000014
decision_type=2 2 2 2 2 2 2 2 2 2 2 2 2 2 2 2
left_child=1 5 3 -3 15 -1 10 -8 9 -9 11 12 13 -2 -10 -4
right_child=6 2 4 -5 -6 -7 7 8 14 -11 -12 -13 -14 -15 -16 -17
leaf_value=0.0069496965230460839 0.099145011722247267 -0.078697145743150537 0.029328109051065327 0.020706985629987032 -0.019335534999681395 0.079086975218559286 0.075135891826615245 0.011994943525749554 -0.0054428970636214505 -0.078566816227633687 -0.073779610085594124 -0.052058677609143095 -0.058588971353521029 0.014939907862044636 0.068024359835030399 0.091434741671223063
leaf_weight=3.060616766568276 2.2595897978171724 3.5838481006212515 1.6913497871719303 3.063041518907994 3.2233551330864429 3.6562360567040741 2.9421341586858061 5.0721907280385476 3.0631180927157393 4.4065777808427811 2.7803996801376334 4.2668719887733451 3.7796379160135984 3.7243524715304375 3.1062512788921595 1.7957746107131241
leaf_count=38 30 28 25 25 23 35 24 38 19 21 13 23 25 31 27 16
internal_value=8.23952e-05 0.0121197 -0.00502624 -0.0328894 0.0225729 0.0462167 -0.00674337 0.00701002 -0.00579888 -0.0301062 -0.0219526 -0.011682 0.00596333 0.0467365 0.0315476 0.0613113
internal_weight=55.4753 20.0742 13.3574 6.64689 6.71048 6.71685 35.4011 18.5903 15.6481 9.47877 16.8109 14.0305 9.76358 5.98394 6.16937 3.48712
internal_count=441 190 117 53 64 73 251 129 105 59 122 109 86 61 46 41
is_linear=0
shrinkage=0.1


Tree=50
num_leaves=18
num_cat=0
split_feature=10 21 23 21 22 21 21 3 22 3 22 23 1 26 10 3 10
split_gain=0.428699 0.58097 1.21297 1.25116 0.911215 0.804645 2.44255 1.66562 1.6772 1.65296 1.56214 1.42829 1.01071 0.657936 0.8646 0.271247 0.268656
threshold=69.500000000000014 100.95000000000002 73.250000000000014 132.25000000000003 193.50000000000003 55.650000000000006 45.150000000000013 1.1000000000000003 111.50000000000001 1.0000000180025095e-35 161.00000000000003 105.50000000000001 1.5000000000000002 17.500000000000004 43.000000000000007 1.1000000000000003 40.500000000000007
decision_type=2 2 2 2 2 2 2 2 2 2 2 2 2 2 2 2 2
left_child=1 5 15 4 -4 6 7 11 -9 10 -7 -1 13 14 -11 -3 -14
right_child=-2 2 3 -5 -6 9 -8 8 -10 12 -12 -13 16 -15 -16 -17 -18
leaf_value=0.0095999384667365129 -0.030239665197711926 0.046095037193213707 0.067998339668706081 -0.050624165244318647 -0.01122858101069564 -0.018582828229613251 0.095882098268991287 -0.017414718359237968 0.086103371946551224 0.0072639541174314946 0.084953579454397007 -0.078035359786533712 -0.0410293416613371 0.014635385399696619 -0.070421534178622028 0.12300808857499175 -0.081403851893841084
leaf_weight=3.5837898403406161 4.3008605390787116 0.7291913628578176 3.2645250353962165 2.5926502402871847 2.6141952704638243 3.0287200808525112 2.9860302470624438 3.1453867964446545 3.1153241656720638 2.655216841958465 2.8085650242865086 3.8659677878022194 3.3107915073633185 5.1071235034614801 3.1114104138687253 1.2353111715056 3.2817230373620987
leaf_count=23 29 23 29 19 22 20 23 19 28 24 35 20 25 34 20 30 18
internal_value=6.63557e-05 0.00265066 0.0236629 0.00724532 0.0327671 -0.00283136 0.0139246 -0.00392504 0.0340958 -0.0148367 0.0312329 -0.0358774 -0.0302333 -0.0115028 -0.0346516 0.0944592 -0.0611276
internal_weight=54.7368 50.4359 10.4359 8.47137 5.87872 40 16.6965 13.7105 6.26071 23.3036 5.83729 7.44976 17.4663 10.8738 5.76663 1.9645 6.59251
internal_count=441 412 123 70 51 289 113 90 47 176 55 43 121 78 44 53 43
is_linear=0
shrinkage=0.1


Tree=51
num_leaves=18
num_cat=0
split_feature=16 23 25 25 24 26 10 21 22 21 24 25 13 24 22 26 10
split_gain=0.417285 1.40399 1.06929 0.703757 1.04597 0.916869 0.91886 0.873932 1.18328 1.12231 1.5569 1.29785 0.834691 2.37276 0.46991 0.419118 0.212128
threshold=1.0000000180025095e-35 90.500000000000014 74.500000000000014 89.500000000000014 252.00000000000003 9.3500000000000032 37.500000000000007 72.250000000000014 161.00000000000003 88.000000000000014 59.500000000000007 68.500000000000014 1.0000000180025095e-35 77.500000000000014 117.50000000000001 23.050000000000004 47.500000000000007
decision_type=2 2 2 2 2 2 2 2 2 2 2 2 2 2 2 2 2
left_child=3 14 -3 4 5 -1 12 8 -8 16 11 15 13 -7 -2 -11 -9
right_child=1 2 -4 -5 -6 6 7 9 -10 10 -12 -13 -14 -15 -16 -17 -18
leaf_value=0.058444862005987454 0.017044138146497974 0.098495530623764135 0.0078761323500283649 -0.056913404589064298 -0.066439636048401682 0.090232114869267563 -0.010860909365247327 -0.035126858043724764 0.070934816807628198 -0.028925168923042744 0.061653365168841456 0.022562467237866934 0.075434974641374927 -0.055847981256350446 -0.033820760043436086 -0.086094262604513791 -0.069325042107051468
leaf_weight=2.7228264892473808 3.1799857132136804 2.7555979825556278 2.4686804190278053 2.4381807558238497 2.3331983834505072 1.8907924061641086 5.0526179298758533 3.4932867139577892 2.7210410349071026 2.7269808957353217 2.8349480610340825 3.5843493118882179 2.5778932967223227 2.6992768906056881 4.2352261617779732 2.4207286741584539 3.7726867683231831
leaf_count=37 21 34 15 13 13 35 30 21 20 26 30 34 31 14 31 16 20
internal_value=6.9639e-05 0.0159674 0.0556742 -0.00479939 -0.00152715 0.00262256 -0.00187769 -0.0104388 0.0177703 -0.0220827 -0.00273479 -0.023639 0.0299003 0.00432696 -0.0120075 -0.0558091 -0.0528835
internal_weight=53.9083 12.6395 5.22428 41.2688 38.8306 36.4974 33.7746 26.6066 7.77366 18.833 11.567 8.73206 7.16796 4.59007 7.41521 5.14771 7.26597
internal_count=441 101 49 340 327 314 277 197 50 147 106 76 80 49 52 42 41
is_linear=0
shrinkage=0.1


Tree=52
num_leaves=17
num_cat=0
split_feature=23 10 26 23 22 22 26 25 22 24 20 26 26 26 23 10
split_gain=0.416922 0.547981 0.700894 0.70848 0.735197 1.04281 1.17387 2.31033 1.49998 2.22321 1.34492 1.34248 0.769633 0.502232 0.361396 0.00357464
threshold=257.00000000000006 69.500000000000014 45.800000000000004 223.50000000000003 87.500000000000014 116.50000000000001 10.850000000000003 75.500000000000014 163.50000000000003 91.500000000000014 1.5000000000000002 17.950000000000003 16.750000000000004 14.350000000000003 118.50000000000001 47.500000000000007
decision_type=2 2 2 2 2 2 2 2 2 2 2 2 2 2 2 2
left_child=1 2 3 4 13 -6 7 15 12 10 14 -12 -8 -1 -10 -7
right_child=-2 -3 -4 -5 5 6 8 -9 9 -11 11 -13 -14 -15 -16 -17
leaf_value=-0.055001878137614459 0.03492186361349308 -0.040207341036412797 0.038556576593964359 -0.05511299538696323 0.055332279269444222 0.1140563005613478 -0.0082966306102859738 -0.012966162542561688 0.030260712129440027 -0.038449038619419562 0.031578181311392679 0.14130784243229816 -0.072654837138580883 -0.0057342363595812035 -0.034123162400971158 0.12197361951424397
leaf_weight=3.5125445723533613 3.2239249199628821 3.5224001444876185 4.425140904262661 2.4818351529538623 3.9227450266480473 1.0878511061891942 3.1757223792374161 3.2532008327543736 1.6645952258259042 5.7063892241567364 2.5768725513480604 1.9653175720013676 4.4785486161708832 5.0350280702114105 1.8305812217295168 1.1985699599608777
leaf_count=18 29 25 37 13 32 28 23 23 30 36 34 24 27 33 12 17
internal_value=7.01771e-05 -0.00218434 0.00070743 -0.00329087 -2.72116e-05 0.00716116 0.000146331 0.041174 -0.0104751 0.00928343 0.0431726 0.0790561 -0.0459529 -0.0259803 -0.00346002 0.118207
internal_weight=53.0613 49.8373 46.3149 41.8898 39.408 30.8604 26.9376 5.53962 21.398 13.7438 8.03737 4.54219 7.65427 8.54757 3.49518 2.28642
internal_count=441 412 387 350 337 286 254 68 186 136 100 58 50 51 42 45
is_linear=0
shrinkage=0.1


Tree=53
num_leaves=18
num_cat=0
split_feature=25 25 22 26 24 25 23 2 3 14 22 7 23 10 26 22 22
split_gain=0.397992 1.21289 1.11653 0.976021 0.724301 1.2039 3.22686 2.68888 1.10155 2.00555 1.42369 1.12567 2.66583 1.14045 1.50095 0.689366 0.430808
threshold=48.500000000000007 41.500000000000007 161.00000000000003 50.750000000000007 279.50000000000006 63.500000000000007 148.50000000000003 1.0000000180025095e-35 1.0000000180025095e-35 1.0000000180025095e-35 103.50000000000001 1.0000000180025095e-35 163.50000000000003 47.500000000000007 16.525000000000002 206.50000000000003 175.50000000000003
decision_type=2 2 2 2 2 2 2 2 2 2 2 2 2 2 2 2 2
left_child=1 2 -1 4 5 6 7 -2 9 10 -7 13 -13 14 -10 -11 -15
right_child=3 -3 -4 -5 -6 8 -8 -9 11 15 -12 12 -14 16 -16 -17 -18
leaf_value=-0.03559550368911512 0.073742932597640906 -0.067885155559434335 0.071394399364647573 0.063101690249166925 -0.036293589105049755 -0.0038863781292083088 0.15128968040788807 -0.085195868298403338 0.038926380302306614 0.016220629804881221 0.1129897613671931 0.073628781251384043 -0.057849952497379155 -0.091967096525228165 -0.045361172137279651 -0.052757927265153048 -0.039345871931149128
leaf_weight=2.0495647042989726 2.1774648153223088 3.1735046776011586 1.8611288778483865 2.5933675467967978 4.8907426409423342 1.593049935996534 1.9527511894702909 2.0823210852686316 3.8098707664757985 3.1300873714499176 3.0142979109659791 3.6987003008835009 2.6448807641863823 2.9292507618665686 4.7426722571253777 2.6974142957478762 3.318284010514617
leaf_count=15 34 19 28 26 30 9 20 15 38 24 38 36 17 16 32 20 24
internal_value=8.8292e-05 -0.0219524 0.0153218 0.00353699 -8.21895e-05 0.00460412 0.0448446 -0.00395149 -0.00331251 0.0232735 0.0725783 -0.0164333 0.0188103 -0.0315393 -0.0078139 -0.0157079 -0.0640181
internal_weight=52.3594 7.0842 3.91069 45.2752 42.6818 37.791 6.21254 4.25979 31.5785 10.4348 4.60735 21.1437 6.34358 14.8001 8.55254 5.8275 6.24753
internal_count=441 62 43 379 353 323 69 49 254 91 47 163 53 110 70 44 40
is_linear=0
shrinkage=0.1


Tree=54
num_leaves=17
num_cat=0
split_feature=12 21 21 10 26 22 3 22 3 14 22 26 14 22 24 14
split_gain=0.400958 1.2555 1.89161 2.52336 1.12522 1.32081 1.64603 2.3902 1.86611 2.7417 0.854157 1.84625 0.736502 0.67966 0.645346 0.640978
threshold=1.0000000180025095e-35 60.70000000000001 65.40000000000002 37.500000000000007 40.050000000000004 87.500000000000014 2.5000000000000004 117.50000000000001 1.1000000000000003 1.0000000180025095e-35 260.50000000000006 15.450000000000001 1.0000000180025095e-35 189.50000000000003 143.50000000000003 1.0000000180025095e-35
decision_type=2 2 2 2 2 2 2 2 2 2 2 2 2 2 2 2
left_child=1 14 -3 15 5 -2 7 -7 9 -9 11 -5 -8 -10 -1 -4
right_child=4 2 3 10 -6 6 12 8 13 -11 -12 -13 -14 -15 -16 -17
leaf_value=0.060018160947350345 -0.038902737336391956 -0.10739090425837959 0.12385909026590017 0.046948701549762849 0.073909299617827939 0.15154142742640767 -0.053836638322323098 0.062789560981877324 0.11770574259813359 -0.059679399585906137 -0.072599736882651839 -0.049996572393886496 0.014885890234456876 0.036051331425899717 -0.0025798939784182004 0.02314912339666881
leaf_weight=3.147585071623328 6.0339573454111877 2.3512337952852276 1.4286125698126844 3.1750053721480054 2.3798800557851783 1.5488447193056369 3.9327234495431176 3.0734441117383522 1.8901299480348823 4.5108483824878931 3.3862323262728742 5.1521805431693792 2.5841868491843343 2.2127201100811362 3.4543228037655354 1.1333151063881814
leaf_count=21 36 11 30 32 20 15 29 38 17 32 31 39 26 23 25 16
internal_value=9.63922e-05 -0.00962987 -0.0242797 -0.0105908 0.00811743 0.00204547 0.014554 0.0348097 0.0193397 -0.0100503 -0.0302532 -0.0130331 -0.0265857 0.0736685 0.0272649 0.0793082
internal_weight=51.3952 23.2285 16.6266 14.2753 28.1667 25.7869 19.7529 13.236 11.6871 7.58429 11.7134 8.32719 6.51691 4.10285 6.60191 2.56193
internal_count=441 205 159 148 236 216 180 125 110 70 102 71 55 40 46 46
is_linear=0
shrinkage=0.1


Tree=55
num_leaves=20
num_cat=0
split_feature=22 21 24 12 26 3 23 26 26 3 25 26 23 23 1 3 22 3 22
split_gain=0.863156 0.60201 1.14037 0.669504 1.69506 1.36978 1.21922 1.07619 1.80993 0.943825 0.888253 1.25534 0.752126 0.65571 1.0735 0.61505 0.746832 0.569265 0.433366
threshold=21.000000000000004 15.100000000000001 279.50000000000006 1.0000000180025095e-35 18.150000000000002 2.5000000000000004 86.060000000000016 16.525000000000002 14.050000000000002 1.0000000180025095e-35 61.500000000000007 23.050000000000004 91.90000000000002 54.000000000000007 1.5000000000000002 1.0000000180025095e-35 198.50000000000003 1.1000000000000003 126.50000000000001
decision_type=2 2 2 2 2 2 2 2 2 2 2 2 2 2 2 2 2 2 2
left_child=-1 -2 3 5 7 6 9 8 15 -3 12 -12 -7 -6 -15 16 -5 -8 -17
right_child=1 2 -4 4 13 10 17 -9 -10 -11 11 -13 -14 14 -16 18 -18 -19 -20
leaf_value=0.087929620881387366 0.039331222542247024 0.053057028615100171 -0.07459891048271243 0.056728708930678273 -0.0022751418795908455 0.0073380379590044717 -0.030202866472538455 -0.072582068425670096 0.083265147268424031 -0.035658629769684501 0.044585531059760583 -0.061767317852103154 0.10315845787669492 0.10095841834518271 0.022241735926362426 -0.071220267943765903 -0.02944134670383149 -0.084040493205743194 -0.014564485051201757
leaf_weight=1.094684176146983 3.3122844025492659 2.2095107240602392 2.2279624715447417 1.9262206112034634 2.351731750648467 1.5457495863083743 3.6874400787055492 2.4008869542740277 2.1729878736659876 2.622596887871623 2.1452888322528452 2.2994347796775401 1.7427344480529425 3.2344686160795391 3.7308395802974701 2.4306093798950315 2.1048874277621508 4.2021604767069221 3.0370642188936472
leaf_count=10 25 28 14 20 21 24 29 15 26 23 25 17 17 32 26 13 21 24 31
internal_value=0.000100339 -0.00184652 -0.0048069 -0.00126042 0.0102955 -0.0144743 -0.0346503 -0.0116089 0.000933322 0.00490715 0.0187166 -0.0104351 0.0581181 0.0433804 0.0587953 -0.0179013 0.0117341 -0.0588779 -0.0397503
internal_weight=50.4795 49.3849 46.0726 43.8446 23.3897 20.4549 12.7217 14.0727 11.6718 4.83211 7.73321 4.44472 3.28848 9.31704 6.96531 9.49878 4.03111 7.8896 5.46767
internal_count=441 431 406 392 205 187 104 126 111 51 83 42 41 79 58 85 41 53 44
is_linear=0
shrinkage=0.1


Tree=56
num_leaves=18
num_cat=0
split_feature=24 10 21 21 10 24 10 3 7 21 2 22 12 24 23 1 22
split_gain=0.393934 0.454107 0.460404 1.12484 0.991142 0.723733 1.37576 0.703903 1.18815 1.3703 2.01762 1.5736 1.16911 0.989007 0.961593 0.846081 0.00418201
threshold=33.500000000000007 69.500000000000014 100.95000000000002 129.65000000000001 47.500000000000007 63.500000000000007 47.500000000000007 2.5000000000000004 0.90000000000000013 55.650000000000006 1.5000000000000002 91.000000000000014 1.0000000180025095e-35 159.00000000000003 146.00000000000003 1.0000000180025095e-35 83.500000000000014
decision_type=2 2 2 2 2 2 2 2 2 2 2 2 2 2 2 2 2
left_child=-1 2 5 4 16 6 -2 8 9 11 12 -7 -11 -13 15 -9 -4
right_child=1 -3 3 -5 -6 7 -8 14 -10 10 -12 13 -14 -15 -16 -17 -18
leaf_value=0.041195063320159715 0.0083871166649707972 -0.03532689250580992 0.11966108595136421 -0.035331076469159228 0.019553628138500506 -0.0280799577396975 -0.10650734295734937 0.032949960886241941 -0.052636571328569096 -0.027405907945072885 -0.084307463480881639 0.024521034412648662 0.064503106056773299 0.10596790720818261 0.074280337712635133 -0.040980585571399164 0.10923479681171211
leaf_weight=2.2264639623463145 2.3494967326987526 3.7320418916642657 0.61066815257072349 2.2699844306334853 3.6122512477450073 2.9900979325175339 1.8730016611516473 3.9157172925770265 4.7209818791598073 3.1422671899199468 3.4251673920080066 3.3639840949326754 2.4734294079244137 2.6776179727166891 2.7526378929615021 2.5600070524960756 1.039654122199863
leaf_count=22 36 28 8 26 33 17 10 35 29 21 19 24 25 28 23 19 38
internal_value=8.39854e-05 -0.00184265 0.00101193 0.0235075 0.0488872 -0.00366324 -0.0425774 0.00146808 -0.00796577 0.0037033 -0.0238185 0.031253 0.0130753 0.060618 0.0247692 0.00372347 0.113093
internal_weight=49.7355 47.509 43.777 7.53256 5.26257 36.2444 4.2225 32.0219 22.7935 18.0726 9.04086 9.0317 5.6157 6.0416 9.22836 6.47572 1.65032
internal_count=441 419 391 105 79 286 46 240 163 134 65 69 46 52 77 54 46
is_linear=0
shrinkage=0.1


Tree=57
num_leaves=17
num_cat=0
split_feature=24 21 21 21 22 12 26 26 21 10 3 26 3 25 10 23
split_gain=0.338129 0.891782 0.929545 0.799771 1.54839 0.728417 1.28056 1.33813 1.21009 1.64181 0.912169 0.818628 0.757829 0.567477 0.564138 0.268163
threshold=279.50000000000006 28.350000000000005 32.650000000000006 55.650000000000006 156.50000000000003 1.0000000180025095e-35 18.150000000000002 16.525000000000002 82.250000000000014 37.500000000000007 1.7500000000000002 13.400000000000002 1.0000000180025095e-35 63.500000000000007 52.500000000000007 88.500000000000014
decision_type=2 2 2 2 2 2 2 2 2 2 2 2 2 2 2 2
left_child=1 -1 -3 4 -4 8 7 11 -5 15 -11 12 -7 -12 -8 -10
right_child=-2 2 3 5 -6 6 14 -9 9 10 13 -13 -14 -15 -16 -17
leaf_value=0.062483269268400102 -0.024137745478093501 -0.06233081505684257 0.093563945881376578 -0.055724241691959601 -0.0056330028060023836 0.034354346388759088 0.074370282796091466 -0.082223780623276732 0.046901264864312377 -0.054773309586798186 0.049748506578976087 0.06147693198879816 -0.041406428972023471 -0.018521783099512325 0.016641229787571144 0.12345101268628583
leaf_weight=2.3783215600997201 5.1564308963716021 2.2955064158886662 2.6734984926879397 5.6395557019859579 3.8246650751680136 2.1491485144943017 3.3147916337475172 2.1091610677540302 0.86146755446679779 3.6169160930439812 2.1615916220471263 2.0684210546314716 3.4236536538228393 2.7878229795023799 3.4593493472784758 0.97620439995080233
leaf_count=21 37 14 21 36 28 29 38 13 24 35 25 28 28 25 22 17
internal_value=8.18905e-05 0.0029371 -0.000486839 0.00314707 0.035179 -0.00324411 0.0114919 -0.0117115 -0.0184219 0.00179809 -0.016601 0.00775157 -0.0121893 0.0112944 0.0448898 0.0875659
internal_weight=48.8965 43.7401 41.3618 39.0662 6.49816 32.5681 16.5245 9.75038 16.0436 10.404 8.56633 7.64122 5.5728 4.94941 6.77414 1.83767
internal_count=441 404 383 369 49 320 158 98 162 126 85 85 57 50 60 41
is_linear=0
shrinkage=0.1


Tree=58
num_leaves=18
num_cat=0
split_feature=16 23 24 1 24 23 22 21 23 24 21 3 24 10 20 21 22
split_gain=0.325917 1.14431 0.942892 0.755099 1.09832 1.68009 1.11314 0.708494 1.40769 0.965168 1.37854 0.814013 1.7831 0.79088 0.696635 0.34249 0.270007
threshold=1.0000000180025095e-35 90.500000000000014 121.50000000000001 1.5000000000000002 91.500000000000014 107.50000000000001 117.50000000000001 111.55000000000003 172.50000000000003 112.50000000000001 93.65000000000002 2.5000000000000004 78.500000000000014 56.500000000000007 1.5000000000000002 30.650000000000002 89.500000000000014
decision_type=2 2 2 2 2 2 2 2 2 2 2 2 2 2 2 2 2
left_child=3 15 -3 7 5 6 -5 8 9 10 11 12 -1 -9 -7 -2 -12
right_child=1 2 -4 4 -6 14 -8 13 -10 -11 16 -13 -14 -15 -16 -17 -18
leaf_value=0.052270676666080755 -0.032699919973105139 0.10938774179642111 0.017398105613222675 -0.015227616176073301 -0.054928611530377369 -0.069285065387972952 0.10729013995539145 0.0082783583567691086 -0.035207294826696815 0.086289209925593413 0.052676503782869172 0.042113827732446929 -0.058826393597168292 -0.083525482697976397 0.0027933882722949283 0.012432895579683252 0.12653391450881077
leaf_weight=2.2572946818545514 3.5963643305003625 1.8045770982280371 2.9127778951078653 1.2181523405015453 6.0208702981472006 2.6629894450306892 1.8954499277751891 2.1273440397344525 4.2640229202806941 2.5312837436795226 0.89268595352768842 3.3690575798973441 4.0129968002438545 1.6790582556277511 2.7008496727794409 3.1576139777898788 1.1110205401200799
leaf_count=28 21 21 28 9 36 21 38 36 27 24 7 28 23 11 19 31 33
internal_value=8.17491e-05 0.0147963 0.0525878 -0.00451218 -0.0222692 0.0009263 0.0593568 0.00706117 0.0151699 0.0303247 0.0181576 0.00246947 -0.0188316 -0.0322176 -0.0329915 -0.0115995 0.0936292
internal_weight=48.2144 11.4713 4.71735 36.7431 14.4983 8.47744 3.1136 22.2448 18.4384 14.1743 11.6431 9.63935 6.27029 3.8064 5.36384 6.75398 2.00371
internal_count=441 101 49 340 123 87 47 217 170 143 119 79 51 47 40 52 40
is_linear=0
shrinkage=0.1


Tree=59
num_leaves=20
num_cat=0
split_feature=22 21 24 15 10 22 24 21 21 23 21 1 26 10 24 25 25 26 24
split_gain=0.38532 0.492582 0.945133 0.597623 1.12822 1.02026 0.746638 1.18693 1.0446 0.977316 2.39775 0.779472 2.65764 0.681476 0.649542 0.404969 0.0290182 0.00196947 0.000120936
threshold=28.500000000000004 15.100000000000001 279.50000000000006 1.0000000180025095e-35 52.500000000000007 65.500000000000014 91.500000000000014 75.950000000000017 56.400000000000013 73.250000000000014 84.300000000000026 1.0000000180025095e-35 18.500000000000004 40.500000000000007 62.500000000000007 76.500000000000014 78.500000000000014 17.950000000000003 68.500000000000014
decision_type=2 2 2 2 2 2 2 2 2 2 2 2 2 2 2 2 2 2 2
left_child=-1 -2 3 5 15 -3 7 -7 13 10 -9 12 -11 -8 -13 -5 17 18 -12
right_child=1 2 -4 4 -6 6 8 9 -10 11 16 14 -14 -15 -16 -17 -18 -19 -20
leaf_value=0.05296570892889655 0.036747971785276452 0.062490926685339399 -0.069778508164929573 0.035603293007794808 -0.077435347517965256 0.075567654138794516 -0.020963642814811501 -0.031632196045898051 -0.053017547572278834 -0.040380466535916121 0.10369208501393919 -0.0049792787362376465 0.098678825394001038 0.039462641787437087 -0.075211079663245028 -0.026831545504984507 0.13351387619887645 0.11198189362003548 0.10618954598065858
leaf_weight=1.3391532618552435 3.1451782174408427 2.7913432177156201 2.0937320366501799 2.1301058256067327 2.7467668075114489 2.5606956109404626 4.3900809157639724 2.2093725726008406 5.3121941052377224 3.6921292543411237 0.42005116585642122 2.5284953452646732 2.189276086166501 3.2466244492679834 2.7480832487344742 2.027948709204793 0.65356014296412457 0.7665481383446604 0.36011932324618101
leaf_count=13 25 24 14 26 18 19 32 18 33 37 29 22 26 28 19 17 7 21 13
internal_value=8.88057e-05 -0.00145014 -0.00425275 -0.00088797 -0.0277011 0.00457845 -0.000623225 0.0124768 -0.0189631 0.00209906 0.0419553 -0.0136522 0.0113825 0.00472564 -0.0415565 0.00515284 0.115847 0.108382 0.104845
internal_weight=47.3515 46.0123 42.8671 40.7734 6.90482 33.8686 31.0772 18.1283 12.9489 15.5676 4.40965 11.158 5.88141 7.63671 5.27658 4.15805 2.20028 1.54672 0.78017
internal_count=441 428 403 389 61 328 304 211 93 192 88 104 63 60 41 43 70 63 42
is_linear=0
shrinkage=0.1


Tree=60
num_leaves=17
num_cat=0
split_feature=22 21 25 26 26 26 11 23 10 1 7 22 10 24 23 25
split_gain=0.371578 1.08708 0.888191 0.734086 2.84468 1.40408 1.17182 1.15449 1.08943 0.641684 1.16243 1.05392 1.09515 0.546069 2.0047 0.111885
threshold=161.00000000000003 28.350000000000005 89.500000000000014 23.450000000000003 32.050000000000004 17.150000000000002 1.0000000180025095e-35 100.30000000000001 47.500000000000007 1.0000000180025095e-35 1.0000000180025095e-35 225.50000000000003 56.500000000000007 86.000000000000014 133.49500000000003 77.500000000000014
decision_type=2 2 2 2 2 2 2 2 2 2 2 2 2 2 2 2
left_child=3 -2 9 5 -5 6 8 -6 -1 10 11 -3 15 14 -11 -13
right_child=1 2 -4 4 7 -7 -8 -9 -10 13 -12 12 -14 -15 -16 -17
leaf_value=0.059638259842522551 0.078172428682754619 -0.027446556014162567 -0.062657329261327277 -0.0918348969185971 0.057441876336320599 0.068374016250566549 -0.047480487382771421 -0.024298669678572235 -0.021521308792668361 0.094420631157035584 0.097887501797726206 0.11338347745591862 -0.022434846424197765 -0.041301644301577456 -0.040068808473395383 0.066661653635443102
leaf_weight=3.2232004189863819 2.1001998148858574 3.7090575585607493 1.8921360485255707 4.2357119843363744 3.1075914655812085 2.9571104566566637 4.6562492409721017 3.8918119072914124 3.3971307221800089 1.7924286350607852 1.8789415757637469 1.2375282177235938 1.3068090006709097 3.4130096882581711 2.9040513820946217 0.87489838525652874
leaf_count=35 21 40 11 25 31 28 29 28 25 35 34 33 8 21 23 14
internal_value=8.9316e-05 0.00990013 0.00235704 -0.00804208 -0.0271511 0.00704131 -0.00904225 0.0119925 0.0179924 0.00954393 0.0279157 0.0094719 0.0495197 -0.0108617 0.0112596 0.0940328
internal_weight=46.5779 21.1091 19.0089 25.4688 11.2351 14.2337 11.2766 6.9994 6.62033 17.1167 9.00723 7.12829 3.41924 8.10949 4.69648 2.11243
internal_count=441 240 219 201 84 117 89 59 60 208 129 95 55 79 58 47
is_linear=0
shrinkage=0.1


Tree=61
num_leaves=17
num_cat=0
split_feature=22 21 26 26 25 26 25 20 23 26 26 26 22 11 10 22
split_gain=0.311026 0.913685 0.753448 1.2476 0.956391 1.01663 1.02553 0.94456 1.01567 0.613438 2.45428 1.14846 1.03081 0.960086 0.894963 0.297997
threshold=161.00000000000003 28.350000000000005 13.750000000000002 16.525000000000002 88.500000000000014 11.450000000000001 75.500000000000014 1.5000000000000002 62.500000000000007 23.450000000000003 32.050000000000004 17.150000000000002 64.500000000000014 1.0000000180025095e-35 47.500000000000007 224.50000000000003
decision_type=2 2 2 2 2 2 2 2 2 2 2 2 2 2 2 2
left_child=9 -2 4 -4 5 6 15 -5 -9 11 -11 13 -12 14 -1 -3
right_child=1 2 3 7 -6 -7 -8 8 -10 10 12 -13 -14 -15 -16 -17
leaf_value=0.054430139974566243 0.072868352198841413 0.038337596619995168 0.10219623267152662 -0.039115521607981658 -0.088333897191813837 -0.04721268831359976 -0.021802805932216274 -0.029545390963569014 0.061139714346765774 -0.087282879797857482 -0.031789437791852247 0.062115625643616057 0.045716805700461327 -0.043196643709442595 -0.019463641628318002 0.11694529405088204
leaf_weight=3.1807880643755215 2.031460706144574 0.87635282520204993 1.5821096135769028 3.049177870154379 1.6414495874196289 2.9712737565860152 1.8890665285289285 1.8722972823306916 3.6285622492432594 4.0222664792090637 3.1152264457195997 2.9309937153011552 3.8202214206103235 4.6088271783664823 3.3815092500299215 1.0724164140410719
leaf_count=35 21 17 28 30 8 33 18 22 36 25 23 28 36 29 25 27
internal_value=9.53273e-05 0.00919383 0.00223293 0.0206222 -0.0198156 -0.00329815 0.0307007 0.00552762 0.0302737 -0.00738908 -0.0251383 0.00640251 0.010903 -0.00821507 0.0163532 0.0815958
internal_weight=45.674 20.6142 18.5827 10.1321 8.45056 6.80911 3.83784 8.55004 5.50086 25.0598 10.9577 14.1021 6.93545 11.1711 6.5623 1.94877
internal_count=441 240 219 116 103 95 62 88 58 201 84 117 59 89 60 44
is_linear=0
shrinkage=0.1


Tree=62
num_leaves=17
num_cat=0
split_feature=24 21 21 21 0 12 21 10 3 24 14 3 22 2 25 23
split_gain=0.329243 0.671383 0.747558 0.621558 1.27409 0.60466 1.05325 1.10128 1.00128 1.33875 0.969242 0.814482 0.682619 0.545284 0.478069 0.291466
threshold=279.50000000000006 28.350000000000005 32.650000000000006 55.650000000000006 1.5000000000000002 1.0000000180025095e-35 82.250000000000014 37.500000000000007 2.5000000000000004 68.500000000000014 1.0000000180025095e-35 1.7500000000000002 201.00000000000003 1.5000000000000002 63.500000000000007 88.500000000000014
decision_type=2 2 2 2 2 2 2 2 2 2 2 2 2 2 2 2
left_child=1 -1 -3 4 -4 6 -5 15 10 -10 12 -9 -7 -12 -13 -8
right_child=-2 2 3 5 -6 8 7 11 9 -11 13 14 -14 -15 -16 -17
leaf_value=0.057594606443009615 -0.024486360934741561 -0.05779221366930587 0.071933297708787078 -0.053458363163514704 -0.020619469796115279 0.10220648799957442 0.033934543964888188 -0.050981925049175626 -0.053940304460782046 0.033875182673979591 0.034605316018174834 0.05241915954564659 0.024033902251427302 -0.042896824288649583 -0.013601905131770946 0.11901158268547851
leaf_weight=2.1380010452121487 4.8610074426978818 2.11357133463025 3.4937324086204162 5.1542547568678865 2.590022899210453 2.4343310610856843 0.77716542466077754 3.2448763120919466 4.0314978631213316 3.0489711128175259 1.8657973483204844 1.9262350345961747 2.0642763688229024 1.76807195530273 2.5471235415898263 0.83568807411938906
leaf_count=21 37 14 32 36 17 29 24 35 34 30 23 25 24 18 25 17
internal_value=8.95881e-05 0.00307368 -2.29369e-06 0.00341124 0.032531 -0.00255401 -0.0171769 0.0028641 0.0113695 -0.0161255 0.0353077 -0.0128403 0.0663354 -0.00310362 0.0148269 0.0780166
internal_weight=44.8946 40.0336 37.8956 35.782 6.08376 29.6983 14.4853 9.33109 15.2129 7.08047 8.13248 7.71823 4.49861 3.63387 4.47336 1.61285
internal_count=441 404 383 369 49 320 162 126 158 64 94 85 53 41 50 41
is_linear=0
shrinkage=0.1


Tree=63
num_leaves=18
num_cat=0
split_feature=22 22 24 7 21 22 0 24 23 20 24 0 20 24 25 21 26
split_gain=0.307122 0.669748 0.527697 0.932494 1.36805 1.42385 1.31961 0.774529 0.967526 1.70869 0.720538 1.65026 0.741393 0.882524 0.012745 0.00311779 0.000445209
threshold=42.500000000000007 60.500000000000007 91.500000000000014 0.90000000000000013 55.650000000000006 93.500000000000014 1.5000000000000002 80.500000000000014 73.250000000000014 2.5000000000000004 71.500000000000014 1.0000000180025095e-35 1.5000000000000002 49.500000000000007 78.500000000000014 89.15000000000002 18.150000000000002
decision_type=2 2 2 2 2 2 2 2 2 2 2 2 2 2 2 2 2
left_child=-1 -2 7 4 5 -4 -7 8 9 14 11 12 -10 -14 15 -3 -17
right_child=1 2 3 -5 -6 6 -8 -9 10 -11 -12 -13 13 -15 -16 16 -18
leaf_value=0.029792102420502897 -0.051847122879159102 0.11626542604097384 -0.033061904580653487 -0.049379958801502401 -0.041101708229617041 0.091242565302809386 -0.0064993545651902953 0.054834184373919473 -0.056244079171625938 -0.011588429979587089 -0.063285980288161944 0.081778261039617661 0.051292945189470363 -0.032832978079665738 0.12644248884765355 0.10321253027582217 0.10772402858282136
leaf_weight=3.228117471560835 2.5526072382926932 0.40549312531948689 2.7803564667701739 4.7592915855348101 4.7214790116995564 3.6117274183779955 2.2367029096931219 3.5084297824650994 3.307606363669036 2.442448410904035 2.1719613056629887 1.9952017823234189 2.250005342066288 2.7973543489351869 0.62174165062606324 0.40134043677244335 0.48075755964964628
leaf_count=29 16 6 17 32 33 39 20 29 38 33 16 27 19 29 9 32 17
internal_value=9.31633e-05 -0.00224263 0.00104691 -0.0113748 0.00217385 0.0258533 0.0538617 0.0120835 0.00319474 0.0438137 -0.0109215 6.71279e-05 -0.0194458 0.00466856 0.114685 0.109008 0.105671
internal_weight=44.2726 41.0445 38.4919 18.1096 13.3503 8.62879 5.84843 20.3823 16.8739 4.35178 12.5221 10.3502 8.35497 5.04736 1.90933 1.28759 0.882098
internal_count=441 412 396 141 109 76 59 255 226 97 129 113 86 48 64 55 49
is_linear=0
shrinkage=0.1


Tree=64
num_leaves=17
num_cat=0
split_feature=23 23 23 23 26 7 10 22 26 10 12 24 24 22 25 25
split_gain=0.278704 0.319141 1.09288 0.962714 0.87235 0.75078 0.558184 0.728837 1.21335 1.48016 0.915266 0.714229 1.36888 0.701437 0.509455 0.00529743
threshold=257.00000000000006 186.00000000000003 148.50000000000003 121.50000000000001 20.250000000000004 1.5500000000000003 52.500000000000007 139.50000000000003 15.750000000000002 36.000000000000007 1.0000000180025095e-35 154.00000000000003 76.500000000000014 156.50000000000003 73.500000000000014 74.500000000000014
decision_type=2 2 2 2 2 2 2 2 2 2 2 2 2 2 2 2
left_child=1 2 3 5 -3 6 7 11 9 -9 -10 12 -1 -8 -4 -11
right_child=-2 4 14 -5 -6 -7 13 8 10 15 -12 -13 -14 -15 -16 -17
leaf_value=0.013705038062463771 0.031479381358821529 0.021056373914964718 0.087092239630107968 -0.047415320929328278 -0.049289896880024074 -0.038982019435406627 -0.055609128567503198 -0.00602424676932296 -0.067320466441522495 0.11138149638770951 0.021259264965281813 -0.0013422459248616985 0.1212495145479906 0.01577506475664418 0.01385345719932967 0.1229838341296631
leaf_weight=2.4320174332242592 2.6594079229980698 2.9592698682099572 2.017126788385212 4.4045172818005076 4.3601330574601889 3.6105817193165413 2.5534539595246306 2.5850053572794405 2.9950849782908335 0.83461122540757038 1.9105934952385721 2.3548023495823145 2.305572584271431 2.9865018576383591 1.7949460074305532 0.74462227895855904
leaf_count=30 29 24 24 35 28 37 18 39 26 31 25 18 25 26 16 10
internal_value=0.000111666 -0.00193049 0.00219929 -0.00426691 -0.0208486 0.00324105 0.0102657 0.0196551 0.000876671 0.040575 -0.0328217 0.0436693 0.0660421 -0.017127 0.0526072 0.116852
internal_weight=43.5082 40.8488 33.5294 29.7174 7.3194 25.3128 21.7023 16.1623 9.06992 4.16424 4.90568 7.09239 4.73759 5.53996 3.81207 1.57923
internal_count=441 412 360 320 52 285 248 204 131 80 51 73 55 44 40 41
is_linear=0
shrinkage=0.1


Tree=65
num_leaves=18
num_cat=0
split_feature=21 21 26 2 23 1 20 26 13 22 10 26 21 21 25 21 20
split_gain=0.273911 0.536943 1.83597 0.900033 0.859682 0.439781 1.54116 1.08256 0.941062 1.60835 1.13553 0.665566 0.606035 1.17169 0.447755 0.31648 0.208322
threshold=100.95000000000002 111.55000000000003 23.050000000000004 1.0000000180025095e-35 140.50000000000003 1.5000000000000002 2.5000000000000004 32.050000000000004 1.0000000180025095e-35 183.50000000000003 47.500000000000007 25.250000000000004 58.850000000000001 75.750000000000014 76.500000000000014 60.70000000000001 1.5000000000000002
decision_type=2 2 2 2 2 2 2 2 2 2 2 2 2 2 2 2 2
left_child=5 2 -2 4 -3 7 16 8 12 10 -10 15 -1 -14 -15 -8 -7
right_child=1 3 -4 -5 -6 6 11 -9 9 -11 -12 -13 13 14 -16 -17 -18
leaf_value=0.069250571742781625 0.12483873163251834 0.083972530873907381 -0.039046508902489202 -0.043910405950802658 -0.016948533453201065 -0.034944855341895752 0.066820556377226489 0.053319371523342055 -0.020270634545100256 0.03357726809262207 -0.10357796416905669 -0.023807923703564798 -0.058404534350456727 0.075657234197774537 0.0026262954580825349 0.010219855220777216 -0.07138204146825311
leaf_weight=1.9644117485731882 1.5440686171641558 1.6900133329909297 1.2266064062714575 2.6969742472283542 1.6862361207604406 3.0096913191955519 2.1651467960327868 3.7940231356769791 4.2246607020497322 3.1643181298859417 2.6704354993999004 2.6327078305184841 1.9083146080374715 1.7059888492804023 1.6528936885297296 1.8168282418046144 3.2781021371483803
leaf_count=18 37 38 14 30 13 28 20 36 33 37 15 20 11 26 18 23 24
internal_value=0.000127758 0.0158047 0.052285 -0.000838067 0.0335685 -0.00395154 -0.018493 0.00494678 -0.00566721 -0.0254474 -0.0525351 0.0152033 0.0218477 0.00416866 0.039719 0.0409957 -0.0539412
internal_weight=42.8314 8.8439 2.77068 6.07322 3.37625 33.9875 12.9025 21.085 17.291 10.0594 6.8951 6.61468 7.23161 5.2672 3.35888 3.98198 6.28779
internal_count=441 132 51 81 51 309 115 194 158 85 48 63 73 55 44 43 52
is_linear=0
shrinkage=0.1


Tree=66
num_leaves=19
num_cat=0
split_feature=22 21 24 25 25 2 21 15 23 22 26 26 23 7 22 25 23 26
split_gain=0.321894 0.339301 0.550688 0.441818 0.951036 2.5048 0.869428 0.78049 1.01581 0.745093 1.78562 1.02288 1.2821 1.52936 0.746271 1.24906 0.146376 0.140222
threshold=28.500000000000004 15.100000000000001 229.50000000000003 48.500000000000007 63.500000000000007 1.0000000180025095e-35 107.45000000000002 1.0000000180025095e-35 93.500000000000014 206.50000000000003 13.200000000000001 14.350000000000003 199.00000000000003 1.0000000180025095e-35 226.50000000000003 75.500000000000014 148.50000000000003 20.950000000000003
decision_type=2 2 2 2 2 2 2 2 2 2 2 2 2 2 2 2 2 2
left_child=-1 -2 3 6 5 16 -3 9 -9 10 -6 -12 13 17 -11 -16 -5 -13
right_child=1 2 -4 4 7 -7 -8 8 -10 14 11 12 -14 -15 15 -17 -18 -19
leaf_value=0.050543375070172814 0.031650975252375188 -0.069203653452235198 -0.05043531270900873 0.089771994891651899 0.10203032670604424 -0.032149925099480885 0.013447420442701566 0.0097686362038852045 -0.084523464382925725 -0.070711221819036121 -0.048093931182937213 0.030646306661358008 -0.041311026399834354 0.11802684598675584 0.075833327717537563 -0.030254032595553478 0.13792446027163527 -0.0073237111387225622
leaf_weight=1.2289162930101145 2.8862448539584866 2.5568524440750471 2.3847490288317195 1.30807801219635 2.1513268034905257 2.2435626814840361 2.5341717356350273 2.1147182465065262 2.485185794532299 2.136054517584852 2.9401240388397119 1.7653580131009206 2.3820047900080681 1.951088869012892 1.5282485268544403 4.0535610043443739 1.2201616298407314 2.1658304210286587
leaf_count=13 25 19 18 32 26 22 38 26 18 20 20 21 18 21 30 39 14 21
internal_value=0.000117603 -0.00140097 -0.00391662 -0.000794874 0.00376474 0.0447606 -0.0280622 -0.00385495 -0.0411745 0.00429109 0.018585 0.00256287 0.0205847 0.0456491 -0.0204444 -0.00120828 0.113011 0.00972728
internal_weight=42.0362 40.8073 37.9211 35.5363 30.4453 4.7718 5.09102 25.6735 4.5999 21.0736 13.3557 11.2044 8.26428 5.88228 7.71786 5.58181 2.52824 3.93119
internal_count=441 428 403 385 328 68 57 260 44 216 127 101 81 63 89 69 46 42
is_linear=0
shrinkage=0.1


Tree=67
num_leaves=19
num_cat=0
split_feature=16 23 25 24 25 1 21 22 26 26 20 26 7 21 12 26 22 22
split_gain=0.279136 0.885585 0.909058 0.613809 0.585715 0.48396 0.876783 0.83378 0.746963 0.812809 0.728054 0.621734 1.66894 0.39665 0.358351 0.352005 0.230998 0.136785
threshold=1.0000000180025095e-35 90.500000000000014 74.500000000000014 252.00000000000003 89.500000000000014 1.5000000000000002 61.550000000000004 224.50000000000003 36.100000000000009 14.350000000000003 1.5000000000000002 12.900000000000002 1.0000000180025095e-35 107.45000000000002 1.0000000180025095e-35 21.850000000000005 117.50000000000001 241.50000000000003
decision_type=2 2 2 2 2 2 2 2 2 2 2 2 2 2 2 2 2 2
left_child=3 16 -3 4 5 6 -1 11 9 17 -11 -8 15 14 -9 -13 -2 -7
right_child=1 2 -4 -5 -6 8 7 13 -10 10 -12 12 -14 -15 -16 -17 -18 -19
leaf_value=0.062711805562113851 0.013024587311263254 0.097303825264830515 0.002128364391327344 -0.059415837689070022 -0.056862940369775627 -0.014339689417339894 0.043472929139919146 0.030479682858570695 -0.067268806895511221 -0.019152314564783064 0.061031873850301212 -0.070780284859056963 0.042513254681086111 -0.0023515387557234181 0.1148714762531135 -0.022257864567774302 -0.027235943623327093 -0.050561745341050485
leaf_weight=2.9603084884584083 2.483577646315096 2.0605242354795337 1.9563980558887122 1.9098598062992085 1.7592605054378498 2.0218750261701626 1.791262000799178 0.96017438778653708 2.1033615544438353 1.9367028258275238 2.7265285844914615 3.5523676418233645 2.8266218341886997 0.9987980977166443 1.0571331216488034 2.5815909400116652 3.3438811926171184 2.1523617254570127
leaf_count=29 21 34 15 14 12 20 27 18 15 25 30 27 30 21 26 25 31 21
internal_value=0.0001351 0.0148242 0.0509497 -0.00447922 -0.000913912 0.00264345 0.0133391 0.00272325 -0.0137099 -0.000962653 0.0277303 -0.0103106 -0.0210622 0.0491865 0.0747037 -0.0503587 -0.0100775 -0.0330169
internal_weight=41.1826 9.84438 4.01692 31.3382 29.4283 27.6691 16.7283 13.7679 10.9408 8.83747 4.66323 10.7518 8.96058 3.01611 2.01731 6.13396 5.82746 4.17424
internal_count=441 101 49 340 326 314 203 174 111 96 55 109 82 65 44 52 52 41
is_linear=0
shrinkage=0.1


Tree=68
num_leaves=18
num_cat=0
split_feature=16 26 22 24 25 21 24 22 23 7 3 21 23 21 21 23 26
split_gain=0.230615 0.751857 1.0906 0.517487 0.494194 0.507035 0.498091 0.644975 1.52496 1.04248 0.803501 0.6445 0.637853 0.497695 0.480152 0.455958 0.131698
threshold=1.0000000180025095e-35 32.900000000000006 172.50000000000003 194.50000000000003 89.500000000000014 55.650000000000006 91.500000000000014 91.000000000000014 41.95000000000001 1.1000000000000003 0.40000000000000008 106.65000000000002 170.50000000000003 101.65000000000002 82.550000000000011 70.000000000000014 16.525000000000002
decision_type=2 2 2 2 2 2 2 2 2 2 2 2 2 2 2 2 2
left_child=3 2 15 4 5 -1 7 13 16 10 11 -10 14 -7 -12 -2 -9
right_child=1 -3 -4 -5 -6 6 -8 8 9 -11 12 -13 -14 -15 -16 -17 -18
leaf_value=0.036308179284305006 -0.060900492472228507 0.063447291989171734 0.050745888278992957 -0.048916522351767112 -0.052210178367792896 -0.058477695892528818 -0.032348429043916591 0.12189791776204362 0.073959118569376855 0.06616386495111426 -0.047770475545458602 -0.017549977996183193 -0.073445075683477898 0.0044986788544786075 0.024021236265638058 0.00042146441648341793 0.068171741654538848
leaf_weight=3.9016990233212807 2.3937215497717244 2.3048654813319445 2.5688150343485177 2.3781283479183903 1.7262449041008938 2.4199646599590841 4.5391608513891688 1.1022105405572791 1.5911019202321752 2.0927153113298109 1.6548034623265269 1.49077398981899 2.3769837114959955 2.6065460853278637 2.1316516401711851 2.457229508087039 0.77851429628208269
leaf_count=33 17 28 33 19 12 16 34 34 28 30 13 19 18 24 36 23 24
internal_value=0.000133691 0.0135585 -0.00193893 -0.00410629 -0.000355648 0.00299867 -0.00270539 0.00466937 0.0162634 0.00243005 -0.0119964 0.0296941 -0.0328426 -0.0258207 -0.00735407 -0.0298381 0.0996583
internal_weight=40.5151 9.72463 7.41977 30.7905 28.4124 26.6861 22.7844 18.2453 13.2188 11.338 9.24531 3.08188 6.16344 5.02651 3.78646 4.85095 1.88072
internal_count=441 101 73 340 321 309 276 242 202 144 114 47 67 40 49 40 58
is_linear=0
shrinkage=0.1


Tree=69
num_leaves=18
num_cat=0
split_feature=23 10 22 23 23 26 23 7 21 21 23 7 3 13 2 20 26
split_gain=0.267741 0.311819 0.753246 0.428249 0.592839 0.753131 0.706634 0.697521 0.585891 0.570362 0.706142 0.671718 0.79891 1.09415 0.779681 0.450675 0.218158
threshold=257.00000000000006 69.500000000000014 21.000000000000004 223.50000000000003 146.00000000000003 16.850000000000005 133.49500000000003 1.5500000000000003 114.25000000000001 22.150000000000002 105.50000000000001 0.28750000000000003 1.0000000180025095e-35 1.0000000180025095e-35 1.0000000180025095e-35 1.5000000000000002 16.525000000000002
decision_type=2 2 2 2 2 2 2 2 2 2 2 2 2 2 2 2 2
left_child=1 2 -1 4 6 -6 7 8 9 -4 11 12 14 15 -11 -14 -15
right_child=-2 -3 3 -5 5 -7 -8 -9 -10 10 -12 -13 13 16 -16 -17 -18
leaf_value=0.095319653902761203 0.03181576218892939 -0.036281518508168589 0.046448715534751557 -0.040973512371816512 0.073715528707095718 0.0028158696774322439 -0.05438261808756964 -0.042916211701721704 0.063297511695533104 0.093588666333075748 -0.063358092931316917 0.061387317651714318 -0.017126907940845426 -0.02979848510232689 -0.0047331345470768638 0.056756714485794224 -0.072883973357061441
leaf_weight=0.81720712408423324 2.4995811209082595 2.4759714752435675 2.4706026576459577 2.5833464711904517 2.3364429338835171 4.1762841809540987 2.6562793571501961 3.2162016520742318 1.7086482890881587 1.3550675935111933 1.8439909629523743 1.6994012934155751 1.5938738773111238 2.1148066282039508 1.9923540366580708 1.7127807554788885 2.6450148564763367
leaf_count=9 29 25 23 17 29 36 18 37 39 23 15 28 20 22 27 25 19
internal_value=0.000129214 -0.00198861 0.000442734 -0.00183065 0.00137728 0.0282511 -0.00562108 0.000173473 0.00741538 0.00193664 -0.00541574 0.00273211 -0.00600099 -0.023044 0.0350685 0.0211433 -0.0537409
internal_weight=39.8979 37.3983 34.9223 34.1051 31.5217 6.51273 25.009 22.3527 19.1365 17.4279 14.9573 13.1133 11.4139 8.06648 3.34742 3.30665 4.75982
internal_count=441 412 387 378 361 65 296 278 241 202 179 164 136 86 50 45 41
is_linear=0
shrinkage=0.1


Tree=70
num_leaves=19
num_cat=0
split_feature=14 7 22 22 10 26 22 22 26 26 20 3 20 12 26 10 26 10
split_gain=0.238061 1.38317 1.76277 1.43838 1.08359 1.26578 0.739929 1.85982 1.16154 1.46292 1.12735 1.07013 0.98787 0.657721 0.526417 0.258842 0.282138 0.1951
threshold=1.0000000180025095e-35 1.5500000000000003 139.50000000000003 187.50000000000003 56.500000000000007 13.750000000000002 161.00000000000003 184.50000000000003 35.20000000000001 23.450000000000003 1.5000000000000002 0.40000000000000008 2.5000000000000004 1.0000000180025095e-35 13.400000000000002 56.500000000000007 19.350000000000005 47.500000000000007
decision_type=2 2 2 2 2 2 2 2 2 2 2 2 2 2 2 2 2 2
left_child=6 2 -2 -4 5 -5 8 -8 9 11 15 -1 -13 -12 -15 16 -9 -10
right_child=1 -3 3 4 -6 -7 7 10 17 -11 13 12 -14 14 -16 -17 -18 -19
leaf_value=0.061988560460378588 0.067354252928194774 -0.0813560437210743 -0.079803164109966143 -0.0070230277336602925 -0.059860440453210588 0.11504337698781081 0.10985711598125343 0.023558945012282867 0.06245116384116442 -0.072117353129966616 -0.01803406557293151 0.016864721596140178 -0.066087321166749105 0.0097295169069057195 0.096660011648152133 -0.068843788728174246 -0.047985720249392461 0.017019723306515366
leaf_weight=2.152647773735227 3.1374126961454731 2.2959968606010071 2.7393085830844939 2.1971804493805398 1.5520849414169786 1.3849922679364679 2.1276421351358286 1.0336402832763258 1.9494507745839649 4.040585508570075 1.3892437515314666 3.1806303868070245 2.6167713571339846 1.093000404071063 1.9207701478153465 1.4587868647649882 1.18094808422029 1.8349829409271476
leaf_count=23 37 18 24 32 13 26 30 27 22 33 18 28 21 16 29 12 14 18
internal_value=0.000124018 -0.0107527 0.00396944 -0.0212878 0.00993227 0.0401721 0.00569527 0.026679 -0.00787796 -0.0231224 0.00476658 0.00177918 -0.0205773 0.0388921 0.065133 -0.0361372 -0.0145929 0.0404225
internal_weight=39.2861 13.307 11.011 7.87357 5.13426 3.58217 25.9791 10.204 15.7751 11.9906 8.07639 7.95005 5.7974 4.40301 3.01377 3.67338 2.21459 3.78443
internal_count=441 150 132 95 71 58 291 146 145 105 116 72 49 63 45 53 41 40
is_linear=0
shrinkage=0.1


Tree=71
num_leaves=18
num_cat=0
split_feature=24 7 26 10 22 21 21 24 1 23 25 0 25 2 25 24 21
split_gain=0.24489 1.04687 0.929379 0.700199 0.753344 0.576434 1.05399 0.59602 1.27711 0.521545 1.19753 0.396827 0.375782 0.484831 0.380946 0.354887 0.0147226
threshold=92.500000000000014 0.90000000000000013 35.20000000000001 37.500000000000007 189.50000000000003 77.700000000000003 85.050000000000011 55.500000000000007 1.0000000180025095e-35 30.360000000000003 73.500000000000014 1.0000000180025095e-35 68.500000000000014 1.0000000180025095e-35 80.500000000000014 68.500000000000014 87.000000000000014
decision_type=2 2 2 2 2 2 2 2 2 2 2 2 2 2 2 2 2
left_child=3 2 9 4 15 -5 -7 12 -9 -2 11 -11 13 -8 -14 -1 -6
right_child=1 -3 -4 5 16 6 7 8 -10 10 -12 -13 14 -15 -16 -17 -18
leaf_value=0.053083450918584678 -0.044876558937602298 -0.048817257343547533 0.062870294432536375 0.040473326457909853 0.12817261319233747 -0.063991798708912237 -0.0023483398060105297 0.093276972742294559 -0.017902206694001183 0.084477729970905385 -0.027773558142179917 0.016711479346009282 0.042456267347386341 -0.075746588310477009 -0.025086120430716709 -0.017687678665228496 0.10496382372735809
leaf_weight=1.4253758485429022 2.6513995863497275 4.7233278881758443 2.3640073835849753 2.7428323077037957 0.47229941468685843 2.8443964365869752 1.9664309041108921 1.9455485893413422 2.2032377286814153 1.7271188767626882 4.4791901186108589 1.7293663574382663 1.7658375538885596 1.6593780443072317 1.5841961624100802 1.4089650223031638 0.64877865475136787
leaf_count=25 20 36 25 26 9 23 30 36 26 25 33 19 29 14 13 15 37
internal_value=0.000124727 -0.00851737 0.00618021 0.00751535 0.0453496 -0.0014394 -0.009669 0.0042205 0.0342346 -0.00647822 0.0063511 0.0505726 -0.01363 -0.0359396 0.0105162 0.0179028 0.114741
internal_weight=38.3417 17.6744 12.9511 20.6673 3.95542 16.7119 13.969 11.1246 4.14879 10.5871 7.93568 3.45649 6.97584 3.62581 3.35003 2.83434 1.12108
internal_count=441 158 122 283 86 197 171 148 62 97 77 44 86 44 42 40 46
is_linear=0
shrinkage=0.1


Tree=72
num_leaves=19
num_cat=0
split_feature=23 10 21 25 26 20 21 21 7 22 0 21 26 26 26 22 24 3
split_gain=0.229341 0.276147 0.411746 0.529528 0.607824 1.48648 0.415324 1.05458 0.778234 0.867591 1.42197 0.533897 0.475363 0.776916 0.913742 0.623917 0.557651 0.211376
threshold=257.00000000000006 69.500000000000014 100.95000000000002 71.500000000000014 23.050000000000004 2.5000000000000004 55.650000000000006 45.150000000000013 0.90000000000000013 105.50000000000001 1.5000000000000002 65.40000000000002 11.850000000000003 21.850000000000005 36.100000000000009 130.00000000000003 82.500000000000014 1.7500000000000002
decision_type=2 2 2 2 2 2 2 2 2 2 2 2 2 2 2 2 2 2
left_child=1 2 6 4 5 17 7 8 9 -1 -11 -8 -13 15 -15 -14 -17 -4
right_child=-2 -3 3 -5 -6 -7 11 -9 -10 10 -12 12 13 14 -16 16 -18 -19
leaf_value=-0.029192546202339489 0.030312333600762728 -0.035059462635039146 0.05161341061191374 0.073281477230197331 -0.035222000016273687 -0.059046671088572866 -0.054077101412114505 0.071910578629056282 -0.049299787476121702 0.099694855896462528 -0.023616393147726646 0.036043808517439949 0.0063276478317709278 0.067747593492959876 -0.028644935118960432 -0.027765700378891624 -0.10266060108911197 0.122697866880717
leaf_weight=2.7413541190326232 2.3603507084771982 2.3425587117671958 0.70887662156019304 1.5923943578964097 2.0038628182373941 1.0116163613274691 2.9447253309190264 2.1828567506745449 2.8095331527292728 2.0961117446422581 1.6884326506406067 2.149810636881738 2.084077609702943 1.9402129547670486 1.9941896405071018 2.235130452318117 1.7906083688139913 1.0205732946051282
leaf_count=20 29 25 24 29 26 11 22 23 21 28 16 34 19 24 17 36 12 25
internal_value=0.000132867 -0.00188299 0.0004725 0.0233837 0.00663805 0.0372399 -0.0049743 0.00933566 -0.00529591 0.0136487 0.0446809 -0.015862 -0.00663348 -0.0157679 0.0188901 -0.0380859 -0.0610782 0.0935614
internal_weight=37.6973 35.3369 32.9944 6.33732 4.74493 2.74107 26.657 11.5183 9.33543 6.5259 3.78454 15.1388 12.194 10.0442 3.9344 6.10982 4.02574 1.72945
internal_count=441 412 387 115 86 60 272 108 85 64 44 164 142 108 41 67 48 49
is_linear=0
shrinkage=0.1


Tree=73
num_leaves=17
num_cat=0
split_feature=1 26 20 21 20 22 13 7 22 21 3 21 2 12 23 20
split_gain=0.2384 0.824682 0.91189 1.00788 0.760676 0.758017 0.757225 1.08507 0.9817 0.699332 0.520228 1.12584 0.453898 0.370793 0.342142 0.198077
threshold=1.5000000000000002 31.050000000000004 3.5000000000000004 36.900000000000013 2.5000000000000004 67.500000000000014 1.0000000180025095e-35 1.0000000180025095e-35 163.50000000000003 100.95000000000002 0.40000000000000008 69.850000000000009 1.5000000000000002 1.0000000180025095e-35 75.500000000000014 1.5000000000000002
decision_type=2 2 2 2 2 2 2 2 2 2 2 2 2 2 2 2
left_child=1 2 3 -1 9 -3 7 12 -8 15 -6 -12 13 -5 -4 -2
right_child=4 5 14 6 10 -7 8 -9 -10 -11 11 -13 -14 -15 -16 -17
leaf_value=0.080118878952628203 -0.031604499226058423 -0.0026576007652610043 -0.015308230635229309 -0.005920009414477817 -0.018477386991224774 0.086996505201167043 -0.062676906366231716 0.086511695914175277 0.025481086148477411 0.014103274486629623 0.097531774251083198 -0.011158755939336323 -0.031082910759808621 0.063971864603975734 -0.073109242544922612 -0.070038549139730802
leaf_weight=1.7761546559631884 2.630092936800791 1.6476815752685063 2.0734291663393369 1.7166112461127323 2.7069951097946614 2.2052338460925967 3.3106331080198288 1.8570498190820215 2.0424253937089816 2.3616987252607942 1.7628061249852183 2.0745101887732744 2.720075105316937 1.3607824533246458 2.0235189031809568 2.7356615420430899
leaf_count=21 28 15 22 24 27 34 24 29 33 36 23 23 37 23 18 24
internal_value=0.000134589 0.00649413 -0.00210977 0.00945936 -0.00999557 0.0486563 -0.000189037 0.0199879 -0.0290408 -0.0312415 0.0150913 0.0387721 -0.00132099 0.0249852 -0.0438567 -0.0511996
internal_weight=37.0054 22.7336 18.8807 14.7837 14.2718 3.85292 13.0076 7.65452 5.35306 7.72745 6.54431 3.83732 5.79747 3.07739 4.09695 5.36575
internal_count=441 280 231 191 161 49 170 113 57 88 73 46 84 47 40 52
is_linear=0
shrinkage=0.1


Tree=74
num_leaves=19
num_cat=0
split_feature=24 21 21 22 15 10 24 10 22 21 12 22 22 26 11 21 23 24
split_gain=0.219914 0.476779 0.556893 0.494512 1.01376 0.549741 1.04583 0.99975 0.956722 0.930636 0.837614 0.835616 0.725155 0.709347 0.669804 0.00857318 0.000383137 6.3898e-05
threshold=279.50000000000006 28.350000000000005 32.650000000000006 84.500000000000014 1.0000000180025095e-35 43.000000000000007 86.000000000000014 47.500000000000007 186.50000000000003 55.650000000000006 1.0000000180025095e-35 201.00000000000003 156.50000000000003 19.950000000000003 1.0000000180025095e-35 84.300000000000026 127.80000000000001 65.500000000000014
decision_type=2 2 2 2 2 2 2 2 2 2 2 2 2 2 2 2 2 2
left_child=1 -1 -3 4 -4 6 8 -7 14 -9 12 -12 -11 15 -5 -10 17 -17
right_child=-2 2 3 5 -6 7 -8 9 13 10 11 -13 -14 -15 -16 16 -18 -19
leaf_value=0.054455948062463594 -0.022116689941159354 -0.054958100449396911 0.066414989709743896 0.015234412297469089 -0.018365870970989028 0.075861073864761486 -0.054227741894974847 0.062658592175881919 0.12277827087542491 -0.10199569250455649 0.059516833668136884 -0.022208253247293645 -0.011358531592245829 -0.013533655034675032 -0.069619256164539817 0.10214032693546185 0.10769790792982287 0.10456364003512003
leaf_weight=1.6967054894193996 3.9581278543919316 1.7392715644091392 3.2466699127107885 2.2184495562687534 2.4936795029789209 1.9953740196069691 4.8439349588006735 1.875779578462242 0.43318489845842101 1.6097837463021263 2.0913761523552239 3.1139532621018589 1.9543708381243048 0.7169448765926062 1.6020561866462233 0.22265454684384167 0.37098582368344069 0.21280777500942349
leaf_count=21 37 14 37 36 22 31 38 20 8 13 27 32 27 15 12 29 11 11
internal_value=0.000135921 0.00285122 2.99199e-06 0.00329905 0.0295851 -0.00318765 -0.0199587 0.0109039 0.00877501 -0.00127188 -0.0149465 0.0106269 -0.0522957 0.0656407 -0.0203474 0.111431 0.105336 0.103325
internal_weight=36.3961 32.438 30.7413 29.002 5.74035 23.2617 10.621 12.6406 5.77708 10.6453 8.76948 5.20533 3.56415 1.95658 3.82051 1.23963 0.806448 0.435462
internal_count=441 404 383 369 59 310 160 150 122 119 99 59 40 74 48 59 51 40
is_linear=0
shrinkage=0.1


Tree=75
num_leaves=17
num_cat=0
split_feature=23 23 26 26 0 22 26 22 22 26 26 22 22 21 20 24
split_gain=0.230396 0.683756 0.345496 0.473268 0.72163 0.586649 1.46407 0.494984 1.4124 0.725217 1.719 1.02125 0.669257 0.611012 0.49825 0.914967
threshold=11.000000000000002 19.500000000000004 8.4500000000000011 13.750000000000002 1.0000000180025095e-35 89.500000000000014 11.15 161.00000000000003 141.50000000000003 23.450000000000003 32.900000000000006 64.500000000000014 107.50000000000001 63.500000000000007 1.5000000000000002 86.000000000000014
decision_type=2 2 2 2 2 2 2 2 2 2 2 2 2 2 2 2
left_child=-1 -2 -3 4 5 -4 -7 8 9 12 -11 -12 -5 -9 -15 -16
right_child=1 2 3 7 -6 6 -8 13 -10 10 11 -13 -14 14 15 -17
leaf_value=0.037977157687832303 -0.060045028189118582 0.03728976045757746 -0.048727891063001551 0.070500937850227277 -0.075165795040393946 0.10632011891854681 -0.022976769971932331 0.069292361786827225 -0.078459750650931637 -0.076116801458487149 -0.020879924723136812 0.076747574835658056 -0.0043940630811799605 -0.026598157517194 0.089247139627360597 -0.019919986415824348
leaf_weight=1.5391239468008269 1.8895179112441827 2.5342202963656737 2.0566863752901572 2.793016707524659 1.9298392875352872 1.2630199438426641 2.8562215231359005 2.3544821459799996 2.1903674267232409 2.5962924510240555 2.1854092981666327 2.1021728850901127 2.0829120771959424 2.3318860392319039 1.536910852766596 1.534106485545635
leaf_count=24 27 36 15 30 22 31 34 33 18 20 20 27 21 32 39 12
internal_value=0.000128385 -0.0015731 0.00184242 -0.00117071 -0.0217892 -0.00511021 0.0166676 0.00652839 -0.00473212 0.00900031 -0.0118997 0.0269862 0.0385071 0.0267783 0.00825142 0.0347134
internal_weight=35.7762 34.2371 32.3475 29.8133 8.10577 6.17593 4.11924 21.7076 13.9502 11.7598 6.88387 4.28758 4.87593 7.75739 5.4029 3.07102
internal_count=441 417 390 354 102 80 65 252 136 118 67 47 51 116 83 51
is_linear=0
shrinkage=0.1


Tree=76
num_leaves=17
num_cat=0
split_feature=10 3 23 23 26 23 23 22 22 23 26 21 7 21 3 2
split_gain=0.215465 0.344953 1.25602 0.574905 1.23689 0.566737 0.851777 0.547205 1.88767 0.605295 0.788362 0.559509 0.491098 1.15917 0.933493 0.993716
threshold=69.500000000000014 1.7500000000000002 226.50000000000003 227.65000000000003 33.250000000000007 150.50000000000003 105.50000000000001 234.50000000000003 297.50000000000006 170.50000000000003 12.700000000000001 77.050000000000011 0.90000000000000013 60.70000000000001 1.0000000180025095e-35 1.0000000180025095e-35
decision_type=2 2 2 2 2 2 2 2 2 2 2 2 2 2 2 2
left_child=1 2 5 4 7 6 12 9 -9 10 -3 -12 13 -1 15 -15
right_child=-2 3 -4 -5 -6 -7 -8 8 -10 -11 11 -13 -14 14 -16 -17
leaf_value=0.072433743483428598 -0.026813547196754974 0.04698712889906001 -0.089943622341798826 0.061163270725837382 0.069210166542786875 0.04734135841370115 -0.0535438406981735 0.12269447614984397 -0.03015754141284805 -0.070002707161550548 -0.060657903239965998 0.0063321290359655896 -0.043087193253304089 0.087921902285910514 -0.071896562577848697 -0.034425545177892633
leaf_weight=2.6199582591652852 2.7374232839792958 1.9459000290371493 1.6844038413837541 2.1027050865814081 2.5165604525245717 2.2587820647750041 2.96852983534336 1.2762657999992364 2.2018399203661829 1.954817841760814 2.5616517188027501 2.4289612640859559 1.4997820700518785 1.2789874649606647 1.6189197788480667 1.3802866372279821
leaf_count=32 29 30 14 26 35 30 25 26 34 15 21 28 20 33 19 24
internal_value=0.000123627 0.00240667 -0.00847981 0.0122172 0.00530338 0.00159105 -0.00750061 -0.00769845 0.0259304 -0.0208534 -0.00700232 -0.0280535 0.00877491 0.0200507 -0.0120286 0.0244179
internal_weight=35.0358 32.2984 15.3096 16.9887 14.886 13.6252 11.3665 12.3694 3.47811 8.89133 6.93651 4.99061 8.39793 6.89815 4.27819 2.65927
internal_count=441 412 197 215 189 183 153 154 60 94 79 49 128 108 76 57
is_linear=0
shrinkage=0.1


Tree=77
num_leaves=19
num_cat=0
split_feature=10 10 7 24 21 22 26 22 25 22 22 22 3 24 23 3 22 26
split_gain=0.200917 0.836289 0.687211 0.637025 0.689671 0.533222 0.473215 0.828302 0.786202 0.771909 1.29904 0.632377 0.3877 0.572552 0.486054 0.520602 0.197463 0.000747314
threshold=47.500000000000007 40.500000000000007 1.5500000000000003 61.500000000000007 145.05000000000004 184.50000000000003 14.15 212.00000000000003 68.500000000000014 97.000000000000014 246.50000000000003 116.50000000000001 1.7500000000000002 82.500000000000014 100.30000000000001 1.0000000180025095e-35 117.50000000000001 15.250000000000002
decision_type=2 2 2 2 2 2 2 2 2 2 2 2 2 2 2 2 2 2
left_child=1 2 3 4 17 -3 9 8 11 -2 -11 -8 14 -14 15 -5 -10 -1
right_child=6 5 -4 12 -6 -7 7 -9 16 10 -12 -13 13 -15 -16 -17 -18 -19
leaf_value=0.10701707985593237 -0.086996212398273098 0.086433453067372781 -0.046529035759703068 0.033314143519095431 -0.018166185463265185 0.0069157268491451046 -0.0019896577088161969 0.060300833452296837 0.049409673951022144 0.049917912372422268 -0.065473712825074401 -0.076530505418203082 -0.028872023894601757 0.043930019431071748 -0.061202375475866128 -0.043295044538793709 0.0014619760188037338 0.11214473729140158
leaf_weight=0.55026992893545201 1.7304007839411486 1.9341394556686275 2.9178933331277213 2.1202891210559742 0.67079492285847653 1.4952214650111271 2.4119509365409595 2.1220184210687867 1.7701747231185438 1.9863504040986302 1.9173024198971687 2.1549822930246592 1.6498560635372994 3.1289957626722753 1.8922179769724605 1.5250655002892015 1.6684951847419141 0.58788033842574805
leaf_count=28 11 29 36 31 11 25 25 27 17 29 21 18 25 37 16 14 23 18
internal_value=0.000123415 0.00719985 -0.00295912 0.0075257 0.0622629 0.0517633 -0.00817014 0.0047535 -0.00997024 -0.0314013 -0.00675737 -0.037163 -0.00207225 0.0187958 -0.0200811 0.00126403 0.0261447 0.109666
internal_weight=34.2343 18.4726 15.0433 12.1254 1.80895 3.42936 15.7617 10.1276 8.0056 5.63405 3.90365 4.56693 10.3164 4.77885 5.53757 3.64535 3.43867 1.13815
internal_count=441 270 216 180 57 54 171 110 83 61 50 43 123 62 61 45 40 46
is_linear=0
shrinkage=0.1


Tree=78
num_leaves=17
num_cat=0
split_feature=24 10 23 23 26 26 10 26 24 21 3 21 21 21 26 24
split_gain=0.194764 0.27808 0.25659 0.552397 0.438015 0.302718 0.807588 1.13766 0.434355 0.739826 0.853336 0.616805 0.561565 0.506396 0.792158 0.504989
threshold=33.500000000000007 69.500000000000014 11.000000000000002 19.500000000000004 8.4500000000000011 13.750000000000002 47.500000000000007 12.050000000000002 289.50000000000006 56.400000000000013 1.1000000000000003 84.300000000000026 94.15000000000002 104.90000000000002 23.450000000000003 83.500000000000014
decision_type=2 2 2 2 2 2 2 2 2 2 2 2 2 2 2 2
left_child=-1 2 -2 -4 -5 6 7 -6 9 10 -7 15 -13 -14 -15 -11
right_child=1 -3 3 4 5 8 -8 -9 -10 11 -12 12 13 14 -16 -17
leaf_value=0.034362351713362285 0.046965665528537676 -0.033649052324238211 -0.055583800571268355 0.047412901402008677 0.074109633004434572 0.0055724943380600902 -0.060454147505776046 -0.034354251768296699 -0.035890246094717006 -0.060265681613506129 0.096796051794543203 0.078185338303781826 -0.03913571095866341 0.08665670086902065 -0.021762001361454904 -0.00012834936352576623
leaf_weight=1.5821699382504437 1.1727403337135935 2.4933330137282601 1.7264303166884953 2.031603520037609 1.6308852337533633 2.1978220622986582 2.766244781203568 2.3757059603231028 2.1790394233539692 2.3240717146545631 1.9223190350458024 1.3609687010757623 1.6461944071343166 1.3186414520023393 1.3783302002120761 3.498043168336153
leaf_count=22 20 28 26 31 38 23 30 24 21 23 29 26 22 27 19 32
internal_value=0.000112713 -0.0015795 0.00112834 -0.000767366 0.00278642 -0.000899345 -0.0188964 0.00979603 0.0059387 0.0117641 0.0481343 -0.00123666 0.0221342 0.00457015 0.0312476 -0.024134
internal_weight=33.6045 32.0224 29.529 28.3563 26.6299 24.5983 6.77284 4.00659 17.8254 15.6464 4.12014 11.5262 5.70413 4.34317 2.69697 5.82211
internal_count=441 419 391 371 345 314 92 62 222 201 52 149 94 68 46 55
is_linear=0
shrinkage=0.1


Tree=79
num_leaves=19
num_cat=0
split_feature=24 7 10 25 23 20 25 24 21 21 24 11 25 21 25 24 26 22
split_gain=0.19934 0.7391 0.595331 0.591199 1.38255 0.751784 0.670727 0.523047 0.496541 0.714189 0.689643 0.714602 0.33138 0.400664 0.238382 0.203811 0.171831 0.00152846
threshold=92.500000000000014 0.90000000000000013 37.500000000000007 73.500000000000014 29.250000000000004 2.5000000000000004 80.500000000000014 62.500000000000007 77.700000000000003 88.000000000000014 55.500000000000007 1.0000000180025095e-35 68.500000000000014 121.90000000000002 80.500000000000014 70.500000000000014 20.250000000000004 87.500000000000014
decision_type=2 2 2 2 2 2 2 2 2 2 2 2 2 2 2 2 2 2
left_child=2 3 7 4 -2 -6 -5 17 -4 -10 12 -12 13 -11 -14 -9 -7 -1
right_child=1 -3 8 6 5 16 -8 15 9 10 11 -13 14 -15 -16 -17 -18 -19
leaf_value=0.11534159948265799 -0.054179799297466837 -0.044760729421262177 0.03977466718153938 -0.058602537561096235 0.0099550340860163119 0.064554528924791063 0.013902588707373254 -0.0095595927557794724 -0.049389685460519805 -0.072382613360202186 0.093076591850659668 -0.0081668769486839318 0.037469956562500781 -0.00089592252219586322 -0.02045062224170556 0.0484372989017849 0.11826932825342873 0.10676800896962757
leaf_weight=0.31962399836629929 1.5646370723843555 4.0699026389047495 2.4294608384370795 2.3846814054995775 1.9929775791242716 1.1201088791713121 2.7439906224608421 1.1479652514681222 3.3059929255396119 1.5604020601604118 1.5016191094182432 1.3013183018192649 1.5325184741523119 1.5757772580254821 1.3248627870343623 1.2832536906935272 1.2716634767130015 0.59505862731020898
leaf_count=6 14 36 26 19 20 21 27 21 33 18 35 18 29 26 12 21 21 38
internal_value=0.000122463 -0.00831771 0.00727385 0.00507088 0.0265196 0.055316 -0.0198102 0.0453039 -0.00148237 -0.00976433 0.00512809 0.0460723 -0.0140198 -0.036464 0.0106143 0.0210525 0.0931137 0.109764
internal_weight=33.0258 15.148 17.8779 11.0781 5.94939 4.38475 5.12867 3.3459 14.532 12.1025 8.7965 2.80294 5.99356 3.13618 2.85738 2.43122 2.39177 0.914683
internal_count=441 158 283 122 76 62 46 86 197 171 138 53 85 44 41 42 42 44
is_linear=0
shrinkage=0.1


Tree=80
num_leaves=16
num_cat=0
split_feature=23 23 26 23 26 25 20 23 0 3 16 7 3 12 25
split_gain=0.200635 0.240939 0.616942 1.29003 0.571077 0.655131 0.523859 0.433509 0.424848 0.785568 0.660654 0.570966 0.508277 0.90838 0.00198324
threshold=257.00000000000006 75.500000000000014 12.050000000000002 14.410000000000002 14.050000000000002 75.500000000000014 1.5000000000000002 34.000000000000007 1.0000000180025095e-35 2.5000000000000004 1.0000000180025095e-35 1.1000000000000003 2.5000000000000004 1.0000000180025095e-35 75.500000000000014
decision_type=2 2 2 2 2 2 2 2 2 2 2 2 2 2 2
left_child=1 2 3 -1 -4 6 -6 -8 10 -10 11 12 13 -3 -5
right_child=-2 8 4 14 5 -7 7 -9 9 -11 -12 -13 -14 -15 -16
leaf_value=-0.028286463773417998 0.030146384463804313 -0.042211089042447844 -0.053246045773858199 0.11094133784754155 0.04504960239895104 0.057076919004494825 -0.064146348643187759 0.0033770414857566492 -0.063754616335803288 0.013023323810213337 0.04480610358956362 0.03475381154413823 -0.051246940913824625 0.045039591355456515 0.11832020983757779
leaf_weight=1.1174096246250003 2.084931844379752 2.5438251681625861 1.8037359024165178 0.75555723853176437 1.3102672259556127 2.0754913717973977 1.7875287538627165 2.0312315011397004 3.2493641637265673 2.2591643752530217 2.7107527451589695 2.2005881126970044 3.5408355272375047 2.2474864795804024 0.70330081600695848
leaf_count=13 29 30 23 31 27 32 24 28 34 25 38 26 39 30 12
internal_value=0.00013926 -0.00192303 0.00941546 0.0525682 -0.00292576 0.00967251 -0.00950997 -0.0282301 -0.00892767 -0.0322664 0.000779881 -0.0105509 -0.0225163 -0.00128394 0.114499
internal_weight=32.4215 30.3365 11.5845 2.57627 9.00825 7.20452 5.12903 3.81876 18.752 5.50853 13.2435 10.5327 8.33215 4.79131 1.45886
internal_count=441 412 190 56 134 111 79 52 222 59 163 125 99 60 43
is_linear=0
shrinkage=0.1


Tree=81
num_leaves=17
num_cat=0
split_feature=1 26 25 23 20 21 22 26 7 25 26 22 23 12 24 10
split_gain=0.201986 0.573741 1.00685 0.701611 0.470766 0.624617 0.481943 0.55608 0.472769 1.10151 0.531085 0.461479 0.408433 0.383595 0.373259 0.00182575
threshold=1.5000000000000002 21.350000000000005 68.500000000000014 108.50000000000001 3.5000000000000004 36.900000000000013 225.50000000000003 8.5500000000000025 1.0000000180025095e-35 66.500000000000014 14.850000000000003 135.50000000000003 75.500000000000014 1.0000000180025095e-35 82.500000000000014 43.000000000000007
decision_type=2 2 2 2 2 2 2 2 2 2 2 2 2 2 2 2
left_child=4 2 -2 -4 5 -1 8 -8 10 -10 -7 -12 -6 -3 15 -9
right_child=1 13 3 -5 12 6 7 14 9 -11 11 -13 -14 -15 -16 -17
leaf_value=0.066414933341616342 0.064364272516560683 -0.059999803859735239 0.027628266716077033 -0.050602689282415847 0.0055833225226587443 0.02227717856174527 -0.032076570458476727 0.10464383934489528 -0.026209382608134404 0.08250509821005389 -0.0024345947118898231 -0.064257727982419063 -0.057387775843367551 -0.0061885345616839926 0.020152256571257555 0.11274449437161366
leaf_weight=2.0102693391963902 2.2288783226977085 2.8126720488071442 1.997301247436553 2.6909575555473566 2.2276905504986635 2.2687168079428357 0.68864184757694547 0.48358720028772928 1.9323528981767597 1.800286490935832 2.2045738212764263 2.6693300934275612 1.9157960116863249 2.5041373651474714 0.79920210153795768 0.6551846582442522
leaf_count=29 39 33 34 27 27 35 11 30 23 22 27 27 20 28 10 19
internal_value=0.000133175 -0.00995462 0.00903154 -0.0172746 0.00641196 0.0144104 0.00666757 0.045111 -0.00261738 0.0262246 -0.0176898 -0.0362938 -0.0235322 -0.0346555 0.072539 0.109304
internal_weight=31.8896 12.2339 6.91714 4.68826 19.6556 15.5121 13.5019 2.62662 10.8753 3.73264 7.14262 4.8739 4.14349 5.31681 1.93797 1.13877
internal_count=441 161 100 61 280 233 204 70 134 45 89 54 47 61 59 49
is_linear=0
shrinkage=0.1


Tree=82
num_leaves=18
num_cat=0
split_feature=22 24 21 23 21 24 23 10 24 21 10 2 23 3 26 24 25
split_gain=0.187967 1.01582 0.962139 0.962995 0.649978 0.708196 0.781536 0.580516 0.503126 0.613748 0.499121 0.465465 0.434579 0.497202 0.260528 0.0906973 0.00259601
threshold=87.500000000000014 206.50000000000003 74.40000000000002 88.500000000000014 24.100000000000005 91.500000000000014 41.95000000000001 40.500000000000007 80.500000000000014 88.000000000000014 56.500000000000007 1.5000000000000002 105.50000000000001 2.5000000000000004 19.350000000000005 117.50000000000001 80.500000000000014
decision_type=2 2 2 2 2 2 2 2 2 2 2 2 2 2 2 2 2
left_child=1 2 -1 -4 -2 6 11 15 9 -8 -9 16 13 -11 -14 -7 -6
right_child=4 -3 3 -5 5 7 8 10 -10 12 -12 -13 14 -15 -16 -17 -18
leaf_value=0.065783791822158585 0.052582477099168912 -0.075087270310491491 -0.06641157586639039 0.028940146697351111 0.10687433021618982 -0.063650660622988228 -0.053537286822609324 0.045020334784955082 0.043733678025250342 0.1093207449259346 -0.025805581934886513 0.012002839037521182 -0.030148431739451614 -0.0020141561891400535 0.02057663834656874 -0.03437488810644946 0.11623917019500292
leaf_weight=1.9233751567080632 2.5286790113896158 1.9877898171544073 2.1527007082477212 2.0850710747763515 0.62776221329113713 2.2004133835434896 2.2201736308634263 1.6830864604562519 2.3547513782978058 0.78653322998434283 2.433790173381567 0.78367191966390226 2.3981821604538709 0.81857162213418633 1.7524137310683725 2.0386535602156073 0.56012558378279209
leaf_count=23 36 15 18 26 37 17 30 24 25 31 23 20 33 26 23 25 9
internal_value=0.00013602 -0.0129284 0.0071261 -0.0194966 0.00472748 -0.00113026 0.0141291 -0.0235962 0.00311819 -0.00887289 0.0031499 0.0718246 0.00835572 0.0525422 -0.00873191 -0.0495713 0.11129
internal_weight=31.3357 8.14894 6.16115 4.23777 23.1868 20.6581 12.3022 8.35594 10.3306 7.97587 4.11688 1.97156 5.7557 1.6051 4.1506 4.23907 1.18789
internal_count=441 82 67 44 359 323 234 89 168 143 47 66 113 57 56 42 46
is_linear=0
shrinkage=0.1


Tree=83
num_leaves=20
num_cat=0
split_feature=25 22 21 22 1 24 10 24 26 26 23 26 22 26 22 26 24 23 21
split_gain=0.213147 0.277252 0.504965 0.755347 0.8647 0.618695 0.713529 0.515242 0.388931 1.13893 0.841458 0.700712 0.354354 1.57774 0.299478 0.169374 0.00413128 0.000353052 0.000137501
threshold=87.500000000000014 161.00000000000003 40.900000000000006 178.50000000000003 1.0000000180025095e-35 97.500000000000014 56.500000000000007 86.000000000000014 23.450000000000003 32.050000000000004 100.30000000000001 17.150000000000002 95.000000000000014 13.950000000000001 297.50000000000006 23.750000000000004 80.500000000000014 108.50000000000001 89.950000000000003
decision_type=2 2 2 2 2 2 2 2 2 2 2 2 2 2 2 2 2 2 2
left_child=1 8 -3 -4 5 6 15 14 11 -10 -11 12 -1 -14 -6 16 17 18 -5
right_child=-2 2 3 4 7 -7 -8 -9 9 10 -12 -13 13 -15 -16 -17 -18 -19 -20
leaf_value=-0.027081798999794598 -0.026988010226231873 0.068377995677349854 0.072674134543837074 0.10528475288654876 0.023210828639073595 -0.035221207044530779 -0.0066982774866262461 -0.074429844813578061 -0.075304797129446557 0.05843288311956444 -0.027321767089545569 0.062285640107881936 0.098214896132806928 -0.040050938936071562 -0.047753423796529887 0.039143838000839676 0.11719904669347968 0.10752709383265609 0.1017076205643116
leaf_weight=3.7821823116391986 2.6475284826010457 1.5151369143277396 1.4707583328708995 0.21487943455576741 1.4688458770397121 1.139298772672191 1.2546431059017775 1.9363136664032934 2.6417146399617186 1.8885722442064432 2.9032496185973287 1.8987134706694631 1.4121999521739783 1.9857703908346591 0.99923715216573317 0.45812357100658108 0.46653617545962334 0.43929728795774281 0.21494847576832399
leaf_count=38 27 26 24 9 29 14 14 15 25 30 28 27 24 22 20 14 8 14 33
internal_value=0.000136453 0.00269294 0.0145574 0.00645375 -0.00488153 0.0276524 0.0511503 -0.035815 -0.00562605 -0.022587 0.0064762 0.0082611 -0.00602511 0.0174125 -0.00552002 0.0916119 0.109608 0.105533 0.103496
internal_weight=30.7379 28.0904 11.578 10.0629 8.59212 4.18773 3.04843 4.4044 16.5124 7.43354 4.79182 9.07887 7.18015 3.39797 2.46808 1.79378 1.33566 0.869125 0.429828
internal_count=441 414 220 194 170 106 92 64 194 83 58 111 84 46 49 78 64 56 42
is_linear=0
shrinkage=0.1


Tree=84
num_leaves=17
num_cat=0
split_feature=24 22 7 12 26 26 22 14 22 20 25 22 3 2 23 23
split_gain=0.183839 0.850607 0.522256 0.381765 0.903996 0.465651 0.767393 0.509845 0.82922 0.430357 0.767685 0.390753 0.469877 0.540231 0.308459 0.409747
threshold=194.50000000000003 87.500000000000014 0.45000000000000007 1.0000000180025095e-35 18.150000000000002 18.150000000000002 84.500000000000014 1.0000000180025095e-35 260.50000000000006 1.5000000000000002 61.500000000000007 246.50000000000003 1.0000000180025095e-35 1.0000000180025095e-35 68.500000000000014 200.50000000000003
decision_type=2 2 2 2 2 2 2 2 2 2 2 2 2 2 2 2
left_child=3 -2 -3 5 11 6 -1 8 -8 10 -7 12 -5 -14 -6 -16
right_child=1 2 -4 4 14 9 7 -9 -10 -11 -12 -13 13 -15 15 -17
leaf_value=0.090323991005003434 -0.070663121039390875 0.052930169965538114 -0.030038749521051501 0.051740652578467897 0.013424138214846587 0.047082884449672964 0.068082132155189698 -0.039972609714613701 -0.050101557651694488 -0.057225617046036271 -0.045737820728614403 -0.041489713125707824 0.023840262756963795 -0.052261845618582103 0.095622709896233546 0.02650617573206554
leaf_weight=1.0168870640918646 1.8689110353589047 1.6584622524678709 1.3983494602143762 1.7045257076388223 1.7455046775285152 1.5903722699731591 1.6361019945470618 2.2542690493282862 0.93180096650030453 2.7840361915295944 2.0263023832812905 2.2285407965537161 2.0039480538107459 1.7451044293120501 1.9327417125459763 1.5421058377251027
leaf_count=14 15 26 18 35 28 23 37 32 19 34 29 39 29 16 28 19
internal_value=0.000148582 -0.0175172 0.0149757 0.00360957 0.0156114 -0.00904205 0.0113794 -0.00526825 0.0251975 -0.0276715 -0.00492147 -0.0062087 0.00820847 -0.0115837 0.0477212 0.0649494
internal_weight=30.068 4.92572 3.05681 25.1422 12.9025 12.2398 5.83906 4.82217 2.5679 6.40071 3.61667 7.68212 5.45358 3.74905 5.22035 3.47485
internal_count=441 59 44 382 194 188 102 88 56 86 52 119 80 45 75 47
is_linear=0
shrinkage=0.1


Tree=85
num_leaves=19
num_cat=0
split_feature=25 10 1 22 10 21 20 25 7 23 22 26 3 23 7 22 24 24
split_gain=0.179604 0.246722 0.280488 0.656293 0.640553 0.496672 0.693316 0.485988 0.86277 0.700145 0.450024 0.567054 0.365317 0.300892 0.18597 0.387782 0.00111036 9.17808e-05
threshold=87.500000000000014 31.500000000000004 1.0000000180025095e-35 225.50000000000003 56.500000000000007 113.90000000000002 2.5000000000000004 59.500000000000007 1.0000000180025095e-35 135.50000000000003 87.500000000000014 16.525000000000002 0.40000000000000008 144.25000000000003 0.45000000000000007 184.50000000000003 80.500000000000014 59.500000000000007
decision_type=2 2 2 2 2 2 2 2 2 2 2 2 2 2 2 2 2 2
left_child=1 -1 3 7 16 6 14 -3 9 10 -9 -12 -8 -10 15 -4 17 -5
right_child=-2 2 5 4 -6 -7 12 8 13 -11 11 -13 -14 -15 -16 -17 -18 -19
leaf_value=0.041885593694504682 -0.024951981870698237 -0.034131456918494833 0.0023749575174088337 0.10630727566245445 0.0043114456033854021 0.036842989357369342 -0.027444874799518456 -0.064324566822759097 0.092034288783674298 0.049214319398162037 0.044198908598574144 -0.043200877396561574 0.033258030451379525 0.026311139017060045 -0.075816226532569975 -0.067565913780304729 0.11118528948172837 0.10389291242218804
leaf_weight=1.5067505242768735 2.6003560628741971 3.1374353659339276 1.5319724739529177 0.32388720614835553 1.1675513833761213 1.7275090957991768 1.6805768567137418 1.9585624784231166 1.341789470985532 1.5897700502537189 1.3853035175125117 1.5994235043181104 2.4175874814391136 1.4486435921862719 1.5784140685573218 1.6428193536121396 0.58419385179877281 0.30640357814263552
leaf_count=36 27 39 23 21 12 29 21 15 24 20 24 23 35 16 20 24 13 19
internal_value=0.00014516 0.00256866 0.000238351 0.00910609 0.0571999 -0.0122038 -0.0217761 -8.75508e-05 0.0113685 -0.00851237 -0.0270774 -0.00263595 0.00836496 0.0579143 -0.0477635 -0.0338165 0.108045 0.105134
internal_weight=29.5289 26.9286 25.4218 14.843 2.38204 10.5789 8.85137 12.4609 9.32349 6.53306 4.94329 2.98473 4.09816 2.79043 4.75321 3.17479 1.21448 0.630291
internal_count=441 414 378 226 65 152 123 161 122 82 62 47 56 40 67 47 53 40
is_linear=0
shrinkage=0.1


Tree=86
num_leaves=16
num_cat=0
split_feature=14 7 22 22 26 22 22 20 24 24 7 21 24 26 26
split_gain=0.174187 0.808984 0.961893 0.954171 0.576702 0.435746 1.15741 0.786705 0.553501 0.644965 0.591894 0.803703 0.450784 0.23769 0.175922
threshold=1.0000000180025095e-35 1.5500000000000003 139.50000000000003 187.50000000000003 11.950000000000001 161.00000000000003 184.50000000000003 1.5000000000000002 117.50000000000001 88.000000000000014 1.0000000180025095e-35 98.050000000000011 66.500000000000014 24.700000000000006 16.650000000000002
decision_type=2 2 2 2 2 2 2 2 2 2 2 2 2 2 2
left_child=5 2 -2 -4 -5 8 -7 14 9 10 11 -1 -9 -10 -8
right_child=1 -3 3 4 -6 6 7 12 13 -11 -12 -13 -14 -15 -16
leaf_value=-0.084761380039058379 0.054507918194075189 -0.072661304947319344 -0.0764767193956052 -0.028229652294455728 0.051904841594829138 0.10031436864682007 -0.0064607383575723994 0.097132911559050461 -0.010844492028632882 0.068907073502760541 0.039746109024503443 0.012189025504752904 0.014026218402070322 -0.055520253636390515 -0.058499876203030744
leaf_weight=1.4901797082275172 2.4744780294131505 1.7347470351960499 1.9649664734024552 1.8742022900260056 1.7243361088330855 1.5872397036291648 1.1341833065962421 0.90318943944294039 2.4426939757540822 1.5319574149325488 1.9398262128233907 2.0062229942996055 2.3531048757722601 2.3237858507782221 1.5205266466364262
leaf_count=14 37 18 24 32 39 30 30 30 28 18 30 31 33 24 23
internal_value=0.000142336 -0.010729 0.0026372 -0.0204333 0.0101689 0.00566632 0.0244963 0.00413742 -0.00636571 0.0115966 -0.00455375 -0.0291316 0.0370773 -0.0326251 -0.036267
internal_weight=29.0056 9.77273 8.03798 5.5635 3.59854 19.2329 7.49824 5.911 11.7347 6.96819 5.43623 3.4964 3.25629 4.76648 2.65471
internal_count=441 150 132 95 71 291 146 116 145 93 75 45 63 52 53
is_linear=0
shrinkage=0.1


Tree=87
num_leaves=19
num_cat=0
split_feature=23 23 26 22 24 2 25 26 10 22 22 24 25 23 11 13 26 24
split_gain=0.177769 0.313057 0.272496 0.280532 0.509589 0.47231 0.328196 0.447208 0.729405 0.400442 0.598982 0.552297 0.369517 0.490276 0.305902 0.223006 0.0642755 0.00255112
threshold=257.00000000000006 241.50000000000003 50.750000000000007 87.500000000000014 147.50000000000003 1.0000000180025095e-35 87.500000000000014 11.700000000000001 56.500000000000007 116.50000000000001 163.50000000000003 91.500000000000014 78.500000000000014 93.500000000000014 1.0000000180025095e-35 1.0000000180025095e-35 18.350000000000005 80.500000000000014
decision_type=2 2 2 2 2 2 2 2 2 2 2 2 2 2 2 2 2 2
left_child=1 2 3 4 5 -1 7 8 15 -9 14 12 13 16 -11 17 -12 -5
right_child=-2 -3 -4 6 -6 -7 -8 9 -10 10 11 -13 -14 -15 -16 -17 -18 -19
leaf_value=0.031569671887699456 0.029865875642326546 -0.050162746034544903 0.034591528710873898 0.10577753545512812 -0.06989235643930275 -0.040431916582586845 -0.033779597643002368 0.040974201890368961 -0.018022067078662433 -0.014556216129053388 0.052912497863681442 -0.020883800680411936 0.10186626046266144 -0.0088442485638181457 -0.07017897942345111 0.047273039334029036 0.10990549914852453 0.11616828786476432
leaf_weight=1.9342872537672655 1.8774412861093868 1.2830193801783014 2.1422787829069412 0.44105000572745079 1.607919707894325 1.7222178671509025 2.1057878099381915 1.9212372032925475 1.373371730558574 2.2629750785417837 0.3470373547170319 2.9249087516218424 0.72556986287236203 1.7436212911270557 1.7559168116422368 1.2687618443742394 0.46039934258442372 0.50894231302663684
leaf_count=27 29 12 35 30 14 17 21 28 16 30 25 36 15 27 18 29 21 11
internal_value=0.000128851 -0.0019756 0.000473281 -0.00269027 -0.0229748 -0.00234315 0.00329565 0.00825774 0.0392535 -0.000912375 -0.00878622 0.0107022 0.0388976 0.0209882 -0.0388587 0.0747061 0.0854098 0.111344
internal_weight=28.4067 26.5293 25.2463 23.104 5.26442 3.65651 17.8396 15.7338 3.59213 12.1417 10.2204 6.20154 3.27663 2.55106 4.01889 2.21875 0.807437 0.949992
internal_count=441 412 400 365 58 44 307 286 86 200 172 124 88 73 48 70 46 41
is_linear=0
shrinkage=0.1


Tree=88
num_leaves=18
num_cat=0
split_feature=25 25 26 24 22 25 23 23 24 24 21 21 10 25 26 24 26
split_gain=0.183898 0.427509 0.367266 0.325837 0.548812 0.441133 1.1696 0.960662 0.409554 0.411275 0.366694 0.477806 0.515688 0.953326 0.236231 0.169632 0.00123648
threshold=48.500000000000007 41.500000000000007 50.750000000000007 194.50000000000003 91.000000000000014 64.500000000000014 148.50000000000003 52.500000000000007 117.50000000000001 103.50000000000001 72.250000000000014 88.000000000000014 47.500000000000007 70.500000000000014 16.525000000000002 114.50000000000001 23.750000000000004
decision_type=2 2 2 2 2 2 2 2 2 2 2 2 2 2 2 2 2
left_child=1 15 3 5 -5 6 7 -2 9 10 -7 14 13 -13 -12 -1 -15
right_child=2 -3 -4 4 -6 8 -8 -9 -10 -11 11 12 -14 16 -16 -17 -18
leaf_value=0.037349490851036241 0.067219001351973534 -0.05841659497336367 0.052234753694649541 -0.073901482198306556 0.0028129560230634441 0.029863098083290147 0.11186670518211568 -0.058350576767903388 0.041187513077754208 -0.052899478202354633 -0.010534050256527037 -0.047337507256020546 -0.01575208013351919 0.10595017284033903 -0.058601997046406673 -0.021459334251908758 0.11264594392407681
leaf_weight=1.074634932738266 1.0681344500044465 1.6517965267412362 1.4408881193958212 1.4870035238564008 2.5009909560903907 2.835900802165269 1.3268239912576971 1.4181843684054909 1.9156902711838473 1.7869744189083565 1.9139330647885779 0.59829098940826941 2.740845913416706 0.5349256196641361 2.1949263205751777 0.90231239655986417 0.56932453624904156
leaf_count=30 29 19 26 13 34 34 21 22 28 15 29 19 39 31 29 13 10
internal_value=0.000134067 -0.0208663 0.00326583 0.000183584 -0.0257916 0.00566332 0.0360528 -0.00440529 -0.00201549 -0.00829729 -0.00129853 -0.0116316 0.0110978 0.0543223 -0.0362116 0.0105081 0.109402
internal_weight=27.9616 3.62874 24.3328 22.8919 3.98799 18.904 3.81314 2.48632 15.0908 13.1751 11.3881 8.55225 4.44339 1.70254 4.10886 1.97695 1.10425
internal_count=441 62 379 353 47 306 72 51 234 206 191 157 99 60 58 43 41
is_linear=0
shrinkage=0.1


Tree=89
num_leaves=19
num_cat=0
split_feature=10 10 25 22 7 24 24 22 7 23 22 23 3 12 1 23 21 23
split_gain=0.170898 0.490345 0.587526 0.532472 0.469549 0.509339 0.534571 0.585162 0.414742 0.398379 0.871764 0.434119 0.327946 0.324071 0.188033 0.135504 0.000262908 6.98866e-05
threshold=47.500000000000007 43.000000000000007 74.500000000000014 79.000000000000014 1.5500000000000003 159.00000000000003 72.500000000000014 180.50000000000003 1.1000000000000003 73.250000000000014 79.000000000000014 146.00000000000003 1.7500000000000002 1.0000000180025095e-35 1.5000000000000002 38.500000000000007 89.15000000000002 127.80000000000001
decision_type=2 2 2 2 2 2 2 2 2 2 2 2 2 2 2 2 2 2
left_child=1 3 -3 -1 5 6 7 -5 9 10 -2 13 -8 -11 -13 -12 -9 -18
right_child=8 2 -4 4 -6 -7 12 16 -10 11 15 14 -14 -15 -16 -17 17 -19
leaf_value=0.04181578078704988 -0.058162133468500944 0.1154954579774452 0.0077862732719516997 -0.0071155210221968178 -0.057215830050863281 0.048609081947455147 -0.054932871770707548 0.10699141502680959 0.04040849453119072 -0.077733791262454444 0.031464056500927311 0.018522567799498398 0.00030077310117033042 -0.021925931651873468 -0.024582058239607598 0.083747890365397523 0.10174713432236993 0.10437182535563855
leaf_weight=2.455869770608845 1.0472416914999461 0.8645833838381799 1.2225388996303079 1.497910439036785 1.7489871735451732 1.7002424811944363 2.6544753843918443 0.27549231564626087 1.538650416769088 2.0266682188957912 1.134112786035985 2.0178610011935234 1.8065549549646673 2.1383953019976616 2.0302295368164778 0.88058598735369731 0.21408794549643062 0.19281132845208049
leaf_count=34 10 28 15 28 29 29 29 11 21 23 22 22 24 24 25 24 33 10
internal_value=0.000139644 0.00752348 0.0524044 5.74504e-05 -0.0101058 -0.000228202 -0.012731 0.0278511 -0.00829285 -0.0149389 0.0158466 -0.0264159 -0.0325653 -0.0490813 -0.0030956 0.0543163 0.104606 0.102991
internal_weight=27.4473 14.6336 2.08712 12.5464 10.0906 8.34157 6.64133 2.1803 12.8137 11.2751 3.06194 8.21315 4.46103 4.16506 4.04809 2.0147 0.682392 0.406899
internal_count=441 270 43 227 193 164 135 82 171 150 56 94 53 47 47 46 54 43
is_linear=0
shrinkage=0.1


Tree=90
num_leaves=18
num_cat=0
split_feature=10 3 23 23 26 23 23 7 21 2 22 22 23 24 23 21 24
split_gain=0.172312 0.231858 0.812422 0.355427 0.696204 0.324097 0.483109 0.311734 0.470538 0.473359 0.305569 0.67723 0.537167 0.4551 0.523461 0.287038 0.242622
threshold=69.500000000000014 1.7500000000000002 226.50000000000003 227.65000000000003 33.250000000000007 150.50000000000003 115.80000000000001 1.0000000180025095e-35 60.70000000000001 1.0000000180025095e-35 81.500000000000014 119.00000000000001 34.000000000000007 80.500000000000014 165.50000000000003 92.15000000000002 78.500000000000014
decision_type=2 2 2 2 2 2 2 2 2 2 2 2 2 2 2 2 2
left_child=1 2 5 4 10 6 7 8 -1 16 -3 -12 -13 14 15 -14 -10
right_child=-2 3 -4 -5 -6 -7 -8 -9 9 -11 11 12 13 -15 -16 -17 -18
leaf_value=0.052279108872969583 -0.026528755475863277 0.037043751310087018 -0.084798478270566122 0.053452811042851947 0.059446755152246324 0.040283523440250123 -0.05349808129201325 -0.032622603988644847 0.068917617776013629 -0.049916251147561867 -0.064197564692863071 -0.058000334155016778 -0.014787072478572028 0.052534981247761653 -0.065111158204041411 0.067400477247858998 -0.0099207132018982944
leaf_weight=2.2115056198090333 2.2229822631925336 1.3964734245091666 1.2244246690534062 1.7605341915041215 1.9560888740234066 1.7712459727190424 1.7552612572908399 1.6473094823304562 0.78280070610344432 1.4379568420699795 1.9914121646434049 1.1619342817575669 0.87880661338567756 2.1155578021425754 1.0395463015884159 0.82279843863216229 0.77861776063218713
leaf_count=30 29 19 14 26 35 30 19 29 32 31 19 22 16 32 11 35 12
internal_value=0.00013983 0.00253685 -0.00775748 0.0116435 0.00516555 0.00132617 -0.00668491 0.00529628 0.0172835 -0.00851947 -0.00612224 -0.0136478 0.0030778 0.0176903 -0.00920198 0.0249541 0.0296041
internal_weight=26.9553 24.7323 11.6091 13.1232 11.3626 10.3847 8.61345 6.85819 5.21088 2.99938 9.40653 8.01006 6.01864 4.85671 2.74115 1.70161 1.56142
internal_count=441 412 197 215 189 183 153 134 105 75 154 135 116 94 62 51 44
is_linear=0
shrinkage=0.1


Tree=91
num_leaves=18
num_cat=0
split_feature=14 7 22 22 10 26 22 22 21 21 24 24 7 21 1 2 3
split_gain=0.171581 0.640725 0.74502 0.729681 0.529771 0.660067 0.328752 0.893883 0.590029 0.528518 0.404189 0.518412 0.487716 0.658071 0.241054 0.239409 0.106351
threshold=1.0000000180025095e-35 1.5500000000000003 139.50000000000003 187.50000000000003 56.500000000000007 13.750000000000002 161.00000000000003 201.00000000000003 67.200000000000017 104.90000000000002 117.50000000000001 88.000000000000014 1.0000000180025095e-35 98.050000000000011 1.5000000000000002 1.0000000180025095e-35 1.7500000000000002
decision_type=2 2 2 2 2 2 2 2 2 2 2 2 2 2 2 2 2
left_child=6 2 -2 -4 5 -5 10 16 -9 14 11 12 13 -1 -10 -12 -8
right_child=1 -3 3 4 -6 -7 7 8 9 -11 15 -13 -14 -15 -16 -17 -18
leaf_value=-0.080572165805120763 0.048533402200228275 -0.068636468824483918 -0.07196176695640974 -0.0056660883759435529 -0.049389536047306705 0.10818963206048066 0.09934886870313768 0.068084066477917704 -0.0072360169261940603 0.043593887240287787 -0.048869101760690231 0.064680221558246973 0.03842727684666792 0.010886953019944605 -0.06725675459212814 -0.0015688540711874298 0.053546487849935466
leaf_weight=1.3446092382073422 2.2966545906383562 1.5934843830764291 1.7675643141847102 1.3909158092283185 1.0857384875416753 0.80323896353365842 1.1090189600363367 0.98390408046543587 1.167103358195164 0.99085720995208237 2.4794117021374404 1.40507036447525 1.7520652958191929 1.8961180229671297 1.5682615680852903 1.8825565632432697 0.9338033110834657
leaf_count=14 37 18 24 32 13 26 29 15 28 33 32 18 30 31 23 20 18
internal_value=0.000118304 -0.0111559 0.00131593 -0.0201686 0.00774323 0.0360144 0.00587205 0.0231667 -0.000793578 -0.0189806 -0.00498222 0.0110212 -0.00407949 -0.0270603 -0.0416476 -0.0284551 0.0784119
internal_weight=26.4504 8.9376 7.34411 5.04746 3.27989 2.19415 17.5128 6.75295 4.71013 3.72622 10.7598 6.39786 4.99279 3.24073 2.73536 4.36197 2.04282
internal_count=441 150 132 95 71 58 291 146 99 84 145 93 75 45 51 52 47
is_linear=0
shrinkage=0.1


Tree=92
num_leaves=19
num_cat=0
split_feature=23 10 23 26 25 24 21 21 22 0 24 24 24 21 23 3 26 24
split_gain=0.166301 0.212583 0.241699 0.250152 0.604792 0.247212 0.368034 0.646207 0.446529 0.396517 0.750956 0.340829 0.315556 0.363777 0.512825 0.518109 0.0880006 0.000880131
threshold=257.00000000000006 69.500000000000014 223.50000000000003 40.050000000000004 64.500000000000014 200.50000000000003 55.650000000000006 65.40000000000002 170.50000000000003 1.0000000180025095e-35 55.500000000000007 91.500000000000014 80.500000000000014 89.15000000000002 73.250000000000014 2.5000000000000004 20.700000000000006 44.500000000000007
decision_type=2 2 2 2 2 2 2 2 2 2 2 2 2 2 2 2 2 2
left_child=1 2 3 5 -5 6 8 -8 -1 11 -11 12 13 -9 16 -16 17 -15
right_child=-2 -3 -4 4 -6 -7 7 9 -10 10 -12 -13 -14 14 15 -17 -18 -19
leaf_value=0.07394555934716715 0.030145769505347805 -0.035455558093712439 -0.035452579828951197 -0.018206867197308487 0.085317466674020889 -0.025910737490123167 -0.058766439153165255 -0.042760359808648202 -0.0014472960962049822 -0.036729927954981284 0.090192141003162987 -0.055197360322622929 0.05386665679288849 0.11153739982279046 0.034494562306598427 -0.042173567027834299 0.041411062227714887 0.1032323388724556
leaf_weight=1.5395895140245728 1.7210030676797021 1.7635734304785717 1.7164392350241531 1.097875248640775 1.1611566097708417 3.1191909080371252 1.7696390282362688 1.7431776700541357 1.6040445780381558 0.7154471695539536 1.3379099393496288 1.0910208113491533 1.1081799203529952 0.24556243582628656 1.6889908718876543 1.8435175493359564 0.33721772208809853 0.26563927566166967
leaf_count=22 29 25 17 18 24 39 19 29 23 23 35 13 14 11 32 29 10 29
internal_value=0.00011213 -0.00202832 0.000605248 0.00359976 0.0350053 -0.000254093 0.00497994 -0.00291293 0.0354762 0.00661234 0.0459689 -0.00309692 0.00476265 -0.00412291 0.011251 -0.00551639 0.0810643 0.107222
internal_weight=25.8692 24.1482 22.3846 20.6682 2.25903 18.4091 15.2899 12.1463 3.14363 10.3767 2.05336 8.32331 7.23229 6.12411 4.38093 3.53251 0.848419 0.511202
internal_count=441 412 387 370 42 328 289 244 45 225 58 167 154 140 111 61 50 40
is_linear=0
shrinkage=0.1


Tree=93
num_leaves=21
num_cat=0
split_feature=25 24 24 25 10 26 22 25 26 3 25 25 21 13 13 25 25 23 20 2
split_gain=0.153737 0.550757 0.393364 0.372745 0.348558 0.980312 0.453798 0.527548 0.503545 0.475373 0.302481 0.657443 0.284878 0.273582 0.252415 0.535197 0.31954 0.148421 0.147428 0.000543361
threshold=87.500000000000014 32.500000000000007 37.500000000000007 84.500000000000014 47.500000000000007 12.050000000000002 145.00000000000003 75.500000000000014 16.100000000000005 1.1000000000000003 53.500000000000007 67.500000000000014 81.850000000000009 1.0000000180025095e-35 1.0000000180025095e-35 75.500000000000014 75.500000000000014 78.90000000000002 3.5000000000000004 1.5000000000000002
decision_type=2 2 2 2 2 2 2 2 2 2 2 2 2 2 2 2 2 2 2 2
left_child=1 -1 -3 4 5 18 8 9 -6 -8 -7 17 -11 -10 16 -16 -13 -12 19 -4
right_child=-2 2 3 -5 6 10 7 -9 13 12 11 14 -14 -15 15 -17 -18 -19 -20 -21
leaf_value=0.086122851648731624 -0.024462043650210475 -0.062066629516746234 0.10614111839733197 0.056465008910191905 -0.081443910093358537 -0.033626999711462734 -0.025563512600103928 -0.047941860364334697 0.019523500444304526 0.085749985675652368 0.031303093571665344 0.0037804450154708619 0.018568387226158594 -0.038896277259156134 -0.026031238699763953 0.060408436794928057 -0.070038077270733731 0.098323734635164084 0.04267787842695922 0.11078368153218572
leaf_weight=0.76317020051647588 2.31156451255083 0.98457845766097563 0.53593030484626669 1.2110376093769435 1.6155483331531266 2.1117721807677281 1.2063391627743842 1.2966416114941237 1.4336813017725945 1.2107094768434765 0.55237917549675308 1.2598087528022008 1.318648680578917 1.8182695582509041 1.5650653921766209 1.3207651404663918 1.0970376733457667 0.82235430972650647 0.51680891215801228 0.47601662017405033
leaf_count=18 27 12 27 17 17 31 21 20 19 19 19 24 24 26 25 22 19 24 12 18
internal_value=0.000126961 0.00258576 -0.000266287 0.00258119 -0.000656035 0.0122621 -0.0140415 0.00701499 -0.035811 0.0260902 -0.000674914 0.00984088 0.0507257 -0.0131409 -0.00629965 0.0135298 -0.0305797 0.0713943 0.0861324 0.108325
internal_weight=25.4281 23.1166 22.3534 21.3688 20.1578 10.2579 9.89984 5.03234 4.8675 3.7357 8.72918 6.61741 2.52936 3.25195 5.24268 2.88583 2.35685 1.37473 1.52876 1.01195
internal_count=441 414 396 384 367 221 146 84 62 64 164 133 43 45 90 47 43 43 57 45
is_linear=0
shrinkage=0.1


Tree=94
num_leaves=18
num_cat=0
split_feature=14 7 22 22 10 26 23 10 25 13 26 1 11 10 21 11 10
split_gain=0.13988 0.561441 0.619774 0.625262 0.414336 0.610613 0.300824 0.463904 0.370006 0.710037 0.592181 0.526318 0.345464 0.377403 0.316186 0.668031 0.508221
threshold=1.0000000180025095e-35 1.5500000000000003 139.50000000000003 187.50000000000003 56.500000000000007 13.750000000000002 227.65000000000003 69.500000000000014 75.500000000000014 1.0000000180025095e-35 23.050000000000004 1.5000000000000002 1.0000000180025095e-35 47.500000000000007 45.150000000000013 1.0000000180025095e-35 47.500000000000007
decision_type=2 2 2 2 2 2 2 2 2 2 2 2 2 2 2 2 2
left_child=6 2 -2 -4 5 -5 7 8 9 10 11 -1 13 -10 -11 16 -16
right_child=1 -3 3 4 -6 -7 -8 -9 12 14 -12 -13 -14 -15 15 -17 -18
leaf_value=0.11193390609038806 0.045756952299279369 -0.06608115593090659 -0.068718364487778988 -0.0063613560942814068 -0.044862690709804531 0.10746759341851793 0.040980368376617282 -0.060737593848655014 0.047447483770701196 -0.0600951396630095 -0.011254927894118852 0.0084742142641081493 0.072361999943988536 -0.026493450260477464 0.089576720326857623 -0.059136542376762281 -0.024886524103102079
leaf_weight=1.0774633681867287 2.178425380727278 1.4884226138237862 1.6350637963041661 1.3517546818475246 1.0065536275506017 0.72348900581710029 2.0853253533132365 1.1446366570889939 1.3781031384132796 2.1114943064749241 2.1269264909205958 0.90446308528771613 1.3354438524693248 1.3830923796631394 0.82453671935945749 1.4186635944643058 0.73250506306067109
leaf_count=35 37 18 24 32 13 26 34 17 25 27 34 17 20 19 30 18 15
internal_value=0.000138465 -0.0103822 0.00164099 -0.0187334 0.00778634 0.0333227 0.00547674 0.000348598 0.00560874 -0.0055268 0.0253917 0.0647195 0.0306056 0.0104102 -0.0304992 -0.00949861 0.0357279
internal_weight=24.9064 8.38371 6.89529 4.71686 3.0818 2.07524 16.5227 14.4373 13.2927 9.19605 4.10885 1.98193 4.09664 2.7612 5.0872 2.97571 1.55704
internal_count=441 150 132 95 71 58 291 257 240 176 86 52 64 44 90 63 45
is_linear=0
shrinkage=0.1


Tree=95
num_leaves=19
num_cat=0
split_feature=25 10 1 22 24 20 21 3 25 7 23 22 26 23 21 26 21 25
split_gain=0.153261 0.205756 0.220933 0.453136 0.501271 0.436311 0.453329 0.364663 0.329507 0.595511 0.507851 0.345252 0.402578 0.294649 0.271888 0.15635 0.121027 0.0933688
threshold=87.500000000000014 31.500000000000004 1.0000000180025095e-35 225.50000000000003 59.500000000000007 2.5000000000000004 107.15000000000002 0.40000000000000008 59.500000000000007 1.0000000180025095e-35 135.50000000000003 87.500000000000014 16.525000000000002 150.50000000000003 72.250000000000014 12.700000000000001 70.050000000000011 64.500000000000014
decision_type=2 2 2 2 2 2 2 2 2 2 2 2 2 2 2 2 2 2
left_child=1 -1 3 8 -5 6 15 -7 -3 10 11 -10 -13 -11 -9 -4 -6 -17
right_child=-2 2 5 4 16 7 -8 14 9 13 -12 12 -14 -15 -16 17 -18 -19
leaf_value=0.041835401946382966 -0.024680246650564584 -0.030202695569340934 -0.012965746550056759 -0.02585561072881723 0.050776702012676526 -0.024756441668337799 0.02130607526975728 0.070948342689388044 -0.060842165049117616 0.088847480087232297 0.046995739226669948 0.043310875292791033 -0.038829983715917574 0.017002277404238732 0.0028606833904479454 -0.041001079147649062 0.11141155499501361 -0.078002276738323259
leaf_weight=1.2655836929625426 2.255298724398016 2.5831660022959095 0.88860872667282853 0.56174186279531646 0.55957873375155009 1.5340126486262309 1.2060403549112377 1.2095708400011065 1.6018377989530561 1.1711434160824867 1.3027401957660911 1.1086570105981084 1.2920122253708539 1.1136375078931449 1.1384966126643119 1.2485091760754587 0.79951932991389185 1.5029287202632984
leaf_count=36 27 39 21 24 12 24 24 22 15 25 20 24 23 15 19 17 29 25
internal_value=0.000151197 0.00268664 0.000307159 0.00905786 0.0536042 -0.0118181 -0.0318293 0.0131623 0.000646895 0.0111461 -0.00723585 -0.0248872 -0.000896378 0.053829 0.037935 -0.0494344 0.0864465 -0.0612124
internal_weight=24.3431 22.0878 20.8222 12.094 1.92084 8.72817 4.84609 3.88208 10.1732 7.59003 5.30525 4.00251 2.40067 2.28478 2.34807 3.64005 1.3591 2.75144
internal_count=441 414 378 226 65 152 87 65 161 122 82 62 47 40 41 63 41 42
is_linear=0
shrinkage=0.1


Tree=96
num_leaves=18
num_cat=0
split_feature=21 24 10 24 24 12 21 26 22 21 21 22 22 3 21 21 21
split_gain=0.127454 0.474776 0.274641 0.275733 0.361717 0.218347 0.573857 0.470489 0.421654 0.350407 0.518931 0.424912 0.607745 0.620911 0.326344 0.204208 0.144988
threshold=15.100000000000001 279.50000000000006 34.000000000000007 91.500000000000014 68.500000000000014 1.0000000180025095e-35 30.100000000000005 18.150000000000002 169.50000000000003 60.70000000000001 74.40000000000002 276.50000000000006 135.50000000000003 1.7500000000000002 72.250000000000014 94.550000000000011 83.950000000000017
decision_type=2 2 2 2 2 2 2 2 2 2 2 2 2 2 2 2 2
left_child=-1 2 3 4 -2 9 -7 8 -8 -4 -11 12 -12 -14 -9 -16 -10
right_child=1 -3 5 -5 -6 6 7 14 16 10 11 -13 13 -15 15 -17 -18
leaf_value=0.026038260381356371 0.054316202694032867 -0.064823346569822513 0.019548425028741653 0.089979894040690095 -0.047839827870012445 -0.057379037351913478 0.027478640674432328 0.081267574967987741 -0.0091211893824716915 -0.086172008385472287 -0.029528510785040443 -0.058491400065421695 -0.016202356323699884 0.10418319944428422 -0.011751673884539226 0.05004725413603394 -0.055604963406286678
leaf_weight=1.7620147103443766 0.82491060040775399 1.1377518419176329 2.3554982873611152 0.6506343102082609 0.59778837230987847 1.1855341806076474 2.4600319906603527 1.447143948171288 1.519455988891423 1.1578989457339046 2.2774072790052742 1.4686915018828584 0.78931521507911362 0.93704917968716472 1.0478385426104071 1.0918738587060941 1.2016892132232895
leaf_count=27 36 14 32 15 15 15 39 24 24 13 33 34 23 28 20 20 29
internal_value=0.000153062 -0.00190604 0.00150067 0.036054 0.0113924 -0.00228195 0.00791994 0.0167491 -0.00252468 -0.0135825 -0.0253526 -0.012484 0.00439275 0.0491414 0.0445898 0.0197837 -0.029649
internal_weight=23.9125 22.1505 21.0128 2.07333 1.4227 18.9394 9.95357 8.76803 5.18118 8.98586 6.63036 5.47246 4.00377 1.72636 3.58686 2.13971 2.72115
internal_count=441 414 400 66 51 334 171 156 92 163 131 118 84 51 64 40 53
is_linear=0
shrinkage=0.1


Tree=97
num_leaves=18
num_cat=0
split_feature=21 24 10 21 24 23 10 22 24 10 25 25 26 3 23 23 21
split_gain=0.121421 0.309534 0.2006 0.297368 0.371726 0.429329 0.495797 0.287995 0.274678 0.277125 0.808824 0.350288 0.226595 0.426055 0.54561 0.345502 0.180667
threshold=132.25000000000003 37.500000000000007 69.500000000000014 104.90000000000002 63.500000000000007 170.50000000000003 47.500000000000007 193.50000000000003 73.500000000000014 36.000000000000007 84.500000000000014 73.500000000000014 9.5500000000000025 1.7500000000000002 146.00000000000003 86.060000000000016 84.300000000000026
decision_type=2 2 2 2 2 2 2 2 2 2 2 2 2 2 2 2 2
left_child=1 -1 3 4 5 6 -3 -5 16 11 12 -10 -11 15 -15 -14 -6
right_child=-2 2 -4 7 8 -7 -8 -9 9 10 -12 -13 13 14 -16 -17 -18
leaf_value=0.058185760173812329 -0.030665606413126517 0.061381262181641652 -0.032513305672580685 0.07346646283702285 0.0070078563935530268 -0.091241032621978246 -0.061447519445917226 -0.0041229310399968251 0.0073825225824578128 -0.043276703682281516 0.078233683321311184 -0.053790017845639054 0.015773881769181142 -0.0031485479866944542 0.083095212207931882 -0.043968945318226101 0.069092725175539799
leaf_weight=0.93355902610347286 1.2129145886865433 0.62882517595427179 1.8075255975127209 1.090645994292571 0.89296149229630717 0.94136877683922637 0.68837757268920541 0.85217698127962638 1.8071270449436263 1.2545856747310589 1.3926582075655449 1.9420415014028547 1.6732997847720983 1.8631140502402561 1.2099125278182326 2.2965938076376915 0.98654730198904872
leaf_count=17 34 37 28 29 16 10 11 29 33 19 19 19 31 31 18 31 29
internal_value=0.000145778 0.00182454 -0.000642499 0.00230866 -0.00179474 -0.0396678 -0.00280975 0.0394336 0.00378916 -0.00121847 0.00771359 -0.0243044 -0.00412255 0.00285215 0.0308074 -0.0187875 0.039596
internal_weight=23.4742 22.2613 21.3278 19.5202 17.5774 2.25857 1.3172 1.94282 15.3188 13.4393 9.69016 3.74917 8.29751 7.04292 3.07303 3.96989 1.87951
internal_count=441 407 390 362 304 58 48 58 246 201 149 52 130 111 49 62 45
is_linear=0
shrinkage=0.1


Tree=98
num_leaves=19
num_cat=0
split_feature=25 26 16 23 23 21 24 22 24 7 26 23 26 22 24 0 21 25
split_gain=0.13938 0.179891 0.270025 0.614014 0.315456 0.568671 0.400314 0.97455 0.361506 0.357189 0.441816 0.308806 0.265081 0.14504 0.137512 0.0951984 0.00167676 4.76098e-05
threshold=87.500000000000014 8.3500000000000032 1.0000000180025095e-35 90.500000000000014 105.50000000000001 60.70000000000001 71.500000000000014 87.500000000000014 143.50000000000003 1.0000000180025095e-35 27.050000000000004 148.50000000000003 16.525000000000002 117.50000000000001 77.500000000000014 1.5000000000000002 90.450000000000017 54.500000000000007
decision_type=2 2 2 2 2 2 2 2 2 2 2 2 2 2 2 2 2 2
left_child=1 -1 4 13 5 -3 7 -7 9 11 -11 -6 -8 -4 -13 16 -9 -18
right_child=-2 2 3 -5 8 6 12 15 -10 10 -12 14 -14 -15 -16 -17 17 -19
leaf_value=0.038704977055178419 -0.024206444978717979 0.072233266706394447 0.014767642248808577 0.066797994634229182 -0.055889299381450555 -0.03444007086258407 0.00026042778598340621 0.11152113170901475 -0.062305542370193027 0.058545993349793803 -0.023078979141333507 -0.023207182998224961 -0.06061064480054517 -0.035436613928013991 0.021421666175794555 0.042920336615808699 0.10404988674177224 0.10184137670997057
leaf_weight=1.2962120178563115 2.1336270943284026 1.2275063777342463 1.1151129486970597 1.8008832803461698 1.9483443587087075 1.2797561511397364 1.5053062238730492 0.49295886326581217 1.5271575115621088 1.4204950422281402 1.2437338326126335 1.6145800594240429 1.3633632641285656 1.1890468967612831 1.2062030695378778 0.30533153185388073 0.17171549308113754 0.22618337083258666
leaf_count=32 27 24 18 39 29 16 27 14 17 29 16 25 20 24 17 25 11 31
internal_value=0.000141689 0.0026233 0.000241683 0.0230514 -0.0057866 0.0108537 -0.00324348 0.0262151 -0.0179915 -0.00888729 0.0204413 -0.0252714 -0.0286691 -0.0111399 -0.00412331 0.0911077 0.107623 0.102794
internal_weight=23.0675 20.9339 19.6377 4.10504 15.5326 6.57212 5.34461 2.47595 8.96051 7.43336 2.66423 4.76913 2.86867 2.30416 2.82078 1.19619 0.890858 0.397899
internal_count=441 414 382 81 301 168 144 97 133 116 45 71 47 42 42 81 56 42
is_linear=0
shrinkage=0.1


Tree=99
num_leaves=16
num_cat=0
split_feature=25 26 17 23 24 23 3 11 10 21 17 26 23 11 23
split_gain=0.113847 0.160165 0.677244 0.450016 0.332387 0.226321 0.356506 0.387529 0.383825 0.346015 0.484641 0.433766 0.313119 0.675859 0.491295
threshold=87.500000000000014 24.700000000000006 1.0000000180025095e-35 77.950000000000017 117.50000000000001 227.65000000000003 1.0000000180025095e-35 1.0000000180025095e-35 47.500000000000007 19.850000000000005 1.0000000180025095e-35 17.150000000000002 127.80000000000001 1.0000000180025095e-35 50.500000000000007
decision_type=2 2 2 2 2 2 2 2 2 2 2 2 2 2 2
left_child=1 5 3 -3 -5 6 7 8 -1 -8 11 12 13 14 -11
right_child=-2 2 -4 4 -6 -7 9 -9 -10 10 -12 -13 -14 -15 -16
leaf_value=0.10932322420488319 -0.021894680484467258 0.017498567952134367 0.060856141446641782 -0.020789011279405165 -0.081170416499560472 0.044082996087283964 0.050771803522500172 -0.00049750368878014462 0.014411779537359067 -0.0029071021135218984 -0.075321839041677566 0.044147991530589931 -0.049624312527213631 -0.05553962548052014 0.10222612478613541
leaf_weight=0.90850156609668087 2.1235782187432042 1.7893843264318992 1.124420814332552 2.4754020057152961 1.4431786490604279 1.5941885174252082 0.91582607664167692 1.9376104866387323 0.80241513415239751 1.0798664196918251 1.1105882232077418 1.4594398425542747 1.9104346700478343 1.2253505060216412 0.75544369942508649
leaf_count=36 27 37 28 36 18 30 17 38 20 29 21 32 27 18 27
internal_value=0.000147528 0.0024273 -0.0100792 -0.0240529 -0.0430269 0.00866462 0.00400032 0.0301274 0.06481 -0.00727151 -0.0143205 -0.00378528 -0.0178578 0.00197058 0.0403675
internal_weight=22.6556 20.5321 6.83239 5.70796 3.91858 13.6997 12.1055 3.64853 1.71092 8.45695 7.54112 6.43054 4.9711 3.06066 1.83531
internal_count=441 414 119 91 54 295 265 94 56 171 154 133 101 74 56
is_linear=0
shrinkage=0.1


end of trees

feature_importances:
Column_23=226
Column_22=223
Column_26=196
Column_21=194
Column_24=193
Column_25=151
Column_10=127
Column_3=74
Column_1=55
Column_7=49
Column_20=42
Column_12=32
Column_2=25
Column_14=17
Column_16=17
Column_11=16
Column_0=14
Column_13=13
Column_17=6
Column_15=3

parameters:
[boosting: gbdt]
[objective: binary]
[metric: binary_logloss]
[tree_learner: serial]
[device_type: cpu]
[data_sample_strategy: bagging]
[data: ]
[valid: ]
[num_iterations: 100]
[learning_rate: 0.1]
[num_leaves: 31]
[num_threads: 1]
[seed: 42]
[deterministic: 0]
[force_col_wise: 0]
[force_row_wise: 0]
[histogram_pool_size: -1]
[max_depth: -1]
[min_data_in_leaf: 20]
[min_sum_hessian_in_leaf: 0.001]
[bagging_fraction: 1]
[pos_bagging_fraction: 1]
[neg_bagging_fraction: 1]
[bagging_freq: 0]
[bagging_seed: 400]
[bagging_by_query: 0]
[feature_fraction: 1]
[feature_fraction_bynode: 1]
[feature_fraction_seed: 30056]
[extra_trees: 0]
[extra_seed: 12879]
[early_stopping_round: 0]
[early_stopping_min_delta: 0]
[first_metric_only: 0]
[max_delta_step: 0]
[lambda_l1: 0]
[lambda_l2: 0]
[linear_lambda: 0]
[min_gain_to_split: 0]
[drop_rate: 0.1]
[max_drop: 50]
[skip_drop: 0.5]
[xgboost_dart_mode: 0]
[uniform_drop: 0]
[drop_seed: 17869]
[top_rate: 0.2]
[other_rate: 0.1]
[min_data_per_group: 100]
[max_cat_threshold: 32]
[cat_l2: 10]
[cat_smooth: 10]
[max_cat_to_onehot: 4]
[top_k: 20]
[monotone_constraints: ]
[monotone_constraints_method: basic]
[monotone_penalty: 0]
[feature_contri: ]
[forcedsplits_filename: ]
[refit_decay_rate: 0.9]
[cegb_tradeoff: 1]
[cegb_penalty_split: 0]
[cegb_penalty_feature_lazy: ]
[cegb_penalty_feature_coupled: ]
[path_smooth: 0]
[interaction_constraints: ]
[verbosity: -1]
[saved_feature_importance_type: 0]
[use_quantized_grad: 0]
[num_grad_quant_bins: 4]
[quant_train_renew_leaf: 0]
[stochastic_rounding: 1]
[linear_tree: 0]
[max_bin: 255]
[max_bin_by_feature: ]
[min_data_in_bin: 3]
[bin_construct_sample_cnt: 200000]
[data_random_seed: 175]
[is_enable_sparse: 1]
[enable_bundle: 1]
[use_missing: 1]
[zero_as_missing: 0]
[feature_pre_filter: 1]
[pre_partition: 0]
[two_round: 0]
[header: 0]
[label_column: ]
[weight_column: ]
[group_column: ]
[ignore_column: ]
[categorical_feature: ]
[forcedbins_filename: ]
[precise_float_parser: 0]
[parser_config_file: ]
[objective_seed: 16083]
[num_class: 1]
[is_unbalance: 0]
[scale_pos_weight: 1]
[sigmoid: 1]
[boost_from_average: 1]
[reg_sqrt: 0]
[alpha: 0.9]
[fair_c: 1]
[poisson_max_delta_step: 0.7]
[tweedie_variance_power: 1.5]
[lambdarank_truncation_level: 30]
[lambdarank_norm: 1]
[label_gain: ]
[lambdarank_position_bias_regularization: 0]
[eval_at: ]
[multi_error_top_k: 1]
[auc_mu_weights: ]
[num_machines: 1]
[local_listen_port: 12400]
[time_out: 120]
[machine_list_filename: ]
[machines: ]
[gpu_platform_id: -1]
[gpu_device_id: -1]
[gpu_use_dp: 0]
[num_gpu: 1]

end of parameters

pandas_categorical:null
