tree
version=v4
num_class=1
num_tree_per_iteration=1
label_index=0
max_feature_idx=15
objective=binary sigmoid:1
feature_names=Column_0 Column_1 Column_2 Column_3 Column_4 Column_5 Column_6 Column_7 Column_8 Column_9 Column_10 Column_11 Column_12 Column_13 Column_14 Column_15
feature_infos=[0:1] [0:1] [0:1] [0:1] [0:1] [0:1] [0:1] [0:1] none [0:6] [16:99] [0.20000000000000001:822] [5:2207] [19:178] [0.56999999999999995:317] [49.200000000000003:98.599999999999994]
tree_sizes=1893 2211 2009 1896 1708 2121 1912 2009 2010 2018 1909 1801 2017 1811 2123 2008 1917 2246 2220 2019 2215 2013 1921 2132 2025 1918 2128 1820 1921 2028 2020 2123 1917 1918 2030 1908 2037 1916 2134 1925 1710 1919 2024 2019 1818 2022 1929 2025 2024 2133 1931 2146 2141 2129 1931 2024 2035 2032 2145 2034 1927 2044 1925 2147 1824 2025 2243 1934 2342 2142 2047 2039 1929 2042 1937 2039 1825 2146 1928 1936 2132 2143 1939 1931 2034 2137 2142 2034 2152 2049 1931 2360 2255 1933 1937 1940 2367 1930 1932 2031

Tree=0
num_leaves=17
num_cat=0
split_feature=11 15 14 10 13 12 15 10 13 3 9 15 13 15 15 12
split_gain=12.2665 9.52733 11.8163 21.7091 13.1126 12.5717 7.90753 7.12532 9.05515 5.62113 5.53025 3.56297 3.32234 2.52829 1.61802 0.867845
threshold=92.500000000000014 73.500000000000014 54.000000000000007 54.500000000000007 31.500000000000004 16.250000000000004 91.350000000000009 60.500000000000007 32.500000000000007 1.0000000180025095e-35 2.5000000000000004 90.950000000000017 30.500000000000004 88.750000000000014 93.65000000000002 53.500000000000007
decision_type=2 2 2 2 2 2 2 2 2 2 2 2 2 2 2 2
left_child=6 9 7 13 10 -6 12 -3 -9 -2 -5 15 -1 -4 -8 -7
right_child=1 2 3 4 5 11 14 8 -10 -11 -12 -13 -14 -15 -16 -17
leaf_value=0.053701455162217429 -0.0096044443085595808 -0.19999993138065758 0.14142305155748364 -0.053478185878903982 0.037882428176268551 -0.19999993138065764 0.14142305155748361 0.021139048922312959 -0.141340223855245 0.11812922992070285 0.07177426814592619 -0.086244651533122912 -0.057580485045234622 0.056544798975921969 0.076702092946193567 -0.13697982488576971
leaf_weight=4.9419266432523745 6.5851016789674741 5.2581601142883327 6.7323675453662855 5.7046078145503989 5.270561650395396 6.4083826392889041 6.7323675453662863 6.6145548522472364 7.1245590001344681 7.2253200560808182 9.2265832722187024 7.347782850265502 5.8689253181219101 7.330731213092804 9.0622657686471921 3.3158032447099686
leaf_count=17 27 32 17 26 19 39 17 25 39 20 30 36 27 25 29 18
internal_value=7.54813e-08 -0.0187137 -0.0336242 -0.00869033 -0.0486337 -0.0971206 0.0591855 -0.101004 -0.0631163 0.0572231 0.0239203 -0.1388 -0.00671056 0.0971782 0.104289 -0.178511
internal_weight=110.75 84.1445 70.3341 51.3368 37.2737 22.3425 26.6055 18.9973 13.7391 13.8104 14.9312 17.072 10.8109 14.0631 15.7946 9.72419
internal_count=443 353 306 210 168 112 90 96 64 47 56 93 44 42 46 57
is_linear=0
shrinkage=1


Tree=1
num_leaves=20
num_cat=0
split_feature=11 15 14 10 13 12 15 10 11 13 9 15 9 13 11 15 11 12 14
split_gain=9.96365 7.74193 9.6284 17.6418 10.6783 10.2603 6.43243 6.0752 6.51519 4.58245 4.48501 2.97318 2.8765 2.69336 2.52902 1.33107 0.927968 0.00258914 0.000520346
threshold=92.500000000000014 73.500000000000014 54.000000000000007 54.500000000000007 31.500000000000004 16.250000000000004 91.350000000000009 79.500000000000014 146.50000000000003 34.500000000000007 2.5000000000000004 93.65000000000002 1.5000000000000002 30.500000000000004 246.50000000000003 93.65000000000002 270.00000000000006 42.500000000000007 27.635000000000002
decision_type=2 2 2 2 2 2 2 2 2 2 2 2 2 2 2 2 2 2 2
left_child=6 9 7 14 10 -6 13 8 -3 -2 -5 12 -7 -1 -4 -8 18 -14 -10
right_child=1 2 3 4 5 11 15 -9 16 -11 -12 -13 17 -15 -16 -17 -18 -19 -20
leaf_value=0.04836738673125883 0.098998601115358034 -0.027360994515846445 0.047022998971649535 -0.048166132105532153 0.034106797974313367 -0.081517709594950027 0.12794180558992882 0.020060876749360058 -0.18996055504365031 -0.01853407783522763 0.064683093090770583 -0.057802277353342008 -0.18347490454357043 -0.051867061021400034 0.13203272021307774 0.069137152277990055 -0.12499344730548789 -0.18708676262143589 -0.18817623121789126
leaf_weight=4.9383654147386569 8.2261405885219556 5.029079899191859 7.3103830218315107 5.7005313336849204 5.2686711251735714 3.9789593517780331 6.6988167464733115 3.8877413719892493 3.2699027955532056 5.558981627225875 9.2147105634212476 4.6805405467748633 5.0498772412538511 5.8640633523464203 6.7133083045482635 9.0489501655101758 3.4546245038509369 3.2697801738977432 3.2674892991781235
leaf_count=17 24 22 25 26 19 20 17 15 20 23 30 22 31 27 17 29 19 20 20
internal_value=-5.16267e-06 -0.0169044 -0.030377 -0.00785098 -0.0439145 -0.0878046 0.053385 -0.0913557 -0.120192 0.0516024 0.0215527 -0.125634 -0.151449 -0.00604456 0.0877182 0.0941516 -0.166915 -0.184894 -0.189069
internal_weight=110.431 83.8807 70.0956 51.1868 37.1631 22.2478 26.5502 18.9088 15.0211 13.7851 14.9152 16.9792 12.2986 10.8024 14.0237 15.7478 9.99202 8.31966 6.53739
internal_count=443 353 306 210 168 112 90 96 81 47 56 93 71 44 42 46 59 51 40
is_linear=0
shrinkage=0.1


Tree=2
num_leaves=18
num_cat=0
split_feature=12 10 10 12 15 14 15 10 14 15 13 9 13 1 14 11 10
split_gain=9.51251 10.7652 11.0874 10.5698 11.1146 13.4845 8.73997 6.3832 6.07911 5.27403 5.04203 4.72758 3.27681 3.14821 0.734771 0.0388571 0.0295005
threshold=196.50000000000003 81.500000000000014 70.500000000000014 21.500000000000004 78.450000000000003 57.400000000000013 93.250000000000014 64.500000000000014 40.180000000000007 91.950000000000017 32.500000000000007 1.5000000000000002 29.500000000000004 1.0000000180025095e-35 75.500000000000014 183.50000000000003 75.500000000000014
decision_type=2 2 2 2 2 2 2 2 2 2 2 2 2 2 2 2 2
left_child=1 2 3 13 -5 15 8 11 -4 10 -3 -7 -10 -1 -14 -6 -16
right_child=-2 9 6 4 5 7 -8 -9 12 -11 -12 -13 14 -15 16 -17 -18
leaf_value=0.10453465568135907 0.12639841448649328 0.071395432050135696 -0.02773207620153505 0.065536399801602349 -0.18889026363150085 -0.059767022243822132 0.033599659587299456 -0.11126425593003877 -0.066187271466163142 0.12073746970773142 -0.062317816699592493 0.054282461711069645 -0.13334910593947716 0.018603987270914887 -0.18115052755424954 -0.17371981095158154 -0.19434223416126728
leaf_weight=10.047587722539904 5.6457279175519934 6.8135902881622332 7.5080260485410752 9.8373759239912015 3.2406910359859493 5.6646000593900707 6.0850499868392935 5.5480077862739554 4.5061595737934104 8.2124939411878568 4.8114264607429504 10.141876831650732 3.9134042114019376 7.4061729311943045 3.3805887997150421 3.5248095095157623 3.4003602713346481
leaf_count=29 15 22 33 32 20 26 22 30 21 22 23 34 22 28 21 22 21
internal_value=-2.07432e-05 -0.00688073 -0.0224936 0.00366393 -0.0259524 -0.0579584 -0.0728317 -0.0189808 -0.101351 0.0593914 0.0160535 0.0134103 -0.137714 0.0680716 -0.167853 -0.180986 -0.187766
internal_weight=109.688 104.042 84.2047 55.4111 37.9574 28.12 28.7936 21.3545 22.7085 19.8375 11.625 15.8065 15.2005 17.4538 10.6944 6.7655 6.78095
internal_count=443 428 361 221 164 132 140 90 118 67 45 60 85 57 64 42 42
is_linear=0
shrinkage=0.1


Tree=3
num_leaves=17
num_cat=0
split_feature=15 12 10 10 15 12 10 14 15 14 13 11 13 15 14 1
split_gain=7.95999 10.1914 8.5013 10.2243 10.9535 8.11175 9.43492 6.11994 7.71241 5.0938 6.38712 5.0943 6.93526 3.69827 4.93604 3.06388
threshold=96.050000000000011 196.50000000000003 81.500000000000014 70.500000000000014 93.050000000000011 21.500000000000004 64.500000000000014 60.500000000000007 79.350000000000009 167.50000000000003 37.500000000000007 116.50000000000001 32.500000000000007 91.950000000000017 114.50000000000001 1.0000000180025095e-35
decision_type=2 2 2 2 2 2 2 2 2 2 2 2 2 2 2 2
left_child=1 2 3 4 5 15 7 8 -7 10 11 -5 -13 14 -4 -1
right_child=-2 -3 13 9 -6 6 -8 -9 -10 -11 -12 12 -14 -15 -16 -17
leaf_value=0.11138702776924639 0.081968063747486664 0.12406826374914787 -0.041702738990224128 0.037371554115134979 -0.1172688470234397 0.02804145106776533 -0.12067846344858413 0.0620061877758456 -0.16504132277865846 -0.18368431556397188 -0.17702010540793833 -0.014076429331107775 -0.17366728716654062 0.11347104314239675 0.090286262987729071 0.020506349679867746
leaf_weight=8.8250833004713041 10.67576891183853 5.4408280849456778 6.6548001915216464 6.0523535907268622 7.3818884640932074 5.2250918447971397 6.7314721196889868 11.964409083127974 3.4245989322662354 4.1651547551155081 3.9916158318519583 7.0141251087188703 4.4509053081274033 5.5988803952932349 4.9341521114110947 6.3997483402490607
leaf_count=24 33 14 30 22 39 19 38 39 22 26 25 30 28 15 15 24
internal_value=-4.04155e-05 -0.00895093 -0.0167486 -0.0311767 -0.00481635 0.0146834 -0.017888 0.0156779 -0.0484042 -0.082464 -0.062863 -0.0368505 -0.0760321 0.046735 0.0144934 0.0731854
internal_weight=108.931 98.2551 92.8143 75.6264 49.9523 42.5704 27.3456 20.6141 8.64969 25.6742 21.509 17.5174 11.465 17.1878 11.589 15.2248
internal_count=443 410 396 336 205 166 118 80 41 131 105 80 58 60 45 48
is_linear=0
shrinkage=0.1


Tree=4
num_leaves=15
num_cat=0
split_feature=15 12 10 10 15 5 12 15 14 14 13 2 13 11
split_gain=6.49504 8.38941 6.96748 8.45916 8.90619 7.8141 6.33142 8.37457 10.3946 4.31413 5.44176 4.47993 3.15257 2.10295
threshold=96.050000000000011 196.50000000000003 81.500000000000014 70.500000000000014 93.050000000000011 1.0000000180025095e-35 21.500000000000004 78.450000000000003 73.250000000000014 167.50000000000003 37.500000000000007 1.0000000180025095e-35 31.500000000000004 146.50000000000003
decision_type=2 2 2 2 2 2 2 2 2 2 2 2 2 2
left_child=1 2 3 4 5 6 -1 -8 -9 10 11 -5 -4 -13
right_child=-2 -3 12 9 -6 -7 7 8 -10 -11 -12 13 -14 -15
leaf_value=0.089123784647179682 0.074197614158344125 0.11343445167166642 0.084208454414400613 -0.095528541014956614 -0.10592101823642237 -0.083497057848275935 0.080703941085379094 -0.16125914663828622 0.01738529792006965 -0.17000298642414835 -0.16472070374280992 0.047769585398069407 -0.0017346478410477839 -0.042956619154403547
leaf_weight=12.642328053712843 10.617334797978399 5.3598593175411215 8.7621544450521487 6.974471241235741 7.3564322292804709 6.958179533481597 8.2774089127779025 5.0378224998712531 9.214530408382414 4.0556736886501303 3.8669127523899069 5.8425010144710541 8.3218825906515104 4.5401977598667145
leaf_count=37 33 14 26 37 39 35 25 33 36 26 25 21 34 22
internal_value=-6.57038e-05 -0.00817676 -0.0152733 -0.0284388 -0.00439783 0.0133293 0.0324847 0.000702268 -0.0457607 -0.0755006 -0.0574423 -0.0335423 0.0423443 0.00809638
internal_weight=107.828 97.2104 91.8505 74.7665 49.4867 42.1303 35.1721 22.5298 14.2524 25.2798 21.2241 17.3572 17.084 10.3827
internal_count=443 410 396 336 205 166 131 94 69 131 105 80 60 43
is_linear=0
shrinkage=0.1


Tree=5
num_leaves=19
num_cat=0
split_feature=11 15 14 10 12 10 12 13 15 3 14 3 11 2 10 15 15 10
split_gain=6.07534 5.15175 5.61229 7.57541 5.73609 9.46304 6.21224 5.99721 4.5023 4.29103 4.14684 2.91901 1.55973 4.32598 1.46253 1.42907 0.920391 0.034675
threshold=92.500000000000014 73.500000000000014 37.850000000000009 48.500000000000007 18.500000000000004 86.500000000000014 123.50000000000001 31.500000000000004 91.350000000000009 1.0000000180025095e-35 118.50000000000001 1.0000000180025095e-35 180.50000000000003 1.0000000180025095e-35 71.500000000000014 93.65000000000002 85.850000000000009 68.500000000000014
decision_type=2 2 2 2 2 2 2 2 2 2 2 2 2 2 2 2 2 2
left_child=8 9 11 -4 14 6 7 10 16 -2 -6 -3 13 -9 -5 -10 -1 -14
right_child=1 2 3 4 5 -7 -8 12 15 -11 -12 -13 17 -15 -16 -17 -18 -19
leaf_value=0.015401783143224344 -0.016009734362837393 -0.135650909473816 0.064520379100942063 0.068955766462864138 -0.098026617313725029 0.079357821822955477 0.045553085178846583 -0.017493280838352766 0.11266930994962597 0.096672022505467761 0.030675922946879104 -0.036432499999033613 -0.1724338264367784 -0.16358296222723018 -0.0043902972248125796 0.050707469715679715 -0.045241993173217726 -0.15815549209634927
leaf_weight=6.4645605236291903 6.4867140501737577 6.0861617028713209 10.591698616743086 5.6441987752914411 4.7259620279073769 4.8600500971078864 3.9275696277618399 3.5736533701419813 6.4468763023614875 7.0551999360322952 5.3234600573778152 5.7823292911052704 3.2611305415630332 4.6833286285400391 5.2450145184993744 8.8073276281356794 4.0835154950618744 3.5548456907272339
leaf_count=25 27 38 34 18 25 15 14 16 17 20 20 28 21 31 22 29 19 24
internal_value=-8.70564e-05 -0.0135773 -0.0249073 -0.0115361 -0.0295178 -0.049795 -0.0714022 -0.0896867 0.0421584 0.0426963 -0.0298493 -0.0873117 -0.129581 -0.100355 0.0336271 0.0768944 -0.00807547 -0.164987
internal_weight=106.604 80.8013 67.2594 55.3909 44.7992 33.91 29.0499 25.1224 25.8023 13.5419 10.0494 11.8685 15.073 8.25698 10.8892 15.2542 10.5481 6.81598
internal_count=443 353 306 240 206 166 151 137 90 47 45 66 92 47 40 46 44 45
is_linear=0
shrinkage=0.1


Tree=6
num_leaves=17
num_cat=0
split_feature=12 12 15 11 12 10 10 15 9 11 3 12 13 2 13 14
split_gain=4.98623 5.91667 6.0837 4.38887 5.77706 4.24506 3.83411 6.65804 4.21801 4.08831 3.71623 3.56496 4.5575 3.0253 2.07939 1.0268
threshold=185.00000000000003 30.250000000000004 77.450000000000017 83.500000000000014 84.500000000000014 80.500000000000014 70.500000000000014 91.65000000000002 2.5000000000000004 226.50000000000003 1.0000000180025095e-35 20.500000000000004 32.500000000000007 1.0000000180025095e-35 32.500000000000007 75.500000000000014
decision_type=2 2 2 2 2 2 2 2 2 2 2 2 2 2 2 2
left_child=1 5 -3 -4 10 6 9 8 -8 11 15 -1 -13 -12 -7 -5
right_child=-2 2 3 4 -6 14 7 -9 -10 -11 13 12 -14 -15 -16 -17
leaf_value=0.035248508917877626 0.087026355275528836 0.032200683467071799 0.0042941751336873337 -0.11058725977484569 0.0077135014786279474 0.10139387489776358 -0.16444271642210251 0.058169948162521593 -0.032063157620578646 0.076216922241122587 -0.0057067744374218951 0.014107121092141526 -0.13234462821332502 -0.12538616361172192 0.01987265773037605 -0.17871137148106547
leaf_weight=10.289919316768652 6.1813294291496268 10.729030281305311 9.1417588293552381 3.7799060791730916 5.9748838543891898 7.3340743929147703 4.1148020476102811 4.6362975537776938 5.7991171777248383 9.4220365732908231 4.7689723521471024 4.7044456005096418 3.8752670139074326 3.7913687080144882 5.4570604264736176 5.3356153815984726
leaf_count=36 18 39 36 24 25 20 27 16 29 30 22 19 23 23 21 35
internal_value=-0.000112783 -0.00554507 -0.0331633 -0.0545491 -0.0772939 0.0160606 0.000966911 -0.0407481 -0.0870077 0.0224207 -0.106029 -0.00444101 -0.0520419 -0.0587127 0.0666146 -0.150463
internal_weight=105.336 99.1546 43.5215 32.7925 23.6507 55.633 42.8419 14.5502 9.91392 28.2917 17.6759 18.8696 8.57971 8.56034 12.7911 9.11552
internal_count=443 425 204 165 129 221 180 72 56 108 104 78 42 45 41 59
is_linear=0
shrinkage=0.1


Tree=7
num_leaves=18
num_cat=0
split_feature=15 12 10 10 15 5 14 9 13 14 14 13 12 10 15 14 12
split_gain=4.61941 5.77168 4.72077 5.57089 6.80699 6.468 4.22981 6.42635 5.92169 3.95946 3.88218 4.92432 3.91059 3.66916 2.87767 3.81773 1.03486
threshold=96.050000000000011 196.50000000000003 81.500000000000014 70.500000000000014 93.050000000000011 1.0000000180025095e-35 60.500000000000007 2.5000000000000004 32.500000000000007 156.00000000000003 167.50000000000003 37.500000000000007 39.500000000000007 73.500000000000014 91.950000000000017 114.50000000000001 21.500000000000004
decision_type=2 2 2 2 2 2 2 2 2 2 2 2 2 2 2 2 2
left_child=1 2 3 4 5 6 7 8 -1 16 11 12 13 -5 15 -4 -8
right_child=-2 -3 14 10 -6 -7 9 -9 -10 -11 -12 -13 -14 -15 -16 -17 -18
leaf_value=0.0074520377797326664 0.063173887691449535 0.096186830648421706 -0.043183545908052207 -0.12562912178610899 -0.094513360373250213 -0.077398071619131689 0.11959389646425996 0.080617123243599167 -0.17004562296176337 -0.003329986876030771 -0.15719583369000342 -0.15259838722377644 0.061799373414136299 -0.012393583107232018 0.095080667295977264 0.074027226498900409 0.064637842599326603
leaf_weight=4.0872636139392835 10.379199922084807 5.1124375462532035 6.5857997238636035 4.3284366875887015 7.1382035166025153 6.8321250081062308 5.5477512478828457 4.1548049598932266 3.479810930788517 7.630970209836959 3.7281268909573546 3.5879296883940688 4.0694072544574729 8.4437664747238141 5.3678794652223578 4.8073343187570572 8.9614149183034879
leaf_count=19 33 14 30 26 39 35 14 13 24 32 26 25 15 39 15 15 29
internal_value=-0.000130974 -0.00713108 -0.0130826 -0.024211 -0.00444168 0.0113579 0.0292656 -0.0193075 -0.0741724 0.0549822 -0.0633545 -0.0462297 -0.023569 -0.0507685 0.0347149 0.00627355 0.0856509
internal_weight=104.243 93.8635 88.751 71.99 47.8323 40.6941 33.862 11.7219 7.56707 22.1401 24.1577 20.4295 16.8416 12.7722 16.761 11.3931 14.5092
internal_count=443 410 396 336 205 166 131 56 43 75 131 105 80 65 60 45 43
is_linear=0
shrinkage=0.1


Tree=8
num_leaves=18
num_cat=0
split_feature=11 4 15 14 10 10 13 13 12 15 2 10 13 11 12 12 14
split_gain=4.45483 4.02559 3.61521 5.28126 8.20485 5.02974 5.42826 4.5196 5.71993 3.86809 3.14811 2.44386 2.38933 2.35176 1.44334 4.11542 0.759725
threshold=92.500000000000014 1.0000000180025095e-35 71.950000000000017 54.000000000000007 54.500000000000007 60.500000000000007 32.500000000000007 31.500000000000004 16.250000000000004 89.65000000000002 1.0000000180025095e-35 70.500000000000014 34.500000000000007 234.50000000000003 55.500000000000007 21.500000000000004 165.50000000000003
decision_type=2 2 2 2 2 2 2 2 2 2 2 2 2 2 2 2 2
left_child=1 14 12 5 13 -4 -7 9 -9 -6 11 -10 -2 -5 15 -1 -12
right_child=2 -3 3 4 7 6 -8 8 10 -11 16 -13 -14 -15 -16 -17 -18
leaf_value=0.097224465037338906 0.079177496340347375 -0.03760414186214317 -0.15795016160117525 0.019100959196132226 0.070858653895806298 0.028518522703870338 -0.10145065813766074 0.028912312411945758 0.0064121480321200006 -0.033691204468844126 -0.16161142945920537 -0.10506802432826437 -0.012392240917686103 0.10347700734877606 0.10093336579573237 -0.012170834522698723 -0.098373268739204642
leaf_weight=6.6648089587688499 6.5796296298503858 5.6677039116621009 4.5979545190930393 6.3340055197477323 6.5547934919595701 6.4652641266584379 6.3892351910471916 5.5425155609846142 4.2716192603111249 7.690785214304924 4.4379984512925148 3.6439251974225044 5.0263343900442123 6.9039290994405746 5.6154467165470114 7.1047452241182327 3.321636937558651
leaf_count=19 20 25 33 23 22 26 39 20 19 34 31 24 21 19 16 30 22
internal_value=-0.000142971 0.0365297 -0.0119582 -0.0209896 -0.00407544 -0.0681887 -0.0360817 -0.029153 -0.0584048 0.0144151 -0.0892788 -0.0449078 0.0395203 0.0631053 0.0582047 0.0407792 -0.134541
internal_weight=102.812 25.0527 77.7596 66.1537 48.7012 17.4525 12.8545 35.4633 21.2177 14.2456 15.6752 7.91554 11.606 13.2379 19.385 13.7696 7.75964
internal_count=443 90 353 312 214 98 65 172 116 56 96 43 41 42 65 49 53
is_linear=0
shrinkage=0.1


Tree=9
num_leaves=18
num_cat=0
split_feature=4 11 13 3 11 15 10 11 11 10 12 12 15 10 1 15 15
split_gain=3.90947 5.27602 5.21214 3.4346 4.64046 3.77004 5.15351 5.60979 6.99418 2.80204 3.8756 9.0538 2.74981 2.48211 1.96935 0.875537 0.437602
threshold=1.0000000180025095e-35 72.000000000000014 30.500000000000004 1.0000000180025095e-35 339.00000000000006 77.800000000000011 84.500000000000014 270.00000000000006 146.50000000000003 48.500000000000007 84.500000000000014 31.500000000000004 91.65000000000002 77.500000000000014 1.0000000180025095e-35 85.050000000000011 92.450000000000017
decision_type=2 2 2 2 2 2 2 2 2 2 2 2 2 2 2 2 2
left_child=1 16 -2 4 9 -5 7 8 -7 -3 11 13 -4 14 -11 -13 -1
right_child=2 3 12 5 -6 6 -8 -9 -10 10 -12 15 -14 -15 -16 -17 -18
leaf_value=0.047254724613523008 0.030862377688967015 0.038494993446795522 -0.14013619666911767 0.078295389664919585 -0.13193737053734619 0.010084910582692641 0.088758688517039552 0.048616392915519363 -0.15413015586796441 0.0074064695950682262 0.058244951866817968 -0.099719188531193576 -0.023726019528443842 0.043399545111350801 -0.069059376353368174 -0.17116647390752004 0.084445089183461844
leaf_weight=5.9097146689891797 5.0660565793514243 8.970688693225382 5.4480229318141919 8.8542250394821185 3.4327878057956687 5.2400273084640556 5.1078181117773047 6.2690569013357154 5.1356040462851524 6.7763063758611768 4.7853759080171576 3.178811088204383 3.2335540279746056 6.8307821527123442 6.6966619715094566 3.7250168994069099 6.809390053153038
leaf_count=21 19 33 36 27 21 23 15 24 36 30 16 20 15 24 37 26 20
internal_value=-0.000159125 0.00761138 -0.0497419 -0.00248781 -0.0202556 0.0232851 0.000893503 -0.02607 -0.0711963 -0.0108965 -0.0247457 -0.0393424 -0.0967779 -0.00570466 -0.0306004 -0.138269 0.0671652
internal_weight=101.47 87.7223 13.7476 75.0032 44.3964 30.6067 21.7525 16.6447 10.3756 40.9636 31.993 27.2076 8.68158 20.3038 13.473 6.90383 12.7191
internal_count=443 373 70 332 207 125 98 83 59 186 153 137 51 91 67 46 41
is_linear=0
shrinkage=0.1


Tree=10
num_leaves=17
num_cat=0
split_feature=15 12 12 15 10 10 10 2 11 11 11 12 13 12 14 10
split_gain=3.35796 4.0425 4.02015 4.62257 4.54862 2.70861 5.87876 2.65194 2.44261 3.05186 1.85363 1.73715 1.51446 1.37388 1.2468 0.0167867
threshold=96.050000000000011 196.50000000000003 32.500000000000007 77.450000000000017 84.500000000000014 79.500000000000014 70.500000000000014 1.0000000180025095e-35 226.50000000000003 145.00000000000003 83.500000000000014 84.500000000000014 32.500000000000007 41.500000000000007 127.80000000000001 67.500000000000014
decision_type=2 2 2 2 2 2 2 2 2 2 2 2 2 2 2 2
left_child=1 2 5 -4 10 6 8 -8 9 14 -5 13 -7 -12 -1 -15
right_child=-2 -3 3 4 -6 12 7 -9 -10 -11 11 -13 -14 15 -16 -17
leaf_value=0.05905660396712975 0.054623449955371162 0.083135148881097076 0.020585510383805652 -0.030874646232246075 0.03883326427540959 0.084268357723395013 -0.11821401359063773 -0.022833129656762 0.061830360687149158 -0.049284059246873464 -0.080323476709843661 -0.041770001273436004 0.012284836811983479 -0.15623259902960207 -0.012137765374631241 -0.14554925389807499
leaf_weight=6.769372642040258 10.057527959346769 4.7857106626033774 9.7331750169396383 5.7140136808157029 3.8617738187313071 5.9243737012147886 5.2297869548201543 6.5859380885958672 9.0546653494238836 7.7631234228610984 5.0899273753166181 4.0475038662552825 5.768735446035862 3.132427804172039 3.8638947159051895 2.7726683467626572
leaf_count=24 33 14 37 26 14 17 35 34 31 39 34 21 24 23 16 21
internal_value=-0.000180514 -0.00629827 -0.0113152 -0.0377551 -0.0608208 0.00650758 -0.00607332 -0.0650499 0.0193119 -0.0016156 -0.0793615 -0.0977796 0.0487557 -0.118398 0.0331861 -0.151216
internal_weight=100.155 90.0971 85.3114 34.3515 24.6183 50.9599 39.2668 11.8157 27.4511 18.3964 20.7565 15.0425 11.6931 10.995 10.6333 5.9051
internal_count=443 410 396 176 139 220 179 69 110 79 125 99 41 78 40 44
is_linear=0
shrinkage=0.1


Tree=11
num_leaves=16
num_cat=0
split_feature=11 12 2 14 14 11 10 13 11 12 12 13 11 11 9
split_gain=3.36967 3.02804 3.13229 7.82832 5.78189 4.62677 4.08363 3.98828 2.70607 2.44984 6.08245 3.3934 2.61536 5.70829 1.49792
threshold=368.00000000000006 13.500000000000002 1.0000000180025095e-35 74.500000000000014 133.49500000000003 175.50000000000003 69.500000000000014 37.500000000000007 145.00000000000003 65.500000000000014 32.500000000000007 31.500000000000004 117.50000000000001 246.50000000000003 1.5000000000000002
decision_type=2 2 2 2 2 2 2 2 2 2 2 2 2 2 2
left_child=1 -1 3 8 5 -5 -6 9 -3 10 12 -12 -4 -14 -10
right_child=-2 2 7 4 6 -7 -8 -9 14 -11 11 -13 13 -15 -16
leaf_value=-0.078883237712988261 -0.073663502310951257 -0.025296967862341403 0.085383254118055488 0.0012194736880904475 0.0095090505199887237 0.11423243297296187 -0.11102378351760352 -0.051577045004479953 -0.07088598140628706 0.087465345320074925 0.0070533455100105329 -0.10963779173550288 -0.030943827445563562 0.11073004571585941 -0.16145404594741883
leaf_weight=4.1653805375099173 5.8712506517767897 6.0147369205951673 12.067299187183382 6.7857038825750369 8.3703966066241247 7.771487645804882 4.231956720352172 5.8926944583654395 3.6766582354903221 7.6473375260829917 6.323218457400797 4.1130800098180771 7.9195448085665685 4.4375355094671249 3.6282921656966209
leaf_count=21 32 29 38 28 34 22 26 34 22 24 26 31 38 12 26
internal_value=-0.000188297 0.00444806 0.0083534 -0.0121742 0.0186225 0.0615525 -0.0309667 0.0255214 -0.0749703 0.0362092 0.0249652 -0.0389361 0.0522696 0.0199325 -0.11587
internal_weight=98.9166 93.0453 88.8799 40.4792 27.1595 14.5572 12.6024 48.4007 13.3197 42.508 34.8607 10.4363 24.4244 12.3571 7.30495
internal_count=443 411 390 187 110 50 60 203 77 169 145 57 88 50 48
is_linear=0
shrinkage=0.1


Tree=12
num_leaves=18
num_cat=0
split_feature=4 12 11 3 15 12 13 11 11 13 14 10 11 9 15 1 10
split_gain=2.92039 4.35936 3.87216 3.12142 3.00168 3.70319 2.78457 2.50352 2.25436 4.63188 4.77512 3.16533 3.20445 2.78843 2.24016 1.91819 0.364855
threshold=1.0000000180025095e-35 37.500000000000007 72.000000000000014 1.0000000180025095e-35 77.800000000000011 50.500000000000007 32.500000000000007 320.00000000000006 189.50000000000003 34.500000000000007 133.49500000000003 57.500000000000007 246.50000000000003 2.5000000000000004 92.65000000000002 1.0000000180025095e-35 69.500000000000014
decision_type=2 2 2 2 2 2 2 2 2 2 2 2 2 2 2 2 2
left_child=2 6 16 7 -5 14 -2 8 9 10 13 -10 -13 -4 15 -6 -1
right_child=1 -3 3 4 5 -7 -8 -9 11 -11 -12 12 -14 -15 -16 -17 -18
leaf_value=0.078435983166763035 0.05185591272015793 -0.12726008132512759 -0.013919961231794793 0.072517421839121798 0.047979889880148924 -0.080580036918195541 -0.059448381017208132 -0.085547807609372445 0.081712322148039807 -0.10653406102360413 -0.080301658210962468 -0.062679761647599433 0.048508241334336108 0.087916570575936923 0.076245862065250358 -0.0368667812112334 0.043633873407659597
leaf_weight=5.2621028423309308 4.4486261159181577 4.2525731027126303 5.5884286090731674 8.6283455193042773 4.5146262869238907 4.2763417959213248 4.5430793836712837 5.043088272213935 5.2555715739727011 5.954548403620719 5.3782470598816863 5.8424304500222188 4.6590014100074768 5.1819548532366753 5.458295799791812 6.5020581558346748 7.0459318906068802
leaf_count=16 16 28 26 27 19 26 26 29 17 37 29 33 19 17 19 34 25
internal_value=-0.000172134 -0.0438358 0.00666422 -0.00216436 0.0229475 0.00233653 -0.00438083 -0.0193607 -0.0105444 -0.0311473 -0.00334971 0.0183565 -0.0133508 0.0350767 0.0238588 -0.0020967 0.058513
internal_weight=97.8353 13.2443 84.591 72.2829 29.3797 20.7513 8.99171 42.9033 37.8602 22.1032 16.1486 15.757 10.5014 10.7704 16.475 11.0167 12.308
internal_count=443 70 373 332 125 98 42 207 178 109 72 69 52 43 72 53 41
is_linear=0
shrinkage=0.1


Tree=13
num_leaves=16
num_cat=0
split_feature=11 12 10 12 2 15 10 14 12 12 9 9 11 13 13
split_gain=2.50737 2.67675 2.79201 4.51786 4.70237 2.822 3.93641 8.70047 3.89089 6.9959 1.97783 5.78796 2.53379 1.96535 1.92118
threshold=368.00000000000006 157.50000000000003 81.500000000000014 58.000000000000007 1.0000000180025095e-35 96.050000000000011 49.500000000000007 200.50000000000003 39.500000000000007 32.500000000000007 2.5000000000000004 1.5000000000000002 139.50000000000003 31.500000000000004 34.500000000000007
decision_type=2 2 2 2 2 2 2 2 2 2 2 2 2 2 2
left_child=1 2 3 5 -5 6 14 8 9 10 11 -8 -12 -4 -1
right_child=-2 -3 13 4 -6 -7 7 -9 -10 -11 12 -13 -14 -15 -16
leaf_value=0.0864456489622068 -0.064138715941740546 0.068858059243558964 0.06846801629257393 -0.13884597914708685 0.0085870775384194811 0.071434877537070229 0.015208547960698302 -0.15893926462985675 0.055385329621401448 -0.15315040709732186 0.062612677331965808 -0.12780340836900778 -0.025638114726927549 0.0019038286303491216 0.0057727565579591307
leaf_weight=5.6497200280427915 5.7610971033573142 5.9284586906433097 8.732486233115198 5.1126687899231893 3.7501931041479111 5.0720192790031424 8.4434788376092964 4.123907968401908 8.1151505634188634 3.6132012233138076 7.1804620921611768 4.2566390782594672 5.9486171305179596 9.0146920382976514 6.1821393147110939
leaf_count=18 32 19 27 35 17 16 38 31 33 28 25 28 32 38 26
internal_value=-0.000158698 0.00388629 -0.000634873 -0.0099209 -0.0764618 0.000145491 -0.00661135 -0.0210616 -0.00592228 -0.0228204 -0.00458873 -0.0327241 0.0226274 0.0346567 0.0442941
internal_weight=96.8849 91.1238 85.1954 67.4482 8.86286 58.5853 53.5133 41.6815 37.5575 29.4424 25.8292 12.7001 13.1291 17.7472 11.8319
internal_count=443 411 392 327 52 275 259 215 184 151 123 66 57 65 44
is_linear=0
shrinkage=0.1


Tree=14
num_leaves=19
num_cat=0
split_feature=4 13 11 3 15 11 11 9 14 13 9 15 10 11 12 15 10 13
split_gain=2.33939 3.78092 3.15381 2.61879 2.66334 5.46279 5.10653 2.42378 2.33197 4.90243 6.21815 3.42576 3.34788 3.59782 3.03418 2.25065 1.95523 0.562867
threshold=1.0000000180025095e-35 30.500000000000004 72.000000000000014 1.0000000180025095e-35 81.800000000000026 234.50000000000003 146.50000000000003 3.5000000000000004 118.50000000000001 34.500000000000007 2.5000000000000004 90.050000000000011 54.500000000000007 246.50000000000003 26.500000000000004 82.050000000000011 70.500000000000014 32.500000000000007
decision_type=2 2 2 2 2 2 2 2 2 2 2 2 2 2 2 2 2 2
left_child=2 -2 17 8 16 6 -6 -3 9 10 15 -11 -10 14 -14 -4 -5 -1
right_child=1 7 3 4 5 -7 -8 -9 12 11 -12 -13 13 -15 -16 -17 -18 -19
leaf_value=0.032403828439777516 0.029490291215079231 -0.12915757537060915 -0.010189408138957105 0.095324959746035054 0.00040766099004508282 0.05565188277502521 -0.1542530969218294 -0.017537662994804387 0.066162706359905218 -0.16161630604845173 0.060806032197667163 -0.027361284591935632 -0.0091624994076218696 0.060939817265241274 -0.13029483898187233 -0.11525185873907354 0.011354129294130993 0.075756264752630059
leaf_weight=6.1795396655797941 4.8806221038103086 4.6276821047067642 3.8176058903336543 6.4143365472555178 5.8166475296020526 8.2754923552274686 3.3727027848362923 3.356358140707016 6.513837173581126 4.4306026622652999 7.2573075219988814 3.3284489363431931 5.1502907499670965 3.6276830434799185 3.4550983980298042 4.3764326348900795 4.8845431134104729 5.8112690597772598
leaf_count=22 19 33 18 18 26 33 25 18 21 32 25 18 24 15 24 30 23 19
internal_value=-0.000178243 -0.0398481 0.00599184 -0.00204868 0.0211925 -0.0032827 -0.0563564 -0.0822344 -0.0179816 -0.0391691 -0.00660157 -0.104024 0.00825056 -0.0225864 -0.0577976 -0.0663032 0.0590241 0.0534143
internal_weight=95.5765 12.8647 82.7118 70.721 28.7637 17.4648 9.18935 7.98404 41.9573 23.2104 15.4513 7.75905 18.7469 12.2331 8.60539 8.19404 11.2989 11.9908
internal_count=443 70 373 332 125 84 51 51 207 123 73 50 84 63 48 48 41 41
is_linear=0
shrinkage=0.1


Tree=15
num_leaves=18
num_cat=0
split_feature=11 12 12 11 10 15 10 14 15 11 13 11 14 10 14 2 14
split_gain=2.11495 2.37406 2.4869 3.10873 4.21229 4.55269 5.08227 6.50688 5.09502 2.9165 2.42212 4.20431 2.32044 2.21575 1.97589 1.90402 0.0123391
threshold=368.00000000000006 13.500000000000002 21.500000000000004 47.500000000000007 81.500000000000014 69.750000000000014 64.500000000000014 57.400000000000013 90.050000000000011 124.50000000000001 29.500000000000004 186.50000000000003 156.00000000000003 70.500000000000014 68.500000000000014 1.0000000180025095e-35 91.90000000000002
decision_type=2 2 2 2 2 2 2 2 2 2 2 2 2 2 2 2 2
left_child=1 -1 12 -4 5 -5 7 -7 -9 -8 -11 -12 13 -3 -15 -10 -13
right_child=-2 2 3 4 -6 6 9 8 15 10 11 16 -14 14 -16 -17 -18
leaf_value=-0.071209202201407681 -0.059687642693120671 0.08516418492506421 0.054066076223372089 0.073409433199618068 0.04826117475598591 -0.098689413833342177 -0.1337655643640617 0.10261716341925152 -0.062368675885788608 0.022354950619674036 -0.0070577574099926991 -0.14671785420140523 -0.030258141247881506 -0.03222888350508113 0.05494265437171271 0.029922357183823176 -0.13642940565319689
leaf_weight=4.0507853701710692 5.6197616904973975 9.115027263760572 8.0583687797188741 4.16522192955017 9.3185067847371084 5.1577174365520504 5.7207353040576008 6.0266986638307563 4.4826848879456502 3.5489334464073172 4.6103823408484441 2.392742782831192 4.5466412901878348 4.5132054984569532 6.1346845924854279 4.4589071124792099 2.2731102183461189
leaf_count=21 32 28 29 13 34 36 39 17 23 16 29 20 20 24 23 18 21
internal_value=-0.0001991 0.00357526 0.0071593 -0.00373952 -0.0126708 -0.0259256 -0.0366246 -0.00182488 0.0315523 -0.0743893 -0.0479042 -0.0747842 0.0341553 0.0489743 0.0179942 -0.0163459 -0.141706
internal_weight=94.1941 88.5744 84.5236 60.214 52.1556 42.8371 38.6719 20.126 14.9683 18.5459 12.8252 9.27624 24.3096 19.7629 10.6479 8.94159 4.66585
internal_count=443 411 390 295 266 232 219 94 58 125 86 70 95 75 47 41 41
is_linear=0
shrinkage=0.1


Tree=16
num_leaves=17
num_cat=0
split_feature=11 11 4 12 15 15 14 10 12 15 3 12 15 15 13 10
split_gain=2.12328 8.31321 3.25765 5.50134 3.34163 4.74772 2.20283 2.39208 1.89907 1.83846 4.94054 3.37082 5.02442 2.24467 2.26065 1.19946
threshold=37.500000000000007 47.500000000000007 1.0000000180025095e-35 29.500000000000004 96.050000000000011 94.050000000000011 17.120000000000001 49.500000000000007 38.500000000000007 82.050000000000011 1.0000000180025095e-35 21.500000000000004 91.750000000000014 89.40000000000002 32.500000000000007 70.500000000000014
decision_type=2 2 2 2 2 2 2 2 2 2 2 2 2 2 2 2
left_child=-1 -2 4 -4 5 6 -3 8 -8 10 -9 15 13 14 -13 -11
right_child=1 2 3 -5 -6 -7 7 9 -10 11 -12 12 -14 -15 -16 -17
leaf_value=-0.066531575431795886 0.12803804740758776 0.053297718009642447 0.0050679283008057555 -0.15114646092137154 0.063038495120432428 -0.10468985824527084 0.0659811325653165 -0.049544876574229763 -0.020125938403900853 0.048803771539266738 0.060703767828873226 -0.020946822252395952 0.022557594891760426 -0.1572902878279212 -0.13630144237523534 -0.021104193505254911
leaf_weight=4.5875096246600142 5.0338369458913794 7.4780040159821501 5.3967200517654401 3.8717049770057201 8.1659400761127454 4.4360632970929137 7.4121898114681226 7.4300565272569665 3.913719967007637 4.9857015982270259 8.9740319699048996 4.5576163753867167 5.1057781875133506 3.9913032725453377 2.7084999084472656 4.8339421823620796
leaf_count=23 13 31 25 32 27 28 25 39 19 18 34 25 23 30 25 26
internal_value=-0.000200667 0.00324566 -0.00429908 -0.0601876 0.00270158 -0.00478332 0.00243586 -0.00461895 0.0362264 -0.0154817 0.0107678 -0.0319276 -0.059723 -0.0970412 -0.0639461 0.01439
internal_weight=92.8826 88.2951 83.2613 9.26843 73.9928 65.8269 61.3908 53.9128 11.3259 42.5869 16.4041 26.1828 16.3632 11.2574 7.26612 9.81964
internal_count=443 420 407 57 350 323 295 264 44 220 73 147 103 80 50 44
is_linear=0
shrinkage=0.1


Tree=17
num_leaves=20
num_cat=0
split_feature=12 11 11 10 4 12 13 10 3 15 5 10 10 2 10 15 1 15 15
split_gain=2.11041 2.61212 4.76242 2.18777 3.51023 3.77488 3.43829 3.37992 3.29891 3.82411 3.33659 3.42727 2.83655 2.73455 2.68986 2.29842 3.23072 1.37915 0.912076
threshold=185.00000000000003 40.500000000000007 47.500000000000007 80.500000000000014 1.0000000180025095e-35 21.500000000000004 31.500000000000004 61.500000000000007 1.0000000180025095e-35 77.800000000000011 1.0000000180025095e-35 64.500000000000014 85.500000000000014 1.0000000180025095e-35 59.500000000000007 85.350000000000009 1.0000000180025095e-35 91.15000000000002 85.350000000000009
decision_type=2 2 2 2 2 2 2 2 2 2 2 2 2 2 2 2 2 2 2
left_child=1 -1 -3 4 5 15 -5 -6 10 -10 11 13 -8 -7 -11 -4 -17 -13 -16
right_child=-2 2 3 6 7 8 12 -9 9 14 -12 17 -14 -15 18 16 -18 -19 -20
leaf_value=-0.082170771617215976 0.061821527553627853 0.11191608900609461 -0.014477872724554631 0.068635057209949293 -0.0056311242197787884 -0.043035833249065937 -0.081082712927222494 -0.15039031665970157 0.078870433046368787 0.046250901618108936 -0.12676115678768618 -0.13206286447045018 0.035543385774240849 0.063572181751419612 -0.023065101213393772 0.10200006032474691 -0.0023028847202032627 -0.033513750155762349 -0.097186723003685235
leaf_weight=4.0656493082642546 5.1748238131403914 3.6307109594345084 7.3694441393017796 9.0795556604862231 2.9927879460155955 5.1535451039671916 3.9982777461409551 3.4982800558209419 5.2456869781017295 3.3816060796380025 4.5997318774461737 3.358868069946765 4.3590972051024437 4.5131058804690838 3.0666867345571518 6.7921914383769018 5.2767151668667793 2.460170641541481 3.6195268407464027
leaf_count=21 18 10 35 29 15 28 24 30 16 14 32 33 17 18 19 20 25 13 26
internal_value=-0.000210139 -0.0039228 -6.18276e-05 -0.00522349 -0.0141101 -0.00587904 0.0260322 -0.0836473 -0.0253214 0.00964041 -0.0519769 -0.0297636 -0.0202521 0.00673665 -0.0264309 0.0295271 0.0563972 -0.0903983 -0.0631902
internal_weight=91.6365 86.4616 82.396 78.7653 61.3283 54.8373 17.4369 6.49107 35.3989 15.3135 20.0854 15.4857 8.35737 9.66665 10.0678 19.4384 12.0689 5.81904 6.68621
internal_count=443 425 404 394 324 279 70 45 199 75 124 92 41 46 59 80 45 46 45
is_linear=0
shrinkage=0.1


Tree=18
num_leaves=20
num_cat=0
split_feature=2 14 11 13 12 12 15 14 14 10 14 13 14 15 15 11 13 12 11
split_gain=1.80176 5.79503 3.11918 5.11655 5.45368 3.35891 3.27416 3.11289 2.59689 2.52382 2.45686 2.49695 2.41721 3.12786 2.40629 2.22621 1.81895 0.893957 0.0269909
threshold=1.0000000180025095e-35 72.500000000000014 117.50000000000001 31.500000000000004 88.000000000000014 23.500000000000004 89.65000000000002 186.00000000000003 38.500000000000007 71.500000000000014 29.250000000000004 32.500000000000007 55.500000000000007 92.350000000000009 86.000000000000014 226.50000000000003 34.500000000000007 27.500000000000004 241.50000000000003
decision_type=2 2 2 2 2 2 2 2 2 2 2 2 2 2 2 2 2 2 2
left_child=1 8 12 6 5 15 -4 9 10 17 11 -1 -2 -14 -11 -5 -9 -3 -7
right_child=2 7 3 4 -6 18 -8 16 -10 14 -12 -13 13 -15 -16 -17 -18 -19 -20
leaf_value=-0.016196494358064313 0.096714618011430081 0.077372595905696187 0.090389205637940132 -0.080073816705301712 0.066820946981258164 -0.12969281271565472 -0.017110702670975135 -0.098475908356745537 -0.13038058178395293 0.035099070313766863 0.032546985879231091 -0.14533451548031306 -0.035288892222381435 0.068562519927082108 -0.072022364941686262 0.027929884724321358 -0.00025990701708615853 0.027400350012538901 -0.14484468665890576
leaf_weight=3.2508830428123456 6.2114724740386036 7.5682707354426437 6.553811155259611 4.2022907882928866 3.5541019216179839 3.4499904476106167 4.990782305598259 3.510089397430419 4.5366233214735976 4.4638959020376188 3.2178413420915604 2.7756915912032127 5.5017426423728448 6.1331874579191208 3.954809807240963 3.496374823153019 4.0744215995073318 6.7928043454885483 1.7834076061844824
leaf_count=18 20 24 20 27 12 36 23 24 34 19 14 23 29 20 22 14 19 29 16
internal_value=-0.000211045 -0.0146332 0.0136666 -0.00713893 -0.042891 -0.073043 0.0439165 0.00977555 -0.0684138 0.0282507 -0.0380041 -0.0756743 0.0463453 0.0194549 -0.0152228 -0.0310236 -0.045714 0.0537357 -0.134856
internal_weight=90.0225 44.1453 45.8772 28.0308 16.4862 12.9321 11.5446 30.3643 13.781 22.7798 9.24442 6.02657 17.8464 11.6349 8.41871 7.69867 7.58451 14.3611 5.2334
internal_count=443 226 217 148 105 93 43 137 89 94 55 41 69 49 41 41 43 53 52
is_linear=0
shrinkage=0.1


Tree=19
num_leaves=18
num_cat=0
split_feature=6 11 15 15 11 11 13 10 12 10 13 3 15 12 12 11 2
split_gain=1.66711 3.6476 2.15034 5.97493 2.68603 3.38254 2.64301 4.09241 3.64031 2.47909 1.74961 2.56211 2.64687 1.90155 1.71334 1.23835 0.602895
threshold=1.0000000180025095e-35 180.50000000000003 90.950000000000017 89.65000000000002 72.000000000000014 234.50000000000003 35.500000000000007 48.500000000000007 20.500000000000004 74.500000000000014 29.500000000000004 1.0000000180025095e-35 81.800000000000026 25.500000000000004 30.250000000000004 172.50000000000003 1.0000000180025095e-35
decision_type=2 2 2 2 2 2 2 2 2 2 2 2 2 2 2 2 2
left_child=2 16 3 6 -4 9 7 -1 -8 14 -9 12 -12 -13 -6 -10 -2
right_child=1 -3 4 -5 5 -7 8 10 15 -11 11 13 -14 -15 -16 -17 -18
leaf_value=0.10005809068080621 -0.1166906614542455 0.026444749586194374 0.073411403618032292 -0.11230033940005889 0.042805403068117441 0.060736067930490981 0.027967618135372976 0.038447093905444922 -0.043097059924695751 -0.08981118991092249 -0.10921552833202237 0.069934286591378084 -0.0035543140050134162 -0.023468290826925645 -0.044155632052587497 -0.13659016627462139 -0.055628271075332497
leaf_weight=5.1135984137654296 3.1783525645732862 5.2696251794695854 8.6069062948226946 4.9218792505562297 5.1917004361748713 7.4525992497801772 4.3698281943798047 9.1000657156109828 2.6356671154499054 3.9535541608929625 4.2942829206585884 4.4340786710381508 5.2931207977235317 4.2870673798024654 4.0199817307293415 3.063282884657383 3.2913892939686775
leaf_count=17 21 26 28 34 21 29 22 36 17 24 27 15 31 26 25 25 19
internal_value=-0.000223853 -0.0353191 0.00514505 -0.00798358 0.0264892 0.00690161 0.00407143 0.0179322 -0.0406991 -0.0235731 0.0026101 -0.0152023 -0.0508809 0.0240202 0.00485557 -0.0933512 -0.085626
internal_weight=88.477 11.7394 76.7376 47.5129 29.2247 20.6178 42.591 32.5222 10.0688 13.1652 27.4086 18.3085 9.5874 8.72115 9.21168 5.69895 6.46974
internal_count=443 66 377 250 127 99 216 152 64 70 135 99 58 41 46 42 40
is_linear=0
shrinkage=0.1


Tree=20
num_leaves=20
num_cat=0
split_feature=11 12 11 11 9 12 15 12 15 9 12 15 12 13 14 15 15 13 14
split_gain=1.74261 2.06056 2.28126 2.22494 2.12001 3.34848 3.10501 3.16407 3.05632 2.88251 5.87719 3.43315 2.94185 2.90418 2.35689 1.41827 3.08286 1.16092 0.990121
threshold=368.00000000000006 185.00000000000003 40.500000000000007 50.000000000000007 2.5000000000000004 30.250000000000004 79.350000000000009 84.500000000000014 75.550000000000011 1.5000000000000002 31.500000000000004 92.65000000000002 22.100000000000005 32.500000000000007 168.50000000000003 92.65000000000002 87.550000000000011 32.500000000000007 68.500000000000014
decision_type=2 2 2 2 2 2 2 2 2 2 2 2 2 2 2 2 2 2 2
left_child=1 2 -1 -4 8 15 -7 14 -5 11 17 12 -10 -14 -8 16 18 -11 -6
right_child=-2 -3 3 4 5 6 7 -9 9 10 -12 -13 13 -15 -16 -17 -18 -19 -20
leaf_value=-0.074211250059787168 -0.055760002222777598 0.06767018467637069 0.078717025456304712 -0.094945237471695143 0.025201632250712449 0.054514569351754284 -0.141241666713458 0.03444558606001847 0.094676421999239285 -0.16452438941435418 0.019527161647144665 -0.052278215507610554 0.065129353025988615 -0.062538496447534717 -0.016408818473533256 0.083132537065082016 -0.043009294623284663 -0.075803372748506126 0.086532529227224764
leaf_weight=3.9845176711678496 5.3032793775200835 4.70070756971836 3.7308973819017401 4.4623305127024642 5.3553540334105509 3.7023518308997145 3.9077713713049871 2.8098502717912197 6.3382251411676425 2.6730347387492674 6.9997498393058777 4.9503921121358863 3.5490602254867554 3.5782961286604404 2.4674421660602093 5.9782836958765975 4.569342114031314 3.2902878597378731 5.1767326667904854
leaf_count=21 32 16 12 25 24 14 36 13 21 20 38 27 16 28 17 19 25 21 18
internal_value=-0.0002009 0.00338252 -0.000515598 0.00347739 -0.000543778 0.0173573 -0.0227981 -0.0539616 -0.0175087 -0.00649668 -0.0426218 0.0189319 0.0451111 0.00103359 -0.0929268 0.0419069 0.0255867 -0.115572 0.055347
internal_weight=87.5279 82.2246 77.5239 73.5394 69.8085 33.9671 12.8874 9.18506 35.8414 31.379 12.9631 18.416 13.4656 7.12736 6.37521 21.0797 15.1014 5.96332 10.5321
internal_count=443 411 395 374 362 166 80 66 196 171 79 92 65 44 53 86 67 41 42
is_linear=0
shrinkage=0.1


Tree=21
num_leaves=18
num_cat=0
split_feature=4 12 11 3 11 12 2 12 13 12 11 13 10 10 12 15 15
split_gain=1.58913 2.77896 1.96976 1.68531 1.76811 2.35927 1.61367 5.81243 3.64882 3.33952 5.45438 1.52592 1.47605 1.15815 1.47384 0.941031 0.755026
threshold=1.0000000180025095e-35 37.500000000000007 92.500000000000014 1.0000000180025095e-35 206.50000000000003 35.500000000000007 1.0000000180025095e-35 25.500000000000004 31.500000000000004 84.500000000000014 138.00000000000003 32.500000000000007 69.500000000000014 64.500000000000014 31.500000000000004 82.40000000000002 84.600000000000009
decision_type=2 2 2 2 2 2 2 2 2 2 2 2 2 2 2 2 2
left_child=2 11 13 6 5 -5 7 -4 -8 10 -10 -2 -6 -1 -15 -9 -12
right_child=1 -3 3 4 12 -7 8 15 9 -11 16 -13 -14 14 -16 -17 -18
leaf_value=0.073187335450943955 0.041251703426014946 -0.11022542614876413 0.01327422410272865 -0.069405622738392445 0.07332445953817178 0.028639384150460048 0.05587911789998621 -0.068297955459145562 0.036715895772609079 0.060405027243264214 -0.081382071017818247 -0.047059359357420949 0.0090132026366268464 0.04757731968571511 -0.026280564853188706 -0.14481063353423149 -0.15532767079296819
leaf_weight=5.4619113802909878 3.9656273052096349 3.433599054813385 8.254983536899088 4.4959019571542758 6.6990247666835767 5.4046959728002548 7.484212405979636 2.7740901745855799 3.4106319248676282 2.8892673701047888 2.4232391901314259 3.8621396273374557 7.6378185488283634 6.5192038193345052 4.6140873208642006 3.8222628533840179 3.2099008336663246
leaf_count=18 16 28 37 26 25 27 27 18 18 10 18 26 39 24 23 33 30
internal_value=-0.000190083 -0.0352205 0.0050627 -0.0035626 0.0166185 -0.0158833 -0.0178363 -0.0426487 0.00114163 -0.0331889 -0.0630899 -0.00232007 0.0390632 0.035471 0.0169676 -0.112633 -0.123518
internal_weight=86.3626 11.2614 75.1012 58.506 24.2374 9.9006 34.2686 14.8513 19.4173 11.933 9.04377 7.82777 14.3368 16.5952 11.1333 6.59635 5.63314
internal_count=443 70 373 308 117 53 191 88 103 76 66 42 64 65 47 51 48
is_linear=0
shrinkage=0.1


Tree=22
num_leaves=17
num_cat=0
split_feature=11 11 4 12 15 15 14 14 1 10 10 9 13 12 14 15
split_gain=1.46613 5.3034 2.14078 3.85457 2.32923 3.8844 1.62179 1.90247 1.78919 3.34794 3.2579 3.44484 3.19322 2.87278 2.32916 0.725569
threshold=37.500000000000007 47.500000000000007 1.0000000180025095e-35 29.500000000000004 96.050000000000011 94.050000000000011 17.120000000000001 30.360000000000003 1.0000000180025095e-35 62.500000000000007 79.500000000000014 2.5000000000000004 31.500000000000004 26.500000000000004 124.50000000000001 89.050000000000026
decision_type=2 2 2 2 2 2 2 2 2 2 2 2 2 2 2 2
left_child=-1 -2 4 -4 5 6 -3 -8 9 15 11 -10 -13 -11 -14 -9
right_child=1 2 3 -5 -6 -7 7 8 10 13 -12 12 14 -15 -16 -17
leaf_value=-0.056989493961912475 0.10817155273185917 0.047444222168277143 0.0021522580943801159 -0.1393976143476435 0.055085410798335933 -0.09823252084365669 -0.060959759820423787 0.077544830548586241 -0.11532936085359964 0.027694113831071249 0.042942020137741219 0.043163875309355358 -0.11757410528356227 -0.085241393221705236 0.0046540047879118475 0.028254555218888956
leaf_weight=4.3165277913212767 4.5121599286794654 7.0880041308701029 5.0450451374053937 3.1095069609582424 7.4695118963718405 4.0878795422613612 5.1937258243560782 7.3658487573266047 4.4630390182137551 5.0937963314354402 6.5708586871623984 5.5347151011228544 3.3714105114340782 4.0378312282264233 2.9001483209431171 5.0230202078819275
leaf_count=23 13 31 25 32 27 28 35 27 32 22 26 22 27 33 19 21
internal_value=-0.000205399 0.00282565 -0.00339977 -0.0518238 0.00239022 -0.00409102 0.00270317 -0.00369636 0.00300801 0.0236976 -0.0164862 -0.0404881 -0.0121964 -0.0222438 -0.0610523 0.0575603
internal_weight=85.183 80.8665 76.3543 8.15455 68.1998 60.7303 56.6424 49.5544 44.3607 21.5205 22.8402 16.2693 11.8063 9.13163 6.27156 12.3889
internal_count=443 420 407 57 350 323 295 264 229 103 126 100 68 55 46 48
is_linear=0
shrinkage=0.1


Tree=23
num_leaves=19
num_cat=0
split_feature=12 11 10 5 15 13 12 12 15 12 11 3 13 15 11 9 14 2
split_gain=1.47768 1.68905 1.84008 1.75008 2.57772 1.86578 1.57814 5.17651 2.30918 1.66869 1.7918 2.77313 3.61594 2.04595 1.64678 5.43025 1.41052 1.0093
threshold=185.00000000000003 40.500000000000007 80.500000000000014 1.0000000180025095e-35 92.350000000000009 31.500000000000004 21.500000000000004 23.500000000000004 80.350000000000009 90.500000000000014 95.000000000000014 1.0000000180025095e-35 29.500000000000004 84.450000000000017 141.50000000000003 1.5000000000000002 209.50000000000003 1.0000000180025095e-35
decision_type=2 2 2 2 2 2 2 2 2 2 2 2 2 2 2 2 2 2
left_child=1 -1 6 4 5 -4 8 -8 -3 10 -9 12 -12 -13 -10 -16 17 -14
right_child=-2 2 3 -5 -6 -7 7 9 14 -11 11 13 16 -15 15 -17 -18 -19
leaf_value=-0.067695016397459951 0.054021251422050588 -0.048376361139326467 0.022050794467500565 0.07740816192934849 0.068822673234296347 -0.075686215472744955 -0.13784255517057237 0.041643322377659275 0.071998346488111986 -0.077251092602770771 0.039968634350893983 0.051808897189110081 -0.14142523890319281 -0.036525109695990203 0.087803089884010033 -0.066633682199564712 -0.01067838761013686 -0.065009038557503646
leaf_weight=3.8911595642566672 4.7417237386107436 4.5719795525074032 3.9166256561875361 5.1354115344583979 4.4266174286603928 3.8961451984941959 3.4299604669213286 7.2463132515549686 6.2746639922261229 3.2475475072860709 3.4266070500016221 7.3905555754899979 3.4111262522637826 4.0638043768703938 4.2711181268095952 4.8759305626153946 2.1939668171107769 3.5037969537079334
leaf_count=21 18 24 15 17 15 27 25 30 22 22 15 32 33 30 15 32 17 33
internal_value=-0.000202726 -0.00345022 -0.000129559 0.0284121 0.0078543 -0.0266896 -0.00869333 -0.0206816 0.0140397 -0.00902801 -0.00193503 -0.0150982 -0.0475984 0.0204696 0.0325438 0.00547894 -0.0805395 -0.102705
internal_weight=83.9151 79.1733 75.2822 17.3748 12.2394 7.81277 57.9074 37.9137 19.9937 34.4837 31.2362 23.9899 12.5355 11.4544 15.4217 9.14705 9.10889 6.91492
internal_count=443 425 404 74 57 42 330 237 93 212 190 160 98 62 69 47 83 66
is_linear=0
shrinkage=0.1


Tree=24
num_leaves=18
num_cat=0
split_feature=11 12 12 12 15 2 11 15 11 15 9 14 13 14 12 12 11
split_gain=1.28276 1.55265 1.69863 1.89918 1.84509 2.08616 1.60934 2.64405 2.10062 3.49563 2.45688 1.91811 1.90682 1.78879 0.881405 0.746257 3.4245
threshold=368.00000000000006 157.50000000000003 13.500000000000002 47.500000000000007 86.000000000000014 1.0000000180025095e-35 246.50000000000003 81.250000000000014 168.50000000000003 96.050000000000011 1.5000000000000002 46.500000000000007 27.500000000000004 84.500000000000014 23.500000000000004 19.500000000000004 83.500000000000014
decision_type=2 2 2 2 2 2 2 2 2 2 2 2 2 2 2 2 2
left_child=1 2 -1 6 -5 -6 7 14 9 11 -10 -9 -13 -8 -4 -14 -17
right_child=-2 -3 3 4 5 -7 13 8 10 -11 -12 12 15 -15 -16 16 -18
leaf_value=-0.066353595073715577 -0.049342243961013901 0.056304475256382283 0.0067064517075444835 -0.075401269238005761 -0.048087953863477084 0.045337711074050185 -0.003617262955417476 0.042532880411780098 0.0066278663197232293 0.086340306646791418 -0.11524824733443967 0.021242100592484329 -0.019987554520836181 0.077925051809780432 0.059904442549363293 0.00037414583364693538 -0.14200054847742904
leaf_weight=3.7470499873161307 4.990090273320674 5.0985144749283782 5.0094143003225318 5.408185862004756 4.8789513316005451 4.6853709332644939 4.4872037917375547 4.1497611030936339 2.8958893269300452 3.9270085096359244 3.8570993207395077 4.3125025629997245 3.4303439259529096 6.7179201059043407 8.2333536893129331 3.1014176160097122 3.7106504999101162
leaf_count=21 32 19 23 37 35 22 25 19 18 13 32 18 15 26 36 14 38
internal_value=-0.000195678 0.00296264 -0.000785889 0.00278486 -0.0287179 -0.00232058 0.0115468 0.00268204 -0.0140373 0.000567736 -0.062984 -0.01744 -0.034539 0.0452706 0.0397809 -0.0580252 -0.0771798
internal_weight=82.6407 77.6506 72.5521 68.8051 14.9725 9.56432 53.8326 42.6274 29.3847 22.6317 6.75299 18.7047 14.5549 11.2051 13.2428 10.2424 6.81207
internal_count=443 411 392 371 94 57 277 226 167 117 50 104 85 51 59 67 52
is_linear=0
shrinkage=0.1


Tree=25
num_leaves=17
num_cat=0
split_feature=11 11 4 11 15 15 15 15 11 11 11 12 14 11 12 1
split_gain=1.09698 4.48685 1.66332 2.38866 1.60365 3.1133 1.13901 2.92533 2.27276 3.49981 2.42389 2.17322 1.92681 1.85956 1.60178 1.2324
threshold=37.500000000000007 47.500000000000007 1.0000000180025095e-35 138.00000000000003 96.050000000000011 94.050000000000011 91.65000000000002 89.65000000000002 138.00000000000003 178.50000000000003 213.50000000000003 36.500000000000007 88.500000000000014 234.50000000000003 22.100000000000005 1.0000000180025095e-35
decision_type=2 2 2 2 2 2 2 2 2 2 2 2 2 2 2 2
left_child=-1 -2 4 -4 5 6 7 8 15 -10 -11 12 -12 -8 -9 -3
right_child=1 2 3 -5 -6 -7 13 14 9 10 11 -13 -14 -15 -16 -17
leaf_value=-0.049800955923080696 0.10248734757772558 0.077902385110717579 -0.11651529811136468 -0.0025440320871665048 0.046994907743475589 -0.08986079587830953 -0.0062314452212116145 -0.0081956164405730166 -0.097226687710325249 0.050596820052448699 -0.032826730927556357 -0.07355780229412115 0.055232373087459499 0.078815706960154608 -0.10899965821579219 0.011579324265513528
leaf_weight=4.2267076410353175 4.2433385550975791 5.4857474714517576 3.0231822021305552 4.694401016458869 7.0367715507745734 3.8990626744925967 5.650503817945717 2.7246188856661311 3.8951689358800676 7.7811159417033222 5.325875520706175 4.8112003132700911 4.6579826958477497 4.7172382324934006 3.7402313016355038 5.7262571789324284
leaf_count=23 13 22 24 33 27 28 31 16 28 34 34 34 19 17 30 30
internal_value=-0.000192609 0.00251599 -0.00328169 -0.0471896 0.00189561 -0.00353713 0.00263687 -0.0043678 0.00629412 -0.0096888 0.0054145 -0.0183481 0.00825736 0.0324643 -0.0665157 0.0440295
internal_weight=81.6394 77.4127 73.1694 7.71758 65.4518 58.415 54.5159 44.1482 37.6833 26.4713 22.5762 14.7951 9.98386 10.3677 6.46485 11.212
internal_count=443 420 407 57 350 323 295 247 201 149 121 87 53 48 46 52
is_linear=0
shrinkage=0.1


Tree=26
num_leaves=19
num_cat=0
split_feature=12 11 11 3 12 12 13 9 11 15 14 11 10 10 10 15 14 14
split_gain=1.04784 1.38234 1.63641 1.95588 1.66451 2.52618 2.34929 2.90893 3.20608 1.91574 1.6523 1.54396 1.43793 2.03775 3.0529 1.74149 0.331174 0.259495
threshold=185.00000000000003 42.500000000000007 63.500000000000007 1.0000000180025095e-35 32.500000000000007 84.500000000000014 29.500000000000004 1.0000000180025095e-35 139.50000000000003 91.450000000000017 118.50000000000001 206.50000000000003 69.500000000000014 84.500000000000014 76.500000000000014 83.000000000000014 52.500000000000007 115.80000000000001
decision_type=2 2 2 2 2 2 2 2 2 2 2 2 2 2 2 2 2 2
left_child=1 -1 -3 4 6 9 -4 -8 -9 11 16 -6 15 14 -14 -5 -10 -17
right_child=-2 2 3 12 5 -7 7 8 10 -11 -12 -13 13 -15 -16 17 -18 -19
leaf_value=-0.057249352137728152 0.04658261633402274 0.056530752948080798 0.041047024941232517 0.088464571928605226 -0.0039661477796497282 0.023794202776630413 0.059282210455829876 0.0088176406778063248 -0.096874968414239343 -0.14096296273175787 -0.03551957007762744 -0.10249514328062836 0.00905394825573364 0.046134366549009452 -0.11229530121370034 -0.0083837804097960586 -0.15125352521014879 0.029131899691469731
leaf_weight=4.4169197529554358 4.5240083187818518 4.8416061252355567 8.2558002322912234 4.9201326519250888 3.9223946016281825 3.6698918528854838 3.4898580498993423 6.8264592178165904 2.1752942278981191 2.9408284947276115 3.8436576202511787 2.6750445328652859 6.0764611884951574 5.1586137413978568 3.146836843341589 3.4393425136804581 2.3084881827235222 3.9742690771818161
leaf_count=24 18 18 33 15 27 19 15 35 19 29 22 25 35 19 28 21 22 19
internal_value=-0.000173986 -0.00295424 0.000392121 -0.00367534 -0.0176382 -0.0467106 -0.00336317 -0.0230288 -0.0419846 -0.0738377 -0.08363 -0.0439164 0.0172869 -0.00419761 -0.0323484 0.0423392 -0.124872 0.0117275
internal_weight=80.6059 76.0819 71.665 66.8234 40.1077 13.2082 26.8996 18.6438 15.1539 9.53827 8.32744 6.59744 26.7157 14.3819 9.2233 12.3337 4.48378 7.41361
internal_count=443 425 401 383 246 100 146 113 98 81 63 52 137 82 63 55 41 40
is_linear=0
shrinkage=0.1


Tree=27
num_leaves=16
num_cat=0
split_feature=15 15 13 10 10 12 10 10 15 11 11 2 14 15 14
split_gain=0.964445 4.01667 1.86064 2.49126 3.07262 2.85815 2.48892 3.4653 2.13365 1.78507 4.38256 1.67722 0.916998 0.811256 0.0173368
threshold=90.950000000000017 89.65000000000002 34.500000000000007 62.500000000000007 79.500000000000014 23.500000000000004 72.500000000000014 55.500000000000007 79.200000000000003 234.50000000000003 168.50000000000003 1.0000000180025095e-35 118.50000000000001 84.250000000000014 37.850000000000009
decision_type=2 2 2 2 2 2 2 2 2 2 2 2 2 2 2
left_child=1 2 3 -1 5 -5 7 -4 -7 10 11 -2 -13 -10 -8
right_child=9 -3 6 4 -6 8 14 -9 13 -11 -12 12 -14 -15 -16
leaf_value=0.065995405748378311 -0.020040064523732266 -0.098369899562167351 -0.052317977467740931 -0.10313020013906241 0.048425509323339028 0.062648773170781644 -0.079314659331563481 0.057329557480034855 -0.07763026086608156 0.055151670892037853 -0.093999370503544899 0.016626579804537273 0.072062897310870996 -0.001521166514592929 -0.091218571067334622
leaf_weight=7.3530105464160469 6.6553276665508827 4.5500124953687182 6.1540180537849682 3.9011387750506428 7.6262626051902762 3.344479173421858 2.2480819486081591 5.4216221868991852 2.7078313380479813 7.7683127075433722 4.0983868502080432 6.3768784627318382 5.6079309657216072 2.9008349068462849 2.684354979544878
leaf_count=32 38 39 36 24 27 14 18 31 24 33 30 33 21 21 22
internal_value=-0.000186191 -0.0088921 0.000289459 0.0160652 -0.001861 -0.0316953 -0.0263093 -0.000962934 -0.00056905 0.0137663 -0.000372476 0.0202132 0.0425663 -0.0382662 -0.0857931
internal_weight=79.3985 48.8916 44.3416 27.8336 20.4805 12.8543 16.5081 11.5756 8.95315 30.5068 22.7385 18.6401 11.9848 5.60867 4.93244
internal_count=443 288 249 142 110 83 107 67 59 155 122 92 54 45 40
is_linear=0
shrinkage=0.1


Tree=28
num_leaves=17
num_cat=0
split_feature=11 14 12 12 11 12 6 12 10 2 11 12 13 14 15 15
split_gain=0.944948 1.49498 1.79838 1.48515 0.846937 1.23403 1.97601 1.82306 1.18719 3.35881 3.89736 1.19638 3.39814 2.84003 1.00448 0.927246
threshold=368.00000000000006 255.00000000000003 185.00000000000003 13.500000000000002 288.50000000000006 58.000000000000007 1.0000000180025095e-35 88.000000000000014 70.500000000000014 1.0000000180025095e-35 97.000000000000014 21.500000000000004 30.500000000000004 73.250000000000014 84.250000000000014 89.050000000000026
decision_type=2 2 2 2 2 2 2 2 2 2 2 2 2 2 2 2
left_child=1 2 3 -1 5 6 8 -7 11 14 -11 -5 -13 -14 -10 -12
right_child=-2 -3 -4 4 -6 7 -8 -9 9 10 15 12 13 -15 -16 -17
leaf_value=-0.06051323180094046 -0.043631076586137879 -0.054593328801746145 0.072636628484864144 0.06022549001908465 0.037887970571598886 -0.093553134050075787 -0.049665825945962978 0.0047816895728381038 -0.10268969797282668 0.096024834949829663 -0.050924570078510471 0.072170030048006373 -0.11246424691490209 0.016653939720749415 -0.025542944517135048 0.015674262658090712
leaf_weight=3.5654682554304591 4.7039342112839213 4.303825680166482 3.8423511385917655 8.6550951302051562 7.2846018299460402 3.1771552767604581 5.3193032033741465 4.6367878019809723 2.9887662883847961 5.0732499286532411 3.8687690682709199 5.3623328246176225 2.767472768202424 4.431095577776432 3.8771771416068077 4.5483154263347387
leaf_count=21 32 29 14 32 36 26 37 24 24 17 27 22 26 26 26 24
internal_value=-0.00017621 0.00259725 0.00614402 0.00224674 0.00585649 0.00159117 0.00772222 -0.0352013 0.0150652 -0.00218684 0.0267921 0.0316181 0.0119062 -0.0329852 -0.0591252 -0.0149368
internal_weight=78.4057 73.7018 69.3979 65.5556 61.9901 54.7055 46.8916 7.81394 41.5723 20.3563 13.4903 21.216 12.5609 7.19857 6.86594 8.41708
internal_count=443 411 382 368 347 311 261 50 224 118 68 106 74 52 50 51
is_linear=0
shrinkage=0.1


Tree=29
num_leaves=18
num_cat=0
split_feature=4 14 12 12 13 13 15 15 14 0 14 14 12 14 10 14 1
split_gain=0.907572 2.16549 1.2046 1.8832 1.08901 2.46527 1.94931 2.20469 2.48672 3.43597 2.70149 1.80001 1.37225 1.23663 0.727249 0.350366 0.237895
threshold=1.0000000180025095e-35 102.50000000000001 82.000000000000014 51.500000000000007 41.500000000000007 38.500000000000007 81.65000000000002 96.050000000000011 45.20000000000001 1.0000000180025095e-35 103.50000000000001 165.50000000000003 23.500000000000004 105.50000000000001 69.500000000000014 54.000000000000007 1.0000000180025095e-35
decision_type=2 2 2 2 2 2 2 2 2 2 2 2 2 2 2 2 2
left_child=2 15 3 4 5 6 12 8 -8 10 -10 -12 -1 -11 -4 -2 -5
right_child=1 -3 14 16 -6 -7 7 -9 9 13 11 -13 -14 -15 -16 -17 -18
leaf_value=0.0017201631487027162 -0.10477389199503813 0.015147900374592613 0.05848138485010617 -0.037991579018486897 0.057342099020434606 -0.080359790244642682 0.037110784723265622 0.054117635367691486 -0.07455186140213374 -0.052047422694331262 0.072220143901728956 -0.018341679722569851 0.063095880916977695 -0.14594050057026034 0.0067273293659631684 -0.049106421792137631 -0.080133040246080478
leaf_weight=6.5072258040308943 2.450609300285576 5.2544012945145369 5.8343917168676835 2.7864737138152114 3.5628512892872086 3.5324419215321532 5.7618573941290441 4.7294028699398032 4.3658289872109917 2.5754408203065386 3.9164285585284215 4.9925518482923508 8.2756776511669141 3.0805515870451927 5.0785639323294163 2.0990624856203794 2.5797789208590984
leaf_count=29 24 29 25 23 18 28 32 19 31 17 17 30 37 24 25 17 18
internal_value=-0.000151616 -0.0285845 0.00397327 -0.00188572 0.00401033 2.99512e-05 0.00645394 -0.00843104 -0.020411 -0.0379186 -0.0101099 0.0214697 0.0360792 -0.103187 0.0343966 -0.0790908 -0.0582507
internal_weight=77.3835 9.80407 67.5795 56.6665 51.3003 47.7374 44.205 29.4221 24.6927 18.9308 13.2748 8.90898 14.7829 5.65599 10.913 4.54967 5.36625
internal_count=443 70 373 323 282 264 236 170 151 119 78 47 66 41 50 41 41
is_linear=0
shrinkage=0.1


Tree=30
num_leaves=18
num_cat=0
split_feature=11 11 3 5 10 15 10 6 15 14 14 9 15 12 11 15 13
split_gain=0.891388 3.6546 1.44812 1.49763 2.17021 3.5078 3.38276 1.3544 1.5639 1.49439 1.7528 2.84148 2.87503 2.09256 1.81583 1.46744 0.967232
threshold=37.500000000000007 47.500000000000007 1.0000000180025095e-35 1.0000000180025095e-35 73.500000000000014 85.550000000000011 84.500000000000014 1.0000000180025095e-35 80.350000000000009 33.500000000000007 95.280000000000015 1.5000000000000002 88.65000000000002 18.500000000000004 175.50000000000003 70.250000000000014 32.500000000000007
decision_type=2 2 2 2 2 2 2 2 2 2 2 2 2 2 2 2 2
left_child=-1 -2 7 4 5 -4 -6 8 15 -10 13 14 -13 -11 -12 -3 -9
right_child=1 2 3 -5 6 -7 -8 16 9 10 11 12 -14 -15 -16 -17 -18
leaf_value=-0.046014237468528181 0.096575787159899007 -0.0032115323130904299 0.071061030058786473 0.06660900238244008 -0.1086614072860171 -0.029943948098945301 0.023801722125419235 -0.01013149008183077 -0.063748107836645126 0.10561679285568147 -0.014296646261504582 0.010855432783692699 -0.10873270215885807 0.0031494621264980859 0.07419093956751821 -0.093078169691882734 -0.087537435445103423
leaf_weight=4.014627654105424 3.8986325562000266 3.640613541007041 8.0239721387624794 4.6946562081575385 3.6223414298146954 6.0164561383426181 4.1213644742965698 2.736676897853612 2.9240561202168491 3.6987259127199668 4.4767696037888545 3.973296791315077 4.0691522248089314 4.321657333523035 4.8115208111703396 3.6275572590529919 3.9360816441476345
leaf_count=23 13 17 31 21 35 38 17 16 26 13 25 23 33 32 20 28 32
internal_value=-0.000144915 0.00239179 -0.00295342 0.0153794 0.00433904 0.0277794 -0.0381617 -0.0144522 -0.00669134 0.00394359 0.0117513 -0.00613647 -0.0496513 0.0504039 0.0315417 -0.0480641 -0.0557912
internal_weight=76.6082 72.5935 68.6949 26.4788 21.7841 14.0404 7.74371 42.2161 35.5433 28.2752 25.3511 17.3307 8.04245 8.02038 9.28829 7.26817 6.67276
internal_count=443 420 407 142 121 69 52 265 217 172 146 101 56 45 45 45 48
is_linear=0
shrinkage=0.1


Tree=31
num_leaves=19
num_cat=0
split_feature=11 14 12 11 11 9 11 14 12 9 15 12 12 14 12 15 10 15
split_gain=0.821458 1.00567 1.52937 0.999935 1.22731 2.04374 2.85979 4.75424 3.68722 2.41676 1.54351 2.52775 3.6179 1.47056 1.00187 2.34811 0.919122 0.504094
threshold=368.00000000000006 255.00000000000003 185.00000000000003 40.500000000000007 83.500000000000014 2.5000000000000004 165.50000000000003 78.90000000000002 27.500000000000004 1.5000000000000002 71.950000000000017 30.250000000000004 65.500000000000014 36.150000000000006 22.100000000000005 87.100000000000009 71.500000000000014 87.300000000000026
decision_type=2 2 2 2 2 2 2 2 2 2 2 2 2 2 2 2 2 2
left_child=1 2 3 -1 16 6 8 13 -6 -9 -7 14 17 -8 15 -12 -5 -13
right_child=-2 -3 -4 4 5 10 7 9 -10 -11 11 12 -14 -15 -16 -17 -18 -19
leaf_value=-0.050479993396311706 -0.041361065415582918 -0.04463459965239025 0.068225957245361485 0.0082300728634308023 -0.13673166513693374 0.068831207863072327 -0.13609269195185744 0.070731168389998336 -0.00060850384641742783 -0.021063679356600057 0.065179207963391217 -0.14879021703715453 0.045912426038669941 -0.032341807946861333 0.071084163582011639 -0.041759634723130386 0.069155356690410091 -0.074551074664764044
leaf_weight=3.4498583637177935 4.5401946082711211 4.2528996579349032 3.6751749813556662 5.2480416595935804 4.1097697317600277 5.026952467858794 2.3040187340229776 7.639623459428547 3.8578574731945992 4.5921260453760624 4.1071106307208556 1.7130996230989688 2.5474585872143507 3.3561445102095604 4.3472890816628924 4.1059839054942131 4.6881369911134243 1.9623246062546966
leaf_count=19 32 29 14 24 29 19 26 32 29 30 17 19 14 25 20 24 20 21
internal_value=-0.000123547 0.00251404 0.00551892 0.00186407 0.00489363 -0.00152431 -0.0209886 0.00120325 -0.070822 0.0362689 0.0196152 0.00644357 -0.0456743 -0.0745745 0.0322647 0.0117171 0.0369761 -0.109154
internal_weight=75.5241 70.9839 66.731 63.0558 59.6059 49.6698 25.8595 17.8919 7.96763 12.2317 23.8102 18.7833 6.22288 5.66016 12.5604 8.21309 9.93618 3.67542
internal_count=443 411 382 368 349 305 171 113 58 62 134 115 54 51 61 41 44 40
is_linear=0
shrinkage=0.1


Tree=32
num_leaves=17
num_cat=0
split_feature=15 15 13 10 10 12 13 12 1 11 11 14 2 10 14 11
split_gain=0.803651 3.20809 1.54306 2.48037 3.33677 1.62405 1.87045 1.61733 2.24701 1.27025 2.62439 1.17289 1.02052 0.943529 0.808723 0.212516
threshold=90.950000000000017 89.65000000000002 33.500000000000007 64.500000000000014 80.500000000000014 40.500000000000007 28.500000000000004 22.100000000000005 1.0000000180025095e-35 246.50000000000003 168.50000000000003 72.500000000000014 1.0000000180025095e-35 70.500000000000014 118.50000000000001 146.50000000000003
decision_type=2 2 2 2 2 2 2 2 2 2 2 2 2 2 2 2
left_child=1 2 3 -1 5 6 -5 13 11 10 12 -9 -2 -4 -14 -10
right_child=9 -3 7 4 -6 -7 -8 8 15 -11 -12 -13 14 -15 -16 -17
leaf_value=0.066174618661910864 -0.012746603239731664 -0.092056258527161913 0.039781791415280127 -0.021506639181960666 0.049000027717738176 0.010501113875583359 -0.14040082638433091 -0.054610310270568063 -0.07201355322203308 0.051613976520351657 -0.06581367151962271 0.033876985091446307 0.011823331496144118 -0.026121258820700727 0.065774840214386759 -0.11641373408368644
leaf_weight=7.2262165211141136 6.3779581971466621 4.1626445278525344 4.9910138212144393 2.669533044099806 6.4251717403531066 3.1220867820084095 2.6236467454582453 2.7675458379089815 1.7347325962036846 6.566794801503419 4.5868365056812754 3.2653015777468681 5.8579378053545952 3.8468110673129559 5.2850577011704445 2.8475586399435997
leaf_count=33 38 39 21 15 23 19 29 25 14 29 34 18 33 25 21 27
internal_value=-0.000126172 -0.00836277 2.81076e-05 0.0181285 -0.00526641 -0.0466996 -0.0804384 -0.0205043 -0.046814 0.0129958 0.00152482 -0.00671623 0.0191535 0.0110964 0.0374122 -0.099605
internal_weight=74.3568 45.6823 41.5196 22.0667 14.8404 8.41527 5.29318 19.453 10.6151 28.6746 22.1078 6.03285 17.521 8.83782 11.143 4.58229
internal_count=443 288 249 119 86 63 44 130 84 155 126 43 92 46 54 41
is_linear=0
shrinkage=0.1


Tree=33
num_leaves=17
num_cat=0
split_feature=4 14 11 12 3 2 12 12 15 10 12 13 10 9 14 14
split_gain=0.700254 1.80313 1.02851 1.49271 1.30462 1.424 3.53091 1.88295 2.58475 2.03687 1.29832 1.05386 1.21416 1.04488 0.559442 0.251192
threshold=1.0000000180025095e-35 102.50000000000001 92.500000000000014 39.500000000000007 1.0000000180025095e-35 1.0000000180025095e-35 25.500000000000004 84.500000000000014 89.750000000000014 76.500000000000014 53.500000000000007 31.500000000000004 70.500000000000014 2.5000000000000004 91.90000000000002 54.000000000000007
decision_type=2 2 2 2 2 2 2 2 2 2 2 2 2 2 2 2
left_child=2 15 3 13 5 6 -4 8 9 -7 11 -6 -13 -1 -8 -2
right_child=1 -3 4 -5 10 7 14 -9 -10 -11 -12 12 -14 -15 -16 -17
leaf_value=-0.035948021935968744 -0.098441374862082667 0.014087091229721505 0.003653150273491953 0.064677876460001407 -0.014123043229688612 -0.023278106464145257 -0.13941508885174039 0.064565909416233136 -0.07606540007716682 0.078620459080088176 -0.035338055007819454 0.066712231423663518 0.0025705530693758681 0.035397586715444872 -0.074068748992231814 -0.048969780607190067
leaf_weight=4.1476126164197904 2.1742882411926967 5.0451805237680674 6.9934739060699957 6.0967423841357222 4.4350489005446496 4.8865965530276316 2.4735216647386551 3.7340196147561064 4.6054250262677661 3.2773216441273689 4.0299797598272553 7.8414515480399114 4.732134873047471 4.0641400516033173 2.7854845486581326 1.9439813960343597
leaf_count=22 24 29 37 25 26 38 27 14 39 12 28 33 30 18 24 17
internal_value=-0.000133288 -0.0259907 0.003563 0.0271927 -0.00322702 -0.0170722 -0.0428987 0.00210204 -0.0161637 0.017628 0.0156967 0.0277887 0.0425722 -0.000637832 -0.104804 -0.0750889
internal_weight=73.2664 9.16345 64.103 14.3085 49.7945 28.7558 12.2525 16.5034 12.7693 8.16392 21.0386 17.0086 12.5736 8.21175 5.25901 4.11827
internal_count=443 70 373 65 308 191 88 103 89 50 117 89 63 40 51 41
is_linear=0
shrinkage=0.1


Tree=34
num_leaves=18
num_cat=0
split_feature=11 11 3 15 11 11 14 6 15 15 10 12 12 13 10 11 14
split_gain=0.772907 3.08671 1.14252 1.17472 1.81066 1.94736 1.20692 1.03904 1.37375 1.26741 1.25763 1.16112 3.90059 0.676374 1.27436 1.95295 0.649023
threshold=37.500000000000007 47.500000000000007 1.0000000180025095e-35 81.65000000000002 234.50000000000003 127.50000000000001 60.500000000000007 1.0000000180025095e-35 80.350000000000009 69.750000000000014 41.500000000000007 32.500000000000007 55.500000000000007 29.500000000000004 53.500000000000007 198.50000000000003 105.50000000000001
decision_type=2 2 2 2 2 2 2 2 2 2 2 2 2 2 2 2 2
left_child=-1 -2 7 6 5 -5 -4 8 9 -3 -9 13 16 -10 -15 -16 -13
right_child=1 2 3 4 -6 -7 -8 10 11 -11 -12 12 -14 14 15 -17 -18
leaf_value=-0.043734249878328815 0.091669626892782755 -0.0017046039294472987 0.0046325695070048066 0.0072225255705118015 0.036169309913232854 -0.089279705850496091 0.074452317905058935 0.0093276493599296142 0.046935860361121712 -0.08751291612979134 -0.083814874381420545 -0.052712689714006049 0.034810219885450813 0.051821023397329261 0.018749359078657962 -0.081186567504871798 -0.13650261203246442
leaf_weight=3.8491102047264567 3.6598181426525107 3.3320474773645392 4.7823707684874552 4.9208726771175844 6.5185919944196931 3.6363058760762215 5.1333954334259033 2.2581739723682395 5.664003334939486 3.5607480220496655 4.0486729387193918 1.5821383818984016 4.655595364049077 4.0139917340129605 5.5507498253136855 3.0190121289342642 2.2237745635211468
leaf_count=23 13 16 24 25 38 35 20 14 25 29 34 17 26 17 37 26 24
internal_value=-0.000130655 0.00231734 -0.00272135 0.0140453 -0.00353774 -0.0337853 0.0407783 -0.0132209 -0.00623042 -0.0460323 -0.0504651 0.00404116 -0.0265777 0.0182392 0.00532265 -0.0164567 -0.101671
internal_weight=72.4094 68.5603 64.9004 24.9915 15.0758 8.55718 9.91577 39.9089 33.6021 6.8928 6.30685 26.7093 8.46151 18.2478 12.5838 8.56976 3.80591
internal_count=443 420 407 142 98 60 44 265 217 45 48 172 67 105 80 63 41
is_linear=0
shrinkage=0.1


Tree=35
num_leaves=17
num_cat=0
split_feature=11 12 14 12 14 14 0 14 13 11 14 14 13 10 11 13
split_gain=0.68242 0.79569 3.86818 1.09334 1.92585 2.3415 2.74987 3.04532 3.30114 2.49572 1.85699 1.56751 1.06697 2.42448 2.20515 0.480228
threshold=368.00000000000006 15.500000000000002 95.280000000000015 18.500000000000004 255.00000000000003 118.50000000000001 1.0000000180025095e-35 37.850000000000009 32.500000000000007 146.50000000000003 48.500000000000007 77.950000000000017 31.500000000000004 60.500000000000007 175.50000000000003 29.500000000000004
decision_type=2 2 2 2 2 2 2 2 2 2 2 2 2 2 2 2
left_child=1 2 -1 -3 5 6 7 9 15 -5 -8 -10 -7 -14 -15 -9
right_child=-2 3 -4 4 -6 12 10 8 11 -11 -12 -13 13 14 -16 -17
leaf_value=0.034864181671046976 -0.038875005381264094 0.045479111269906558 -0.09836896863954335 0.067387824447055669 -0.070657702736377184 0.062136150120076152 -0.02289671853976433 -0.094367741008621803 -0.071367735966837514 -0.040552739524738597 0.065743481822209335 0.021104454443346424 0.064981478053896438 -0.11182435928255373 0.028275795219550839 -0.15639383842246479
leaf_weight=4.792643837630747 4.2743375711143008 6.4239069670438758 3.9960569143295288 4.471630126237871 3.4309018515050402 8.340187996625902 3.7345316782593745 2.5581876374781114 3.2708005271852016 4.1116008572280407 6.4375886991620064 4.1703781671822071 4.4204030707478505 2.1700543500483036 2.3294677771627903 2.4376844204962254
leaf_count=24 32 28 24 18 27 37 26 19 34 36 31 25 18 25 17 22
internal_value=-0.00013312 0.00233492 -0.0257144 0.00656282 0.00174443 0.00687119 -0.0094814 -0.0301361 -0.0617562 0.0156814 0.0332006 -0.0195421 0.0364235 0.012382 -0.0392925 -0.124633
internal_weight=71.3704 67.096 8.7887 58.3073 51.8834 48.4525 31.1924 21.0203 12.4371 8.58323 10.1721 7.44118 17.2601 8.91993 4.49952 4.99587
internal_count=443 411 48 363 335 308 211 154 100 54 57 59 97 60 42 41
is_linear=0
shrinkage=0.1


Tree=36
num_leaves=18
num_cat=0
split_feature=4 15 11 12 12 12 13 15 12 14 10 15 10 5 10 10 1
split_gain=0.661595 1.4295 2.19541 0.884914 1.45678 1.02121 1.44419 1.18152 1.26261 1.14506 1.30499 3.11562 0.701465 0.697157 1.99096 0.939097 0.170018
threshold=1.0000000180025095e-35 92.450000000000017 153.50000000000003 82.000000000000014 51.500000000000007 39.500000000000007 26.500000000000004 96.050000000000011 32.500000000000007 17.120000000000001 53.500000000000007 91.15000000000002 69.500000000000014 1.0000000180025095e-35 70.500000000000014 80.500000000000014 1.0000000180025095e-35
decision_type=2 2 2 2 2 2 2 2 2 2 2 2 2 2 2 2 2
left_child=3 2 -2 4 5 6 -1 8 9 -8 -11 13 -5 14 -12 -16 -6
right_child=1 -3 -4 12 16 -7 7 -9 -10 10 11 -13 -14 -15 15 -17 -18
leaf_value=-0.063621012011579867 -0.11755748361365033 0.029787199866896777 0.0062117047001919836 0.055484610216704561 -0.0360401367751104 0.039297350748109618 0.054007216927113813 0.057738161008652839 -0.058647425024549865 0.039365972201933802 0.037798462620456989 -0.089928207084226178 0.0025321872746496342 0.043683344451759171 -0.085579217193701318 -0.0078631149078506966 -0.073744659871406826
leaf_weight=3.5252760089933863 2.8443374596536142 3.0231272932142019 2.8885791078209877 5.3392941281199437 2.469428462907671 6.8453582376241675 4.0002361647784737 3.6066638827323905 3.576395282521843 5.5291597768664387 5.4583915285766142 4.3864230401813975 4.7072524875402451 3.6655747443437567 2.9717099256813526 3.2611260488629341 2.3190524727106094
leaf_count=21 28 17 25 25 23 39 17 16 37 27 28 33 25 18 30 16 18
internal_value=-0.000131866 -0.0258541 -0.0551953 0.00352075 -0.0017645 0.00360784 -0.00250275 0.0034074 -0.00255785 0.00429491 -0.00357379 -0.0155992 0.0306741 0.00563165 -0.00629877 -0.0449168 -0.0543004
internal_weight=70.4174 8.75604 5.73292 61.6613 51.6148 46.8263 39.981 36.4557 32.849 29.2726 25.2724 19.7432 10.0465 15.3568 11.6912 6.23284 4.78848
internal_count=443 70 53 373 323 282 243 222 206 169 152 125 50 92 74 46 41
is_linear=0
shrinkage=0.1


Tree=37
num_leaves=17
num_cat=0
split_feature=15 15 13 10 10 12 11 14 15 9 14 11 11 11 1 10
split_gain=0.686282 2.36784 1.58542 2.05117 2.08939 2.02875 1.2669 2.19332 1.94845 1.17503 1.12628 0.908291 2.54418 1.00268 1.69207 0.292257
threshold=90.950000000000017 89.65000000000002 33.500000000000007 62.500000000000007 80.500000000000014 23.500000000000004 97.000000000000014 62.500000000000007 83.15000000000002 2.5000000000000004 57.400000000000013 234.50000000000003 168.50000000000003 47.500000000000007 1.0000000180025095e-35 68.500000000000014
decision_type=2 2 2 2 2 2 2 2 2 2 2 2 2 2 2 2
left_child=1 2 3 -1 5 -5 -4 9 -9 -8 -7 12 13 -2 -15 -16
right_child=11 -3 6 4 -6 10 7 8 -10 -11 -12 -13 -14 14 15 -17
leaf_value=0.070179155397067136 0.064081937800552047 -0.083240875432377598 0.031001672489557815 -0.1056373897507871 0.044158997354888568 0.041997654664670592 -0.14027944635249365 0.03816900081879207 -0.054560654783961597 -0.046737732904530954 -0.042423508330766919 0.04378617045348672 -0.075115436677642713 -0.039651259163449915 0.013771898821728832 0.052780813376801766
leaf_weight=5.5742366984486607 3.6908515542745688 3.8104141289368263 3.6097519919276264 2.6197606809437257 6.128535881638526 3.1039303075522184 2.2521350160241118 4.8806280530989152 4.229714460670948 3.3262019511312246 3.2194315232336521 6.8602531328797332 3.5540817510336629 5.1167869679629785 3.6119207907468081 4.1015786081552505
leaf_count=28 15 39 18 20 23 20 26 27 33 26 28 33 30 35 20 22
internal_value=-0.00012935 -0.00800589 -0.000644704 0.0183503 -0.000818521 -0.0316407 -0.0220766 -0.0351206 -0.00488316 -0.0845032 -0.000983937 0.0123731 0.00163839 0.0181499 0.0049368 0.0345145
internal_weight=69.6902 42.7547 38.9443 20.6459 15.0717 8.94312 18.2984 14.6887 9.11034 5.57834 6.32336 26.9355 20.0752 16.5211 12.8303 7.7135
internal_count=443 288 249 119 91 68 130 112 60 52 48 155 122 92 77 42
is_linear=0
shrinkage=0.1


Tree=38
num_leaves=19
num_cat=0
split_feature=11 11 3 15 13 14 11 13 7 2 15 15 13 14 14 12 14 11
split_gain=0.588468 2.64569 0.984545 0.985311 1.52865 1.26511 1.13629 1.25871 0.867975 1.43388 2.83104 2.11782 1.80136 2.74218 2.49471 1.76423 1.64254 0.796857
threshold=37.500000000000007 47.500000000000007 1.0000000180025095e-35 81.65000000000002 30.500000000000004 48.500000000000007 234.50000000000003 32.500000000000007 1.0000000180025095e-35 1.0000000180025095e-35 80.350000000000009 92.65000000000002 34.500000000000007 76.500000000000014 121.50000000000001 21.500000000000004 170.50000000000003 133.50000000000003
decision_type=2 2 2 2 2 2 2 2 2 2 2 2 2 2 2 2 2 2
left_child=-1 -2 8 5 -5 -4 7 -6 9 10 -3 15 13 -11 -14 -12 -17 -15
right_child=1 2 3 4 6 -7 -8 -9 -10 12 11 -13 14 17 -16 16 -18 -19
leaf_value=-0.038908073849394487 0.087620385615661447 -0.12244441182640592 -0.0072668080298331746 -0.060495706328780076 0.031215985389474617 0.067632000432448949 0.047693541629974384 -0.066043852598076408 -0.065582306806664645 0.078677496127788821 0.051401015953211039 -0.08115694829591942 -0.094829625791762476 -0.045094931907758373 0.035513387079834098 -0.092566338197912892 0.029105284197669001 0.022067098425695507
leaf_weight=3.7027458529919377 3.4249635115265837 2.7737937532365313 3.7067740708589572 3.5209417678415766 2.6634118184447271 5.7586951069533825 5.4134370032697916 2.659118203446269 2.8681590389460316 6.2409640848636645 5.2647281028330308 3.2379122097045174 3.2480596825480452 3.6151671633124352 2.6799727324396372 2.3111723903566599 2.1339807417243719 3.4547839779406786
leaf_count=23 13 24 20 24 14 24 32 28 26 28 25 25 35 24 15 29 14 20
internal_value=-0.000131914 0.0020778 -0.00268216 0.0132888 -0.00331722 0.0383009 0.0154349 -0.0173747 -0.0126976 -0.0083589 -0.0307621 -0.0111211 0.00994843 0.0303687 -0.0359035 0.0122335 -0.0341555 -0.0122757
internal_weight=68.6788 64.976 61.5511 23.7224 14.2569 9.46547 10.736 5.32253 37.8287 34.9605 15.7216 12.9478 19.2389 13.3109 5.92803 9.70988 4.44515 7.06995
internal_count=443 420 407 142 98 44 74 42 265 239 117 93 122 72 50 68 43 44
is_linear=0
shrinkage=0.1


Tree=39
num_leaves=17
num_cat=0
split_feature=15 15 13 11 11 15 10 12 1 13 15 11 10 11 1 14
split_gain=0.668876 1.88343 1.27259 2.16392 2.07121 1.54327 1.29329 1.69801 2.01241 0.946086 1.45681 1.96236 1.26823 0.604492 0.55365 0.0882828
threshold=90.950000000000017 89.65000000000002 33.500000000000007 89.500000000000014 213.50000000000003 85.550000000000011 42.500000000000007 21.500000000000004 1.0000000180025095e-35 35.500000000000007 91.950000000000017 84.500000000000014 70.500000000000014 191.50000000000003 1.0000000180025095e-35 49.500000000000007
decision_type=2 2 2 2 2 2 2 2 2 2 2 2 2 2 2 2
left_child=1 2 3 -1 14 -6 -4 -8 -9 10 -2 -12 -13 -11 -5 -10
right_child=9 -3 6 4 5 -7 7 8 15 13 11 12 -14 -15 -16 -17
leaf_value=-0.067824583757770271 0.052377898989514331 -0.076661830621519711 -0.089464467922841309 0.083613262516530534 -0.049786979317122546 0.042718054976229436 0.025732137751088659 0.0062982166293824859 -0.075281999779491071 0.013425383331239644 0.026832180577472248 -0.097851203010654697 -0.015857024021497534 0.067176614553702316 0.036275913109035482 -0.10553857772105167
leaf_weight=2.676236309111121 4.0207678116858068 3.6479650707915416 2.3843228332698372 4.694664587266745 4.3208231758326283 3.0955251045525074 7.0523185618221751 4.2876245668157917 1.6782391425222161 4.2146721286699158 6.0426653698086721 3.1673414967954159 4.664378747344017 4.1547620035707951 5.2157012857496738 2.2670552600175142
leaf_count=18 21 39 19 23 32 17 37 34 15 29 29 31 28 17 29 25
internal_value=-0.000121726 -0.00805313 -0.0014095 0.0158647 0.0287911 -0.0111761 -0.0209648 -0.0102797 -0.0411274 0.0123563 -0.000623302 -0.0159829 -0.0490175 0.0401086 0.0587002 -0.0926681
internal_weight=67.5851 41.3205 37.6725 20.003 17.3267 7.41635 17.6696 15.2852 8.23292 26.2646 17.8952 13.8744 7.83172 8.36943 9.91037 3.94529
internal_count=443 288 249 119 101 49 130 111 74 155 109 88 59 46 52 40
is_linear=0
shrinkage=0.1


Tree=40
num_leaves=15
num_cat=0
split_feature=15 15 15 15 13 10 10 11 9 9 14 3 11 12
split_gain=0.568592 1.11816 0.973218 1.57344 1.04451 1.77947 1.94796 1.06807 1.47636 1.73296 2.62026 1.00955 0.866164 1.39281
threshold=96.050000000000011 94.050000000000011 90.950000000000017 89.65000000000002 33.500000000000007 64.500000000000014 80.500000000000014 92.500000000000014 3.5000000000000004 2.5000000000000004 72.500000000000014 1.0000000180025095e-35 92.500000000000014 27.500000000000004
decision_type=2 2 2 2 2 2 2 2 2 2 2 2 2 2
left_child=1 2 3 4 5 -1 11 -6 9 10 -9 -7 -4 -14
right_child=-2 -3 12 -5 7 6 -8 8 -10 -11 -12 -13 13 -15
leaf_value=0.058016827425372668 0.026989299179646421 -0.051754749626952402 0.058099730402149052 -0.070913025208789893 0.037516727814179696 -0.084155338386545819 0.037119039813686125 -0.13328959464331155 -0.099679729197116762 0.032540024342847911 -0.0057321410912531887 -0.0097057687768215238 0.032731215814718835 -0.046291294776305822
leaf_weight=6.3634160235524204 6.9351601526141158 4.404341544955968 4.696300607174634 3.5543925454840055 2.8021495938301113 3.0485113933682424 5.8584155887365341 2.327955990098415 2.5106703583151093 4.65144032984972 5.224569920450449 4.5248679593205452 6.5957038104534131 3.3700831346213818
leaf_count=33 33 36 20 39 14 34 23 30 28 26 32 29 34 32
internal_value=-0.000118579 -0.00325538 0.000591433 -0.00733836 -0.00128215 0.0144569 -0.00617989 -0.0190684 -0.0298441 -0.0154771 -0.0450499 -0.0396739 0.0226935 0.00600855
internal_weight=66.868 59.9328 55.5285 40.8664 37.312 19.7952 13.4318 17.5168 14.7146 12.204 7.55253 7.57338 14.6621 9.96579
internal_count=443 410 374 288 249 119 86 130 116 88 62 63 86 66
is_linear=0
shrinkage=0.1


Tree=41
num_leaves=17
num_cat=0
split_feature=12 11 13 13 10 10 12 15 11 15 10 12 14 11 14 9
split_gain=0.593795 0.815778 0.929835 0.783604 1.12956 1.98186 0.990992 1.0943 2.022 1.44009 1.01292 1.54171 2.83258 1.34618 1.34125 0.00410468
threshold=157.50000000000003 42.500000000000007 43.500000000000007 38.500000000000007 47.500000000000007 57.500000000000007 15.500000000000002 73.500000000000014 92.500000000000014 81.250000000000014 72.500000000000014 21.500000000000004 181.50000000000003 288.50000000000006 71.65000000000002 2.5000000000000004
decision_type=2 2 2 2 2 2 2 2 2 2 2 2 2 2 2 2
left_child=1 -1 3 4 -3 -6 -7 -8 -9 -10 11 -11 15 14 -12 -13
right_child=-2 2 -4 -5 5 6 7 8 9 10 13 12 -14 -15 -16 -17
leaf_value=-0.04724464807606775 0.036146586492575489 0.039318030917190099 0.052929154088238374 -0.043910945361650071 -0.068354780624879957 -0.033363099195899165 0.050379586062972263 0.047952887050994326 -0.074686272019237984 0.040292568193564887 0.058048590996218855 -0.1173533154882662 0.026779374627533076 0.077830323655058833 -0.035643561284107797 -0.12461291189076594
leaf_weight=3.8406213726848355 4.2227950245141974 6.6058692950755349 3.178415084257721 4.2564862091094247 4.4427495282143346 6.5664082691073409 5.391602747142314 6.8962444961071041 3.3427683124318746 2.1845078282058266 2.2711973786354047 1.5637650135904553 2.2237989138811827 2.737179497256875 4.6688415361568332 1.5516856871545313
leaf_count=24 22 37 21 39 31 37 24 34 30 12 18 25 17 14 39 19
internal_value=-0.000131802 -0.00261383 0.000347564 -0.00270758 0.000768992 -0.00503953 0.00210027 0.00919304 0.00110042 -0.0146273 -0.00295567 -0.030477 -0.0594318 0.0184414 -0.00498186 -0.120969
internal_weight=65.9449 61.7221 57.8815 54.7031 50.4466 43.8407 39.398 32.8316 27.44 20.5437 17.201 7.52376 5.33925 9.67722 6.94004 3.11545
internal_count=443 421 397 376 337 300 269 232 208 174 144 73 61 71 57 44
is_linear=0
shrinkage=0.1


Tree=42
num_leaves=18
num_cat=0
split_feature=4 12 12 12 10 12 9 11 11 14 14 11 3 14 13 11 10
split_gain=0.599871 1.52864 0.902922 1.09231 0.813491 0.801335 0.929838 3.17779 3.15173 2.38419 1.34224 1.23669 1.49759 1.12494 0.798859 0.419872 0.150487
threshold=1.0000000180025095e-35 37.500000000000007 82.000000000000014 51.500000000000007 69.500000000000014 39.500000000000007 2.5000000000000004 167.50000000000003 72.000000000000014 81.500000000000014 77.950000000000017 146.50000000000003 1.0000000180025095e-35 133.49500000000003 32.500000000000007 111.50000000000001 64.500000000000014
decision_type=2 2 2 2 2 2 2 2 2 2 2 2 2 2 2 2 2
left_child=2 14 3 5 -4 6 7 8 -1 -9 -10 15 -13 -11 -2 -8 -5
right_child=1 -3 4 16 -6 -7 11 9 10 13 -12 12 -14 -15 -16 -17 -18
leaf_value=0.016332979058118355 0.03781166479198339 -0.096552587223083686 0.059489248555794731 -0.02910550291347043 0.00034603230551306338 0.035379405851195159 0.020699676638179784 -0.059968303763860732 -0.055890256013490673 0.08126724497371407 -0.16120156011073106 -0.057951126040554073 0.022186511646759971 0.0074328323383320953 -0.036553579402964685 0.065811950388100435 -0.066028673404006227
leaf_weight=2.8468761071562794 2.9375978745520106 2.209279416128993 4.9828522317111474 2.0215476714074603 4.3610873259603977 6.4107184726744881 4.419272396713497 3.0510336281731716 2.1276184283196926 4.0318916700780374 2.806981798261404 3.9757675006985647 5.6401451341807842 4.2268548216670752 2.8421472758054733 3.8697068206965923 2.4314898587763309
leaf_count=14 16 28 25 16 25 39 24 34 17 19 25 33 33 25 26 19 25
internal_value=-0.000133099 -0.0258013 0.00345169 -0.00209958 0.0318854 0.00273921 -0.0029167 -0.0182697 -0.0674557 0.0155717 -0.115795 0.0134536 -0.010947 0.0434785 0.0012431 0.0417603 -0.0492666
internal_weight=65.1929 7.98902 57.2038 47.8599 9.34394 43.4069 36.9961 19.0913 7.78148 11.3098 4.9346 17.9049 9.61591 8.25875 5.77975 8.28898 4.45304
internal_count=443 70 373 323 50 282 243 134 56 78 42 109 66 44 42 43 41
is_linear=0
shrinkage=0.1


Tree=43
num_leaves=18
num_cat=0
split_feature=14 11 11 14 12 14 1 4 10 5 10 14 15 14 12 13 12
split_gain=0.561123 2.05204 3.35605 1.055 2.71105 1.04588 3.7188 1.48547 1.29136 1.56692 1.92686 1.83258 1.29354 0.918953 0.677841 0.6422 0.865393
threshold=186.00000000000003 260.50000000000006 151.50000000000003 118.50000000000001 19.500000000000004 95.280000000000015 1.0000000180025095e-35 1.0000000180025095e-35 55.500000000000007 1.0000000180025095e-35 69.500000000000014 27.635000000000002 82.40000000000002 48.500000000000007 27.500000000000004 30.500000000000004 26.500000000000004
decision_type=2 2 2 2 2 2 2 2 2 2 2 2 2 2 2 2 2
left_child=3 2 -2 5 -5 7 -7 8 13 10 12 -12 -10 -1 -6 -13 -17
right_child=1 -3 -4 4 14 6 -8 -9 9 -11 11 15 -14 -15 -16 16 -18
leaf_value=-0.075048583597413454 0.0031785092992927238 0.048711055579558932 -0.13258605573695165 -0.038224686083701359 0.08648163741037794 0.031516053569792028 -0.11938214560681092 -0.061166322813443565 0.089606264398184352 0.060809102998238433 0.03157571197737296 -0.013748704524004805 0.0021811364109381799 0.0076947238278940976 0.033588820257628424 -0.12211727019877064 -0.031954197996525401
leaf_weight=2.73345076479018 4.80050848610699 3.0351997315883636 2.9333634758368134 4.3703996017575255 4.2547557186335307 3.4031492788344613 3.1401504278182983 3.2616176353767505 3.3755923463031712 6.7241497170180073 3.9661016818135959 2.4919666852802038 3.3941135127097368 2.6372016780078411 5.6275154175236821 2.1590680833905935 2.0998578639701009
leaf_count=27 32 15 34 26 17 19 27 39 16 35 22 15 26 17 36 19 21
internal_value=-0.000138015 -0.020969 -0.0483153 0.00404421 0.0273579 -0.00439225 -0.0409005 0.00288124 0.00994304 0.0197837 0.00400817 -0.0223745 0.0457741 -0.0344184 0.0563615 -0.0540699 -0.0776625
internal_weight=64.4082 10.7691 7.73387 53.6391 14.2527 39.3864 6.5433 32.8431 29.5815 24.2108 17.4867 10.717 6.76971 5.37065 9.88227 6.75089 4.25893
internal_count=443 81 66 362 79 283 46 237 198 154 119 77 42 44 53 55 40
is_linear=0
shrinkage=0.1


Tree=44
num_leaves=16
num_cat=0
split_feature=15 15 15 11 9 15 13 14 13 12 12 11 0 12 12
split_gain=0.511229 0.946303 0.87333 1.46064 1.60486 1.85522 1.67432 1.54511 1.21845 1.00821 1.24559 1.1718 0.584172 0.385422 0.149364
threshold=96.050000000000011 94.050000000000011 92.15000000000002 216.50000000000003 1.5000000000000002 83.15000000000002 33.500000000000007 88.500000000000014 35.500000000000007 30.250000000000004 82.000000000000014 328.00000000000006 1.0000000180025095e-35 37.500000000000007 44.500000000000007
decision_type=2 2 2 2 2 2 2 2 2 2 2 2 2 2 2
left_child=1 2 3 4 6 13 -1 -7 -4 11 14 -5 -9 -6 -11
right_child=-2 -3 8 9 5 7 -8 12 -10 10 -12 -13 -14 -15 -16
leaf_value=0.078016857109011975 0.026085885126666472 -0.048605179982455407 -0.0044827226101314468 -0.042434394593172151 0.038957086683694409 0.0030585770384906176 -0.0052886464173626359 -0.047108402933125723 0.069869646953376371 -0.085736505464894433 -0.0066759065929010821 0.030268909831871305 -0.11332157882484509 -0.0017831062602891861 -0.13029748589326604
leaf_weight=5.3580750050023216 6.6583925336599341 4.247326521202921 4.8927543722093088 5.2948666960000974 5.7224829550832528 4.7316938843578082 4.3888164889067411 3.1637456752359867 4.0107582770287991 1.4732911288738244 2.0001091426238418 3.8135863989591599 2.3019517008215189 3.9079979825764894 1.536863907240331
leaf_count=26 33 36 32 39 31 37 32 28 21 20 14 24 26 24 20
internal_value=-0.00013036 -0.00320117 0.000465307 -0.00535145 0.00728136 -0.00905113 0.0405062 -0.0387773 0.0290107 -0.0318137 -0.0678441 -0.0119945 -0.074995 0.0224249 -0.108488
internal_weight=63.5027 56.8443 52.597 43.6935 29.5748 19.8279 9.74689 10.1974 8.90351 14.1187 5.01026 9.10845 5.4657 9.63048 3.01016
internal_count=443 410 374 321 204 146 58 91 53 117 54 63 54 55 40
is_linear=0
shrinkage=0.1


Tree=45
num_leaves=18
num_cat=0
split_feature=11 14 2 9 15 10 15 10 13 1 12 10 11 9 15 11 15
split_gain=0.481416 0.611597 2.20106 1.36948 1.04203 1.62303 1.5393 1.56125 1.68004 1.14118 1.6074 1.33054 1.37246 1.11477 0.680231 0.638759 0.630104
threshold=368.00000000000006 30.360000000000003 1.0000000180025095e-35 1.5000000000000002 96.050000000000011 87.500000000000014 93.65000000000002 62.500000000000007 32.500000000000007 1.0000000180025095e-35 21.500000000000004 79.500000000000014 133.50000000000003 1.5000000000000002 81.800000000000026 146.50000000000003 82.40000000000002
decision_type=2 2 2 2 2 2 2 2 2 2 2 2 2 2 2 2 2
left_child=1 2 3 -1 5 6 7 8 -3 10 -9 12 -11 -10 -12 -4 -14
right_child=-2 4 15 -5 -6 -7 -8 9 13 11 14 -13 16 -15 -16 -17 -18
leaf_value=-0.018548063149313562 -0.034790228195963294 0.071443477714409606 0.045586720448363309 -0.13972832933740612 0.046654766563957034 0.060942279646940205 -0.059225684762366587 0.0036925221608615833 0.040593324348890292 -0.069403462262341356 -0.040996949557113242 0.046915580099361393 0.045713112697414508 -0.03108549600150546 -0.12849478754275842 -0.016037073847921957 -0.023790248433083316
leaf_weight=1.7979416232556089 3.7669584844261399 5.4269122071564189 3.3149780109524727 1.9376520169898865 5.780223235487937 4.1392369605600825 4.6022712904959908 3.1571149937808523 3.8970983773469907 3.4913071887567622 1.4823293723165991 4.3376243421807894 2.6571608558297157 4.8950223028659821 2.2179461549967527 3.4147223699837923 2.5620468389242887
leaf_count=17 32 27 16 23 26 18 39 17 20 34 12 24 18 32 34 26 28
internal_value=-0.000128542 0.00208032 -0.01985 -0.0814043 0.0067982 0.00142379 -0.00493772 0.00238392 0.0276917 -0.0156941 -0.0487223 0.00166374 -0.0208706 0.000686067 -0.0934432 0.0143181 0.0115947
internal_weight=62.8785 59.1116 10.4653 3.73559 48.6463 42.8661 38.7268 34.1246 14.219 19.9055 6.85739 13.0481 8.71051 8.79212 3.70028 6.7297 5.21921
internal_count=443 411 82 40 329 303 285 246 79 167 63 104 80 52 46 42 46
is_linear=0
shrinkage=0.1


Tree=46
num_leaves=17
num_cat=0
split_feature=12 11 11 3 15 11 12 14 15 9 12 12 13 10 10 10
split_gain=0.470365 2.51371 2.37158 0.796648 0.776585 1.16212 1.33159 1.08142 0.746799 2.15652 1.32583 2.56404 1.16739 1.02907 0.928055 0.543618
threshold=196.50000000000003 37.500000000000007 47.500000000000007 1.0000000180025095e-35 81.65000000000002 234.50000000000003 28.500000000000004 48.500000000000007 86.000000000000014 2.5000000000000004 21.500000000000004 55.500000000000007 34.500000000000007 75.500000000000014 67.500000000000014 59.500000000000007
decision_type=2 2 2 2 2 2 2 2 2 2 2 2 2 2 2 2
left_child=1 -1 -3 8 7 6 -6 -5 9 12 14 13 -4 15 -10 -12
right_child=-2 2 3 4 5 -7 -8 -9 10 -11 11 -13 -14 -15 -16 -17
leaf_value=-0.10178211109987129 0.037979843229042479 0.087737914968381125 -0.046091599330508971 -0.0092750596876666445 -0.086481858213807689 0.031147216715769917 0.0026294008576220659 0.063174027793036588 0.066000851948890868 0.0097123135441230073 -0.057255058164212627 0.042808707621877606 -0.1435599850875493 -0.0052411096546119626 3.9092764597445976e-05 -0.12415549536669933
leaf_weight=2.4267398677766314 3.0772463604807845 3.0624978095293036 3.8745275959372538 3.3551704138517398 2.6399391293525678 5.4862813856452703 4.5967861358076334 5.3384938724339008 3.7291955687105673 5.7985692396759987 3.3126728590577823 3.9306939719244838 1.7995466254651544 2.6444447003304958 4.9832930825650692 1.9177673524245618
leaf_count=19 15 12 36 20 22 38 38 24 16 39 26 28 23 23 32 32
internal_value=-0.000133528 -0.00212489 0.00215779 -0.00274957 0.0121773 -0.00356344 -0.0298782 0.0352135 -0.0127426 -0.0331753 -0.00131765 -0.0231552 -0.0770039 -0.0560806 0.0282726 -0.0817844
internal_weight=61.9739 58.8966 56.4699 53.4074 21.4167 12.723 7.23673 8.69366 31.9907 11.4726 20.5181 11.8056 5.67407 7.87488 8.71249 5.23044
internal_count=443 428 409 397 142 98 60 44 255 98 157 109 59 81 48 58
is_linear=0
shrinkage=0.1


Tree=47
num_leaves=18
num_cat=0
split_feature=4 14 11 12 12 3 14 14 14 14 11 15 15 10 15 11 10
split_gain=0.450962 0.984688 0.648156 1.31605 0.845388 0.737689 1.00365 1.00775 1.96097 2.71516 3.18218 1.21462 1.03618 0.713462 1.01354 0.9022 0.0477847
threshold=1.0000000180025095e-35 81.500000000000014 92.500000000000014 55.500000000000007 21.500000000000004 1.0000000180025095e-35 37.850000000000009 75.500000000000014 118.50000000000001 140.50000000000003 246.50000000000003 88.15000000000002 78.450000000000003 69.500000000000014 84.250000000000014 270.00000000000006 70.500000000000014
decision_type=2 2 2 2 2 2 2 2 2 2 2 2 2 2 2 2 2
left_child=2 -2 3 4 -1 6 16 12 -9 -10 11 -11 -8 15 -15 -7 -4
right_child=1 -3 5 -5 -6 13 7 8 9 10 -12 -13 -14 14 -16 -17 -18
leaf_value=0.037048312203735348 -0.0754948354440102 0.0022599586096948249 -0.048659569247961318 0.075898704078714699 -0.025177873046228167 0.0072843570382989933 -0.023752724446723255 -0.082461656028428171 0.095423066594187991 -0.018522477025862589 0.040904642411112302 -0.12499816379599304 0.067526675061039654 -0.041926829695151845 0.024175068517871646 0.074538450799153722 -0.070350424474081172
leaf_weight=3.9716434553265554 2.4271871391683808 4.950930105522275 2.0000716531649259 3.422483889386057 4.8486921489238739 5.0644858814775962 2.0210060887038734 3.61901463381946 2.4397602640092364 1.7886785436421613 3.9557708092033863 2.6715489197522402 3.2330930596217513 4.323375713080166 5.0047808233648539 3.2906717322766781 2.0634344033896923
leaf_count=19 33 37 24 16 30 36 17 35 12 13 22 29 23 32 34 15 16
internal_value=-0.000137138 -0.0233191 0.00304685 0.0232647 0.00284149 -0.00292105 -0.0144185 -0.00509735 -0.018714 0.00253776 -0.0243893 -0.0822984 0.0324158 0.0125485 -0.00646157 0.0337723 -0.0596741
internal_weight=61.0966 7.37812 53.7185 12.2428 8.82034 41.4757 23.7924 19.7289 14.4748 10.8558 8.416 4.46023 5.2541 17.6833 9.32816 8.35516 4.06351
internal_count=443 70 373 65 49 308 191 151 111 76 64 42 40 117 66 51 40
is_linear=0
shrinkage=0.1


Tree=48
num_leaves=18
num_cat=0
split_feature=11 12 14 12 11 11 9 15 12 11 14 14 10 12 11 11 15
split_gain=0.496784 1.01661 0.564243 0.86691 0.673832 0.576413 0.436516 1.59194 1.13329 1.25944 1.01323 2.24877 1.9669 0.750436 2.37925 0.553245 0.725296
threshold=368.00000000000006 13.500000000000002 255.00000000000003 185.00000000000003 42.500000000000007 63.500000000000007 2.5000000000000004 75.550000000000011 31.500000000000004 180.50000000000003 133.49500000000003 102.50000000000001 62.500000000000007 27.500000000000004 135.50000000000003 116.50000000000001 87.100000000000009
decision_type=2 2 2 2 2 2 2 2 2 2 2 2 2 2 2 2 2
left_child=1 -1 3 4 -3 -6 7 -7 15 -10 11 13 -12 -9 -15 -8 -17
right_child=-2 2 -4 -5 5 6 8 10 9 -11 12 -13 -14 14 -16 16 -18
leaf_value=-0.057169277628296968 -0.035985244675629448 -0.038025980799345348 -0.033932800805190379 0.060659684034047104 0.049082906195644677 -0.075492380035953599 0.064165124830530523 -0.045152668159884737 -0.063078597036024267 0.025609150304236557 0.027197867870167643 0.083930322924515438 -0.084540853123988055 0.10003678482806595 -0.044201928033789056 0.038664189464757297 -0.01907306332998808
leaf_weight=2.746302679181098 3.6291250418871632 3.4367338819429269 3.4483238803222767 2.9309705495834342 3.1620571911334983 2.7995582353323725 3.7959314286708858 3.2404850926250237 3.2418863261118522 3.1639230092987418 3.2541748974472275 3.9863060899078846 3.0535849872976542 1.9978627264499662 2.6745644239708781 6.4371017776429635 3.2865681312978268
leaf_count=21 32 22 29 14 15 21 17 34 39 23 18 20 30 8 39 35 26
internal_value=-0.000117763 0.00217973 0.00520311 0.00787748 0.00462268 0.00794676 0.00476893 -0.00528869 0.0153723 -0.0192744 0.00550603 0.0226817 -0.0268948 -0.00817369 0.0174725 0.0317884 0.0191492
internal_weight=60.2855 56.6563 53.91 50.4617 47.5307 44.094 40.9319 21.0065 19.9254 6.40581 18.207 11.8992 6.30776 7.91291 4.67243 13.5196 9.72367
internal_count=443 411 390 361 347 325 310 170 140 62 149 101 48 81 47 78 61
is_linear=0
shrinkage=0.1


Tree=49
num_leaves=19
num_cat=0
split_feature=13 12 0 14 11 15 14 14 10 0 10 14 12 14 11 11 11 15
split_gain=0.466335 0.639151 1.08005 1.03191 0.997269 1.35435 1.54111 1.31815 1.25352 1.92441 2.99352 1.48247 0.888664 3.08239 0.605473 0.531066 0.696967 0.334658
threshold=43.500000000000007 23.500000000000004 1.0000000180025095e-35 78.90000000000002 47.500000000000007 68.15000000000002 43.500000000000007 24.500000000000004 60.500000000000007 1.0000000180025095e-35 86.500000000000014 95.280000000000015 18.500000000000004 118.50000000000001 178.50000000000003 130.00000000000003 201.00000000000003 89.850000000000009
decision_type=2 2 2 2 2 2 2 2 2 2 2 2 2 2 2 2 2 2
left_child=1 2 12 -4 -3 -6 7 -7 17 10 15 -11 14 -14 -1 -10 -17 -8
right_child=-2 4 3 -5 5 6 8 -9 9 11 -12 -13 13 -15 -16 16 -18 -19
leaf_value=-0.007412661818104703 0.037549563268255037 0.049560350428118211 -0.01115637927080295 -0.086685289511210017 0.083413224431087146 -0.016447262253733535 0.060119533470967171 -0.11278276967504029 -0.12748123718388357 0.088380086304044411 0.060965422751691846 -0.012120988071093155 -0.10174538358268825 0.038840679027695529 0.04611363428514019 -0.013671036078430008 -0.09867094203142103 0.01897397784568523
leaf_weight=3.9633068442344683 3.1192868379876009 4.6227960558608165 3.8039098270237437 3.4490345604717731 1.8117668628692651 4.1785062216222313 3.771287681534889 2.1517593944445252 1.7516336301341633 2.5702482666820288 1.985836539417505 3.4215992130339146 2.9957848079502574 3.2530638054013252 4.5273517668247223 1.7239226670935752 2.1902928184717894 4.1542875561863184
leaf_count=22 23 25 27 25 8 38 20 25 25 15 10 34 30 19 22 20 27 28
internal_value=-8.76163e-05 -0.00217192 -0.0154817 -0.0470731 0.0063536 -0.000368992 -0.00580975 -0.0491933 0.00692277 -0.0114511 -0.0446855 0.0309897 6.36333e-05 -0.0285582 0.0211284 -0.0817153 -0.0612348 0.0385526
internal_weight=59.4457 56.3264 21.9925 7.25294 34.3339 29.7111 27.8994 6.33027 21.5691 13.6435 7.65169 5.99185 14.7395 6.24885 8.49066 5.66585 3.91422 7.92558
internal_count=443 420 145 52 275 250 242 63 179 131 82 49 93 49 44 72 47 48
is_linear=0
shrinkage=0.1


Tree=50
num_leaves=17
num_cat=0
split_feature=11 12 11 11 9 15 14 9 14 13 12 12 13 3 10 5
split_gain=0.446481 0.871645 0.555337 1.50481 0.881548 1.0445 1.33158 1.85494 1.53397 1.21721 1.08365 0.969695 1.24877 2.06921 0.355797 0.884405
threshold=368.00000000000006 13.500000000000002 37.500000000000007 47.500000000000007 2.5000000000000004 76.800000000000026 133.49500000000003 1.5000000000000002 102.50000000000001 31.500000000000004 31.500000000000004 27.500000000000004 31.500000000000004 1.0000000180025095e-35 70.500000000000014 1.0000000180025095e-35
decision_type=2 2 2 2 2 2 2 2 2 2 2 2 2 2 2 2
left_child=1 -1 -3 -4 5 -5 8 -8 9 -7 -11 14 -13 -14 -6 -16
right_child=-2 2 3 4 11 6 7 -9 -10 10 -12 12 13 -15 15 -17
leaf_value=-0.053207388866002084 -0.034307181957744841 -0.034966466891264474 0.079873232250291262 -0.058067990380086393 0.059119928485762967 -0.054770654656136945 0.0064234492867233086 -0.091428147086089206 0.075967091647404894 -0.027345805441054933 0.063214955559359076 0.027289275117012197 -0.12883076903064269 0.0085529645079315108 -0.0088846040909259291 0.057287466580222948
leaf_weight=2.7058821432292453 3.58094005472958 3.2599829649552694 2.7250589951872817 3.8011530861258533 4.3918773587793138 2.9294643197208661 4.9222263656556589 3.1946236118674278 3.5082883965224019 2.2763844588771462 3.1493392251431942 5.3783479183912259 1.7635976471938191 2.8974826568737626 4.0943619497120363 3.9861596673727036
leaf_count=21 32 23 12 28 24 32 33 29 19 25 27 32 29 31 27 19
internal_value=-9.33146e-05 0.00213492 0.00499939 0.00765733 0.00340634 -0.0100198 -0.000878829 -0.0320889 0.0204747 -0.00282614 0.0252198 0.0175897 -0.00554338 -0.0434285 0.0362102 0.0237584
internal_weight=58.5652 54.9842 52.2783 49.0184 46.2933 23.7815 19.9803 8.11685 11.8635 8.35519 5.42572 22.5118 10.0394 4.66108 12.4724 8.08052
internal_count=443 411 390 367 355 193 165 62 103 84 52 162 92 60 70 46
is_linear=0
shrinkage=0.1


Tree=51
num_leaves=19
num_cat=0
split_feature=4 12 13 13 12 12 0 15 11 13 15 13 14 11 11 12 13 1
split_gain=0.435921 1.12572 0.647483 0.543584 0.88941 1.34183 1.5509 0.857332 0.970909 0.804974 0.907866 0.760367 1.02883 0.742091 2.26253 0.633047 0.509555 0.259737
threshold=1.0000000180025095e-35 37.500000000000007 32.500000000000007 43.500000000000007 26.500000000000004 21.500000000000004 1.0000000180025095e-35 96.050000000000011 63.500000000000007 36.500000000000007 73.500000000000014 34.500000000000007 115.80000000000001 135.50000000000003 241.50000000000003 82.000000000000014 28.500000000000004 1.0000000180025095e-35
decision_type=2 2 2 2 2 2 2 2 2 2 2 2 2 2 2 2 2 2
left_child=3 2 -2 4 5 6 11 8 -6 10 -10 12 -1 -12 16 -16 -15 -7
right_child=1 -3 -4 -5 7 17 -8 -9 9 -11 13 -13 -14 14 15 -17 -18 -19
leaf_value=-0.033175369607951401 0.036127555794008212 -0.089923793740742192 -0.035220432453572918 0.045352050793139226 0.058657078366242399 -0.040636382156364059 -0.045299605263545192 0.064301213809762531 0.06054370708953654 -0.04844229064619518 0.026334772767263554 0.055060157338262597 0.041517113447454984 -0.030573367408408519 -0.0077838701011406237 0.062854899268218245 -0.10224879209751399 -0.088418176691558492
leaf_weight=4.0640796776861006 2.5704416651278725 1.869192120619118 2.5178453014232218 2.8768385816365472 3.1073024347424569 2.4819115176796904 5.4630640354007474 2.8842495158314696 2.680271200835711 3.0814180728048077 5.5200087018311015 3.937316857278347 3.3760271891951561 1.618037324398754 2.7595874797552824 2.3482310585677624 2.5629666550084949 2.1004512924700975
leaf_count=25 16 28 26 20 16 22 39 13 13 34 37 21 18 12 29 13 38 23
internal_value=-8.07457e-05 -0.0235575 0.000822315 0.00313068 0.000599386 -0.0145603 -0.00150529 0.012826 0.00655569 -0.00131454 0.00698893 0.0195233 0.000717135 -0.00270402 -0.0199607 0.0246911 -0.0745106 -0.0625385
internal_weight=57.8192 6.95748 5.08829 50.8618 47.9849 21.4229 16.8405 26.5621 23.6778 20.5705 17.4891 11.3774 7.44011 14.8088 9.28882 5.10782 4.181 4.58236
internal_count=443 70 42 373 353 148 103 205 192 176 142 64 43 129 92 42 50 45
is_linear=0
shrinkage=0.1


Tree=52
num_leaves=19
num_cat=0
split_feature=11 11 3 12 12 13 14 11 0 11 14 15 11 12 10 14 2 14
split_gain=0.406076 1.07413 0.635475 0.996657 0.886968 1.42355 1.45378 1.72147 1.23972 1.10159 1.03491 0.720615 0.930197 0.944286 0.705826 0.655642 0.25019 0.136032
threshold=37.500000000000007 50.000000000000007 1.0000000180025095e-35 13.500000000000002 18.500000000000004 37.500000000000007 118.50000000000001 213.50000000000003 1.0000000180025095e-35 153.50000000000003 45.20000000000001 80.950000000000017 234.50000000000003 35.500000000000007 75.500000000000014 84.500000000000014 1.0000000180025095e-35 55.500000000000007
decision_type=2 2 2 2 2 2 2 2 2 2 2 2 2 2 2 2 2 2
left_child=-1 -2 3 -3 15 6 7 8 10 -8 -6 17 13 -13 -14 -5 -11 -4
right_child=1 2 11 4 5 -7 9 -9 -10 16 -12 12 14 -15 -16 -17 -18 -19
leaf_value=-0.034604837429507873 0.05927415211005032 -0.084448580974858758 0.023150886258210861 0.051993838498531557 0.010277922070233033 -0.089582731428544379 -0.029421081452039102 -0.10799352072647739 0.038252446906827532 0.022865915539073793 -0.095414253788835904 -0.065915549415776167 -0.0090351135338517918 0.0083451106507547845 0.060883176813822638 -0.0063950492169123074 0.061886165792582472 0.05006587716377392
leaf_weight=3.2141568819060913 3.0852966010570517 1.7230590507388139 3.6961838677525547 3.8637034259736565 1.6743419189006146 2.3796370592899612 3.1226505166850966 2.4409280624240637 2.9749643383547664 3.2307417029514909 2.0740210488438606 3.2824303563684207 2.7810250073671341 3.5797483054921031 3.002794305793941 3.8289288729429245 3.3440103940665722 3.8170290254056454
leaf_count=23 16 16 21 21 14 35 29 35 18 24 31 31 22 30 19 21 18 19
internal_value=-7.51106e-05 0.0019839 -0.00149446 -0.0105626 -0.00616262 -0.0166991 -0.00750396 -0.0360626 -0.00994786 0.0194846 -0.048203 0.0122959 -0.00227717 -0.0271765 0.0272645 0.0229314 0.0427122 0.0368248
internal_weight=57.1157 53.9015 50.8162 30.657 28.9339 21.2413 18.8617 9.16426 6.72333 9.6974 3.74836 20.1592 12.646 6.86218 5.78382 7.69263 6.57475 7.51321
internal_count=443 420 404 262 246 204 169 98 63 71 45 142 102 61 41 42 42 40
is_linear=0
shrinkage=0.1


Tree=53
num_leaves=19
num_cat=0
split_feature=10 5 15 10 1 0 13 11 14 14 10 13 11 15 10 15 14 10
split_gain=0.42059 1.62276 4.12942 1.30327 1.29831 1.37415 0.980367 1.51383 1.40899 0.932245 1.4105 1.18456 0.90035 0.846768 0.829926 0.423611 0.259289 0.185585
threshold=70.500000000000014 1.0000000180025095e-35 76.800000000000026 68.500000000000014 1.0000000180025095e-35 1.0000000180025095e-35 36.500000000000007 87.500000000000014 133.49500000000003 60.500000000000007 82.500000000000014 30.500000000000004 117.50000000000001 83.65000000000002 76.500000000000014 84.250000000000014 60.500000000000007 76.500000000000014
decision_type=2 2 2 2 2 2 2 2 2 2 2 2 2 2 2 2 2 2
left_child=3 2 -2 4 6 16 7 -1 13 15 11 -11 -7 -9 -3 -4 -6 -13
right_child=1 14 9 -5 5 12 -8 8 -10 10 -12 17 -14 -15 -16 -17 -18 -19
leaf_value=0.055624818392131972 -0.1506557439841304 -0.010867167342179433 -0.0045205869166183976 0.059038499316347963 -0.042423992344335977 0.048670967051334849 0.057301838436979058 0.055886781961883042 -0.081699246173517662 -0.015665572306739806 0.01198689393327486 -0.080440575271231329 -0.0333029917107985 -0.028435328233025053 0.054773582295838834 0.051675296109933821 -0.090879814534643374 -0.13334622235424151
leaf_weight=3.5332698933780211 2.305256491526964 3.2168012163601833 2.4503010250628021 4.2971352860331526 1.9607273545116184 2.5280013121664524 4.4286958649754533 2.1218576543033123 2.692338714376092 2.9045114833861572 5.3868594542145729 1.2702218703925612 2.8508170787245035 2.7144151562824845 4.800776707008481 2.964052464812994 2.5282778460532427 1.3870655205100773
leaf_count=18 22 27 21 24 17 14 28 13 23 22 33 25 30 37 24 21 23 21
internal_value=-8.31688e-05 -0.00919127 -0.0253518 0.00811285 -0.000516807 -0.0288667 0.0175427 0.00162486 -0.023718 -0.00769876 -0.024484 -0.0598077 0.00522411 0.00856 0.0284373 0.0262435 -0.0697151 -0.108057
internal_weight=56.3414 26.6858 18.6683 29.6555 25.3584 9.86782 15.4906 11.0619 7.52861 16.363 10.9487 5.5618 5.37882 4.83627 8.01758 5.41435 4.48901 2.65729
internal_count=443 216 165 227 203 84 119 91 73 143 101 68 44 50 51 42 40 46
is_linear=0
shrinkage=0.1


Tree=54
num_leaves=17
num_cat=0
split_feature=12 11 13 15 15 13 11 11 14 15 10 11 9 10 10 14
split_gain=0.426374 0.67379 0.704502 0.551931 0.975565 0.865034 0.981511 1.45714 1.42742 1.41497 1.05634 1.36529 1.46785 1.34624 1.58426 0.543616
threshold=196.50000000000003 42.500000000000007 43.500000000000007 96.050000000000011 94.050000000000011 38.500000000000007 116.50000000000001 165.50000000000003 37.850000000000009 86.500000000000014 53.500000000000007 186.50000000000003 3.5000000000000004 80.500000000000014 69.500000000000014 153.50000000000003
decision_type=2 2 2 2 2 2 2 2 2 2 2 2 2 2 2 2
left_child=1 -1 3 4 5 6 8 9 -3 -8 -9 -12 13 14 -13 -10
right_child=-2 2 -4 -5 -6 -7 7 10 15 -11 11 12 -14 -15 -16 -17
leaf_value=-0.045511505410857835 0.038516805743470661 0.084070833276538359 0.051245699722199382 0.028269965039753583 -0.062321894853756526 -0.052687488564961485 -0.0092195983544933208 0.049669888423836787 -0.027231535787168901 -0.10765558579428763 0.050313882971378524 -0.020364479786405883 0.043921648606879027 0.0041550816932469214 -0.12448151114050793 0.035080171509955162
leaf_weight=3.3466584226116529 2.7194074466824523 3.2631949335336667 2.6267891414463511 5.3450367636978617 2.8510326500982037 3.064206891693174 3.5016767326742437 4.319057714194062 3.0901479525491595 2.5049127629026771 3.4127091858536032 3.0956437466666085 2.7563462015241376 4.2983884550631046 2.7684152964502573 2.5599334537982941
leaf_count=24 15 14 21 30 30 38 28 32 25 34 21 28 22 25 39 17
internal_value=-9.79676e-05 -0.00208662 0.000851824 -0.00197483 -0.00587158 -0.00170585 0.00268595 -0.00691943 0.031413 -0.0502701 0.00568989 -0.00594113 -0.0208018 -0.0383567 -0.069518 0.00100059
internal_weight=55.5236 52.8042 49.4575 46.8307 41.4857 38.6346 35.5704 26.6572 8.91328 6.00659 20.6506 16.3315 12.9188 10.1624 5.86406 5.65008
internal_count=443 428 404 383 353 323 285 229 56 62 167 135 114 92 67 42
is_linear=0
shrinkage=0.1


Tree=55
num_leaves=18
num_cat=0
split_feature=14 2 14 10 15 10 10 10 14 10 13 13 12 10 15 11 9
split_gain=0.360463 1.1511 0.891141 0.819639 1.35766 1.10795 1.17247 1.63764 1.12169 1.48761 1.38172 2.23459 1.62491 0.836678 0.774716 0.498145 0.301581
threshold=30.360000000000003 1.0000000180025095e-35 38.500000000000007 86.500000000000014 95.750000000000014 62.500000000000007 58.500000000000007 48.500000000000007 200.50000000000003 68.500000000000014 29.500000000000004 33.500000000000007 16.250000000000004 38.000000000000007 77.800000000000011 146.50000000000003 1.5000000000000002
decision_type=2 2 2 2 2 2 2 2 2 2 2 2 2 2 2 2 2
left_child=1 16 -2 4 5 6 7 13 9 -7 -11 -12 -13 -4 -14 -3 -1
right_child=2 15 3 -5 -6 8 -8 -9 -10 10 11 12 14 -15 -16 -17 -18
leaf_value=-0.030260455866309068 0.059078860113580926 0.039301002538477126 -0.015704583918985108 0.03997618485468736 0.041985049963086107 -0.08972710890208882 0.057663266914904712 -0.061535601851717761 -0.094189424550053455 0.036018539398236168 -0.098888642479665806 0.071183793232756531 0.028827609006628091 0.055258756220845931 -0.072885221259626695 -0.018819251484679625 -0.087383251415700233
leaf_weight=1.7054925989359602 2.7243950664997092 2.9048706255853176 3.1841520182788354 4.5911345668137065 5.3344789408147326 2.529333512298769 3.6311976481229058 3.7167047914117575 2.281134743243455 4.9392185099422923 3.0674961041659099 2.3281050957739353 1.1428640075027945 3.4743429124355316 2.1720309969969094 2.9952799072489142 2.0176388993859291
leaf_count=20 17 16 22 24 28 33 23 29 37 29 35 11 9 20 39 26 25
internal_value=-0.00010758 -0.0176781 0.00364018 7.73335e-05 -0.00476859 -0.0124505 0.00875737 -0.00835912 -0.0285417 -0.0192858 -0.00623285 -0.0301912 0.0071523 0.0213235 -0.0378181 0.00979558 -0.0612164
internal_weight=54.7399 9.62328 45.1166 42.3922 37.8011 32.4666 14.0064 10.3752 18.4602 16.179 13.6497 8.7105 5.643 6.65849 3.3149 5.90015 3.72313
internal_count=443 87 356 339 315 287 94 71 193 156 123 94 59 42 48 42 45
is_linear=0
shrinkage=0.1


Tree=56
num_leaves=18
num_cat=0
split_feature=12 11 13 12 14 11 13 12 14 10 13 9 5 11 12 10 11
split_gain=0.372367 0.494601 0.555285 0.428369 1.15377 0.880174 0.625337 0.439458 1.16057 1.52082 1.69334 0.878302 0.750357 0.646397 0.867986 0.960854 0.429117
threshold=196.50000000000003 42.500000000000007 43.500000000000007 15.500000000000002 95.280000000000015 368.00000000000006 38.500000000000007 19.500000000000004 108.50000000000001 72.500000000000014 28.500000000000004 2.5000000000000004 1.0000000180025095e-35 145.00000000000003 26.500000000000004 70.500000000000014 169.50000000000003
decision_type=2 2 2 2 2 2 2 2 2 2 2 2 2 2 2 2 2
left_child=1 -1 3 4 -3 6 7 -5 9 10 -9 16 -11 -10 -15 -16 -12
right_child=-2 2 -4 5 -6 -7 -8 8 13 12 11 -13 -14 14 15 -17 -18
leaf_value=-0.039768138285179298 0.036439478614743802 0.019511760853475918 0.046139216155475428 0.033246545668538539 -0.060781715298772999 -0.058009468394404476 -0.039327440881446019 0.02638057811029958 -0.0032692254144320678 -0.0051834760568409436 -0.0060665962372878583 -0.12445369350638263 0.067901266054069584 0.090204380854788282 0.061158319749113677 -0.024082519165986648 -0.076161051612808339
leaf_weight=3.2483911169692865 2.649724304676055 3.2777833230793467 2.5309769855812183 6.4817209579050532 3.9417054671794176 2.2804208621382704 2.7991717937402418 2.3989787399768847 4.6900674188509566 3.6850455813109866 1.6525472868233921 2.1367121785879135 2.2702629677951336 2.6551312282681465 2.7487380681559443 2.5484268311411142 1.8524150932207701
leaf_count=24 15 22 21 36 27 24 32 18 39 39 18 27 13 15 19 25 29
internal_value=-0.000113972 -0.00200576 0.000552464 -0.00198785 -0.024327 0.0022341 0.00605881 0.00989467 0.00421262 -0.0156252 -0.0439942 -0.0739194 0.0226776 0.0261745 0.0435396 0.0201496 -0.0431124
internal_weight=53.8482 51.1985 47.9501 45.4191 7.21949 38.1996 35.9192 33.12 26.6383 13.996 8.04065 5.64167 5.95531 12.6424 7.9523 5.29716 3.50496
internal_count=443 428 404 383 49 334 310 278 242 144 92 74 52 98 59 44 47
is_linear=0
shrinkage=0.1


Tree=57
num_leaves=18
num_cat=0
split_feature=10 15 5 14 1 1 11 14 10 15 15 15 13 2 11 11 11
split_gain=0.379937 1.28792 1.28044 1.14728 1.84159 1.47056 1.72384 1.16549 1.10399 1.00662 1.45351 1.23452 1.28475 1.00455 0.389084 0.275265 0.189321
threshold=70.500000000000014 76.800000000000026 1.0000000180025095e-35 95.280000000000015 1.0000000180025095e-35 1.0000000180025095e-35 170.50000000000003 37.850000000000009 68.500000000000014 93.050000000000011 96.050000000000011 91.15000000000002 33.500000000000007 1.0000000180025095e-35 189.50000000000003 165.50000000000003 167.50000000000003
decision_type=2 2 2 2 2 2 2 2 2 2 2 2 2 2 2 2 2
left_child=2 -2 8 4 -3 16 -7 -6 9 11 -11 12 15 -4 -14 -1 -5
right_child=1 3 13 5 7 6 -8 -9 -10 10 -12 -13 14 -15 -16 -17 -18
leaf_value=0.014734934522946865 -0.059386761158615513 -0.048959262846949236 0.0084556512945391741 -0.0068751697422356865 -0.0080368082937227522 -0.017482809797653581 -0.14251090283836651 0.071968929652231214 0.06774964134785387 -0.089496675324382269 0.022927962981134937 0.075261511573395931 -0.059845290214825334 -0.079986556214553195 -0.0066909029270348173 0.059561778956403737 0.031643532315759261
leaf_weight=2.4426067825406879 4.2267620023340013 2.6747369542717943 2.4866630770266047 2.4188781240954977 2.6779120834544301 2.96881811786443 1.7544436678290365 5.6889604665338993 3.7328270860016337 2.267316071316599 2.3336046561598778 3.2732043266296378 2.2580781821161509 2.6559590650722384 3.5297026899643242 3.1190887428820133 2.7006771499291062
leaf_count=16 35 30 21 21 22 30 20 39 21 25 15 22 23 29 29 26 19
internal_value=-0.000107638 -0.00904625 0.00788051 0.00114207 0.0232714 -0.0236824 -0.0639242 0.0463622 0.017984 0.00832059 -0.0324745 0.0211565 0.00555249 -0.0372212 -0.0274289 0.0398746 0.0134443
internal_weight=53.2102 25.1112 28.0991 20.8844 11.0416 9.84282 4.72326 8.36687 22.9564 19.2236 4.60092 14.6227 11.3495 5.14262 5.78778 5.5617 5.11956
internal_count=443 216 227 181 91 90 50 61 177 156 40 116 94 50 52 42 40
is_linear=0
shrinkage=0.1


Tree=58
num_leaves=19
num_cat=0
split_feature=12 12 12 12 13 6 12 11 11 14 13 15 15 11 0 13 11 14
split_gain=0.319577 0.433994 0.59091 1.66677 0.665308 0.746115 0.822567 1.41439 0.809129 1.2325 1.5166 1.57884 0.791103 0.766961 0.704967 0.745816 1.05119 0.610761
threshold=196.50000000000003 98.500000000000014 82.000000000000014 58.000000000000007 43.500000000000007 1.0000000180025095e-35 23.500000000000004 47.500000000000007 81.500000000000014 209.50000000000003 32.500000000000007 84.450000000000017 77.800000000000011 246.50000000000003 1.0000000180025095e-35 34.500000000000007 167.50000000000003 78.90000000000002
decision_type=2 2 2 2 2 2 2 2 2 2 2 2 2 2 2 2 2 2
left_child=1 2 3 4 5 6 14 -8 -9 10 11 -10 -12 -14 15 16 -1 -16
right_child=-2 -3 -4 -5 -6 -7 7 8 9 -11 12 -13 13 -15 17 -17 -18 -19
leaf_value=-0.057793929582125085 0.034309495461618121 -0.042481526655141884 0.042846844718094294 -0.081606574453417874 0.054278983722726139 -0.043506343364960148 0.097087230520772644 -0.055779247230381759 0.076061052218945463 0.074281898100172022 0.0079161704549283434 -0.021360849841404718 -0.12423123467066288 -0.01724949507551372 -0.0094172084013721229 0.035092996325109593 0.019725172522536784 -0.071566933257826856
leaf_weight=3.3441681694239396 2.5662816688418379 2.500178466551005 3.0494556445628396 2.5222421986982217 2.3087621135637155 3.7304667709395281 2.0356755703687694 1.7407580688595761 3.6472084922716004 2.9256599838845423 1.8139136377722023 3.0584986079484224 1.5287164268083873 1.1931454613804815 3.3845226466655722 4.4509836388751864 3.6679539792239666 2.9677157495170832
leaf_count=27 15 25 21 30 19 39 9 13 24 22 13 33 33 16 27 28 25 24
internal_value=-0.00010485 -0.00187579 0.000267378 -0.00266229 0.00210147 -0.000949106 0.00349058 0.0186031 0.00855974 0.0164653 0.00141815 0.0316266 -0.0432421 -0.0773351 -0.0117307 0.00307742 -0.0172447 -0.0384531
internal_weight=52.4363 49.87 47.3698 44.3204 41.7981 39.4894 35.7589 17.9436 15.9079 14.1671 11.2415 6.70571 4.53578 2.72186 17.8153 11.4631 7.01212 6.35224
internal_count=443 428 403 382 352 333 294 163 154 141 119 57 62 49 131 80 52 51
is_linear=0
shrinkage=0.1


Tree=59
num_leaves=18
num_cat=0
split_feature=10 10 5 15 1 13 13 11 14 15 10 14 10 11 11 10 9
split_gain=0.321727 1.31417 0.964607 2.2725 0.927053 1.42328 0.856784 1.3086 1.0503 0.938733 0.750389 0.611908 0.509804 2.18954 1.41298 0.839472 0.215598
threshold=69.500000000000014 68.500000000000014 1.0000000180025095e-35 76.800000000000026 1.0000000180025095e-35 36.500000000000007 36.500000000000007 87.500000000000014 133.49500000000003 85.550000000000011 76.500000000000014 50.500000000000007 80.500000000000014 208.50000000000003 234.50000000000003 73.500000000000014 2.5000000000000004
decision_type=2 2 2 2 2 2 2 2 2 2 2 2 2 2 2 2 2
left_child=1 4 3 -2 6 11 7 -1 9 -9 -4 -6 13 15 -14 -5 -15
right_child=2 -3 10 12 5 -7 -8 8 -10 -11 -12 -13 14 16 -16 -17 -18
leaf_value=0.053059630649923008 -0.11136149548397045 0.074653948845923954 -0.015942805688809888 0.046176346769775674 0.039213534487407706 -0.094121092605217088 0.054188008410610278 0.045484622411741726 -0.076965033471361979 -0.047323964133675803 0.048359487909004205 -0.023569081194501452 -0.026087668753675377 -0.069643779520312851 0.060843381874917092 -0.032298578043893932 -0.12652688122459452
leaf_weight=3.2096114158630389 2.3897788897156778 2.6379533791914573 3.0661971434019497 3.1139259915798885 2.350250884424895 2.2296777134761214 4.1832459359429786 2.4831772153265774 2.4400934306904674 1.9423145921900866 4.4467815365642309 4.5730656161904335 4.2752296738326541 1.3143724305555227 3.3231390863656998 2.4245030325837433 1.3513989150524137
leaf_count=18 24 14 29 21 20 25 28 19 23 31 24 39 33 24 21 32 18
internal_value=-9.06502e-05 0.00774151 -0.00802765 -0.0204764 0.000201954 -0.0246347 0.0161455 0.000350095 -0.0242912 0.00475164 0.0221164 -0.00225633 -0.00673208 -0.0240175 0.0119315 0.0118232 -0.0984804
internal_weight=51.7547 26.0494 25.7053 18.1923 23.4114 9.15299 14.2584 10.0752 6.86559 4.42549 7.51298 6.92332 15.8026 8.2042 7.59837 5.53843 2.66577
internal_count=443 217 226 173 203 84 119 91 73 50 53 59 149 95 54 53 42
is_linear=0
shrinkage=0.1


Tree=60
num_leaves=17
num_cat=0
split_feature=3 11 12 13 10 14 11 9 9 15 11 13 12 10 12 15
split_gain=0.316104 0.833974 0.714472 0.951555 0.700667 0.591474 1.39669 0.985286 1.23426 1.92085 1.40399 0.788082 0.757285 0.743313 0.466397 0.316733
threshold=1.0000000180025095e-35 47.500000000000007 53.500000000000007 31.500000000000004 73.500000000000014 33.500000000000007 121.50000000000001 3.5000000000000004 2.5000000000000004 86.500000000000014 156.50000000000003 31.500000000000004 21.500000000000004 59.500000000000007 39.500000000000007 84.450000000000017
decision_type=2 2 2 2 2 2 2 2 2 2 2 2 2 2 2 2
left_child=1 -1 3 -2 15 6 -3 8 9 13 -11 -10 -12 -7 -8 -5
right_child=2 5 -4 4 -6 7 14 -9 11 10 12 -13 -14 -15 -16 -17
leaf_value=0.035886163511149413 -0.019715299696739241 0.025691071385045689 -0.027751270283839787 0.071310867671714726 -0.001263684851464691 -0.037192071046809175 -0.1319480642628624 -0.067587935419344172 0.070101609758463343 -0.039830480513610753 0.075160413870147325 -0.0044287398581057003 0.0076601021040316386 -0.12478983998643614 -0.048627275169721124 0.029895063866365007
leaf_weight=4.0892732888460186 4.3714797049760845 1.6628587245941187 3.9872030057013026 4.1291637234389764 3.5320449182763696 2.3009483218193121 1.363982717972249 2.3471436565741888 3.4690806232392779 4.0423437152057868 2.7434625867754221 2.4004634991288185 4.2165902908891439 1.6730350260622797 1.3238700218498705 3.3403488472104073
leaf_count=27 34 10 39 22 33 19 24 26 20 36 14 33 37 29 17 23
internal_value=-9.43613e-05 -0.00625383 0.0099697 0.0197531 0.035436 -0.0125101 -0.0463442 -0.00616329 0.000752814 -0.0144804 0.00704308 0.039621 0.0342669 -0.0740705 -0.0909094 0.0527898
internal_weight=50.9933 31.6331 19.3602 15.373 11.0016 27.5438 4.35071 23.1931 20.8459 14.9764 11.0024 5.86954 6.96005 3.97398 2.68785 7.46951
internal_count=443 292 151 112 78 265 51 214 188 135 87 53 51 48 41 45
is_linear=0
shrinkage=0.1


Tree=61
num_leaves=18
num_cat=0
split_feature=11 11 3 12 11 11 11 12 15 11 14 14 15 11 12 11 14
split_gain=0.354095 1.33748 0.618746 0.635427 0.711561 0.632703 1.10555 0.633715 1.25477 1.02349 0.832017 1.85569 0.548214 0.961063 0.840091 0.398018 0.171136
threshold=37.500000000000007 47.500000000000007 1.0000000180025095e-35 13.500000000000002 325.50000000000006 246.50000000000003 198.50000000000003 88.000000000000014 93.65000000000002 165.50000000000003 170.50000000000003 84.500000000000014 80.950000000000017 234.50000000000003 28.500000000000004 312.50000000000006 55.500000000000007
decision_type=2 2 2 2 2 2 2 2 2 2 2 2 2 2 2 2 2
left_child=-1 -2 3 -3 5 6 7 8 9 10 11 -5 16 14 -14 -15 -4
right_child=1 2 12 4 -6 -7 -8 -9 -10 -11 -12 -13 13 15 -16 -17 -18
leaf_value=-0.034099495564626256 0.073811200065834845 -0.075854064948443031 0.019313444945107353 0.012286843345701582 -0.060589714872976888 0.035940660432717382 -0.070322482954386797 0.047912808481800788 -0.065471160419793104 0.058627708245619116 0.042653927107667557 -0.09785828313527499 -0.076377596211807397 0.057214109553390152 0.00036468008186513504 0.0017846652140648357 0.051598647468132509
leaf_weight=2.8865127600729457 2.457526169717311 1.4517737450078154 3.2832900434732464 4.1869866224005943 2.3255716003477565 3.6042279158718875 2.6043513901531687 2.3445228151977053 3.0252269017510107 2.8725591283291569 2.2342560612596571 2.410022331867367 2.2413888555020076 2.7237519789487123 3.9232909772545099 2.4704171046614647 3.284114308655262
leaf_count=23 13 16 21 38 29 29 35 14 30 25 20 29 22 21 39 20 19
internal_value=-9.40811e-05 0.00197485 -0.00194949 -0.0114951 -0.00784641 -0.00257807 -0.0096332 -0.000375837 -0.00806227 0.00677689 -0.0100887 -0.0279514 0.0124595 -0.000837694 -0.0275377 0.0308511 0.0354581
internal_weight=50.3298 47.4433 44.9858 27.0595 25.6077 23.2822 19.6779 17.0736 14.7291 11.7038 8.83127 6.59701 17.9263 11.3588 6.16468 5.19417 6.5674
internal_count=443 420 407 265 249 220 191 156 142 112 87 67 142 102 61 41 40
is_linear=0
shrinkage=0.1


Tree=62
num_leaves=17
num_cat=0
split_feature=15 15 13 11 11 14 10 11 3 11 9 15 12 15 15 10
split_gain=0.342785 1.00602 0.798521 1.37512 0.825878 0.673639 0.631293 0.820375 1.16591 0.856764 0.751539 0.612115 1.03952 0.994355 0.596326 0.221363
threshold=90.950000000000017 89.65000000000002 33.500000000000007 89.500000000000014 213.50000000000003 46.500000000000007 44.500000000000007 72.000000000000014 1.0000000180025095e-35 133.50000000000003 1.5000000000000002 88.65000000000002 46.150000000000006 81.65000000000002 85.550000000000011 66.500000000000014
decision_type=2 2 2 2 2 2 2 2 2 2 2 2 2 2 2 2
left_child=1 2 3 -1 5 -5 -2 -8 9 -9 -11 12 13 -4 -6 -15
right_child=6 -3 11 4 14 -7 7 8 -10 10 -12 -13 -14 15 -16 -17
leaf_value=-0.062089839543426811 0.054925928426288899 -0.066284712495620443 0.018222367969539532 0.0061208191588965248 -0.032269715781051748 0.070585470344880316 0.037241098689844564 -0.091899577244911435 0.025828353515045196 0.024825800839699982 -0.053109700517474816 0.03193614065069119 -0.083480961185939589 -0.026990810199141443 0.035052891124682149 -0.077648043557452209
leaf_weight=2.0065744984895053 2.7177427075803307 2.5972840173635623 4.7984383013099414 2.4389038570225221 3.0063500669784844 4.8336737076751888 4.9522041305899647 2.0462356936186534 4.9815569221973419 2.4228124720975757 2.5287201902829111 1.969000841025262 2.6240241192281237 1.7360728597268464 2.3396536326035857 1.7145683323033152
leaf_count=18 17 39 39 19 32 33 30 24 36 20 28 13 36 15 17 27
internal_value=-8.43852e-05 -0.00679741 -0.00117234 0.014805 0.0270326 0.0489669 0.0101869 0.00300572 -0.011147 -0.037469 -0.0149754 -0.019368 -0.0286586 -0.0112197 -0.00280629 -0.0521616
internal_weight=49.7138 30.0645 27.4673 14.6252 12.6186 7.27258 19.6493 16.9315 11.9793 6.99777 4.95153 12.8421 10.8731 8.24908 5.346 3.45064
internal_count=443 288 249 119 101 52 155 138 108 72 48 130 117 81 49 42
is_linear=0
shrinkage=0.1


Tree=63
num_leaves=19
num_cat=0
split_feature=12 11 11 3 9 15 12 14 15 14 13 2 15 11 14 14 15 14
split_gain=0.324578 1.52121 1.10309 0.46063 0.529253 0.673377 0.76933 0.930426 0.709546 0.947149 0.765716 0.835017 0.455791 0.611606 0.827025 0.503161 0.348213 0.338087
threshold=157.50000000000003 37.500000000000007 47.500000000000007 1.0000000180025095e-35 3.5000000000000004 75.550000000000011 21.500000000000004 133.49500000000003 89.850000000000009 170.50000000000003 35.500000000000007 1.0000000180025095e-35 80.950000000000017 234.50000000000003 153.50000000000003 49.500000000000007 84.15000000000002 57.400000000000013
decision_type=2 2 2 2 2 2 2 2 2 2 2 2 2 2 2 2 2 2
left_child=1 -1 -3 4 5 -4 7 -7 9 16 11 -10 17 14 15 -14 -8 -5
right_child=-2 2 3 12 -6 6 8 -9 10 -11 -12 -13 13 -15 -16 -17 -18 -19
leaf_value=-0.086342682246242849 0.030898064504533185 0.069748324473352691 -0.056239911276714231 0.0098799504660288598 -0.051477218755490155 0.04818917075318048 0.0071623456399302413 -0.01785383307697893 -0.11923880591675971 0.060542503750994049 0.0067352592435859227 -0.024152948148908844 -0.015381354693849755 0.024449961224012048 0.025229355496246792 -0.088838050181981168 -0.069532091092919648 0.055726780187148439
leaf_weight=2.0532853901386252 3.164106832817196 2.2608917504549018 2.3307646717876258 3.3987055383622673 2.8275770647451273 5.4133764719590562 1.1757038305513545 3.5204412126913667 1.7238252693787217 2.1217900663614273 2.1463685110211372 1.9893947606906295 1.8598952777683719 4.8034256873652339 2.1881018299609423 1.8700959105044601 1.1923877601511774 3.0535857081413269
leaf_count=19 22 12 22 22 33 39 18 25 29 21 22 21 20 39 19 20 22 18
internal_value=-8.09289e-05 -0.00221508 0.00172185 -0.00197391 -0.0107929 -0.00547049 0.000665994 0.0221644 -0.0178918 0.0120204 -0.0408118 -0.0682956 0.0105772 -0.00206085 -0.0235784 -0.0522101 -0.031455 0.0315772
internal_weight=49.0937 45.9296 43.8763 41.6154 24.4416 21.6141 19.2833 8.93382 10.3495 4.48988 5.85959 3.71322 17.1738 10.7215 5.91809 3.72999 2.36809 6.45229
internal_count=443 421 402 390 252 219 197 64 133 61 72 50 138 98 59 40 40 40
is_linear=0
shrinkage=0.1


Tree=64
num_leaves=16
num_cat=0
split_feature=4 14 10 11 11 10 2 14 14 11 11 14 12 11 13
split_gain=0.342291 0.814084 0.379791 1.12034 1.45466 1.16852 1.01657 1.46488 1.04814 0.633188 0.766323 0.558218 0.449797 0.798198 0.441977
threshold=1.0000000180025095e-35 81.500000000000014 69.500000000000014 87.500000000000014 184.50000000000003 56.500000000000007 1.0000000180025095e-35 121.50000000000001 74.500000000000014 168.50000000000003 234.50000000000003 48.500000000000007 27.500000000000004 224.50000000000003 33.500000000000007
decision_type=2 2 2 2 2 2 2 2 2 2 2 2 2 2 2
left_child=2 -2 3 -1 5 -5 7 8 -4 14 -11 -7 -6 -14 -8
right_child=1 -3 6 4 12 11 9 -9 -10 10 -12 -13 13 -15 -16
leaf_value=0.059181540373435107 -0.077981849614317186 0.002867166573070424 -0.047004404122194726 -0.085488008401161941 0.048289385535775747 0.041569633820535475 0.010867683123532665 -0.10395584018880746 0.039953869743847521 -0.047531265841325755 0.019584541422452251 -0.031600987160063342 0.049282047967502317 -0.027683860616098815 0.062891359425994539
leaf_weight=4.1346841380000141 1.8335920753888775 3.8826354739721864 3.0836414862424144 2.6959460433572557 4.6504564173519594 1.7696324735879896 4.0822708401829004 2.216686949133873 2.5179132036864758 3.1599282836541533 3.6853032549843192 2.5379178179427981 2.3958675963804126 3.0792417945340276 2.7218870548531413
leaf_count=22 33 37 35 29 33 13 30 27 18 29 26 33 17 38 23
internal_value=-8.51484e-05 -0.0230667 0.00298913 0.0124618 0.00118435 -0.0338558 -0.00639355 -0.0351463 -0.00791644 0.0100757 -0.0113978 -0.00154095 0.0254204 0.00599585 0.0316789
internal_weight=48.4476 5.71623 42.7314 21.2637 17.1291 7.0035 21.4676 7.81824 5.60155 13.6494 6.84523 4.30755 10.1256 5.47511 6.80416
internal_count=443 70 373 185 163 75 188 80 53 108 55 46 88 55 53
is_linear=0
shrinkage=0.1


Tree=65
num_leaves=18
num_cat=0
split_feature=15 15 13 11 14 11 12 14 10 11 11 9 11 11 15 11 11
split_gain=0.308544 0.826693 0.715877 1.16432 1.04729 1.02403 0.890965 0.736025 0.634189 0.688004 0.846357 1.1543 0.561673 0.336967 0.321807 0.245464 0.181234
threshold=90.950000000000017 89.65000000000002 32.500000000000007 89.500000000000014 72.500000000000014 131.50000000000003 29.500000000000004 152.45000000000002 41.500000000000007 72.000000000000014 246.50000000000003 2.5000000000000004 189.50000000000003 156.50000000000003 93.050000000000011 312.50000000000006 123.50000000000001
decision_type=2 2 2 2 2 2 2 2 2 2 2 2 2 2 2 2 2
left_child=1 2 3 -1 6 -5 16 -6 -2 -10 11 13 -7 -11 -13 -14 -4
right_child=8 -3 4 5 7 12 -8 -9 9 10 -12 14 15 -15 -16 -17 -18
leaf_value=-0.056017031008378029 0.062706483617780709 -0.06251582389582877 0.0028833016554338613 0.089714786463088947 0.032417464461064915 -0.028979405493900434 -0.098203188006521377 -0.031141289901802247 0.035668463827744822 -0.10197017589906343 0.029355788407813152 0.033841385451984181 0.046012836120284964 -0.040787331950657119 -0.018857488800802041 0.0054432883312874056 -0.039632573536925064
leaf_weight=1.9094921797514022 2.0258602667599943 2.42151054739952 1.9164349772036056 2.1904599890112868 4.6823585843667388 2.3151449095457775 2.2277068886905909 2.9825100898742676 4.7745822332799461 1.7036211751401409 3.8869775673374525 2.1687769861891866 3.527021870482713 1.9087387407198546 2.4881669413298368 2.5840106410905719 2.10269441222772
leaf_count=17 14 39 14 14 39 19 38 30 30 24 26 14 28 19 28 22 28
internal_value=-8.1344e-05 -0.00659178 -0.00146955 0.015872 -0.0170839 0.0288019 -0.0474764 0.00768584 0.00983001 0.00350308 -0.00913041 -0.0272208 0.012967 -0.0696417 0.00568481 0.0288583 -0.0193598
internal_weight=47.8161 28.8593 26.4378 12.5261 13.9117 10.6166 6.24684 7.66487 18.9567 16.9309 12.1563 8.2693 8.42618 3.61236 4.65694 6.11103 4.01913
internal_count=443 288 249 100 149 83 80 69 155 141 111 85 69 43 42 50 42
is_linear=0
shrinkage=0.1


Tree=66
num_leaves=20
num_cat=0
split_feature=12 11 11 3 5 10 15 15 15 15 9 13 11 11 10 12 10 11 12
split_gain=0.32309 1.26809 1.00036 0.377969 0.410949 0.952181 1.46554 1.26633 0.401327 0.634916 0.802187 1.36521 1.90019 1.19765 0.836027 0.90837 0.920659 0.00656458 0.000788529
threshold=157.50000000000003 37.500000000000007 47.500000000000007 1.0000000180025095e-35 1.0000000180025095e-35 73.500000000000014 88.050000000000011 85.550000000000011 96.550000000000011 94.950000000000017 1.0000000180025095e-35 31.500000000000004 247.50000000000003 153.50000000000003 49.500000000000007 16.250000000000004 75.500000000000014 95.000000000000014 27.500000000000004
decision_type=2 2 2 2 2 2 2 2 2 2 2 2 2 2 2 2 2 2 2
left_child=1 -1 -3 8 5 7 -7 -5 9 10 -4 13 14 -12 -13 -16 17 -17 -19
right_child=-2 2 3 4 -6 6 -8 -9 -10 -11 11 12 -14 -15 15 16 -18 18 -20
leaf_value=-0.081417834726591823 0.031470218855923021 0.067387842258966019 0.036547619292736672 0.052895276519927606 0.042552025159258405 -0.085801589897978897 0.025372250885632188 -0.02419044542351519 -0.053743477546336564 0.050280667874359135 -0.033845482828002676 0.040212330324960577 -0.130288218181382 0.048729569951560414 0.01574873654475192 -0.12104917896535855 -0.015514286790920141 -0.1113745185976492 -0.10649991874387357
leaf_weight=1.93454657960683 3.037192089483141 2.1774793565273276 2.936915644444535 5.2081366479396838 3.0409179516136637 2.5509235989302388 2.2156449402682483 3.606987482868135 1.9571406394243229 1.8072850117459882 3.1002775616943863 1.6957583911716918 2.0451397290453315 4.0521230604499578 1.9679883951321242 0.71869728341698724 1.8031702786684034 0.74717789050191619 0.596995800267905
leaf_count=19 22 12 27 31 21 32 19 35 13 17 31 13 34 30 14 10 19 16 28
internal_value=-7.85771e-05 -0.00224825 0.0013786 -0.00221014 0.0093229 0.00188296 -0.0341246 0.0213532 -0.0103928 -0.00644139 -0.0116546 -0.0201177 -0.044809 0.0129366 -0.0215923 -0.0395569 -0.0677099 -0.113334 -0.10921
internal_weight=47.2005 44.1633 42.2288 40.0513 16.6226 13.5817 4.76657 8.81512 23.4287 21.4715 19.6642 16.7273 9.57493 7.1524 7.52979 5.83403 3.86604 2.06287 1.34417
internal_count=443 421 402 390 138 117 51 66 252 239 222 195 134 61 100 87 73 54 44
is_linear=0
shrinkage=0.1


Tree=67
num_leaves=17
num_cat=0
split_feature=4 14 14 10 11 11 12 15 5 15 14 15 14 12 13 15
split_gain=0.286259 0.632627 0.431548 0.518705 0.999595 1.2293 1.80763 0.984787 0.528687 0.567204 0.517597 1.18369 0.997425 0.427246 0.604733 0.911673
threshold=1.0000000180025095e-35 81.500000000000014 11.000000000000002 69.500000000000014 87.500000000000014 175.50000000000003 27.500000000000004 76.800000000000026 1.0000000180025095e-35 80.950000000000017 40.180000000000007 91.65000000000002 163.50000000000003 18.500000000000004 34.500000000000007 87.850000000000009
decision_type=2 2 2 2 2 2 2 2 2 2 2 2 2 2 2 2
left_child=2 -2 -1 4 -4 6 -6 -5 9 -9 -11 12 -12 -7 -15 -16
right_child=1 -3 3 7 5 13 -8 8 -10 10 11 -13 -14 14 15 -17
leaf_value=0.047620285439663644 -0.072358477878041227 0.0013018114143790607 0.056455577985607311 -0.065944031984009818 -0.10077296960144365 0.057573319034927531 0.012780062894456684 0.037719856025243095 0.028239252380734853 0.023163732507940887 -0.12589059145495293 -0.0029258809402941529 -0.010721897684267618 0.041975720556650054 -0.063117822014318675 0.030207008698732437
leaf_weight=2.0375571013428262 1.6944092852063466 3.738425811054185 3.9985871240496662 2.8125872481614378 2.4793702438473693 2.4855545833706838 3.2258209707215428 1.8906827853061283 4.2960148546844712 2.0394401336088768 1.9314539730548843 5.0133349467068911 1.2314322525635359 3.2625316847115755 2.0491593787446618 2.1398204863071442
leaf_count=15 33 37 22 27 28 15 38 16 32 16 35 38 16 32 24 19
internal_value=-0.000105111 -0.0216716 0.00276008 0.000407654 0.0118357 0.00042964 -0.036568 -0.0112737 -0.00189912 -0.0125939 -0.0219058 -0.0331478 -0.081051 0.0216712 0.00969551 -0.0154455
internal_weight=46.3262 5.43284 40.8933 38.8558 19.6408 15.6423 5.70519 19.2149 16.4024 12.1063 10.2157 8.17622 3.16289 9.93707 7.45151 4.18898
internal_count=443 70 373 358 178 156 66 180 153 121 105 89 51 90 75 43
is_linear=0
shrinkage=0.1


Tree=68
num_leaves=21
num_cat=0
split_feature=10 10 10 9 10 11 11 14 10 12 15 10 11 12 15 13 10 12 14 11
split_gain=0.248962 0.926661 0.678891 1.03336 0.850228 1.24632 0.777245 0.611397 1.38236 1.28842 0.889118 1.82929 0.840502 0.813815 1.28285 0.654702 1.18864 1.12973 0.535749 0.522855
threshold=35.500000000000007 44.500000000000007 56.500000000000007 1.5000000000000002 62.500000000000007 37.500000000000007 63.500000000000007 95.280000000000015 86.500000000000014 15.500000000000002 92.65000000000002 83.500000000000014 116.50000000000001 36.500000000000007 88.40000000000002 29.500000000000004 70.500000000000014 39.500000000000007 170.50000000000003 135.50000000000003
decision_type=2 2 2 2 2 2 2 2 2 2 2 2 2 2 2 2 2 2 2 2
left_child=-1 -2 3 -3 19 -6 -7 10 9 -9 11 12 -8 18 -15 -14 -17 -18 -11 -4
right_child=1 2 4 -5 5 6 7 8 -10 13 -12 -13 15 14 -16 16 17 -19 -20 -21
leaf_value=-0.029924117826982233 0.053535026273173913 0.0073084670244838897 0.075386211672482384 -0.08272607607826013 -0.086140269251420459 0.052609338411488717 0.072864910015051548 -0.11404942469045483 0.057612723349328591 -0.025541705367382969 0.059247320068312563 -0.077601120918303457 0.04895191058528886 0.00044427729791893158 -0.12556743407311743 0.04794689323809373 -0.11616683398699418 0.010591934284846762 0.042057326304924703 0.0088901797082267531
leaf_weight=2.6409910917282096 3.1938265003263941 2.6194887496531001 2.3524130694568148 2.4832385946065187 1.7264071549288953 2.6808749139308956 2.1755032246001083 1.7441948940977434 1.8735685423016537 2.3977297157980502 2.9103182256221762 2.5291300388053051 1.9731367640197275 1.7544900858774783 1.497417308622971 1.6272046207450328 1.5653989515267315 1.2763946871273217 2.2942054811865091 2.3775983173400164
leaf_count=26 25 21 15 24 18 17 17 18 9 28 20 23 15 25 26 21 33 14 21 27
internal_value=-0.000121467 0.00170673 -0.0024462 -0.0365068 0.00255443 -0.00365334 0.00137875 -0.00398229 -0.0210165 -0.0362226 0.0100279 -0.00282281 0.0191234 -0.0191345 -0.0575808 0.000974874 -0.0202078 -0.059233 0.00751205 0.0419612
internal_weight=45.6935 43.0525 39.8587 5.10273 34.756 30.026 28.2996 25.6187 11.5616 9.68804 14.0571 11.1468 8.61764 7.94384 3.25191 6.44214 4.469 2.84179 4.69194 4.73001
internal_count=443 417 392 45 347 305 287 270 127 118 143 123 100 100 51 83 68 47 49 42
is_linear=0
shrinkage=0.1


Tree=69
num_leaves=19
num_cat=0
split_feature=12 11 11 11 3 15 11 10 5 13 13 14 15 12 13 10 11 14
split_gain=0.286547 1.00081 0.771963 0.328842 0.374575 0.667363 0.581488 0.668192 1.2745 1.45192 0.695191 0.655808 1.07866 0.387531 0.603967 0.414442 0.253 0.148799
threshold=157.50000000000003 37.500000000000007 47.500000000000007 66.500000000000014 1.0000000180025095e-35 96.550000000000011 87.500000000000014 79.500000000000014 1.0000000180025095e-35 36.500000000000007 33.500000000000007 118.50000000000001 81.250000000000014 53.500000000000007 31.500000000000004 73.500000000000014 191.50000000000003 65.000000000000014
decision_type=2 2 2 2 2 2 2 2 2 2 2 2 2 2 2 2 2 2
left_child=1 -1 -3 -4 5 6 -5 8 9 10 11 12 -8 14 -6 16 -16 -10
right_child=-2 2 3 4 13 -7 7 -9 17 -11 -12 -13 -14 -15 15 -17 -18 -19
leaf_value=-0.075432836673026887 0.030057910360684184 0.061085930998650818 -0.039202928872746921 0.043321606181967134 -0.017438956814424932 -0.06826788026719563 0.011305806935784896 0.023551223729041754 -0.063804577458048503 0.046603411126076293 -0.0880176355297424 0.025998709125299432 -0.11531987333244487 -0.023041023608557486 0.064467844562936902 -0.0007815155074833097 0.025310832021007035 -0.11660954555300221
leaf_weight=1.7888868078589428 2.9378031417727462 2.0309004485607138 2.2579887919127932 2.3517406135797563 3.3001914620399466 1.7201207354664791 1.4459882052615305 4.4052146701142183 1.0032225064933293 3.3644864964298904 1.7546091938856987 2.1916673947125673 1.2580119073390958 2.6073069898411623 3.4620967507362348 2.6845800429582596 3.1526419967412949 1.1400943102780727
leaf_count=19 22 12 19 18 30 12 16 32 17 37 28 26 29 28 20 31 24 23
internal_value=-0.000133151 -0.00224899 0.00101328 -0.00218887 0.000142963 -0.00863288 -0.00320972 -0.00981647 -0.0219065 -0.00692829 -0.0340109 -0.0146548 -0.0476057 0.0120515 0.0193134 0.0323563 0.0458053 -0.0918931
internal_weight=44.8576 41.9197 40.1309 38.1 35.842 20.6352 18.915 16.5633 12.1581 10.0148 6.65028 4.89567 2.704 15.2068 12.5995 9.29932 6.61474 2.14332
internal_count=443 421 402 390 371 238 226 208 176 136 99 71 45 133 105 75 44 40
is_linear=0
shrinkage=0.1


Tree=70
num_leaves=18
num_cat=0
split_feature=4 14 12 12 15 15 0 2 14 12 12 11 14 13 10 12 1
split_gain=0.26726 0.535085 0.378833 0.515415 0.368827 1.37973 0.414439 1.07999 0.857759 0.587853 0.845818 1.13626 0.552356 0.377958 0.317901 0.241729 0.0884604
threshold=1.0000000180025095e-35 81.500000000000014 82.000000000000014 51.500000000000007 96.050000000000011 93.850000000000009 1.0000000180025095e-35 1.0000000180025095e-35 49.500000000000007 39.500000000000007 21.500000000000004 234.50000000000003 46.500000000000007 34.500000000000007 63.500000000000007 26.500000000000004 1.0000000180025095e-35
decision_type=2 2 2 2 2 2 2 2 2 2 2 2 2 2 2 2 2
left_child=2 -2 3 4 5 6 9 15 -9 10 13 12 -12 -1 -4 -8 -5
right_child=1 -3 14 16 -6 -7 7 8 -10 -11 11 -13 -14 -15 -16 -17 -18
leaf_value=0.0066300052002198203 -0.070039826269958236 -0.00015411544447191652 0.050853096882046513 -0.023424865043849427 0.034197974977090422 -0.082255520781982408 -0.081562321152540293 0.064983723586907113 -0.015864423310222236 0.052790995003983703 -0.021600307787867951 0.02385715550835095 -0.11790141136508643 0.052079222807355045 0.0057644295878856062 -0.027433625755406123 -0.056742960873928085
leaf_weight=4.4246554523706489 1.5785252328496415 3.5810026247054338 2.7199471816420546 1.6140903909690669 3.2557454705238333 1.9572006501257408 1.8308627912774684 2.1135894050821662 3.46132717654109 3.2432049149647364 1.0539362120907756 2.1489780563861132 1.3695861869491635 3.1199500849470496 3.6784994229674339 1.501779969781637 1.5739031247794628
leaf_count=35 33 37 20 23 20 24 22 17 33 25 16 22 28 21 30 19 18
internal_value=-0.000144492 -0.0215352 0.00268053 -0.00167747 0.00245301 -0.00148801 0.00502588 -0.0121348 0.0147871 0.0149775 0.00485653 -0.029081 -0.0760222 0.0254248 0.0249314 -0.0571705 -0.0398739
internal_weight=44.2268 5.15953 39.0673 32.6688 29.4808 26.2251 24.2679 8.90756 5.57492 15.3603 12.1171 4.5725 2.42352 7.54461 6.39845 3.33264 3.18799
internal_count=443 70 373 323 282 262 238 91 50 147 122 66 44 56 50 41 41
is_linear=0
shrinkage=0.1


Tree=71
num_leaves=18
num_cat=0
split_feature=14 14 11 15 10 15 10 1 14 10 10 13 13 12 15 11 15
split_gain=0.261419 0.866744 0.682077 0.409065 0.636613 0.863663 0.908395 1.14704 0.829689 0.681586 0.528489 0.775372 1.41581 0.769131 0.360502 0.340552 0.190877
threshold=30.360000000000003 17.120000000000001 183.50000000000003 96.050000000000011 86.500000000000014 93.350000000000009 62.500000000000007 1.0000000180025095e-35 200.50000000000003 42.500000000000007 68.500000000000014 29.500000000000004 33.500000000000007 16.250000000000004 81.65000000000002 187.50000000000003 80.050000000000011
decision_type=2 2 2 2 2 2 2 2 2 2 2 2 2 2 2 2 2
left_child=1 16 -3 4 5 6 7 9 10 -2 -8 -12 -13 -14 -15 -7 -1
right_child=3 2 -4 -5 -6 15 8 -9 -10 -11 11 12 13 14 -16 -17 -18
leaf_value=0.031764825935204272 0.0082004271622962213 -0.012753610620506353 -0.1075733139208549 0.03211356468515171 0.038602123930853258 -0.074876781458039207 -0.054614789518645103 -0.022818634005364213 -0.08615379262224776 0.072475246977801541 0.037721329482190237 -0.091573292502986917 0.063918143247456025 0.015998962983713762 -0.058264095962340293 -0.014794485333962709 -0.0084141879922852696
leaf_weight=2.1698841992765656 2.7180737387389033 1.5735026104375722 1.4649376990273593 4.3758664093911639 3.674606190994381 2.2361677121371026 1.9527646750211705 3.5336114400997758 1.4888618220575143 4.1978773381561041 3.8187423972412926 1.8964270455762742 1.7216133214533327 1.2726462315768006 1.3439981357660142 1.6318121040239928 2.5980682752560824
leaf_count=14 24 16 25 27 23 26 31 31 31 29 27 31 11 15 31 19 32
internal_value=-0.000145098 -0.0167287 -0.0584695 0.00346469 -0.000516728 -0.00568512 0.00139743 0.023532 -0.0157419 0.0472143 -0.00701033 0.0022363 -0.0194983 0.0120086 -0.0221451 -0.0495294 0.00987119
internal_weight=43.6695 7.80639 3.03844 35.8631 31.4872 27.8126 23.9446 10.4496 13.4951 6.91595 12.0062 10.0534 6.23468 4.33826 2.61664 3.86798 4.76795
internal_count=443 87 41 356 329 306 261 84 177 53 146 115 88 57 46 45 46
is_linear=0
shrinkage=0.1


Tree=72
num_leaves=17
num_cat=0
split_feature=12 12 11 13 13 6 12 11 11 11 10 11 11 14 14 9
split_gain=0.253455 0.303127 1.02624 0.428829 0.546996 0.657858 0.694094 0.921189 0.572542 1.13254 0.845249 0.537005 0.793703 0.50854 0.397547 0.303761
threshold=157.50000000000003 58.000000000000007 191.50000000000003 43.500000000000007 38.500000000000007 1.0000000180025095e-35 15.500000000000002 316.00000000000006 246.50000000000003 186.50000000000003 69.500000000000014 123.50000000000001 95.000000000000014 121.50000000000001 130.50000000000003 2.5000000000000004
decision_type=2 2 2 2 2 2 2 2 2 2 2 2 2 2 2 2
left_child=1 3 15 4 5 6 -1 8 9 11 -11 12 14 -13 -8 -3
right_child=-2 2 -4 -5 -6 -7 7 -9 -10 10 -12 13 -14 -15 -16 -17
leaf_value=-0.028309322151938762 0.028447926279755311 -0.034108731321692745 0.015861576888716134 0.048419035621622572 -0.046740435623937662 -0.046387433235600135 0.0065306489818851973 -0.039669802166660016 0.061800555787764944 0.010555499484400828 -0.10050570710439977 0.080473124864426579 -0.036442777777563946 0.017231551863901653 0.056151550251827304 -0.099759231101044121
leaf_weight=4.6226868098601761 2.8919872287660828 1.4116253070533269 3.2000680426135659 1.8388046352192748 2.4411401767283669 2.5204434050247064 3.4512246064841836 2.7841373831033698 3.0257055959664276 1.3884288026019924 1.3530946238897739 2.8037418583407989 2.5141848130151629 2.3266606121324003 3.0339346006512642 1.4075158836785702
leaf_count=39 22 18 28 19 36 32 29 29 31 21 22 25 26 23 20 23
internal_value=-0.000143724 -0.00220453 -0.0228939 0.00144703 -0.0012299 0.00249518 0.00700758 0.0142056 0.0217443 0.0145605 -0.0442594 0.0259731 0.0112536 0.0517928 0.0297447 -0.0668861
internal_weight=43.0154 40.1234 6.01921 34.1042 32.2654 29.8242 27.3038 22.6811 19.897 16.8713 2.74152 14.1297 8.99934 5.1304 6.48516 2.81914
internal_count=443 421 69 352 333 297 265 226 197 166 43 123 75 48 49 41
is_linear=0
shrinkage=0.1


Tree=73
num_leaves=18
num_cat=0
split_feature=9 0 11 11 1 14 10 11 10 10 14 14 13 12 14 5 11
split_gain=0.227874 0.894068 0.579378 1.00154 0.658349 1.50649 0.765763 0.462683 0.654895 0.403822 0.53607 2.56625 0.891275 0.799762 0.773051 0.741992 0.298756
threshold=2.5000000000000004 1.0000000180025095e-35 84.500000000000014 121.50000000000001 1.0000000180025095e-35 57.400000000000013 58.500000000000007 189.50000000000003 53.500000000000007 88.500000000000014 146.00000000000003 95.280000000000015 28.500000000000004 24.500000000000004 186.00000000000003 1.0000000180025095e-35 214.50000000000003
decision_type=2 2 2 2 2 2 2 2 2 2 2 2 2 2 2 2 2
left_child=1 2 -1 -4 5 6 -5 -7 -9 10 11 12 -2 -14 -12 -15 -6
right_child=9 -3 3 4 16 7 -8 8 -10 -11 14 -13 13 15 -16 -17 -18
leaf_value=0.032074039829368253 0.075465155850699461 -0.060107108236648513 -0.086376380183904061 -0.1230711133883526 -0.065939207771674099 -0.0031359852803878709 -0.0042843706363785688 0.090852064643901151 0.02049508756675707 -0.035328733438964692 0.080865733756176922 -0.094851977193707901 0.03431925421007697 -0.078260678589767554 0.0036110278983648037 0.012147258178623553 -0.0075054306468735543
leaf_weight=4.4758431115187767 2.4117355383932653 2.7826126362197092 1.5021068626083423 1.0433274062816038 1.8128026556223624 2.4942943640053272 1.1310016722418366 2.2126792147755623 3.2903290716931224 1.9755022916942824 2.4109815002884707 2.2823852882720521 4.5560679184272868 1.6462442204356196 2.7989679034799337 2.0237517855130136 1.6912535466253755
leaf_count=34 15 37 21 21 23 25 19 15 33 14 17 29 38 25 35 25 17
internal_value=-0.00012643 -0.00705467 0.000456625 -0.00886717 -0.000353727 0.0125241 -0.0612829 0.032591 0.0487846 0.00760493 0.0122831 0.00136383 0.0220073 0.00633446 0.0393618 -0.0284069 -0.0377358
internal_weight=42.5419 22.4363 19.6536 15.1778 13.6757 10.1716 2.17433 7.9973 5.50301 20.1056 18.1301 12.9202 10.6378 8.22606 5.20995 3.67 3.50406
internal_count=443 245 208 174 153 113 40 73 48 198 184 132 103 88 52 50 40
is_linear=0
shrinkage=0.1


Tree=74
num_leaves=17
num_cat=0
split_feature=14 11 11 14 12 1 14 1 10 5 10 11 15 15 10 2
split_gain=0.246383 0.985885 1.63312 0.478169 1.51486 0.398633 0.361221 1.56142 0.63342 0.809623 0.883884 0.964612 0.897177 0.669358 0.377709 0.346159
threshold=186.00000000000003 260.50000000000006 151.50000000000003 118.50000000000001 19.500000000000004 1.0000000180025095e-35 95.280000000000015 1.0000000180025095e-35 55.500000000000007 1.0000000180025095e-35 64.500000000000014 124.50000000000001 82.40000000000002 89.050000000000026 45.500000000000007 1.0000000180025095e-35
decision_type=2 2 2 2 2 2 2 2 2 2 2 2 2 2 2 2
left_child=3 2 -2 6 -5 -6 8 -8 14 10 -10 -12 -13 -11 -1 -14
right_child=1 -3 -4 4 5 -7 7 -9 9 13 11 12 15 -15 -16 -17
leaf_value=-0.0088441980702482648 0.0022890003382590373 0.04084430589903984 -0.11538529541986282 -0.036289377190630974 0.024226903835886351 0.073535704502661267 0.024513763300536586 -0.1013299770734242 0.042583353342849503 0.0090029374194989797 -0.066452390571388145 -0.041261963847631623 0.061289623527238872 0.083399448238822768 -0.074152410728506479 0.00090878685286578827
leaf_weight=2.0733303001616217 3.2243907712399951 2.0892540402710438 1.8595461933873592 3.0148214083164913 3.2182007252704352 3.3423490596469492 2.2164861825294784 1.7759419716894629 3.0661236401647356 2.576407979708164 2.9683104222640377 2.7573882564902306 2.0683717699721456 2.2791973310522735 1.5458223491441456 1.7551383681129666
leaf_count=29 32 15 34 26 29 24 19 27 30 25 31 38 25 18 19 22
internal_value=-0.000117342 -0.0169868 -0.0407526 0.00337415 0.0223848 0.0493479 -0.00388327 -0.031465 0.00133805 0.00922578 -0.00412958 -0.0191285 0.00221695 0.0439243 -0.0367388 0.0335725
internal_weight=41.8311 7.17319 5.08394 34.6579 9.57537 6.56055 25.0825 3.99243 21.0901 17.4709 12.6153 9.54921 6.5809 4.85561 3.61915 3.82351
internal_count=443 81 66 362 79 53 283 46 237 189 146 116 85 43 48 47
is_linear=0
shrinkage=0.1


Tree=75
num_leaves=18
num_cat=0
split_feature=4 15 11 12 12 10 11 14 12 15 15 12 10 10 10 10 10
split_gain=0.233966 0.45422 0.960509 0.324814 0.428826 0.310367 0.729955 0.584213 0.737116 0.613242 0.937397 0.57072 0.930244 0.653171 0.399507 0.242379 0.168358
threshold=1.0000000180025095e-35 92.450000000000017 153.50000000000003 82.000000000000014 50.500000000000007 56.500000000000007 211.50000000000003 17.120000000000001 40.500000000000007 96.050000000000011 91.950000000000017 21.500000000000004 75.500000000000014 74.500000000000014 66.500000000000014 63.500000000000007 59.500000000000007
decision_type=2 2 2 2 2 2 2 2 2 2 2 2 2 2 2 2 2
left_child=3 2 -2 4 5 6 -1 -7 9 10 11 13 14 -9 -13 -5 -6
right_child=1 -3 -4 15 16 7 -8 8 -10 -11 -12 12 -14 -15 -16 -17 -18
leaf_value=-0.056889751718325859 -0.098359535613475046 0.020796934988348108 0.012461942569480917 0.047805694110711942 -0.010868998983043091 0.049089952923716068 0.016016715731841796 0.04353188704832868 0.05197251093095049 0.038118419768851511 -0.064709411848578549 -0.025508660322556106 0.021974137596028745 -0.018982104301733808 -0.11564971606330202 0.0070815175046165402 -0.056439884891951966
leaf_weight=2.6172787887044313 1.5771831483580165 1.7010940513573585 1.5513662737794218 2.4808454755693665 1.4829811267554753 2.9772256100550321 2.8893437096849084 3.8252647845074588 2.4925173250958315 2.5876539796590796 2.9633980104699722 0.8399598393589266 1.7045476012863217 2.9683079523965716 1.1857796108815817 3.5567615833133459 1.7883101236075161
leaf_count=30 28 17 25 20 16 22 25 31 22 16 39 17 20 27 30 30 28
internal_value=-0.000113159 -0.0207925 -0.043406 0.00263363 -0.00158385 0.0025516 -0.0186355 0.00796683 0.00137288 -0.00647292 -0.0150282 -0.00103851 -0.0324654 0.0162177 -0.0782733 0.023815 -0.0357811
internal_weight=41.1898 4.82964 3.12855 36.3602 30.3226 27.0513 5.50662 21.5447 18.5674 16.0749 13.4873 10.5239 3.73029 6.79357 2.02574 6.03761 3.27129
internal_count=443 70 53 373 323 279 55 224 202 180 164 125 67 58 47 50 44
is_linear=0
shrinkage=0.1


Tree=76
num_leaves=16
num_cat=0
split_feature=11 12 2 14 9 14 10 12 11 15 12 12 13 11 11
split_gain=0.229879 0.378968 0.346638 1.30014 0.944649 0.672253 0.862687 0.590282 0.894072 1.20787 1.43321 0.984414 0.352378 0.302012 0.00939114
threshold=368.00000000000006 13.500000000000002 1.0000000180025095e-35 70.000000000000014 1.5000000000000002 121.50000000000001 69.500000000000014 65.500000000000014 117.50000000000001 76.200000000000003 30.250000000000004 20.500000000000004 32.500000000000007 79.000000000000014 187.50000000000003
decision_type=2 2 2 2 2 2 2 2 2 2 2 2 2 2 2
left_child=1 -1 3 4 -3 12 -7 8 13 -10 11 -11 -5 -4 -12
right_child=-2 2 7 5 -6 6 -8 -9 9 10 14 -13 -14 -15 -16
leaf_value=-0.042522296530120296 -0.029721650313377885 -0.0094902096626689626 0.0097300000543840345 0.010297564304436185 -0.0999323533776518 0.01519619942281039 -0.061569385336457207 0.046629707485609538 0.043178167740603332 -0.052268654468848798 -0.12617146694022979 0.041224717454352834 0.062287159224445436 0.050881855447273354 -0.11129356322189621
leaf_weight=1.8373374175280321 2.4646595539525142 2.4831150891259339 3.5636965464800623 2.4757075691595656 2.1589534445665777 4.4020066931843758 2.1933474247343838 4.1167573966085902 2.3792937584221345 2.5753084598109126 0.87365010124631204 2.0014518017414957 2.7538703214377165 3.5698565845377743 0.82480528857558966
leaf_count=21 32 33 29 23 39 39 30 31 22 24 22 22 23 30 23
internal_value=-0.000121265 0.00178809 0.00402645 -0.00670671 -0.0515534 0.0108986 -0.0103329 0.0129058 0.00411231 -0.0174927 -0.0404964 -0.0113833 0.037675 0.0303237 -0.118946
internal_weight=40.6738 38.2092 36.3718 16.467 4.64207 11.8249 6.59535 19.9048 15.7881 8.65451 6.27522 4.57676 5.22958 7.13355 1.69846
internal_count=443 411 390 187 72 115 69 203 172 113 91 46 46 59 45
is_linear=0
shrinkage=0.1


Tree=77
num_leaves=19
num_cat=0
split_feature=10 10 10 9 10 6 14 15 11 11 11 12 11 13 12 11 13 14
split_gain=0.202906 0.7118 0.509547 0.675881 0.524032 0.417828 0.415548 0.561883 0.856368 0.721033 1.04684 1.06024 0.555021 0.46761 0.667453 0.387952 0.38347 0.205709
threshold=35.500000000000007 44.500000000000007 56.500000000000007 1.5000000000000002 62.500000000000007 1.0000000180025095e-35 218.30000000000004 90.950000000000017 72.000000000000014 89.500000000000014 216.50000000000003 20.500000000000004 167.50000000000003 32.500000000000007 17.500000000000004 135.50000000000003 29.500000000000004 33.500000000000007
decision_type=2 2 2 2 2 2 2 2 2 2 2 2 2 2 2 2 2 2
left_child=-1 -2 3 -3 15 6 7 9 -9 -6 13 -12 -10 -11 -15 -4 -13 -16
right_child=1 2 4 -5 5 -7 -8 8 12 10 11 16 -14 14 17 -17 -18 -19
leaf_value=-0.02868154726396336 0.050064583128025177 0.0043299889770371993 0.068272193315061916 -0.072811832049376565 -0.066958089875120072 -0.048448611818560909 -0.036900142440853878 0.073023796474975561 -0.037272028017726014 0.052155180882683831 0.013714719907785401 -0.040129644544094872 0.028303005031415324 0.045546987506563413 -0.0063646799841378839 0.0063248320357821245 -0.11959866895116443 -0.070891968219876797
leaf_weight=2.3438050702679893 2.8096106173470607 2.3170552477240554 1.9342626780271555 2.2277811125386506 1.7547682444565094 1.8583032386377443 2.6194477095268658 2.6293070688843709 2.0686970134265721 3.4629124104976636 2.3066013241186738 1.1825344841927292 3.4321238761767745 1.7853860855102541 0.98261176561936714 2.1178874170873314 1.2480560452677307 0.99363251321483403
leaf_count=26 25 21 15 24 22 32 33 18 27 29 24 13 27 11 11 27 29 29
internal_value=-0.000131967 0.0016415 -0.0022544 -0.0334833 0.00241797 -0.00273519 0.000736939 0.00524969 0.0260804 -0.00709721 0.00168429 -0.0348489 0.00364216 0.0256394 0.00122936 0.0358949 -0.0809353 -0.0388082
internal_weight=40.0748 37.731 34.9214 4.54484 30.3765 26.3244 24.4661 21.8466 8.13013 13.7165 11.9617 4.73719 5.50082 7.22454 3.76163 4.05215 2.43059 1.97624
internal_count=443 417 392 45 347 305 273 240 72 168 146 66 54 80 51 42 42 40
is_linear=0
shrinkage=0.1


Tree=78
num_leaves=17
num_cat=0
split_feature=9 0 10 10 14 13 10 14 14 15 11 13 12 15 15 14
split_gain=0.198355 0.682897 0.532441 1.04571 1.77328 0.999237 0.988605 0.317815 0.304707 0.277297 0.881747 0.90076 1.45135 0.481872 0.432895 0.00558107
threshold=2.5000000000000004 1.0000000180025095e-35 69.500000000000014 85.500000000000014 43.500000000000007 30.500000000000004 55.500000000000007 108.50000000000001 102.50000000000001 92.350000000000009 84.500000000000014 31.500000000000004 20.500000000000004 71.950000000000017 93.65000000000002 45.20000000000001
decision_type=2 2 2 2 2 2 2 2 2 2 2 2 2 2 2 2
left_child=1 2 6 4 -4 -6 8 -8 -1 10 -2 -12 -13 -14 -11 -15
right_child=9 -3 3 -5 5 -7 7 -9 -10 14 11 12 13 15 -16 -17
leaf_value=-0.036704935757992989 -0.07086507700513113 -0.054844422084776349 0.049049400258971441 0.045306502029910857 -0.026134637071993556 -0.12797726532916273 0.021612313558341034 0.073885529661323696 0.0068967843917212591 0.051754222700101916 0.042602305711225329 0.022181560798953295 -0.019372736589866581 -0.11967730286254974 -0.0015335361622681122 -0.10716658687300598
leaf_weight=2.7622819519601816 1.5832174373790646 2.5911376201547673 1.4953648420050729 1.7672734120860694 1.8484340226277711 2.0121292085386813 2.2368463375605643 2.4229783164337277 3.818343099206686 3.0230398774147025 4.5985677596181613 3.8514426602050662 0.89788451045751605 0.59871900081634499 3.0754113774746656 0.8816693170228973
leaf_count=38 19 37 16 14 21 37 33 19 30 24 34 34 7 12 33 35
internal_value=-0.000122787 -0.00678591 -4.78405e-06 -0.0213948 -0.0434039 -0.0792151 0.0135503 0.0487929 -0.0114055 0.00742042 -0.00115919 0.0090326 -0.0157474 -0.0771707 0.0248815 -0.112226
internal_weight=39.4647 20.9548 18.3637 7.1232 5.35593 3.86056 11.2404 4.65982 6.58063 18.51 12.4115 10.8283 6.22972 2.37827 6.09845 1.48039
internal_count=443 245 208 88 74 58 120 52 68 198 141 122 88 54 57 47
is_linear=0
shrinkage=0.1


Tree=79
num_leaves=17
num_cat=0
split_feature=4 12 13 13 15 10 10 14 11 10 12 9 1 14 12 14
split_gain=0.191599 0.353117 0.310909 0.341643 0.698513 0.460694 0.459332 1.48481 0.980069 0.774295 0.808968 0.628221 0.414302 1.10187 0.6481 0.394905
threshold=1.0000000180025095e-35 33.500000000000007 26.500000000000004 29.500000000000004 87.300000000000026 87.500000000000014 70.500000000000014 27.635000000000002 135.50000000000003 68.500000000000014 82.000000000000014 2.5000000000000004 1.0000000180025095e-35 52.500000000000007 18.500000000000004 73.250000000000014
decision_type=2 2 2 2 2 2 2 2 2 2 2 2 2 2 2 2
left_child=2 -2 -1 4 -4 6 9 -8 -9 10 12 -10 14 -14 -5 -16
right_child=1 -3 3 5 -6 -7 7 8 11 -11 -12 -13 13 -15 15 -17
leaf_value=-0.026514693764129394 -0.0014219083288730724 -0.062702442287233748 0.064081234539533419 0.056299901146569901 -0.0080763898408197157 0.043629913074248516 0.043098692426491815 -0.0020399107218271087 -0.12745080794119804 0.061431191881463593 0.052653709992634738 -0.043715532819611463 0.027150501672901735 -0.083537888355785267 -0.060177000838284457 0.0026824883130809828
leaf_weight=3.3532346785068503 3.1894641000544643 1.3334414557320995 2.7191313765943077 1.5973158925771764 2.6480499291792512 2.2800349481403819 2.5545948641374689 2.7408332787454128 1.6255604876205327 2.252467759884893 2.1868991348892441 1.996281632222235 1.4703245982527735 2.3158706398680806 1.4797270745038984 3.07907829945907
leaf_count=32 37 33 21 10 27 15 21 31 33 18 18 33 17 34 29 34
internal_value=-0.000142641 -0.0194886 0.00240842 0.00554245 0.0284802 0.000729461 -0.00346878 -0.0213001 -0.047156 0.00758743 -0.00241168 -0.0812977 -0.0145238 -0.0405533 0.00148515 -0.0177209
internal_weight=38.8223 4.52291 34.2994 30.9462 5.36718 25.579 23.299 8.91727 6.36268 14.3817 12.1292 3.62184 9.94232 3.7862 6.15612 4.55881
internal_count=443 70 373 341 48 293 278 118 97 160 142 66 124 51 73 63
is_linear=0
shrinkage=0.1


Tree=80
num_leaves=19
num_cat=0
split_feature=11 12 14 13 10 15 15 14 6 14 15 15 13 10 10 15 15 11
split_gain=0.193198 0.360177 0.912465 0.413639 0.993945 0.732051 0.664507 0.436437 0.850849 0.881117 0.596108 0.903314 0.563881 0.882516 1.15291 0.351682 0.351194 0.268935
threshold=368.00000000000006 15.500000000000002 95.280000000000015 36.500000000000007 41.500000000000007 83.15000000000002 92.65000000000002 11.000000000000002 1.0000000180025095e-35 36.150000000000006 96.050000000000011 93.850000000000009 29.500000000000004 87.500000000000014 69.500000000000014 85.550000000000011 88.050000000000011 153.50000000000003
decision_type=2 2 2 2 2 2 2 2 2 2 2 2 2 2 2 2 2 2
left_child=1 2 -1 7 -5 -6 -7 -3 9 -9 11 12 17 14 16 -16 -14 -11
right_child=-2 3 -4 4 5 6 -8 8 -10 10 -12 -13 13 -15 15 -17 -18 -19
leaf_value=0.018571327306465296 -0.027914741217910006 0.059701425160453084 -0.066905509481705691 0.05834851039385032 0.0054467332222270523 -0.12159892381825099 -0.027337721051452171 -0.03249370810927029 -0.057718217007701356 0.029758317415729263 0.071138660185949429 -0.045729257874018603 0.046578507132813002 0.077040175460046739 -0.11508208080782721 -0.028974136437444915 -0.012345001485711344 0.075533708259504478
leaf_weight=2.5536868870258322 2.3509757239371529 1.7717050525825531 2.4442153437994421 1.4364275643602002 2.4701704736799002 1.3097338271327319 1.743392491713166 3.4023097257595571 1.8030431317165483 2.7176991133019346 2.2552557513117781 2.0458157458342603 2.3330760605167598 1.5002728998661039 0.97418233333155491 0.9243707760469988 1.7857050909660754 2.4320044266059995
leaf_count=24 32 16 24 12 30 33 18 39 29 25 15 25 27 8 24 21 23 18
internal_value=-0.000142932 0.0016756 -0.023231 0.00570342 -0.0157556 -0.0350277 -0.067774 0.0119405 0.00812433 0.0139522 0.023265 0.0159268 0.0258845 0.00842212 -0.00868609 -0.0731577 0.0210321 0.0513763
internal_weight=38.254 35.9031 4.9979 30.9052 6.95972 5.5233 3.05313 23.9454 22.1737 20.3707 16.9684 14.7131 12.6673 7.51761 6.01733 1.89855 4.11878 5.1497
internal_count=443 411 48 363 93 81 51 270 254 225 186 171 146 103 95 45 50 43
is_linear=0
shrinkage=0.1


Tree=81
num_leaves=19
num_cat=0
split_feature=12 11 11 3 12 13 12 14 13 10 11 12 15 11 12 9 11 14
split_gain=0.21228 0.749455 0.847228 0.326033 0.497303 0.802986 1.01401 0.677986 0.629291 0.563857 0.526699 0.863637 0.430608 0.425116 0.642426 0.371442 0.125269 0.0828597
threshold=157.50000000000003 37.500000000000007 47.500000000000007 1.0000000180025095e-35 32.500000000000007 30.500000000000004 55.500000000000007 46.500000000000007 31.500000000000004 53.500000000000007 216.50000000000003 16.250000000000004 80.950000000000017 234.50000000000003 35.500000000000007 2.5000000000000004 103.50000000000001 55.500000000000007
decision_type=2 2 2 2 2 2 2 2 2 2 2 2 2 2 2 2 2 2
left_child=1 -1 -3 4 8 -6 7 -7 15 -10 11 -11 17 14 -14 -4 -13 -5
right_child=-2 2 3 12 5 6 -8 -9 9 10 -12 16 13 -15 -16 -17 -18 -19
leaf_value=-0.072675078132783594 0.02825853799264887 0.068482606140375671 0.0018753487889571414 0.01955565825217918 -0.092962624249587802 0.0070433554455868411 0.041238011864631052 -0.11459745704468349 0.020101001655093351 0.036658507736389428 -0.083834093499374193 -0.030754559483901364 -0.062205605049314765 0.020874707311293164 0.011970979432327892 0.056209972991563044 -0.080306528585244868 0.045216834784056789
leaf_weight=1.443719524424522 2.4610980236902824 1.7582304179668415 2.7420931858941939 2.55627079214901 1.7326983241364349 0.79889877839013967 1.8794586034491656 1.0744654631707815 2.6011838340200466 1.709366884082556 1.6416658698581157 0.88837379380129311 2.3164792777970415 3.6099069598130882 2.354177821893245 2.3249170556664467 1.1983890391420571 2.4782092534005642
leaf_count=19 22 12 32 21 29 15 26 30 23 13 26 11 31 39 28 17 30 19
internal_value=-0.000132257 -0.00212245 0.000903215 -0.00282079 -0.0113755 -0.0366556 -0.0106584 -0.0627236 -0.000794479 -0.0181912 -0.0365083 -0.0160419 0.00912396 -0.00489827 -0.024818 0.0268059 -0.0592113 0.0321873
internal_weight=37.5696 35.1085 33.6648 31.9066 18.5915 5.48552 3.75282 1.87336 13.106 8.03898 5.4378 3.79613 13.315 8.28056 4.67066 5.06701 2.08676 5.03448
internal_count=443 421 402 390 252 100 71 45 152 103 80 54 138 98 59 49 41 40
is_linear=0
shrinkage=0.1


Tree=82
num_leaves=17
num_cat=0
split_feature=11 4 11 15 15 13 3 15 15 14 11 11 15 11 14 14
split_gain=0.198092 0.282186 0.720693 0.28818 0.419325 0.658123 0.557103 0.525662 0.591803 0.422721 0.560911 0.66411 1.02839 0.528319 0.3988 0.383765
threshold=47.500000000000007 1.0000000180025095e-35 138.00000000000003 67.350000000000009 76.800000000000026 25.500000000000004 1.0000000180025095e-35 80.950000000000017 96.250000000000014 14.410000000000002 262.50000000000006 138.00000000000003 89.850000000000009 339.00000000000006 138.00000000000003 84.500000000000014
decision_type=2 2 2 2 2 2 2 2 2 2 2 2 2 2 2 2
left_child=-1 3 -3 -2 6 -6 -5 -7 9 -9 11 12 -11 -12 15 -13
right_child=1 2 -4 4 5 7 -8 8 -10 10 13 14 -14 -15 -16 -17
leaf_value=0.02177279271432743 0.037493999394570009 -0.086442935862038772 0.0089911632445021979 -0.071469046274078102 -0.062285246834340384 0.047673522757686944 0.0011640414176320448 0.045204290895067611 0.044172022598494731 0.042380035078827198 0.044371049430363019 -0.063117164311362411 -0.042901976828736137 -0.023881817058688332 -0.084225029762359738 0.012170785959948529
leaf_weight=3.7091282906476399 1.9622461237013364 1.3505328418686979 1.910990106873214 1.8931190241128231 1.4477192759513879 2.8164277183823314 2.3881400674581528 1.4878635467030168 2.779589280486106 2.8150404896587116 2.9094946323893955 1.368706396315247 2.8410165403038263 1.8585701696574686 2.0639046472497284 1.3397667373064903
leaf_count=36 17 24 33 27 14 30 18 15 20 27 29 33 37 26 39 18
internal_value=-0.000146263 -0.00259264 -0.0305262 0.00044711 -0.00214828 0.00304903 -0.0309534 0.00729428 0.00145141 -0.00566578 -0.0106464 -0.0236372 -0.000456804 0.0177664 -0.0511098 -0.0258754
internal_weight=36.9423 33.2331 3.26152 29.9716 28.0094 23.7281 4.28126 22.2804 19.464 16.6844 15.1965 10.4284 5.65606 4.76806 4.77238 2.70847
internal_count=443 407 57 350 333 288 45 274 244 224 209 154 64 55 90 51
is_linear=0
shrinkage=0.1


Tree=83
num_leaves=17
num_cat=0
split_feature=14 11 3 11 11 14 10 10 6 12 13 15 11 14 15 11
split_gain=0.176625 0.725253 0.643377 0.371247 0.351013 0.56463 0.4723 0.640197 0.65005 0.543665 1.38964 0.702644 0.524007 0.505966 0.475434 0.104938
threshold=30.360000000000003 114.50000000000001 1.0000000180025095e-35 368.00000000000006 303.50000000000006 251.00000000000003 35.500000000000007 47.500000000000007 1.0000000180025095e-35 19.500000000000004 29.500000000000004 92.850000000000009 121.50000000000001 78.90000000000002 89.40000000000002 97.000000000000014
decision_type=2 2 2 2 2 2 2 2 2 2 2 2 2 2 2 2
left_child=1 -1 -3 4 5 6 -2 -8 9 14 15 12 -12 -14 -9 -11
right_child=3 2 -4 -5 -6 -7 7 8 -10 10 11 -13 13 -15 -16 -17
leaf_value=0.032675285592874109 -0.051079772542956925 -0.08042063793514953 -0.0040661595852852445 -0.03999241201827855 0.036535252165864791 -0.047701546081087391 0.064811469301470997 0.0087202460247142646 -0.053571046574051151 0.082151652070432499 -0.085299335102185112 0.034349709577701455 -0.073591550830549399 0.01776534078515898 -0.049381179694614058 0.051972263063843963
leaf_weight=2.1601506285369387 1.3388221468776595 1.9810541049810124 2.4914369385223836 1.8708214345388103 3.3218539752997449 2.098899249918758 1.9467629957944179 3.5487451106309953 1.7447594043333072 2.0169082302600128 1.2495560261886565 2.7004487575031817 0.8464411576278511 2.1362215185072273 2.3350819870829582 2.68724958691746
leaf_count=21 12 39 27 27 29 29 18 31 31 15 24 33 25 34 23 25
internal_value=-0.000145231 -0.0149058 -0.0378868 0.00313537 0.00601986 0.00190756 0.00652485 0.0101606 0.00463816 0.0104348 0.0229605 -0.00550537 -0.0309357 -0.00816057 -0.0143381 0.0649117
internal_weight=36.4752 6.63264 4.47249 29.8426 27.9718 24.6499 22.551 21.2122 19.2654 17.5207 11.6368 6.93267 4.23222 2.98266 5.88383 4.70416
internal_count=443 87 66 356 329 300 271 259 241 210 156 116 83 59 54 40
is_linear=0
shrinkage=0.1


Tree=84
num_leaves=18
num_cat=0
split_feature=12 11 11 9 13 15 15 15 13 10 15 12 14 12 12 14 9
split_gain=0.179678 0.672031 0.680197 0.237648 0.620897 0.490113 0.618169 0.552095 0.61758 0.595671 0.40191 0.597025 0.859025 1.20209 0.480491 0.232639 0.0202956
threshold=157.50000000000003 37.500000000000007 47.500000000000007 2.5000000000000004 27.500000000000004 71.450000000000017 81.050000000000011 86.500000000000014 35.500000000000007 65.500000000000014 70.800000000000026 30.250000000000004 179.00000000000003 65.500000000000014 15.500000000000002 82.500000000000014 3.5000000000000004
decision_type=2 2 2 2 2 2 2 2 2 2 2 2 2 2 2 2 2
left_child=1 -1 -3 4 -4 -6 -7 -8 9 -9 -5 14 13 16 -12 -16 -13
right_child=-2 2 3 10 5 6 7 8 -10 -11 11 12 -14 -15 15 -17 -18
leaf_value=-0.070427359509405194 0.026752671304718298 0.063871421452377883 -0.058020397882449129 0.047874955002685633 -0.054399879916450559 0.049022421705808387 -0.054706661233978132 -0.056650230833636121 0.036779968398296031 0.017536975137297333 -0.019682527620631149 -0.10066047520892724 0.039898608465849417 0.016696328357793555 0.011873445485566732 0.052632000154415472 -0.12209139530388161
leaf_weight=1.3761455845087756 2.3251544572412959 1.630151443183421 2.3723065853118959 2.0520330592989913 1.613665660843252 2.4599478798918417 1.9472786241676638 2.2010358145926148 3.3985003198031336 2.1293594953604043 2.59885366540402 0.83915496943518453 1.2331400141119955 1.2307363774161784 2.7884264285676181 2.8131806515157223 0.93344199890270829
leaf_count=19 22 12 29 16 16 32 36 38 33 32 24 19 20 14 30 28 23
internal_value=-0.000131628 -0.00199109 0.000929964 -0.0024219 -0.0107748 -0.00262329 0.00426113 -0.00711842 0.00487134 -0.0201706 0.00687246 0.000107255 -0.0303756 -0.0592296 0.0158552 0.0323428 -0.111946
internal_weight=35.9425 33.6174 32.2412 30.6111 16.1221 13.7498 12.1361 9.67617 7.7289 4.3304 14.489 12.4369 4.23647 3.00333 8.20046 5.60161 1.7726
internal_count=443 421 402 390 216 187 171 139 103 70 174 158 76 56 82 58 42
is_linear=0
shrinkage=0.1


Tree=85
num_leaves=19
num_cat=0
split_feature=10 15 11 11 4 15 15 0 14 14 15 14 9 12 11 14 12 10
split_gain=0.175334 0.292903 0.325506 0.372667 0.417475 0.553161 0.588248 0.535564 0.352645 1.29375 0.523829 0.579941 0.826409 0.645435 0.536131 0.297426 0.600895 0.64978
threshold=91.500000000000014 67.350000000000009 146.50000000000003 133.50000000000003 1.0000000180025095e-35 92.65000000000002 91.15000000000002 1.0000000180025095e-35 36.150000000000006 17.120000000000001 71.450000000000017 133.49500000000003 1.5000000000000002 22.100000000000005 198.50000000000003 95.280000000000015 18.500000000000004 71.500000000000014
decision_type=2 2 2 2 2 2 2 2 2 2 2 2 2 2 2 2 2 2
left_child=1 -1 3 4 5 6 7 -3 9 -4 -10 14 -13 -14 -12 16 -16 -18
right_child=-2 2 8 -5 -6 -7 -8 -9 10 -11 11 12 13 -15 15 -17 17 -19
leaf_value=0.042724689557011808 -0.032972116192698166 0.032583943332566076 0.017325036529349729 0.049572213159571762 -0.037145896762217863 -0.023333107993691364 0.071940374246935654 -0.031247179669629671 -0.060447180953110247 -0.11874772517886574 0.064075375191571124 0.02311877801427319 -0.10439043654467109 -0.011783770895253391 0.068863695040529679 -0.031601054460413162 -0.070270115411897649 0.034977698763005369
leaf_weight=1.6303553888574231 1.5547477714717377 3.6332365581765753 1.5929857632145314 2.0540144639089695 2.095578985172323 3.2101211780682206 2.0520372949540615 2.0595916025340557 1.4632414765655983 1.244673916022293 2.0522771270479989 2.245701871579513 1.4715870884247126 1.5404108925722537 1.4985307250171902 1.6330616506747899 1.0598058144096287 1.3137550007086245
leaf_count=16 12 38 23 21 36 37 15 25 14 31 30 24 20 30 13 16 22 20
internal_value=-0.000135976 0.00137216 -0.000720267 0.00997915 0.00374764 0.0115702 0.026037 0.00949067 -0.0101623 -0.0423601 -0.00376336 0.00270884 -0.0227958 -0.0570291 0.0204524 0.00419014 0.0192851 -0.0120159
internal_weight=35.4057 33.851 32.2206 15.1046 13.0506 10.955 7.74487 5.69283 17.116 2.83766 14.2784 12.8151 5.2577 3.012 7.55743 5.50515 3.87209 2.37356
internal_count=443 431 415 172 151 115 78 63 243 54 189 175 74 50 101 71 55 42
is_linear=0
shrinkage=0.1


Tree=86
num_leaves=19
num_cat=0
split_feature=12 11 11 3 12 13 12 14 13 12 15 9 15 10 14 11 14 10
split_gain=0.164722 0.58118 0.585737 0.234379 0.396384 0.595141 0.737035 0.663265 0.511945 0.481598 0.857454 0.324896 0.308683 0.412036 0.840038 0.385 0.164371 0.140835
threshold=157.50000000000003 37.500000000000007 47.500000000000007 1.0000000180025095e-35 32.500000000000007 30.500000000000004 55.500000000000007 40.180000000000007 31.500000000000004 21.500000000000004 87.850000000000009 2.5000000000000004 80.950000000000017 72.500000000000014 153.50000000000003 234.50000000000003 57.400000000000013 54.500000000000007
decision_type=2 2 2 2 2 2 2 2 2 2 2 2 2 2 2 2 2 2
left_child=1 -1 -3 4 8 -6 7 -7 11 10 -10 -4 16 14 -14 -15 -5 -11
right_child=-2 2 3 12 5 6 -8 -9 9 17 -12 -13 13 15 -16 -17 -18 -19
leaf_value=-0.066995540105433501 0.025826735018896471 0.060195874830084761 0.0015049748121443878 0.010644062905808977 -0.08507818148435338 0.01786615543866164 0.034572133958031687 -0.11160387526319444 -0.04540683539598591 -0.028810596179541095 0.034289516499996224 0.054217255496837473 -0.06228522006806228 -0.01070464930131354 0.029323503394796665 0.054738902157612818 0.047784026519795735 -0.081813745329615731
leaf_weight=1.318257032195105 2.2839361270889631 1.5759877339005495 2.5645919218659419 2.5511301998049039 1.5544797349721182 0.66942296503111742 1.7589187837438656 0.96763601782731712 2.4274766850285232 0.90602685988415066 3.0414530849084258 2.1491687372326851 2.504945881664753 1.8862231897655877 1.6671930402517317 1.7174146454781292 2.2361325565725565 1.122275077505037
leaf_count=19 22 12 32 22 29 13 26 32 30 11 28 17 36 26 17 19 18 34
internal_value=-0.000135229 -0.00195306 0.000786278 -0.00236361 -0.00996115 -0.0338301 -0.0103718 -0.0586612 -0.000284424 -0.0165201 -0.00108505 0.0255384 0.00801483 -0.00428448 -0.0256782 0.0204843 0.0279922 -0.0581376
internal_weight=34.9027 32.6187 31.3005 29.7245 17.1614 4.95046 3.39598 1.63706 12.211 7.49723 5.46893 4.71376 12.563 7.77578 4.17214 3.60364 4.78726 2.0283
internal_count=443 421 402 390 252 100 71 45 152 103 58 49 138 98 53 45 40 45
is_linear=0
shrinkage=0.1


Tree=87
num_leaves=18
num_cat=0
split_feature=10 2 14 0 13 14 15 13 11 10 11 13 15 15 10 14 9
split_gain=0.163485 0.246369 0.791252 0.901747 0.658095 0.806662 0.626866 0.56307 0.716166 0.818339 0.621685 0.462197 0.325852 0.394958 0.308108 0.256673 0.146067
threshold=91.500000000000014 1.0000000180025095e-35 70.000000000000014 1.0000000180025095e-35 35.500000000000007 95.280000000000015 92.65000000000002 31.500000000000004 117.50000000000001 70.500000000000014 234.50000000000003 32.500000000000007 80.550000000000011 89.40000000000002 64.500000000000014 71.65000000000002 2.5000000000000004
decision_type=2 2 2 2 2 2 2 2 2 2 2 2 2 2 2 2 2
left_child=1 2 3 11 5 -4 12 15 -9 14 -11 -1 -7 -14 -10 -3 -17
right_child=-2 7 4 -5 -6 6 -8 8 9 10 -12 -13 13 -15 -16 16 -18
leaf_value=0.014457535519884018 -0.032040141041704585 0.055644633337654507 0.0434234708403664 -0.12068564452817768 0.040302581202975224 0.032617364185986389 -0.085167348610620655 0.027806894507792175 -0.02020800288481053 -0.11708222132720242 -0.014636277527546286 -0.058000558568996712 -0.057343154253796574 0.013769791658390033 0.045012172725818041 0.035314305530575955 -0.0013993016064256705
leaf_weight=1.9928270578384428 1.5349817164242257 2.6948010809719589 2.1017429954372329 1.1118065391201524 3.8793010336812577 1.2803962584584949 1.4755385490134356 3.6890280845109356 1.8562171218218284 1.3682759587536568 1.0445658494718371 1.5769962070044128 1.8357384307309987 1.3593186279758809 1.1878655137261374 2.098047437146306 2.2413601456210017
leaf_count=27 12 23 20 22 38 12 24 38 29 38 15 34 27 19 21 19 25
internal_value=-0.000142843 0.00135017 -0.00720356 -0.042044 0.00646635 -0.00983381 -0.028643 0.0101331 -0.0062269 -0.0292347 -0.0727314 -0.0175514 -0.0100071 -0.0270886 0.00524229 0.0314045 0.0163513
internal_weight=34.3288 32.7938 16.6137 4.68163 11.932 8.05273 5.95099 16.1802 9.14595 5.45692 2.41284 3.56982 4.47545 3.19506 3.04408 7.03421 4.33941
internal_count=443 431 223 83 140 102 82 208 141 103 53 61 58 46 50 67 44
is_linear=0
shrinkage=0.1


Tree=88
num_leaves=19
num_cat=0
split_feature=12 11 11 3 12 12 11 13 10 11 12 13 1 15 11 9 10 11
split_gain=0.161002 0.513034 0.50825 0.192167 0.323642 0.53231 0.387347 0.383632 0.434756 0.421745 0.685333 0.285727 0.392078 0.512811 0.697264 0.277741 0.132647 0.113803
threshold=157.50000000000003 37.500000000000007 47.500000000000007 1.0000000180025095e-35 32.500000000000007 39.500000000000007 198.50000000000003 31.500000000000004 53.500000000000007 216.50000000000003 16.250000000000004 30.500000000000004 1.0000000180025095e-35 92.65000000000002 187.50000000000003 2.5000000000000004 57.500000000000007 103.50000000000001
decision_type=2 2 2 2 2 2 2 2 2 2 2 2 2 2 2 2 2 2
left_child=1 -1 -3 4 7 -6 16 15 -9 10 -10 -5 -13 14 -14 -4 -7 -12
right_child=-2 2 3 11 5 6 -8 8 9 -11 17 12 13 -15 -16 -17 -18 -19
leaf_value=-0.063875760785613675 0.026003782262016103 0.056879869354881984 -0.00018402628283865449 -0.019003044924002246 -0.092906855617860634 0.035641973314210845 -0.055619444851949654 0.020088748116417025 0.037241456981402216 -0.076373356076220006 -0.025199571789027098 0.04252367055781385 0.016137200366779951 0.039390371527681038 -0.073136806112247738 0.049125322972662158 -0.012495074524730539 -0.075129880071292121
leaf_weight=1.2848485822323734 2.1983964201062909 1.525972425937655 2.538387826643886 3.104917939752343 1.0863076010718931 1.1608634670265026 1.3505019275471566 2.3861646124860272 1.5225581079721453 1.4882474830374119 0.81142303580418218 3.476667605340479 1.9818258576560768 2.0666258139535785 1.5663375104777513 2.0769645795226097 1.1293790580239145 1.043557916767895
leaf_count=19 22 12 32 33 34 14 26 23 13 26 11 37 21 20 27 17 26 30
internal_value=-0.000163497 -0.00198385 0.000639181 -0.0023417 -0.00934573 -0.0314733 -0.013143 -0.000531762 -0.0148753 -0.0320216 -0.0124788 0.00718797 0.0161327 -0.000208493 -0.0232728 0.0220058 0.0119043 -0.0532889
internal_weight=33.7999 31.6016 30.3167 28.7907 16.5944 4.72705 3.64074 11.8673 7.25195 4.86579 3.37754 12.1964 9.09146 5.61479 3.54816 4.61535 2.29024 1.85498
internal_count=443 421 402 390 252 100 66 152 103 80 54 138 105 68 48 49 40 41
is_linear=0
shrinkage=0.1


Tree=89
num_leaves=18
num_cat=0
split_feature=4 15 11 13 11 14 11 11 15 15 1 14 3 12 10 2 13
split_gain=0.179731 0.341011 0.594296 0.234773 0.237918 0.552995 0.402909 0.770977 0.445039 0.346051 0.463371 0.892986 0.760513 0.365869 0.192801 0.108245 0.0736118
threshold=1.0000000180025095e-35 92.450000000000017 153.50000000000003 26.500000000000004 92.500000000000014 138.00000000000003 175.50000000000003 146.50000000000003 88.40000000000002 67.350000000000009 1.0000000180025095e-35 103.50000000000001 1.0000000180025095e-35 46.150000000000006 64.500000000000014 1.0000000180025095e-35 33.500000000000007
decision_type=2 2 2 2 2 2 2 2 2 2 2 2 2 2 2 2 2
left_child=3 2 -2 -1 5 -5 7 8 -6 -8 11 13 14 -11 -12 -9 -14
right_child=1 -3 -4 4 6 -7 9 15 -10 10 12 -13 16 -15 -16 -17 -18
leaf_value=-0.024438370612470197 -0.092723979447438931 0.019635449005912263 0.0057580893379183401 0.0010858246806662139 0.025456743437517027 0.067907112830614721 0.061753156080828632 -0.094998818752441427 -0.032305892279546285 -0.051378652386011636 -0.026130971302965059 0.058211568605881531 0.02983960273171949 0.022353415710862214 -0.082388766619748227 -0.047871354441993474 0.001798711716174999
leaf_weight=2.9208716731518534 1.2104049209738148 1.3555666353786362 1.2410050324397159 3.6199100255034891 3.1618588585406568 1.8825786989182232 1.2134580388665188 1.0043600508943198 2.3071022746153176 1.4887533459113895 1.1178865749388935 3.5312810158357024 1.7370828064158561 1.2282176772132514 1.3386664895806459 0.94682567450217892 2.0305286152288318
leaf_count=32 28 17 25 38 39 16 8 19 30 35 16 32 19 16 25 23 25
internal_value=-0.000162508 -0.0206123 -0.0428683 0.00247391 0.00542813 0.0239475 0.000599991 -0.0181642 0.00108935 0.0107735 0.00581361 0.0250512 -0.0134984 -0.0180478 -0.0567879 -0.0721299 0.0147272
internal_weight=33.3364 3.80698 2.45141 29.5294 26.6085 5.50249 21.106 7.42015 5.46896 13.6859 12.4724 6.24825 6.22416 2.71697 2.45655 1.95119 3.76761
internal_count=443 70 53 373 341 54 287 111 69 176 168 83 85 51 41 42 44
is_linear=0
shrinkage=0.1


Tree=90
num_leaves=17
num_cat=0
split_feature=14 11 11 14 12 1 14 1 5 10 10 15 13 2 11 14
split_gain=0.151378 0.676472 1.16371 0.401517 1.06006 0.296521 0.282221 1.17717 0.492192 0.666687 0.473945 0.569502 0.822829 0.392408 0.359115 0.216918
threshold=186.00000000000003 260.50000000000006 151.50000000000003 118.50000000000001 19.500000000000004 1.0000000180025095e-35 95.280000000000015 1.0000000180025095e-35 1.0000000180025095e-35 75.500000000000014 84.500000000000014 91.950000000000017 35.500000000000007 1.0000000180025095e-35 303.50000000000006 55.500000000000007
decision_type=2 2 2 2 2 2 2 2 2 2 2 2 2 2 2 2
left_child=3 2 -2 6 -5 -6 8 -8 10 -10 11 12 13 14 -1 -14
right_child=1 -3 -4 4 5 -7 7 -9 9 -11 -12 -13 15 -15 -16 -17
leaf_value=-0.028684597317880464 0.003729283415022724 0.039976972318527718 -0.10815860223630969 -0.030900583022888031 0.024422136270511617 0.072454228188262956 0.022328254433420139 -0.099841386731736925 -0.010882034327923213 0.067158343119889205 -0.053936121981273732 -0.051362161894431949 -0.080466632836637908 0.050465952405586795 0.040007492566355829 -0.0092550394015919
leaf_weight=1.7527604559436532 2.5534948178101322 1.5950862821191547 1.4616665443172676 2.5113365333527318 2.5783758968464099 2.562725619180128 1.7787483986467114 1.4170038467273116 2.1241359682753673 2.258677096106112 2.024019483011215 1.8288994687609363 1.013524077250622 3.3649763618595898 1.345127393491566 0.74011876829899836
leaf_count=31 32 15 34 26 29 24 19 27 38 18 23 28 29 36 16 18
internal_value=-0.00015477 -0.0151156 -0.037002 0.00291969 0.0223521 0.0483651 -0.00464878 -0.031842 0.000633354 0.029336 -0.00978953 -0.000894563 0.0103389 0.0268232 0.00114205 -0.050412
internal_weight=32.9107 5.61025 4.01516 27.3004 7.65244 5.1411 19.648 3.19575 16.4522 4.38281 12.0694 10.0454 8.21651 6.46286 3.09789 1.75364
internal_count=443 81 66 362 79 53 283 46 237 56 181 158 130 83 47 47
is_linear=0
shrinkage=0.1


Tree=91
num_leaves=21
num_cat=0
split_feature=4 15 11 10 9 10 11 11 12 15 15 10 14 13 12 12 11 15 13 13
split_gain=0.148702 0.280978 0.491394 0.211213 0.241471 0.385485 0.538408 0.779008 0.369464 0.367874 0.567596 0.534039 0.358371 0.521914 0.314728 0.535369 0.34738 0.270221 0.150065 0.00250533
threshold=1.0000000180025095e-35 92.450000000000017 153.50000000000003 88.500000000000014 2.5000000000000004 69.500000000000014 87.500000000000014 175.50000000000003 22.100000000000005 70.800000000000026 85.350000000000009 79.500000000000014 40.180000000000007 30.500000000000004 20.500000000000004 84.500000000000014 145.00000000000003 78.450000000000003 31.500000000000004 35.500000000000007
decision_type=2 2 2 2 2 2 2 2 2 2 2 2 2 2 2 2 2 2 2 2
left_child=3 2 -2 4 5 6 -1 -8 -9 -6 18 14 -7 -14 -12 16 -16 -10 -11 -15
right_child=1 -3 -4 -5 9 12 7 8 17 10 11 -13 13 19 15 -17 -18 -19 -20 -21
leaf_value=0.05870756878082848 -0.086758064331817125 0.017959561306882355 0.0043824439672420544 -0.029554298433745615 0.060183857404992561 0.015460474901413546 -0.052896477227150199 0.050283408969890676 0.024277059242436026 -0.0031058503199010426 0.041796932909191023 0.069506255166927738 -0.0053371297723371174 -0.076316730001380187 -0.085538292759632206 0.038639361852538467 -0.0041514395514318436 -0.032140112272674319 -0.046010348327406116 -0.083668130864270898
leaf_weight=1.7179849632084421 1.144391151203308 1.3177916125860063 1.2246090596308929 1.9428464882075775 1.5730490274727333 1.5070770401507605 2.2386425444856286 2.0821235924959183 1.7424282636493447 1.5172945037484153 1.7899972712621091 1.9008598672226069 1.8922852231189611 0.92838509660214164 0.967460937798024 1.3814168088138101 1.1452649375423787 1.6557030506664885 1.7618212574161587 0.92594024538993835
leaf_count=13 28 17 25 18 13 19 38 21 14 14 19 19 24 25 15 13 26 35 31 16
internal_value=-0.000150339 -0.0190549 -0.0396447 0.00228062 0.00459471 -0.00400917 0.00807738 -0.00319132 0.0171129 0.0150952 0.00831711 0.0240509 -0.0257195 -0.0422842 0.00769927 -0.00976846 -0.0414202 -0.0032116 -0.0261578 -0.0799876
internal_weight=32.3574 3.68679 2.369 28.6706 26.7277 14.6906 9.43688 7.7189 5.48025 12.0372 10.4641 7.185 5.25369 3.74661 5.28414 3.49414 2.11273 3.39813 3.27912 1.85433
internal_count=443 70 53 373 355 205 121 108 70 150 137 92 84 65 73 54 41 49 45 41
is_linear=0
shrinkage=0.1


Tree=92
num_leaves=20
num_cat=0
split_feature=13 12 11 11 4 12 14 14 11 15 1 11 15 13 14 9 11 12 10
split_gain=0.175108 0.182778 0.168327 0.293533 0.227012 0.570611 0.432256 0.257776 0.290509 0.421834 0.501253 0.9535 0.368987 0.359181 0.610025 0.9213 0.502542 0.219647 0.106608
threshold=24.500000000000004 185.00000000000003 40.500000000000007 54.000000000000007 1.0000000180025095e-35 18.500000000000004 153.50000000000003 209.50000000000003 76.000000000000014 88.750000000000014 1.0000000180025095e-35 175.50000000000003 92.65000000000002 32.500000000000007 62.500000000000007 2.5000000000000004 213.50000000000003 23.500000000000004 62.500000000000007
decision_type=2 2 2 2 2 2 2 2 2 2 2 2 2 2 2 2 2 2 2
left_child=-1 2 -2 -4 7 -6 -7 8 -5 13 11 -11 -12 16 15 -15 -10 -16 -9
right_child=1 -3 3 4 5 6 -8 18 9 10 12 -13 -14 14 17 -17 -18 -19 -20
leaf_value=-0.035917002314989635 -0.033765841823841729 0.03386320841636211 0.045596475079641041 0.049015011315554385 0.033426861925706201 -0.11498414637959642 -0.0095828306082894957 0.047147488215854377 0.049671001981052405 -0.12281610240987891 -0.032558277191233075 -0.009440252701832838 0.027310336459906388 -0.11545171678985366 0.04299238195853413 -7.5011430816696977e-05 -0.010805946531881685 -0.0070153633743830828 0.010577793210154717
leaf_weight=1.3117738682776714 1.4407132586930007 1.6407600753009308 1.4187308177351976 1.0495535992086029 0.90111652947962229 0.84500585502246373 0.72114467993378639 1.5496837534010404 3.3345049200579542 1.2319905704352998 1.972869364544749 1.8642794825136659 2.1528485999442637 1.1050737689947712 1.789027186110616 1.8519376688636837 2.3370049326913431 1.7253836062736807 1.6416305170860139
leaf_count=13 21 17 13 11 9 32 11 13 32 26 32 27 26 28 16 26 32 30 28
internal_value=-0.000140275 0.00139476 -0.000446525 0.00129958 -0.00111078 -0.029973 -0.0664514 0.00190589 -0.0022258 -0.00500298 -0.024141 -0.0545519 -0.00131812 0.0063793 -0.00972139 -0.0431928 0.0247508 0.0184413 0.0283358
internal_weight=31.885 30.5733 28.9325 27.4918 26.0731 2.46727 1.56615 23.6058 20.4145 19.3649 7.22199 3.09627 4.12572 12.1429 6.47142 2.95701 5.67151 3.51441 3.19131
internal_count=443 430 413 392 379 52 43 327 286 275 111 53 58 164 100 54 64 46 41
is_linear=0
shrinkage=0.1


Tree=93
num_leaves=17
num_cat=0
split_feature=14 11 11 14 12 14 1 5 15 10 15 13 2 11 1 13
split_gain=0.155057 0.531946 1.00822 0.32091 0.912625 0.228583 1.04849 0.357317 0.573279 0.390699 0.499151 0.63377 0.326672 0.289241 0.221143 0.204324
threshold=186.00000000000003 260.50000000000006 151.50000000000003 118.50000000000001 19.500000000000004 95.280000000000015 1.0000000180025095e-35 1.0000000180025095e-35 85.65000000000002 84.500000000000014 91.950000000000017 35.500000000000007 1.0000000180025095e-35 303.50000000000006 1.0000000180025095e-35 39.500000000000007
decision_type=2 2 2 2 2 2 2 2 2 2 2 2 2 2 2 2
left_child=3 2 -2 5 -5 7 -7 9 -9 10 11 12 13 -1 -6 -13
right_child=1 -3 -4 4 14 6 -8 8 -10 -11 -12 15 -14 -15 -16 -17
leaf_value=-0.025385442008955816 0.0026677044917902339 0.034145817021209772 -0.10431994259660189 -0.029237554342617746 0.024983575799230894 0.023011643516046801 -0.095447167990557302 -0.013592849800000291 0.061284695205248312 -0.048671320707631367 -0.047973832423394154 -0.076379340954300018 0.04771122993552826 0.037243047182664482 0.06751280357355248 -0.0048122350348394367
leaf_weight=1.6965871668653654 2.4670195805374528 1.5336453476920722 1.3699511950835583 2.4372110981494179 2.5151962997042574 1.7000483702868214 1.3330967517104 1.920423462986945 2.1868522431468591 1.9662794019095589 1.7529663961613549 0.90153757727239259 3.2153572230599821 1.3043638560920952 2.3791358777089044 0.71555720356991515
leaf_count=31 32 15 34 26 29 19 27 28 28 23 28 26 36 16 24 21
internal_value=-0.000163919 -0.015634 -0.0355311 0.0030286 0.02076 -0.00392576 -0.0290522 0.000940928 0.0262745 -0.00806583 0.000262845 0.0110573 0.0255648 0.00183604 0.045657 -0.0447112
internal_weight=31.3952 5.37062 3.83697 26.0246 7.33154 18.6931 3.03315 15.6599 4.10728 11.5526 9.58637 7.8334 6.21631 3.00095 4.89433 1.61709
internal_count=443 81 66 362 79 283 46 237 56 181 158 130 83 47 53 47
is_linear=0
shrinkage=0.1


Tree=94
num_leaves=17
num_cat=0
split_feature=14 11 11 14 12 1 14 1 5 10 11 10 3 12 14 12
split_gain=0.129104 0.440944 0.89128 0.264485 0.753399 0.195299 0.191884 0.901568 0.294919 0.578928 0.326032 0.898466 0.480255 0.794524 0.385362 0.260259
threshold=186.00000000000003 260.50000000000006 151.50000000000003 118.50000000000001 19.500000000000004 1.0000000180025095e-35 95.280000000000015 1.0000000180025095e-35 1.0000000180025095e-35 75.500000000000014 206.50000000000003 76.500000000000014 1.0000000180025095e-35 18.500000000000004 29.250000000000004 29.500000000000004
decision_type=2 2 2 2 2 2 2 2 2 2 2 2 2 2 2 2
left_child=3 2 -2 6 -5 -6 8 -8 10 -10 11 14 13 -12 -1 -16
right_child=1 -3 -4 4 5 -7 7 -9 9 -11 12 -13 -14 -15 15 -17
leaf_value=0.027672273935104977 0.0024008821389622076 0.031088133547402204 -0.10024183665184012 -0.026310597641665979 0.022617709324389095 0.062994072174026805 0.020836475250702004 -0.090793878253951868 -0.014230203181863847 0.061471187873528559 0.043672262060186727 -0.090040690067552429 0.03754314749188116 -0.089211879792346918 -0.059357377495602076 0.0018552880884085484
leaf_weight=2.3771899439743809 2.467070004669949 1.5169622497633097 1.2874523843638597 2.4374971669167271 2.5012390045449138 2.2991495230235159 1.6903094612061969 1.2648997621145099 1.9961469841655333 2.045340184122324 0.8354272269643841 1.4904745639069004 2.946563544915989 0.9751397866057232 1.3196511992719027 1.4664093493483958
leaf_count=29 32 15 34 26 29 24 19 27 38 18 11 26 38 35 21 21
internal_value=-0.000159114 -0.0144122 -0.032796 0.00277065 0.0189659 0.041956 -0.00359735 -0.026944 0.000867609 0.0240812 -0.00735417 -0.0216468 0.0126367 -0.0278968 -0.00190349 -0.0271388
internal_weight=30.9169 5.27148 3.75452 25.6454 7.23789 4.80039 18.4076 2.95521 15.4523 4.04149 11.4109 6.65373 4.75713 1.81057 5.16325 2.78606
internal_count=443 81 66 362 79 53 283 46 237 56 181 97 84 46 71 42
is_linear=0
shrinkage=0.1


Tree=95
num_leaves=17
num_cat=0
split_feature=10 10 10 11 11 10 13 7 14 15 10 15 14 12 14 11
split_gain=0.126612 0.437688 0.569597 0.573915 0.45248 0.378951 0.342833 0.458426 0.498864 0.925338 0.872063 1.04919 0.404305 0.534651 0.316203 0.184384
threshold=47.500000000000007 56.500000000000007 62.500000000000007 37.500000000000007 63.500000000000007 35.500000000000007 27.500000000000004 1.0000000180025095e-35 27.635000000000002 96.050000000000011 87.500000000000014 91.15000000000002 74.500000000000014 19.500000000000004 150.50000000000003 135.50000000000003
decision_type=2 2 2 2 2 2 2 2 2 2 2 2 2 2 2 2
left_child=5 -2 15 -4 -5 -1 -6 8 -8 10 11 12 13 -10 -14 -3
right_child=1 2 3 4 6 -7 7 -9 9 -11 -12 -13 14 -15 -16 -17
leaf_value=-0.021086702183097786 -0.038984519017772605 0.067232814603325614 -0.077022841627577193 0.048287281038643798 -0.034639312671730531 0.038151292844618316 0.043862024876802928 -0.057045720746565609 0.014067393950055818 0.073187341552662918 0.04626938130834525 -0.11460895960702178 0.033926576819531165 -0.093278897474222841 -0.028369210346053594 0.018800830015203534
leaf_weight=1.7622341042151699 2.9708881292608593 1.4634354379959433 1.0340117792366097 1.7262447848916078 3.2528534363955286 2.788985338062048 2.8591688716551262 1.2199175138957805 0.77944469079375078 1.3468050062656391 1.7617405802011488 1.2695049581816418 1.9347914590034636 1.1463721886975689 1.4075566729879936 1.6982625366654245
leaf_count=26 38 15 18 17 38 32 35 26 10 12 15 35 30 36 33 27
internal_value=-0.000166715 -0.00287254 0.00181235 -0.00449968 -0.000490473 0.0152143 -0.00544992 0.00146787 0.00717595 -0.00369792 -0.0161746 -0.0330018 -0.0133363 -0.0498321 0.00769207 0.0412182
internal_weight=30.4222 25.871 22.9001 19.7384 18.7044 4.55122 16.9782 13.7253 12.5054 9.64622 8.29941 6.53767 5.26817 1.92582 3.34235 3.1617
internal_count=443 385 347 305 287 58 270 232 206 171 159 144 109 46 63 42
is_linear=0
shrinkage=0.1


Tree=96
num_leaves=21
num_cat=0
split_feature=13 12 10 12 10 14 11 15 5 10 10 15 14 10 14 12 0 10 2 15
split_gain=0.125483 0.155823 0.153331 0.519933 0.395193 0.710437 0.520053 0.47836 0.305198 0.425697 0.443577 0.428101 0.471472 0.361797 0.288812 0.370321 0.242139 0.199694 0.0703353 0.000809439
threshold=24.500000000000004 185.00000000000003 80.500000000000014 90.500000000000014 70.500000000000014 95.280000000000015 139.50000000000003 94.750000000000014 1.0000000180025095e-35 55.500000000000007 47.500000000000007 73.500000000000014 82.500000000000014 55.500000000000007 114.50000000000001 22.100000000000005 1.0000000180025095e-35 40.500000000000007 1.0000000180025095e-35 84.450000000000017
decision_type=2 2 2 2 2 2 2 2 2 2 2 2 2 2 2 2 2 2 2 2
left_child=-1 2 3 4 8 6 -6 19 9 10 17 -11 -13 -10 15 -4 -8 -2 -14 -7
right_child=1 -3 14 -5 5 7 16 -9 13 11 -12 12 18 -15 -16 -17 -18 -19 -20 -21
leaf_value=-0.031387611595852814 -0.010605968849329827 0.032231132546800129 -0.04011410796650966 -0.064169976015329616 0.042118057183062628 -0.11459380937800688 -0.070917631980820878 -0.013888840077384787 0.018451561674563684 0.080481884131615292 -0.051098042770805166 -0.024142865629479343 0.052423169891683268 -0.061302036754986501 0.038366215241594719 0.024531152099542278 0.0034970920522805109 0.038237345023514981 0.02457484773733206 -0.10932503757932176
leaf_weight=1.2343309726566101 1.7165804905817039 1.5294990502297867 1.6456824373453849 1.3720908581744868 1.7814730316167691 0.57725351303815864 0.89677360327914335 0.86791388946585346 1.0464004608802491 1.4009815156459806 1.5775978064630178 1.7541833727154879 1.8801222902256995 1.24624123936519 2.6323076472617686 1.9200028993654994 0.85337357886601239 1.6336997691541908 1.7521201292984188 0.58920908253639936
leaf_count=13 24 17 16 25 22 15 24 12 16 13 22 33 23 27 29 29 17 16 25 25
internal_value=-0.000168256 0.00117567 -0.000574232 -0.00466263 -0.000491286 -0.0230327 0.00408296 -0.0701047 0.00846545 0.0149952 -0.00737636 0.0312377 0.0184295 -0.0249011 0.0132424 -0.00530479 -0.0346329 0.0132115 0.0389897 -0.111932
internal_weight=29.9078 28.6735 27.144 20.946 19.5739 5.566 3.53162 2.03438 14.0079 11.7153 4.92788 6.78741 5.38643 2.29264 6.19799 3.56569 1.75015 3.35028 3.63224 1.16646
internal_count=443 430 413 339 314 115 63 52 199 156 62 94 81 43 74 45 41 40 48 40
is_linear=0
shrinkage=0.1


Tree=97
num_leaves=17
num_cat=0
split_feature=10 12 11 14 3 14 14 14 10 12 12 15 10 15 9 13
split_gain=0.131705 0.186153 0.597436 0.564664 0.554304 0.368565 0.423231 0.33381 0.324601 0.429227 0.524161 0.37993 0.274263 0.544078 0.590917 0.148283
threshold=91.500000000000014 15.500000000000002 316.00000000000006 255.00000000000003 1.0000000180025095e-35 118.50000000000001 150.50000000000003 95.280000000000015 80.500000000000014 19.500000000000004 27.500000000000004 82.40000000000002 55.500000000000007 77.450000000000017 2.5000000000000004 32.500000000000007
decision_type=2 2 2 2 2 2 2 2 2 2 2 2 2 2 2 2
left_child=1 7 3 5 -4 8 -7 -1 9 -3 11 -11 -12 -14 -15 -8
right_child=-2 2 4 -5 -6 6 15 -9 -10 10 12 -13 13 14 -16 -17
leaf_value=0.011734196999316791 -0.030313314102226954 0.038051636803609921 -0.089834774560975689 -0.045091599784286562 0.00085024168972949005 0.0639592899028915 0.02838993777503623 -0.045100603778780168 0.036757215696998524 -0.015134941234574505 -0.032931929404290995 -0.11092416438160516 0.067584173255494789 0.040217037210881171 -0.048640605669900479 -0.009253158110096962
leaf_weight=1.9590882966294945 1.3811644166707981 1.9814585465937939 1.2098233506549141 1.6892503991257388 1.5219461349770427 2.7539906930178395 2.747921054251492 2.1870709848590195 2.5117738144472233 0.81186564173549391 1.8455649744719265 0.84506778931245208 1.2880195649340747 1.325643668882549 1.7187338205985723 1.6900494418805463
leaf_count=24 12 22 28 27 19 28 35 27 33 15 30 26 16 30 36 35
internal_value=-0.000165531 0.00131696 0.00470486 0.0103742 -0.0393116 0.0151742 0.0331646 -0.0182458 0.00467893 -0.00352914 -0.014045 -0.0639893 -0.000649902 0.013102 -0.00994844 0.0140549
internal_weight=29.4684 28.0873 23.9411 21.2093 2.73177 19.5201 7.19196 4.14616 12.3281 9.81635 7.8349 1.65693 6.17796 4.3324 3.04438 4.43797
internal_count=443 431 380 333 47 306 98 51 208 175 153 41 112 82 66 70
is_linear=0
shrinkage=0.1


Tree=98
num_leaves=17
num_cat=0
split_feature=10 10 10 10 11 11 11 15 15 11 11 11 10 11 14 11
split_gain=0.121928 0.281647 0.278476 0.448502 0.309766 0.221888 0.303296 0.343103 0.3309 0.467334 0.37848 0.753721 0.598879 0.537604 0.365666 0.267688
threshold=47.500000000000007 35.500000000000007 56.500000000000007 62.500000000000007 151.50000000000003 42.500000000000007 72.000000000000014 73.500000000000014 80.350000000000009 103.50000000000001 168.50000000000003 206.50000000000003 75.500000000000014 133.50000000000003 95.280000000000015 284.50000000000006
decision_type=2 2 2 2 2 2 2 2 2 2 2 2 2 2 2 2
left_child=1 -1 -2 4 -4 -5 -7 -8 -9 -10 13 -12 15 -11 -14 -13
right_child=2 -3 3 5 -6 6 7 8 9 10 11 12 14 -15 -16 -17
leaf_value=-0.016475243376258251 -0.032199170425014155 0.035234605623895333 0.066623238161548637 -0.042177999148998196 0.0022960284929969938 0.035155105385667906 0.029025278162492146 -0.052506582623911426 -0.0618877123186721 -0.0075426758379323307 -0.087332297979331508 -0.0039387419409576616 0.059769466688232388 0.069668274471676159 -0.0074003750824161926 -0.081176214097246471
leaf_weight=1.7243801181903133 2.8677401234162998 2.7066184030845761 1.613791175186637 1.4641844516154403 1.3962839074665678 1.9837189815007175 2.3189588324166825 1.801558672916143 1.3331740053836245 2.0318442765856148 1.1393481026170773 0.87296253361273535 1.7293959902599456 1.6214196532964704 1.5252742241136727 0.92331580072641373
leaf_count=26 38 32 17 23 25 25 30 29 24 34 27 23 22 26 22 20
internal_value=-0.000160008 0.0151111 -0.00290809 0.000953009 0.0367838 -0.00480065 -0.00163374 -0.00640445 -0.012735 -0.00632432 0.00120098 -0.0138627 0.00270995 0.0267257 0.0282909 -0.04364
internal_weight=29.054 4.431 24.623 21.7552 3.01008 18.7452 17.281 15.2973 12.9783 11.1767 9.84356 6.1903 5.05095 3.65326 3.25467 1.79628
internal_count=443 58 385 347 42 305 282 257 227 198 174 114 87 60 44 43
is_linear=0
shrinkage=0.1


Tree=99
num_leaves=18
num_cat=0
split_feature=13 15 11 11 13 14 13 9 10 5 10 10 11 9 9 11 13
split_gain=0.127931 0.17118 0.48112 0.675457 0.452286 0.463404 0.357231 0.835818 0.764675 0.475107 0.861533 0.779792 0.437023 0.685585 0.962261 0.380688 0.270727
threshold=24.500000000000004 92.15000000000002 234.50000000000003 161.00000000000003 33.500000000000007 138.00000000000003 33.500000000000007 3.5000000000000004 64.500000000000014 1.0000000180025095e-35 72.500000000000014 55.500000000000007 123.50000000000001 3.5000000000000004 1.5000000000000002 121.50000000000001 30.500000000000004
decision_type=2 2 2 2 2 2 2 2 2 2 2 2 2 2 2 2 2
left_child=-1 6 3 4 5 -3 8 9 15 10 11 -8 -10 14 -14 -2 -16
right_child=1 2 -4 -5 -6 -7 7 -9 12 -11 -12 -13 13 -15 16 -17 -18
leaf_value=-0.03241407690536361 0.081490986689723627 -0.049238984163235605 0.049532259133845208 -0.065637795169170274 0.052826921778820417 0.029911543468621606 -0.035248508968474021 -0.10028538025736466 -0.05575301066125548 0.050023092191113561 -0.088653208942339509 0.046316767761128086 0.045746519318989612 0.063375692009853546 -0.094015263197263332 0.016930328051649065 -0.023551018360944392
leaf_weight=1.1781238187104488 1.593366257846361 1.47443066514097 2.5323102031834424 1.3207329305587334 1.9165790409315375 1.4843793516047297 2.5922370903426764 1.1102637489093465 1.7040217667818067 1.2119061383418737 1.3608815132174639 2.1395174473291263 1.3674349429784345 1.3608982767909763 1.1693746969103815 2.1400487143546343 1.021582832210697
leaf_count=13 14 22 27 28 23 19 33 35 33 17 39 34 17 14 20 33 22
internal_value=-0.000145244 0.00123718 0.0128074 -0.00220177 0.0149829 -0.00953065 -0.00414277 -0.0194471 0.00829193 -0.00715995 -0.0185344 0.00163217 -0.0121087 0.00300955 -0.0200773 0.0444839 -0.0611597
internal_weight=28.6781 27.5 8.72843 6.19612 4.87539 2.95881 18.7715 8.41481 10.3567 7.30454 6.09264 4.73175 6.62331 4.91929 3.55839 3.73341 2.19096
internal_count=443 430 119 92 64 41 311 158 153 123 106 67 106 73 59 47 42
is_linear=0
shrinkage=0.1


end of trees

feature_importances:
Column_11=327
Column_15=254
Column_12=244
Column_14=237
Column_10=228
Column_13=157
Column_9=64
Column_3=37
Column_1=35
Column_2=33
Column_4=26
Column_5=22
Column_0=15
Column_6=9
Column_7=2

parameters:
[boosting: gbdt]
[objective: binary]
[metric: binary_logloss]
[tree_learner: serial]
[device_type: cpu]
[data_sample_strategy: bagging]
[data: ]
[valid: ]
[num_iterations: 100]
[learning_rate: 0.1]
[num_leaves: 31]
[num_threads: 1]
[seed: 42]
[deterministic: 0]
[force_col_wise: 0]
[force_row_wise: 0]
[histogram_pool_size: -1]
[max_depth: -1]
[min_data_in_leaf: 20]
[min_sum_hessian_in_leaf: 0.001]
[bagging_fraction: 1]
[pos_bagging_fraction: 1]
[neg_bagging_fraction: 1]
[bagging_freq: 0]
[bagging_seed: 400]
[bagging_by_query: 0]
[feature_fraction: 1]
[feature_fraction_bynode: 1]
[feature_fraction_seed: 30056]
[extra_trees: 0]
[extra_seed: 12879]
[early_stopping_round: 0]
[early_stopping_min_delta: 0]
[first_metric_only: 0]
[max_delta_step: 0]
[lambda_l1: 0]
[lambda_l2: 0]
[linear_lambda: 0]
[min_gain_to_split: 0]
[drop_rate: 0.1]
[max_drop: 50]
[skip_drop: 0.5]
[xgboost_dart_mode: 0]
[uniform_drop: 0]
[drop_seed: 17869]
[top_rate: 0.2]
[other_rate: 0.1]
[min_data_per_group: 100]
[max_cat_threshold: 32]
[cat_l2: 10]
[cat_smooth: 10]
[max_cat_to_onehot: 4]
[top_k: 20]
[monotone_constraints: ]
[monotone_constraints_method: basic]
[monotone_penalty: 0]
[feature_contri: ]
[forcedsplits_filename: ]
[refit_decay_rate: 0.9]
[cegb_tradeoff: 1]
[cegb_penalty_split: 0]
[cegb_penalty_feature_lazy: ]
[cegb_penalty_feature_coupled: ]
[path_smooth: 0]
[interaction_constraints: ]
[verbosity: -1]
[saved_feature_importance_type: 0]
[use_quantized_grad: 0]
[num_grad_quant_bins: 4]
[quant_train_renew_leaf: 0]
[stochastic_rounding: 1]
[linear_tree: 0]
[max_bin: 255]
[max_bin_by_feature: ]
[min_data_in_bin: 3]
[bin_construct_sample_cnt: 200000]
[data_random_seed: 175]
[is_enable_sparse: 1]
[enable_bundle: 1]
[use_missing: 1]
[zero_as_missing: 0]
[feature_pre_filter: 1]
[pre_partition: 0]
[two_round: 0]
[header: 0]
[label_column: ]
[weight_column: ]
[group_column: ]
[ignore_column: ]
[categorical_feature: ]
[forcedbins_filename: ]
[precise_float_parser: 0]
[parser_config_file: ]
[objective_seed: 16083]
[num_class: 1]
[is_unbalance: 0]
[scale_pos_weight: 1]
[sigmoid: 1]
[boost_from_average: 1]
[reg_sqrt: 0]
[alpha: 0.9]
[fair_c: 1]
[poisson_max_delta_step: 0.7]
[tweedie_variance_power: 1.5]
[lambdarank_truncation_level: 30]
[lambdarank_norm: 1]
[label_gain: ]
[lambdarank_position_bias_regularization: 0]
[eval_at: ]
[multi_error_top_k: 1]
[auc_mu_weights: ]
[num_machines: 1]
[local_listen_port: 12400]
[time_out: 120]
[machine_list_filename: ]
[machines: ]
[gpu_platform_id: -1]
[gpu_device_id: -1]
[gpu_use_dp: 0]
[num_gpu: 1]

end of parameters

pandas_categorical:null
