tree
version=v4
num_class=1
num_tree_per_iteration=1
label_index=0
max_feature_idx=30
objective=binary sigmoid:1
feature_names=Column_0 Column_1 Column_2 Column_3 Column_4 Column_5 Column_6 Column_7 Column_8 Column_9 Column_10 Column_11 Column_12 Column_13 Column_14 Column_15 Column_16 Column_17 Column_18 Column_19 Column_20 Column_21 Column_22 Column_23 Column_24 Column_25 Column_26 Column_27 Column_28 Column_29 Column_30
feature_infos=[0:4] [0:6] [0:4] [0:15] none none [0:0.20000000000000001] [0:4] none [0:1.2] [0:1] [0:1] [0:1] [0:1] [0:1] [0:1] [0:1] [0:1] none [0:6] [0.20000000000000001:822] [16:99] [49.200000000000003:98.599999999999994] [0.56999999999999995:317] [25:100] [0:1] none none none [0:1] [0.38:913]
tree_sizes=1794 1688 1890 1792 1989 2002 2200 2007 1797 1900 1897 1903 1902 1901 1898 1998 2108 2026 2021 2007 1895 2212 1901 1900 1921 1903 2005 2109 1799 2116 1811 2006 2016 1911 2129 2013 1898 2112 2015 2016 1925 1912 2019 2015 1908 1913 1907 1928 2122 1938 2218 2032 2023 2337 2232 2038 2221 2035 1817 2121 1914 2030 1924 2145 2143 1932 1833 2033 2040 2233 2140 1937 2032 2246 2149 1835 2031 2138 1937 2036 2257 2040 1933 2253 2259 1942 2148 1830 2044 2248 2136 2145 1920 1930 1829 2159 2263 2151 2251 1928

Tree=0
num_leaves=16
num_cat=0
split_feature=20 30 23 2 11 24 20 22 22 30 19 3 30 21 13
split_gain=44.1601 23.6613 17.0642 10.5914 10.3732 9.9931 7.11508 6.45293 6.5599 6.30283 6.44901 5.49077 3.27624 2.09896 1.37636
threshold=111.50000000000001 63.500000000000007 42.500000000000007 1.0000000180025095e-35 1.0000000180025095e-35 56.500000000000007 172.50000000000003 95.750000000000014 84.250000000000014 132.50000000000003 1.5000000000000002 1.1000000000000003 44.500000000000007 64.500000000000014 1.0000000180025095e-35
decision_type=2 2 2 2 2 2 2 2 2 2 2 2 2 2 2
left_child=7 5 14 4 13 12 -6 8 -1 10 -10 -5 -2 -4 -3
right_child=1 2 3 11 6 -7 -8 -9 9 -11 -12 -13 -14 -15 -16
leaf_value=-0.13052318333802931 0.10885724361632715 0.16168585660812176 -0.066803454394374226 -0.0096773844336817978 -0.058964108773700459 0.019025556941620319 0.074152987057433936 -0.17292021988340217 -0.072699995458008246 -0.10838901064494837 0.08095241536075154 0.13222109714870725 0.20000003175326486 -0.14517089273176484 0.087054769340016033
leaf_weight=10.790544062852861 6.1786081790924134 4.8992796540260297 5.6284679472446468 5.3714471161365491 8.6982788443565386 6.2233701944351187 7.4579367041587821 7.5503485500812522 4.8184190690517443 6.6955376565456381 6.3071185946464539 5.5389439165592194 10.904615402221678 8.7011666595935804 4.985915869474411
leaf_count=30 31 27 19 21 30 26 35 18 16 20 30 29 64 23 24
internal_value=3.49286e-08 0.0439678 0.0059975 -0.0221912 -0.0524511 0.127514 0.00248462 -0.0906884 -0.0689881 -0.031729 0.0144063 0.0623611 0.167036 -0.114389 0.124043
internal_weight=110.75 74.588 51.2814 41.3962 30.4859 23.3066 16.1562 36.162 28.6116 17.8211 11.1255 10.9104 17.0832 14.3296 9.8852
internal_count=443 329 208 157 107 121 65 114 96 66 46 50 95 42 51
is_linear=0
shrinkage=1


Tree=1
num_leaves=15
num_cat=0
split_feature=20 30 22 7 21 24 22 22 30 19 30 1 30 22
split_gain=35.9199 19.3046 14.9109 11.5542 9.9933 8.21996 5.30703 5.35007 5.12243 5.23221 4.79022 4.7388 2.74129 0.547486
threshold=111.50000000000001 63.500000000000007 90.800000000000026 0.28750000000000003 83.500000000000014 56.500000000000007 95.750000000000014 84.250000000000014 132.50000000000003 1.5000000000000002 100.50000000000001 1.0000000180025095e-35 44.500000000000007 75.800000000000026
decision_type=2 2 2 2 2 2 2 2 2 2 2 2 2 2
left_child=6 5 3 4 10 12 7 -1 9 -9 13 -4 -2 -3
right_child=1 2 11 -5 -6 -7 -8 8 -10 -11 -12 -13 -14 -15
leaf_value=-0.11799050738956077 0.098272784762171286 0.14572697633949602 -0.010098243617865502 -0.04373302100182333 -0.038606718175174561 0.017124573147388404 -0.15683779292540234 -0.065519728111708073 -0.097847559028542669 0.072981001960509023 0.067314734634767379 -0.10584733367004624 0.18187306422649488 0.19560882461952753
leaf_weight=10.744716554880144 6.1603403687477174 3.695205271244058 9.9115236848592758 9.1881764233112317 4.6767279356718054 6.2228069305419913 7.4941870719194403 4.8120579570531863 6.6759109050035468 6.296796590089798 7.4329896271228781 10.802447870373726 10.796292304992674 5.4390296638011932
leaf_count=30 31 20 39 33 17 26 18 16 20 30 35 32 64 32
internal_value=2.62141e-06 0.0397225 0.00541359 0.0499598 0.0904827 0.115426 -0.0819491 -0.0622771 -0.0286177 0.0129862 0.126923 -0.0600319 0.151501 0.175429
internal_weight=110.349 74.3255 51.1461 30.4321 21.244 23.1794 36.0237 28.5295 17.7848 11.1089 16.5672 20.714 16.9566 9.13423
internal_count=443 329 208 137 104 121 114 96 66 46 87 71 95 52
is_linear=0
shrinkage=0.1


Tree=2
num_leaves=17
num_cat=0
split_feature=20 23 30 21 20 21 11 22 22 30 30 7 24 23 24 30
split_gain=29.4108 16.2231 14.2321 9.0131 9.9394 8.47911 8.41433 4.55864 6.0098 6.4895 4.07435 4.69201 3.36332 2.56896 0.751718 0.0230488
threshold=111.50000000000001 114.50000000000001 229.50000000000003 70.500000000000014 211.50000000000003 84.500000000000014 1.0000000180025095e-35 94.15000000000002 84.250000000000014 97.500000000000014 63.500000000000007 0.90000000000000013 47.500000000000007 33.500000000000007 36.000000000000007 45.500000000000007
decision_type=2 2 2 2 2 2 2 2 2 2 2 2 2 2 2 2
left_child=7 2 5 4 -3 10 -5 8 -1 -10 14 12 13 -12 -2 -16
right_child=1 3 -4 6 -6 -7 -8 -9 9 -11 11 -13 -14 -15 15 -17
leaf_value=-0.10744090066348616 0.12429276598446173 -0.020917720072914078 -0.097199516738349812 -0.13299619324892117 0.15501828188695171 -0.011091504577055614 0.011428094162465553 -0.12812574287786069 0.061321002759816307 -0.074617489570207571 0.085322846495071297 -0.0018391181071263354 0.05031771493055677 0.18893252125567861 0.1835852504002945 0.17294378687637751
leaf_weight=10.625640630722048 3.9320170283317557 9.5157474428415316 4.2862630933523169 9.253615543246271 4.8465344309806815 6.323021098971366 7.1517807692289344 10.988028317689894 6.9089027494192106 7.1420486867427826 3.9484153389930743 4.5395193994045249 5.4162495434284201 6.0751069039106369 3.376678600907324 5.1239870637655258
leaf_count=30 22 37 13 25 27 25 30 29 32 23 20 18 25 36 20 31
internal_value=1.32243e-05 0.0360513 0.0757044 -0.0193941 0.0384517 0.0948372 -0.0700358 -0.0745483 -0.0506913 -0.00777605 0.115502 0.0875336 0.113811 0.148119 0.160447 0.177171
internal_weight=109.454 73.7889 43.0213 30.7677 14.3623 38.735 16.4054 35.6646 24.6766 14.051 32.412 19.9793 15.4398 10.0235 12.4327 8.50067
internal_count=443 329 210 119 64 197 55 114 85 55 172 99 81 56 73 51
is_linear=0
shrinkage=0.1


Tree=3
num_leaves=16
num_cat=0
split_feature=20 30 23 22 21 23 30 22 1 24 10 22 21 11 22
split_gain=24.1601 14.465 11.3526 10.3207 7.3102 9.16353 5.23773 4.00651 4.80281 3.43891 3.22963 1.95721 2.00352 1.93558 0.5083
threshold=111.50000000000001 72.250000000000014 165.50000000000003 90.800000000000026 70.500000000000014 88.500000000000014 119.50000000000001 95.750000000000014 1.5000000000000002 43.000000000000007 1.0000000180025095e-35 90.800000000000026 66.500000000000014 1.0000000180025095e-35 83.65000000000002
decision_type=2 2 2 2 2 2 2 2 2 2 2 2 2 2 2
left_child=7 2 11 4 6 -6 -3 8 9 -1 -5 12 14 -14 -2
right_child=1 3 -4 10 5 -7 -8 -9 -10 -11 -12 -13 13 -15 -16
leaf_value=0.033327070085496305 0.16892657525578281 0.17954508659017379 -0.013364139834732433 -0.10003908298575721 0.076759009603762363 -0.082728264394166556 0.028791668717588294 -0.13473802004391475 -0.10607843604829592 -0.055921463610248127 -0.0090559131422549479 0.17266693878764158 0.031672640877973529 0.1153169864371188 0.11537497028916716
leaf_weight=7.2400488555431393 3.9266818314790788 4.6673031151294726 8.9511087983846647 10.704301446676256 6.7153006047010404 7.7719976603984833 4.5528020113706589 7.1680302321910849 10.111237153410913 10.694938510656355 6.1390562504529944 5.263210877776145 5.1108002811670286 6.0314854234457016 3.2307931482791901
leaf_count=31 24 28 36 32 33 25 20 18 29 36 24 32 24 33 18
internal_value=2.38906e-05 0.0328169 0.0825069 -0.0070251 0.0354982 -0.00880109 0.105104 -0.0680173 -0.0509648 -0.0198934 -0.0668776 0.118926 0.10347 0.0769506 0.144754
internal_weight=108.279 73.0648 32.5141 40.5508 23.7074 14.4873 9.22011 35.2143 28.0462 17.935 16.8434 23.563 18.2998 11.1423 7.15747
internal_count=443 329 167 162 106 58 48 114 96 67 56 131 99 57 42
is_linear=0
shrinkage=0.1


Tree=4
num_leaves=18
num_cat=0
split_feature=20 22 30 1 19 23 20 23 7 21 23 22 7 21 7 22 23
split_gain=19.874 12.6147 12.803 11.7116 7.68821 7.95403 7.29703 6.4373 3.81683 3.68008 5.10667 3.32293 2.91458 5.17266 2.34467 0.600102 0.0278486
threshold=111.50000000000001 71.450000000000017 63.500000000000007 1.5000000000000002 1.5000000000000002 121.50000000000001 238.50000000000003 189.50000000000003 0.45000000000000007 64.500000000000014 153.50000000000003 91.950000000000017 0.28750000000000003 76.500000000000014 1.0000000180025095e-35 84.250000000000014 105.50000000000001
decision_type=2 2 2 2 2 2 2 2 2 2 2 2 2 2 2 2 2
left_child=9 -2 4 6 5 -3 7 12 11 -1 14 -5 13 -4 -11 -6 -17
right_child=1 2 3 8 15 -7 -8 -9 -10 10 -12 -13 -14 -15 -16 16 -18
leaf_value=-0.0087693481193194308 0.17066318044853257 0.0975138215166554 0.13889764566570056 0.02027707540391405 0.1126123064095349 -0.084094196947647706 0.12200755491235862 -0.096911583850514696 -0.11424317294550423 -0.12869013188925196 0.0084954639262981874 -0.091409947359170865 -0.027726634305059589 -0.009262728160528198 -0.057052091935633265 0.15722103784914881 0.17026311267625616
leaf_weight=9.43331530690193 5.8539519757032386 5.8091602623462695 4.9208192229270988 6.2220780104398745 3.4726149439811689 4.1235532015562057 6.8261482715606681 4.9275678396224967 9.5196395367383939 13.383092463016515 5.0090576112270346 4.6582323014736176 4.8038786053657523 4.5216732919216156 6.9368229210376731 3.1405180990695953 3.4203336089849472
leaf_count=36 36 33 28 27 20 14 38 15 27 35 20 14 18 18 23 20 21
internal_value=3.97071e-05 0.0299425 0.0175299 -0.0112819 0.0844868 0.0221195 0.0332197 0.00161017 -0.068 -0.0620846 -0.0819409 -0.02754 0.0356871 0.0679489 -0.104234 0.146228 0.16402
internal_weight=106.982 72.2202 66.3662 46.4 19.9662 9.93271 26.0001 19.1739 20.3999 34.7623 25.329 10.8803 14.2464 9.44249 20.3199 10.0335 6.56085
internal_count=443 329 293 185 108 47 117 79 68 114 78 41 64 46 58 61 41
is_linear=0
shrinkage=0.1


Tree=5
num_leaves=18
num_cat=0
split_feature=20 22 1 23 21 30 23 20 7 21 7 30 21 23 23 22 23
split_gain=17.1105 12.238 10.4815 10.1641 8.91774 6.83275 6.40122 4.66024 5.32848 4.0328 3.8205 3.60088 2.60996 2.26566 1.66603 0.745992 0.0241685
threshold=87.500000000000014 71.450000000000017 1.5000000000000002 218.30000000000004 87.500000000000014 62.500000000000007 107.50000000000001 238.50000000000003 1.0000000180025095e-35 71.500000000000014 0.90000000000000013 79.500000000000014 74.500000000000014 144.25000000000003 81.500000000000014 83.000000000000014 93.500000000000014
decision_type=2 2 2 2 2 2 2 2 2 2 2 2 2 2 2 2 2
left_child=10 -2 3 4 7 6 -4 8 11 13 12 14 -1 -7 -3 -9 -17
right_child=1 2 5 -5 -6 9 -8 15 -10 -11 -12 -13 -14 -15 -16 16 -18
leaf_value=-0.058545580679580905 0.16289114772331503 0.091968737801868733 0.12505886650208128 -0.067829713514450621 -0.072157940448314375 -0.055415936126327274 -0.041522984403098123 0.1038528598287381 -0.0093766246241317134 -0.10474411920765417 -0.010270063574896232 0.15750087292834392 -0.13410919669754648 0.03694825302092971 0.0033485019749468579 0.15559555117045637 0.16798995657968196
leaf_weight=9.3687275797128731 5.7951287478208533 4.9786436408758217 4.5460924655199069 6.7792478799819937 4.1435866057872763 6.8314379900693911 4.6830907762050629 3.4079456776380521 7.5953025966882697 11.028578296303747 7.4026792645454398 5.5240390598773947 8.9258962869644147 4.3448229432106018 3.6963985115289688 3.0749350786209106 3.2214893996715546
leaf_count=31 37 28 28 23 14 24 18 20 30 32 28 32 23 19 16 20 20
internal_value=6.70725e-05 0.0229582 0.0119782 0.0444067 0.0657543 -0.0317854 0.0405316 0.0838963 0.0582297 -0.0618431 -0.0708856 0.0943933 -0.0954129 -0.0195089 0.054208 0.141539 0.161937
internal_weight=105.348 79.6507 73.8556 42.4216 35.6423 31.434 9.22918 31.4988 21.7944 22.2048 25.6973 14.1991 18.2946 11.1763 8.67504 9.70437 6.29642
internal_count=443 361 324 203 180 121 46 166 106 75 82 76 54 43 44 60 40
is_linear=0
shrinkage=0.1


Tree=6
num_leaves=20
num_cat=0
split_feature=20 22 1 23 21 10 21 21 24 30 30 23 7 3 23 23 7 3 20
split_gain=14.1358 10.5028 8.62976 8.3682 7.36884 6.22087 4.42339 6.35431 6.88343 3.92644 3.65819 3.25224 2.33327 4.2555 1.85412 1.6667 1.49684 1.07589 0.109357
threshold=87.500000000000014 71.450000000000017 1.5000000000000002 218.30000000000004 87.500000000000014 1.0000000180025095e-35 64.500000000000014 67.500000000000014 56.500000000000007 65.500000000000014 171.00000000000003 114.50000000000001 0.90000000000000013 2.5000000000000004 110.50000000000001 62.500000000000007 0.45000000000000007 1.1000000000000003 214.50000000000003
decision_type=2 2 2 2 2 2 2 2 2 2 2 2 2 2 2 2 2 2 2
left_child=10 -2 3 4 6 9 14 -8 15 11 12 -4 13 -1 18 -9 -11 -17 -3
right_child=1 2 5 -5 -6 -7 7 8 -10 16 -12 -13 -14 -15 -16 17 -18 -19 -20
leaf_value=-0.0072989031887985825 0.15385825446539736 0.17402333415141721 0.05706045700640177 -0.061236902767050516 -0.064980622915546682 0.051640516317464857 -0.055952851078506463 0.1615954016072545 -0.033478257796511236 -0.0549925151789201 -0.12696318107791291 -0.063948676218065381 0.01128760722541791 -0.12333618285509601 0.069346322843100619 0.048154512047957128 -0.1185427034365143 0.12344644271811611 0.14852895955533735
leaf_weight=6.2897596508264595 5.5351144522428504 3.5009276419878024 4.610648795962339 6.759172558784484 4.1411697566509238 7.3239682316780081 4.3902106881141689 4.9040789157152194 4.0773552954196921 7.7892232239246351 6.9076104015111914 4.2852105498313904 5.7370949387550345 6.3525508642196655 3.2014607489109039 3.6964095681905746 7.070708766579628 3.9006207138299942 3.2392694056034088
leaf_count=24 37 22 25 23 14 35 17 32 16 27 18 15 23 17 16 18 19 23 22
internal_value=9.55906e-05 0.0210592 0.0109747 0.0406407 0.0602864 -0.0289341 0.0770688 0.0510211 0.0793494 -0.0537754 -0.0649211 -0.00123066 -0.0416036 -0.0656057 0.132008 0.116149 -0.0852312 0.0868124 0.161771
internal_weight=103.713 78.4255 72.8904 41.8107 35.0515 31.0798 30.9103 20.9687 16.5785 23.7558 25.287 8.89586 18.3794 12.6423 9.94166 12.5011 14.8599 7.59703 6.7402
internal_count=443 361 324 203 180 121 166 106 89 86 82 40 64 41 60 73 46 41 44
is_linear=0
shrinkage=0.1


Tree=7
num_leaves=18
num_cat=0
split_feature=20 23 21 20 30 24 24 7 24 1 24 23 11 10 22 3 23
split_gain=12.2919 8.48288 8.12308 8.44605 8.47389 7.5802 5.92602 5.00478 4.52964 4.41709 3.77851 3.64845 2.45181 2.28982 2.08103 1.53814 1.17839
threshold=111.50000000000001 38.500000000000007 84.500000000000014 238.50000000000003 229.50000000000003 56.500000000000007 40.500000000000007 0.90000000000000013 43.000000000000007 1.5000000000000002 37.500000000000007 118.50000000000001 1.0000000180025095e-35 1.0000000180025095e-35 92.450000000000017 0.40000000000000008 163.50000000000003
decision_type=2 2 2 2 2 2 2 2 2 2 2 2 2 2 2 2 2
left_child=10 12 3 4 5 6 7 11 -5 -10 -1 -3 -2 14 -12 -14 -8
right_child=1 2 -4 8 -6 -7 16 -9 9 -11 13 -13 15 -15 -16 -17 -18
leaf_value=0.016440389247968382 0.14843756290910542 0.11474862965625686 -0.082876637134160963 0.15659765288395577 -0.10881498523748333 -0.083053730345441779 0.16362499106100681 -0.079426172190123878 0.1148211165248692 -0.024909426867930577 -0.056484050455641893 -0.0087199967564753952 0.10695948074250759 -0.020067389022399212 -0.12330972404753784 0.015032340635712167 0.080305124464456923
leaf_weight=6.8872504383325568 5.4810911640524846 4.6167468279600197 8.4324536025524122 5.6698635518550864 6.3095407038927069 5.5911950618028632 3.6175642758607855 4.2691004276275626 4.3787673041224462 4.680545911192894 10.856470778584486 4.9693743735551834 3.5555399507284164 7.5463989078998557 8.1646737754344922 3.7292152866721153 3.1979654878377914
leaf_count=28 38 29 27 38 18 18 24 14 27 19 36 20 22 28 22 19 16
internal_value=0.000118847 0.0243847 0.00754252 0.0236619 -0.00475419 0.0202468 0.0481884 0.0106353 0.0864999 0.0426285 -0.0495656 0.0507434 0.0979142 -0.0666768 -0.0851684 0.0599001 0.12453
internal_weight=101.954 68.499 55.7331 47.3007 32.5715 26.2619 20.6708 13.8552 14.7292 9.05931 33.4548 9.58612 12.7658 26.5675 19.0211 7.28476 6.81553
internal_count=443 329 250 223 139 121 103 63 84 46 114 49 79 86 58 41 40
is_linear=0
shrinkage=0.1


Tree=8
num_leaves=16
num_cat=0
split_feature=20 30 19 23 22 7 21 24 12 30 22 22 22 23 23
split_gain=10.1735 7.55036 5.8033 6.02919 5.46494 5.66722 5.0226 3.14876 3.13657 2.90151 2.12576 6.49828 0.790098 0.0700757 0.0497923
threshold=111.50000000000001 63.500000000000007 1.5000000000000002 124.50000000000001 90.800000000000026 0.28750000000000003 75.500000000000014 37.500000000000007 1.0000000180025095e-35 119.50000000000001 84.250000000000014 92.450000000000017 82.40000000000002 124.50000000000001 73.250000000000014
decision_type=2 2 2 2 2 2 2 2 2 2 2 2 2 2 2
left_child=7 2 3 -2 5 6 9 -1 -6 14 -9 -12 -4 -14 -3
right_child=1 4 12 -5 8 -7 -8 10 -10 -11 11 -13 13 -15 -16
leaf_value=0.014746825365932843 0.084560570103167865 0.13850319138474068 0.086177169382000873 -0.073657180599156838 0.0096385482063582172 -0.037323172331071332 0.0031243878679070858 -0.10483208921743137 -0.072450972407959932 0.036976687063716158 0.025788763102116842 -0.094544688163680224 0.13838611498500378 0.1587124110737797 0.15590063029083154
leaf_weight=6.9091529846191397 5.9898884966969508 3.6222732365131431 2.9623434320092183 4.0282540023326874 7.7213154882192621 8.7463808506727201 8.5550600886344892 7.8135775029659298 11.71910035610199 3.8166833966970444 7.9059354960918453 10.379588589072226 3.5652643963694572 3.2351497709751129 3.0138846635818481
leaf_count=28 39 27 20 14 32 33 38 22 39 19 33 31 27 21 20
internal_value=0.000155926 0.0225495 0.0744115 0.0209419 0.000812378 0.029292 0.0599446 -0.0452819 -0.0398468 0.106449 -0.0611732 -0.0425173 0.12928 0.148056 0.146404
internal_weight=99.9839 66.9756 19.7809 10.0181 47.1947 27.7543 19.0079 33.0083 19.4404 10.4528 26.0991 18.2855 9.76276 6.80041 6.63616
internal_count=443 329 121 53 208 137 104 114 71 66 86 64 68 48 47
is_linear=0
shrinkage=0.1


Tree=9
num_leaves=17
num_cat=0
split_feature=20 30 22 20 23 21 24 20 11 21 13 3 22 23 22 22
split_gain=8.68068 9.07698 6.76356 4.94653 4.49414 5.38235 3.94226 3.62683 4.5691 3.26286 2.5203 3.20251 2.16459 2.06062 1.68725 0.578437
threshold=180.50000000000003 171.00000000000003 94.950000000000017 116.50000000000001 28.390000000000004 84.500000000000014 56.500000000000007 167.50000000000003 1.0000000180025095e-35 64.500000000000014 1.0000000180025095e-35 1.7500000000000002 89.750000000000014 144.25000000000003 89.950000000000017 82.700000000000003
decision_type=2 2 2 2 2 2 2 2 2 2 2 2 2 2 2 2
left_child=1 3 4 9 -2 6 10 8 -5 -1 11 -6 -10 -11 -3 -12
right_child=2 14 -4 7 5 -7 -8 -9 12 13 15 -13 -14 -15 -16 -17
leaf_value=0.022796099356245013 0.14356647359784921 -0.049543277538085545 -0.078103946347345854 0.0093782378248048696 0.11860941016083404 -0.063557895580751131 -0.010680562629739064 -0.033225483317216774 0.070616589187715059 -0.074959941525536852 0.096061175245960473 0.0085000635292181246 0.1843783000091069 0.003743074853390141 -0.11357393474838662 0.15522108748914487
leaf_weight=8.3828180581331271 4.7308678776025763 7.2558055073022869 4.440083071589469 6.8778499513864535 4.3469098657369702 4.3875621706247321 6.3688021004199973 4.9681836441159239 3.472537137567997 12.245103091001512 2.9382784366607657 6.7325790077447891 3.2267486527562141 4.567622944712638 9.5081161558628065 3.7774968668818474
leaf_count=35 35 25 15 33 28 15 28 21 20 39 20 37 21 18 27 26
internal_value=0.000177909 -0.023295 0.037827 0.000683417 0.0532929 0.038335 0.0568361 0.0398803 0.0666314 -0.0281677 0.0809998 0.0517002 0.125411 -0.0535782 -0.08586 0.129338
internal_weight=98.2274 60.5048 37.7226 43.7409 33.2825 28.5516 24.1641 18.5453 13.5771 25.1955 17.7953 11.0795 6.69929 16.8127 16.7639 6.71578
internal_count=443 239 204 187 189 154 139 95 74 92 111 65 41 57 52 46
is_linear=0
shrinkage=0.1


Tree=10
num_leaves=17
num_cat=0
split_feature=20 22 1 23 21 10 19 19 21 3 7 30 21 24 23 20
split_gain=7.43391 8.07203 6.04777 5.88397 5.66907 4.30098 3.61152 7.29601 3.27403 4.02896 3.14927 3.09107 2.32512 1.88366 1.78329 0.183281
threshold=87.500000000000014 71.450000000000017 1.5000000000000002 218.30000000000004 64.500000000000014 1.0000000180025095e-35 3.5000000000000004 1.5000000000000002 77.500000000000014 1.7500000000000002 0.90000000000000013 63.500000000000007 74.500000000000014 47.500000000000007 102.50000000000001 204.00000000000003
decision_type=2 2 2 2 2 2 2 2 2 2 2 2 2 2 2 2
left_child=10 -2 3 4 13 11 7 -6 9 -9 12 -4 -1 15 -13 -3
right_child=1 2 5 -5 6 -7 -8 8 -10 -11 -12 14 -14 -15 -16 -17
leaf_value=-0.036856346373610835 0.14137828445266032 0.16725260021931612 0.0060192139010061011 -0.053342484592193908 -0.037565575594887199 0.0415499604124175 -0.043975985612868411 -0.017601263500937284 0.17667529884965627 0.12755250295025852 0.0075718720126165722 -0.11513547408211311 -0.11172499560221101 0.053473631023548053 -0.045507966384474456 0.13203656586429141
leaf_weight=8.7873153239488655 4.7974320948123923 3.1862435415387136 7.0783548206090989 6.5554353147745124 6.4389460906386438 6.9436631575226775 5.7698234990239134 3.5913906469941121 3.4740213751792908 4.0898082554340363 7.0435362458229056 6.2211831808090201 7.8569447547197333 2.9777768477797508 8.9996836781501752 2.7563542127609253
leaf_count=31 37 21 36 23 29 35 23 17 23 28 28 18 23 16 32 23
internal_value=0.000188312 0.0160063 0.00717194 0.0330333 0.0505721 -0.0271766 0.0246794 0.0471942 0.0961188 0.059685 -0.0484787 -0.048577 -0.0721982 0.11839 -0.0739666 0.150918
internal_weight=96.5679 72.8801 68.0827 38.8398 32.2844 29.2429 23.364 17.5942 11.1552 7.6812 23.6878 22.2992 16.6443 8.92037 15.2209 5.9426
internal_count=443 361 324 203 180 121 120 97 68 45 82 86 54 60 50 44
is_linear=0
shrinkage=0.1


Tree=11
num_leaves=17
num_cat=0
split_feature=20 30 21 1 10 21 20 20 20 11 24 30 23 15 21 7
split_gain=6.47 7.17788 5.67786 6.43983 3.65941 12.652 3.53288 3.98551 3.44826 3.06176 2.47602 2.45124 1.79428 1.49841 0.772122 0.46213
threshold=180.50000000000003 171.00000000000003 74.500000000000014 1.5000000000000002 1.0000000180025095e-35 80.500000000000014 238.50000000000003 213.50000000000003 111.50000000000001 1.0000000180025095e-35 43.000000000000007 70.500000000000014 50.500000000000007 1.0000000180025095e-35 69.500000000000014 1.0000000180025095e-35
decision_type=2 2 2 2 2 2 2 2 2 2 2 2 2 2 2 2
left_child=1 4 6 10 8 14 7 -2 11 -10 -4 -1 -8 -3 -6 -14
right_child=2 13 3 -5 5 -7 12 -9 9 -11 -12 -13 15 -15 -16 -17
leaf_value=-0.074378163226252333 0.07483492251359769 -0.11700493295231085 0.11322977670438526 -0.077428231570558573 0.1511519238457979 -0.089145578320100533 0.047918484999649263 -0.054624545503665113 -0.013537079895357997 0.088385049898068738 -0.0034286678977947568 0.0025847743772913945 0.11304401711423845 -0.053748099155869769 0.086719249999568135 0.16359753161234661
leaf_weight=11.170690536499029 5.9620051607489604 5.9945326000452015 3.5688224509358388 7.699276864528656 4.5436786413192731 4.3157592043280602 3.7025244012474996 3.9558721780776978 8.4664258509874326 4.5213672146201125 3.7114515006542206 6.5735503137111655 4.6205929294228554 9.9773894771933556 3.148641362786293 2.9709335714578629
leaf_count=36 38 17 24 27 27 14 26 18 38 28 18 26 33 35 18 20
internal_value=0.000207466 -0.0202924 0.0334636 -0.01367 0.0010821 0.047893 0.0667486 0.0231984 -0.0172085 0.0219445 0.0537578 -0.0458664 0.104992 -0.0774895 0.124778 0.132828
internal_weight=94.9035 58.712 36.1915 14.9796 42.7401 12.0081 21.2119 9.91788 30.732 12.9878 7.28027 17.7442 11.2941 15.9719 7.69232 7.59153
internal_count=443 239 204 69 187 59 135 56 128 66 42 62 79 52 45 53
is_linear=0
shrinkage=0.1


Tree=12
num_leaves=17
num_cat=0
split_feature=22 23 20 21 2 19 23 23 21 24 23 22 3 30 23 21
split_gain=5.95974 6.22253 4.94502 8.04554 3.76208 4.70924 3.79085 6.06419 4.8806 4.69756 3.21566 2.30559 1.82164 1.06061 0.768927 0.337305
threshold=94.950000000000017 36.150000000000006 238.50000000000003 74.500000000000014 1.5000000000000002 1.5000000000000002 227.15000000000003 167.50000000000003 63.500000000000007 47.500000000000007 15.300000000000002 85.850000000000009 1.7500000000000002 74.500000000000014 81.500000000000014 75.500000000000014
decision_type=2 2 2 2 2 2 2 2 2 2 2 2 2 2 2 2
left_child=1 10 4 14 6 -6 7 8 9 -3 -1 -10 -2 -12 -4 -13
right_child=12 2 3 -5 5 -7 -8 -9 11 -11 13 15 -14 -15 -16 -17
leaf_value=0.019346403046079055 -0.098487887423193837 0.10579631247256978 0.079434528375426319 -0.026365849978171596 -0.043021011372240459 0.084992672283753498 -0.11487976973978097 0.076832181483411685 -0.09863058881123038 -0.048020856887762559 0.14928679036449305 -0.014839284296760239 -0.026816586155247808 0.073870567694965819 0.14588163168471835 -0.051630477474434472
leaf_weight=6.3799030780792219 6.4600534513592702 3.9047965034842518 2.7504839375615102 7.2245886772871017 4.8858815729618055 6.9776555448770523 4.8410543054342261 5.4018896073102942 10.128005497157575 4.0393545255064964 4.1962728500366211 5.6339192837476713 7.8622861206531525 3.3562666997313499 4.7476081177592278 4.4682829827070236
leaf_count=35 22 25 21 34 19 37 14 27 34 15 34 24 31 20 35 16
internal_value=0.000203502 0.0109716 -0.00202682 0.0489442 -0.0169516 0.0322715 -0.032152 -0.0202243 -0.038833 0.0275851 0.0716174 -0.0649145 -0.0591437 0.115773 0.121507 -0.0311123
internal_weight=93.2583 78.936 65.0035 14.7227 50.2808 11.8635 38.4173 33.5762 28.1744 7.94415 13.9324 20.2302 14.3223 7.55254 7.49809 10.1022
internal_count=443 390 301 90 211 56 155 141 114 40 89 74 53 54 56 40
is_linear=0
shrinkage=0.1


Tree=13
num_leaves=17
num_cat=0
split_feature=30 21 19 23 21 25 22 22 30 30 20 20 22 30 3 24
split_gain=5.31894 5.73465 6.22979 6.68037 6.04778 5.27699 7.55605 6.85037 4.11575 3.73899 3.16467 2.86014 2.4499 1.49214 1.0792 0.994989
threshold=229.50000000000003 61.500000000000007 1.5000000000000002 102.50000000000001 48.500000000000007 1.0000000180025095e-35 84.250000000000014 90.950000000000017 76.500000000000014 103.50000000000001 216.50000000000003 169.50000000000003 88.750000000000014 356.00000000000006 2.5000000000000004 40.500000000000007
decision_type=2 2 2 2 2 2 2 2 2 2 2 2 2 2 2 2
left_child=1 4 3 12 11 6 9 15 -9 10 -4 -1 -3 -2 -6 -8
right_child=13 2 5 -5 14 -7 7 8 -10 -11 -12 -13 -14 -15 -16 -17
leaf_value=-0.044225982755207865 -0.094410030677865478 0.057217130880418847 -0.03077037180035478 -0.10778495475064467 0.15665116499144283 -0.062510591067040766 0.10598246846814086 0.085855431367273305 -0.034518362091954663 -0.10270701610081721 0.089485374616758637 0.057864943445376786 -0.050448141135578176 -0.023697002986119806 0.085571522944078826 0.17343377423818135
leaf_weight=5.4158739596605319 6.4772928208112699 4.9769663885235804 6.4833301380276662 10.268762052059172 4.1022580936551076 7.0859033018350592 4.6221369057893771 5.2280306816101056 6.2195891290903091 4.2287284284830085 3.303342692553997 5.5628423616290092 3.6733676642179489 5.5332538336515427 4.4566098377108574 4.1509433537721634
leaf_count=21 21 31 30 30 30 27 30 32 23 13 25 37 14 22 29 28
internal_value=0.000208435 0.0095486 -0.00571999 -0.0532459 0.0566269 0.0160395 0.0322972 0.0714092 0.0204553 -0.0241316 0.00982013 0.00750281 0.011497 -0.0618326 0.11964 0.137897
internal_weight=91.7892 79.7787 60.2411 18.9191 19.5376 41.322 34.2361 20.2207 11.4476 14.0154 9.78667 10.9787 8.65033 12.0105 8.55887 8.77308
internal_count=443 400 283 75 117 208 181 113 55 68 55 58 45 43 59 58
is_linear=0
shrinkage=0.1


Tree=14
num_leaves=17
num_cat=0
split_feature=22 23 2 15 19 30 21 19 30 22 23 22 3 0 23 20
split_gain=4.59557 5.23725 4.93341 4.29309 6.39794 4.73777 4.641 3.51084 3.05286 2.90023 2.86678 2.61442 2.4364 2.25686 2.26677 1.0719
threshold=95.200000000000003 36.150000000000006 1.5000000000000002 1.0000000180025095e-35 2.5000000000000004 143.50000000000003 60.500000000000007 1.5000000000000002 176.00000000000003 85.65000000000002 15.300000000000002 84.850000000000009 1.7500000000000002 1.0000000180025095e-35 114.50000000000001 220.50000000000003
decision_type=2 2 2 2 2 2 2 2 2 2 2 2 2 2 2 2
left_child=1 10 3 4 6 9 -3 -4 -5 -6 -1 -9 -2 14 -8 -12
right_child=12 2 7 8 5 -7 13 11 -10 -11 15 -13 -14 -15 -16 -17
leaf_value=0.016424630545114099 -0.10297775780310969 0.042578502222014418 -0.0084857438207188458 -0.10399088225950207 0.034622144778341191 -0.036438792425009282 -0.033241892615021189 0.028111124554412715 -0.011519906333813607 0.16139162419388242 0.13667593613210119 0.13901268732081756 -0.013154479164392736 0.0015515654229784088 -0.11877676671359792 0.055299671751073934
leaf_weight=6.2804982513189298 5.9218708276748639 6.836007475852969 6.4193582758307448 8.1911749243736249 3.0637993738055211 3.183344379067421 5.9773736223578471 3.855110324919222 6.3286457583308211 4.3913589268922806 4.7386924922466278 4.7384617701172829 6.1619068533182144 5.079815909266471 6.4324191808700562 2.4584340751171112
leaf_count=35 20 39 29 28 19 12 27 20 26 31 34 31 26 26 19 21
internal_value=0.000208964 0.00910165 -0.00274547 -0.0179791 0.001002 0.0656866 -0.027287 0.0474661 -0.0636862 0.109294 0.0657958 0.0892618 -0.057174 -0.0545947 -0.0775775 0.108879
internal_weight=90.0583 77.9745 64.4969 49.4839 34.9641 10.6385 24.3256 15.0129 14.5198 7.45516 13.4776 8.59357 12.0838 17.4896 12.4098 7.19713
internal_count=443 397 307 227 173 62 111 80 54 50 90 51 46 72 46 55
is_linear=0
shrinkage=0.1


Tree=15
num_leaves=18
num_cat=0
split_feature=20 30 23 19 1 21 22 20 24 22 23 23 21 22 22 30 19
split_gain=4.45179 5.28766 3.95287 3.47466 3.58275 3.34783 3.22196 2.53607 3.34164 4.80611 2.2818 3.60095 1.94015 1.51318 1.29176 0.148704 0.0199975
threshold=180.50000000000003 171.00000000000003 209.50000000000003 2.5000000000000004 1.5000000000000002 66.500000000000014 81.65000000000002 116.50000000000001 40.500000000000007 89.40000000000002 152.45000000000002 102.50000000000001 75.500000000000014 90.800000000000026 89.950000000000017 76.500000000000014 1.5000000000000002
decision_type=2 2 2 2 2 2 2 2 2 2 2 2 2 2 2 2 2
left_child=1 7 3 4 5 16 -5 10 13 -10 11 12 -1 -9 -3 -8 -2
right_child=2 14 -4 6 -6 -7 15 8 9 -11 -12 -13 -14 -15 -16 -17 -18
leaf_value=0.025668962503738131 0.13545786382491409 -0.035564155475799393 -0.040414961304693076 0.03176766458158841 -0.031910222315980896 0.010884195985080907 0.13156768587712075 0.031105942229713187 0.016576162390424493 0.17221546050782308 0.034378151969726843 -0.10449229744260258 -0.056512621989017846 -0.052169529712111154 -0.094749985716321275 0.16641745678910705 0.12152925416547838
leaf_weight=7.2146631851792389 2.0557963922619873 6.7087844610214225 6.5589802935719481 4.2024521157145482 7.534813664853572 5.8654761537909508 2.2164857611060143 4.1638427600264567 5.2215866744518262 3.1999561712145805 5.8206299394369116 5.548021286725997 4.7732349634170532 4.5843890085816383 8.1887029483914358 2.7355243191123009 2.0672959685325623
leaf_count=32 18 25 27 26 36 35 20 26 28 22 26 17 17 19 27 20 22
internal_value=0.00020001 -0.0171525 0.0291361 0.0462359 0.020151 0.0594231 0.0961672 0.00157459 0.0307512 0.0757148 -0.0198736 -0.0378811 -0.00705337 -0.0125334 -0.0680968 0.150819 0.128474
internal_weight=88.6606 55.4238 33.2368 26.6778 17.5234 9.98857 9.15446 40.5263 17.1698 8.42154 23.3565 17.5359 11.9879 8.74823 14.8975 4.95201 4.12309
internal_count=443 239 204 177 111 75 66 187 95 50 92 66 49 45 52 40 40
is_linear=0
shrinkage=0.1


Tree=16
num_leaves=19
num_cat=0
split_feature=24 21 23 1 21 21 30 30 22 20 20 23 30 21 20 30 20 22
split_gain=4.08845 4.43608 5.59917 6.79536 4.70231 4.26842 2.71326 2.49531 4.8797 2.22548 3.22607 1.99803 2.86019 1.51434 0.86834 0.818382 0.533165 0.0127208
threshold=60.500000000000007 64.500000000000014 246.30000000000004 1.5000000000000002 67.500000000000014 75.500000000000014 132.50000000000003 73.500000000000014 84.450000000000017 114.50000000000001 201.00000000000003 62.500000000000007 108.50000000000001 71.500000000000014 169.50000000000003 119.50000000000001 139.50000000000003 87.850000000000009
decision_type=2 2 2 2 2 2 2 2 2 2 2 2 2 2 2 2 2 2
left_child=1 2 3 6 -3 11 16 8 -7 -9 -11 14 13 -13 -6 -5 -1 -18
right_child=-2 4 -4 15 5 7 -8 9 -10 10 -12 12 -14 -15 -16 -17 17 -19
leaf_value=0.17863300098370116 -0.064493346190933762 -0.080008288595726521 -0.064583901927969256 0.027111297597390362 0.056088835215380467 -0.053142822896880708 0.039718101104735323 -0.093410799218547405 0.081487553897894471 0.030505350976837178 -0.080291635187578966 0.098373004571035316 -0.042466796858935951 0.0095289847123770158 0.13415336893804131 -0.032030953192852395 0.12058364142539087 0.13156326985540687
leaf_weight=3.514037854969505 8.7823159620165807 7.8796991258859626 4.0674906224012366 5.6934347972273827 3.3333874642848995 5.2166097015142459 3.1463267058134079 6.1163189709186581 5.5633267164230347 6.030789338052271 4.6574776023626328 4.0394972562789899 4.7567170634865761 3.6539044454693794 2.4887256771326065 3.9719692394137383 2.1737435795366764 2.0506841726601124
leaf_count=23 33 31 15 32 19 25 17 21 35 28 17 27 17 21 22 16 25 19
internal_value=0.000206877 0.0074588 0.0426132 0.0638306 -0.00864609 0.00361628 0.118018 -0.0212148 0.0163374 -0.045304 -0.0177751 0.0411022 0.0184892 0.0561774 0.0894584 0.00280696 0.149853 0.125914
internal_weight=87.1365 78.3541 24.6177 20.5502 53.7365 45.8568 10.8848 27.5845 10.7799 16.8046 10.6883 18.2722 12.4501 7.6934 5.82211 9.6654 7.73847 4.22443
internal_count=443 410 147 132 263 232 84 126 60 66 45 106 65 48 41 48 67 44
is_linear=0
shrinkage=0.1


Tree=17
num_leaves=18
num_cat=0
split_feature=22 24 21 23 1 21 22 14 20 20 30 21 30 10 30 20 20
split_gain=5.03603 3.41165 4.09141 4.43564 5.92379 3.46381 3.96339 3.65454 4.59942 3.42027 2.71993 2.20632 2.15043 1.85554 0.728774 0.338595 0.0212679
threshold=69.750000000000014 60.500000000000007 64.500000000000014 246.30000000000004 1.5000000000000002 67.500000000000014 77.450000000000017 1.0000000180025095e-35 135.50000000000003 206.50000000000003 132.50000000000003 82.500000000000014 96.500000000000014 1.0000000180025095e-35 119.50000000000001 111.50000000000001 237.50000000000003
decision_type=2 2 2 2 2 2 2 2 2 2 2 2 2 2 2 2 2
left_child=-1 2 3 4 10 -4 -7 8 12 -10 15 13 -8 -11 -6 -2 -17
right_child=1 -3 5 -5 14 6 7 -9 9 11 -12 -13 -14 -15 -16 16 -18
leaf_value=0.11992667390218846 0.17058845872506787 -0.065195430014838282 -0.075715733001168767 -0.058710549774588373 0.022739935232045951 -0.082673420047074425 -0.0013851089784127735 0.081473847213023795 0.095803098670117229 0.080123872121899989 0.03065294441359568 -0.058107306750263821 -0.079488338415761833 -0.019499708110773478 -0.033954367287267716 0.13293870549683626 0.11843291346011009
leaf_weight=3.3757122680544844 2.9177954122424161 8.3721197172999364 7.6750331595540038 4.0290257483720771 5.5667844787240028 5.4212591350078574 6.1366905570030239 5.8415698483586302 5.4503579661250141 3.9042743369936925 2.9944005534052849 4.202583409845829 8.2839552313089353 3.5874759331345558 3.8253908306360245 2.0824653394520283 1.9639813564717767
leaf_count=28 19 31 30 15 31 21 28 35 34 29 16 16 30 21 15 20 24
internal_value=0.000217337 -0.00469548 0.00216013 0.0367463 0.0566213 -0.0138511 -0.00276466 0.00881625 -0.00462997 0.0303786 0.110353 -0.000113727 -0.0462516 0.0324184 -0.0003514 0.144622 0.125898
internal_weight=85.6309 82.2552 73.883 23.3798 19.3508 50.5032 42.8282 37.4069 31.5653 17.1447 9.95864 11.6943 14.4206 7.49175 9.39218 6.96424 4.04645
internal_count=443 415 384 140 125 244 214 193 158 100 79 66 58 50 46 63 44
is_linear=0
shrinkage=0.1


Tree=18
num_leaves=18
num_cat=0
split_feature=22 20 21 23 22 30 22 14 21 24 23 23 13 23 30 23 21
split_gain=4.28778 3.04922 4.42645 3.55875 3.65511 3.34717 3.68448 5.90881 4.14395 4.48128 3.51305 3.42722 2.29938 2.28605 2.86714 1.86178 1.45026
threshold=69.750000000000014 234.50000000000003 74.500000000000014 225.00000000000003 96.050000000000011 220.50000000000003 73.500000000000014 1.0000000180025095e-35 64.500000000000014 43.000000000000007 153.50000000000003 102.50000000000001 1.0000000180025095e-35 152.45000000000002 63.500000000000007 70.000000000000014 72.500000000000014
decision_type=2 2 2 2 2 2 2 2 2 2 2 2 2 2 2 2 2
left_child=-1 3 13 4 5 6 -2 8 9 -8 11 15 -4 14 -3 16 -10
right_child=1 2 12 -5 -6 -7 7 -9 10 -11 -12 -13 -14 -15 -16 -17 -18
leaf_value=0.11333930075348247 -0.078959162012273126 0.1226028406898059 -0.07663473973687164 -0.068447601900534796 -0.083118899310114458 -0.051812776985898902 0.14725974371864345 0.12582751451345095 -0.065659470729490202 -0.012566154461784235 0.067148613802448048 -0.096418226392743986 0.028635646566689474 0.15414246129733256 -0.0070618422667306571 0.063298600202913155 0.013102656001960186
leaf_weight=3.2227932699024668 3.6116199493408194 2.9247676841914672 3.9828894175589067 10.300685822963713 5.2739077210426322 8.5878566801547986 3.9707020707428482 5.1698597744107238 4.4758214429020935 3.1428897753357887 4.6094676852226248 5.5105039924383155 4.3313449621200562 2.7808958813548088 4.0900834053754807 3.2519142776727668 4.8941641226410866
leaf_count=28 16 32 17 36 21 32 32 34 19 15 24 19 25 20 28 18 27
internal_value=0.000224807 -0.00428079 0.0318696 -0.0147058 -0.00416119 0.00465654 0.017208 0.0271242 0.0100325 0.0766463 -0.0108041 -0.0306206 -0.0217936 0.0774168 0.0470005 -0.00189448 -0.0245202
internal_weight=84.1322 80.9094 18.11 62.7994 52.4987 47.2248 38.6369 35.0253 29.8555 7.11359 22.7419 18.1324 8.31423 9.79575 7.01485 12.6219 9.36999
internal_count=443 415 122 293 257 236 204 188 154 47 107 83 42 80 60 64 46
is_linear=0
shrinkage=0.1


Tree=19
num_leaves=18
num_cat=0
split_feature=22 24 21 30 21 22 1 11 7 22 20 24 20 24 0 30 23
split_gain=3.65006 2.57552 2.99435 3.98449 3.01791 2.36658 3.29186 3.83553 5.16539 2.40333 2.31248 2.26149 2.31942 1.7972 1.78983 0.73394 0.111614
threshold=69.750000000000014 60.500000000000007 61.500000000000007 215.50000000000003 40.500000000000007 96.250000000000014 1.5000000000000002 1.0000000180025095e-35 0.90000000000000013 93.250000000000014 84.500000000000014 56.500000000000007 238.50000000000003 37.500000000000007 1.5000000000000002 56.500000000000007 52.500000000000007
decision_type=2 2 2 2 2 2 2 2 2 2 2 2 2 2 2 2 2
left_child=-1 2 3 4 -2 6 9 -8 -9 11 -6 12 13 -4 -15 -12 -17
right_child=1 -3 5 -5 10 -7 7 8 -10 -11 15 -13 -14 14 -16 16 -18
leaf_value=0.10709813839178386 -0.0012951377023932937 -0.057599746156820654 -0.038052434450179196 -0.047616742402816867 0.0096841484877379889 -0.078353134660251178 -0.085752452585288172 0.059894759580573248 -0.082812248179532949 0.087689312429762439 0.075168539569801518 -0.049206701313991519 0.095960859112262389 0.076420142899524521 -0.010913980467695978 0.12448412706544394 0.15589702248647461
leaf_weight=3.0772412978112689 5.0289730653166798 8.0288686305284482 5.7880229502916434 4.3590850159525862 2.4048514366149885 4.6396397352218619 8.4951725155115128 6.5115832611918449 4.154690645635128 4.2126503512263289 2.20473637804389 5.7060327976942053 3.5114311501383773 4.6980086863040906 4.688493624329567 1.765213895589113 3.1487625800073147
leaf_count=28 33 31 28 17 11 19 31 37 18 24 18 24 32 27 22 19 24
internal_value=0.000240205 -0.00390401 0.00214103 0.0362508 0.0613726 -0.0101681 -0.00354515 -0.03562 0.00430801 0.0179409 0.0944646 0.00589492 0.022721 0.0057731 0.0327973 0.123105 0.144613
internal_weight=82.4235 79.3462 71.3173 18.9116 14.5525 52.4057 47.7661 19.1614 10.6663 28.6046 9.52356 24.392 18.686 15.1745 9.3865 7.11871 4.91398
internal_count=443 415 384 122 105 262 243 86 55 157 72 133 109 77 49 61 43
is_linear=0
shrinkage=0.1


Tree=20
num_leaves=17
num_cat=0
split_feature=20 19 7 23 19 3 24 24 7 19 22 23 3 23 22 23
split_gain=3.16444 2.97266 4.94885 3.88853 3.97711 3.24516 3.20049 2.43713 2.28197 1.95697 1.8493 1.8845 1.4663 1.44805 0.963472 0.338902
threshold=87.500000000000014 1.5000000000000002 0.90000000000000013 206.10000000000002 3.5000000000000004 0.40000000000000008 56.500000000000007 52.500000000000007 0.45000000000000007 2.5000000000000004 89.050000000000026 40.180000000000007 2.5000000000000004 84.500000000000014 90.550000000000011 49.500000000000007
decision_type=2 2 2 2 2 2 2 2 2 2 2 2 2 2 2 2
left_child=8 6 3 4 7 -6 10 13 12 -4 11 -2 -1 14 15 -3
right_child=1 2 9 -5 5 -7 -8 -9 -10 -11 -12 -13 -14 -15 -16 -17
leaf_value=-0.031268047682176323 -0.012643798239213798 0.14035654332365244 -0.070558463259028911 -0.031786114735657713 -0.037385969812847447 0.082458252779862351 -0.077590471061385724 0.021332822184176203 0.010824424163071897 0.013654363115355681 -0.025790745411600154 0.091830342962740397 -0.099825086319950018 0.1634248490927912 0.03617607763375677 0.084629070384487012
leaf_weight=7.6173909306526202 3.154019512236121 2.633867904543882 5.5939040519297105 4.8451904729008666 5.1648984178900701 4.0165153965353966 6.4064496979117385 3.1497284844517699 7.2326779887080184 5.4460221752524376 8.0626130774617177 3.8148280866444111 5.2837395519018173 4.6762367114424706 2.1732262149453163 1.8632879815995691
leaf_count=33 21 27 24 21 24 29 25 19 32 31 39 30 17 39 16 16
internal_value=0.000236957 0.0115829 0.0278329 0.0498365 0.066539 0.0150413 -0.0184058 0.0991556 -0.0341387 -0.0290161 0.00681886 0.0445466 -0.059346 0.120759 0.0908475 0.117267
internal_weight=81.1346 61.0008 39.5629 28.523 23.6778 9.18141 21.4379 14.4963 20.1338 11.0399 15.0315 6.96885 12.9011 11.3466 6.67038 4.49716
internal_count=443 361 246 191 170 53 115 117 82 55 90 51 50 98 59 43
is_linear=0
shrinkage=0.1


Tree=21
num_leaves=20
num_cat=0
split_feature=30 21 24 19 23 7 20 21 30 30 13 24 22 23 30 22 22 20 20
split_gain=2.64026 3.22748 2.89059 3.51871 3.89755 2.79724 2.73911 1.66359 1.70316 3.25144 3.1881 1.45253 2.38472 1.38389 1.32818 1.31976 1.29142 0.80256 0.0910808
threshold=229.50000000000003 83.500000000000014 34.000000000000007 1.5000000000000002 107.50000000000001 1.0000000180025095e-35 97.000000000000014 76.500000000000014 63.500000000000007 77.500000000000014 1.0000000180025095e-35 56.500000000000007 85.050000000000011 110.50000000000001 356.00000000000006 91.65000000000002 88.750000000000014 270.00000000000006 191.50000000000003
decision_type=2 2 2 2 2 2 2 2 2 2 2 2 2 2 2 2 2 2 2
left_child=1 2 5 4 11 18 13 8 17 -10 -11 12 -4 -5 -2 -6 -3 -8 -1
right_child=14 16 3 6 15 -7 7 -9 9 10 -12 -13 -14 -15 -16 -17 -18 -19 -20
leaf_value=0.14854407935250169 -0.080444871849427946 -0.002745839201741112 -0.0076830269727340104 -0.04199347635112715 -0.10011579128339976 0.0064513680072902898 0.12943805256479288 0.11620964418632358 -0.048709658347848517 0.12469320948060961 0.0046795389236980013 -0.032000243613885551 0.118398294895425 0.031093699458557156 -0.0090620303816066373 -0.028829475335114797 -0.071309091410956885 0.040437941553126112 0.11730729976265249
leaf_weight=2.1548153683543201 5.4977074265480024 4.81938638538122 3.1878095641732234 6.303340859711172 5.5112194120883924 3.0503930449485779 2.5239248983562055 3.2309596501290789 4.4850926101207724 3.8321711309254152 5.2401403300464153 3.1679677814245224 2.8336302787065506 4.39852624386549 4.9565650001168251 4.9115638509392738 6.3890741392970085 1.6927319169044492 1.6468784920871256
leaf_count=18 21 24 20 26 20 16 26 26 24 28 30 13 24 21 22 20 25 17 22
internal_value=0.000247934 0.00730722 0.0167747 0.00862934 -0.0246647 0.07778 0.0292232 0.0502028 0.0382041 0.0209406 0.0553737 0.022812 0.0516496 -0.0119542 -0.0466009 -0.0665233 -0.0418284 0.0937099 0.135012
internal_weight=79.8339 69.3796 58.1712 51.3191 19.6122 6.85209 31.7069 21.005 17.7741 13.5574 9.07231 9.18941 6.02144 10.7019 10.4543 10.4228 11.2085 4.21666 3.80169
internal_count=443 400 351 295 97 56 198 151 125 82 58 57 44 47 43 40 49 43 40
is_linear=0
shrinkage=0.1


Tree=22
num_leaves=17
num_cat=0
split_feature=22 23 2 15 0 30 30 24 30 19 21 19 20 3 20 3
split_gain=2.4791 2.493 2.93788 3.02946 4.07041 3.10675 2.96862 2.6408 3.33235 2.48761 2.26148 2.24204 2.22693 2.2026 2.04794 0.88529
threshold=95.200000000000003 36.150000000000006 1.5000000000000002 1.0000000180025095e-35 1.5000000000000002 176.00000000000003 117.50000000000001 40.500000000000007 68.500000000000014 2.5000000000000004 73.500000000000014 1.5000000000000002 87.500000000000014 1.7500000000000002 234.50000000000003 1.7500000000000002
decision_type=2 2 2 2 2 2 2 2 2 2 2 2 2 2 2 2
left_child=1 7 3 4 9 -5 10 8 -1 14 -6 -4 -13 -2 15 -3
right_child=13 2 11 5 6 -7 -8 -9 -10 -11 -12 12 -14 -15 -16 -17
leaf_value=0.095096900337613532 -0.093644513613602418 -0.040396487971949099 -0.0074645668966582916 -0.098130525191580248 0.15108765124558285 0.0010192528260452053 -0.02571519407148062 0.11554141607918314 -0.041193741529051475 0.034931413875040881 0.029379177596157893 0.0061327209309186862 0.11843452466341707 -0.0012187864092084435 0.013239093766570623 -0.097970656936387929
leaf_weight=3.0374092832207662 4.9363363310694677 6.1983337327837997 5.6723012030124647 7.2157420329749566 3.5103339627385122 5.6228982955217361 2.8098594397306442 3.983076486736536 4.382294587790966 5.9019843302667132 2.7016940116882324 2.8442613109946251 4.6567794233560562 5.3978811278939247 4.7928154021501532 4.6927256882190704
leaf_count=31 20 27 29 28 31 26 12 34 25 38 17 13 38 26 30 18
internal_value=0.000267112 0.00720011 -0.00139114 -0.0139342 0.00316791 -0.0547062 0.0595757 0.0498594 0.0145997 -0.020408 0.098155 0.0399766 0.0758517 -0.0453677 -0.0412327 -0.065204
internal_weight=78.3567 68.0225 56.6197 43.4464 30.6077 12.8386 9.02189 11.4028 7.4197 21.5859 6.21203 13.1733 7.50104 10.3342 15.6839 10.8911
internal_count=443 397 307 227 173 54 60 90 56 113 48 80 51 46 75 45
is_linear=0
shrinkage=0.1


Tree=23
num_leaves=17
num_cat=0
split_feature=20 22 1 24 20 7 25 10 24 7 3 21 3 30 23 23
split_gain=2.18732 2.18637 2.47236 2.3153 2.68672 2.21614 2.6518 2.02998 1.89245 1.75119 1.52786 1.39113 1.26751 1.23947 0.866099 0.627266
threshold=87.500000000000014 72.550000000000026 1.5000000000000002 56.500000000000007 238.50000000000003 0.90000000000000013 1.0000000180025095e-35 1.0000000180025095e-35 37.500000000000007 0.45000000000000007 0.40000000000000008 71.500000000000014 2.5000000000000004 62.500000000000007 108.50000000000001 68.500000000000014
decision_type=2 2 2 2 2 2 2 2 2 2 2 2 2 2 2 2
left_child=9 10 3 4 5 6 8 13 -3 12 -2 -10 -1 -4 -15 -6
right_child=1 2 7 -5 15 -7 -8 -9 11 -11 -12 -13 -14 14 -16 -17
leaf_value=-0.02562169807432356 0.01064722690889231 0.014687091056796546 0.0053214386696932466 -0.02565770212982825 0.060959944367073832 -0.037360280654906382 -0.02634138481937693 0.032624990826316314 0.055565291923797923 0.010414719745411478 0.12868783935114123 0.15848379495090237 -0.091704706002948513 -0.081582800719357806 -0.029535530224834617 0.1320667223357245
leaf_weight=7.2233560681343096 1.9438551478087891 3.3417460359633058 5.207712456583983 7.1968096271157256 2.0964239090681067 4.7667888402938834 3.8376065604388705 5.6734058558940879 2.4453371353447437 7.0974960252642623 2.5155587196350098 2.8371191620826721 4.8522491604089737 5.7080637216567975 7.2684203311800957 3.0389345176517963
leaf_count=33 17 22 32 35 24 21 19 35 21 32 27 22 17 22 31 33
internal_value=0.000267912 0.00996536 0.00434971 0.0236768 0.0395528 0.0206295 0.0428113 -0.0195975 0.0735829 -0.0290058 0.077234 0.110841 -0.0521753 -0.0358907 -0.05243 0.103039
internal_weight=77.0509 57.8778 53.4184 29.5608 22.364 17.2286 12.4618 23.8576 8.6242 19.1731 4.45941 5.28246 12.0756 18.1842 12.9765 5.13536
internal_count=443 361 317 197 162 105 84 120 65 82 44 43 50 85 53 57
is_linear=0
shrinkage=0.1


Tree=24
num_leaves=17
num_cat=0
split_feature=21 20 30 10 22 23 30 21 21 30 24 20 21 21 12 10
split_gain=2.23313 3.23561 2.64073 3.76355 4.54141 2.64157 2.00823 2.24887 1.95554 1.93108 1.70306 2.64978 2.22351 2.62326 0.740481 0.668982
threshold=75.500000000000014 238.50000000000003 220.50000000000003 1.0000000180025095e-35 82.050000000000011 73.250000000000014 77.500000000000014 62.500000000000007 41.500000000000007 59.500000000000007 56.500000000000007 87.500000000000014 82.500000000000014 77.500000000000014 1.0000000180025095e-35 1.0000000180025095e-35
decision_type=2 2 2 2 2 2 2 2 2 2 2 2 2 2 2 2
left_child=1 2 3 4 9 -5 7 -6 -3 -1 11 -2 13 -13 -10 -14
right_child=10 8 -4 5 6 -7 -8 -9 14 -11 -12 12 15 -15 -16 -17
leaf_value=0.012212612378525854 -0.061133291114209211 -0.013550281070928588 -0.054646228205541304 0.0047520538042452772 -0.005274291579938333 0.11442706173921957 0.011680162503968054 -0.092689646653515145 0.13143024448347312 0.13870997702931417 -0.068653118702321395 -0.0011667306849999148 0.011294317662003159 0.1396359570851585 0.062783795608334664 -0.043275711564873143
leaf_weight=2.2801098637282875 6.6634725928306642 2.1188279017806035 6.9713492989540091 3.7938442677259427 5.2304170019924658 5.2144649811089039 7.4505747258663169 6.7294304966926575 3.182472363114357 2.5637292228639126 6.2162151783704749 2.7491849102079859 4.6537582352757436 2.5509514138102531 3.1039801239967346 4.3429754748940468
leaf_count=15 28 18 28 24 30 38 35 28 36 25 25 18 25 25 27 18
internal_value=0.000274722 0.0131034 0.00131471 0.0130433 -0.00745644 0.0682375 -0.0290726 -0.0544602 0.0695327 0.0791647 -0.0226854 -0.00905268 0.015221 0.0666015 0.0975356 -0.0150482
internal_weight=75.8158 48.6392 40.2339 33.2626 24.2543 9.00831 19.4104 11.9598 8.40528 4.84384 27.1766 20.9603 14.2969 5.30014 6.28645 8.99673
internal_count=443 304 223 195 133 62 93 58 81 40 139 114 86 43 63 43
is_linear=0
shrinkage=0.1


Tree=25
num_leaves=17
num_cat=0
split_feature=23 22 1 10 24 30 21 23 19 21 23 30 24 21 21 20
split_gain=1.95242 2.48363 1.98157 3.20506 2.56049 2.55178 2.70237 1.86335 1.32841 3.57628 1.29936 1.29477 1.3902 1.26239 0.528972 0.164255
threshold=246.30000000000004 96.050000000000011 1.5000000000000002 1.0000000180025095e-35 52.500000000000007 229.50000000000003 80.500000000000014 95.280000000000015 2.5000000000000004 64.500000000000014 70.000000000000014 62.500000000000007 47.500000000000007 72.500000000000014 67.500000000000014 139.50000000000003
decision_type=2 2 2 2 2 2 2 2 2 2 2 2 2 2 2 2
left_child=1 2 4 11 5 6 8 -6 9 15 -11 -4 -13 -5 -10 -1
right_child=-2 -3 3 13 7 -7 -8 -9 14 10 -12 12 -14 -15 -16 -17
leaf_value=0.15703257951445332 -0.044918501669758963 -0.056535482641446533 0.0083815409762540895 0.097851932560526975 -0.050292598374478498 -0.028073436516439426 0.00027216337744275431 0.038235448195406543 0.08276329158299417 -0.037683641815384319 0.058762950428119201 -0.07211344627956251 -0.0043211018395944009 0.011228821244960073 0.14686913647867467 0.11518104874664177
leaf_weight=1.7515871673822458 8.465373642742632 5.7763605602085581 6.1042276844382348 3.0644309520721427 5.9474335387349111 3.9541843086481085 5.5539534613490096 3.9610656350851059 2.1224455647170535 2.9093519113957882 2.6869623437523842 8.3005904369056207 4.7593577690422526 3.7304031923413277 3.2707513719797134 2.0183612871915102
leaf_count=13 36 28 38 22 27 17 30 22 21 17 23 34 24 23 34 34
internal_value=0.000290556 0.006097 0.0121133 -0.00871522 0.0279339 0.0454239 0.0597308 -0.0149022 0.082105 0.0593398 0.00862333 -0.029638 -0.0474083 0.0502953 0.121641 0.134626
internal_weight=74.3768 65.9115 60.1351 25.959 34.1761 24.2676 20.3134 9.9085 14.7595 9.36626 5.59631 19.1642 13.0599 6.79483 5.3932 3.76995
internal_count=443 407 379 141 238 189 172 49 142 87 40 96 58 45 55 47
is_linear=0
shrinkage=0.1


Tree=26
num_leaves=18
num_cat=0
split_feature=21 30 23 30 22 30 20 19 20 21 21 23 12 3 23 24 30
split_gain=1.7625 1.99958 1.78749 2.11025 2.9106 3.32109 2.02043 1.98278 2.16385 1.7766 5.01162 1.69903 3.96402 1.67673 1.47019 1.37939 0.0287871
threshold=87.500000000000014 220.50000000000003 243.45000000000002 121.50000000000001 95.200000000000003 103.50000000000001 318.50000000000006 2.5000000000000004 87.500000000000014 64.500000000000014 40.500000000000007 100.30000000000001 1.0000000180025095e-35 1.1000000000000003 156.00000000000003 40.500000000000007 77.500000000000014
decision_type=2 2 2 2 2 2 2 2 2 2 2 2 2 2 2 2 2
left_child=1 2 3 4 5 6 7 9 -9 10 -1 12 -11 -5 16 -3 -10
right_child=-2 15 -4 13 -6 -7 -8 8 14 11 -12 -13 -14 -15 -16 -17 -18
leaf_value=-0.047577565051679017 -0.050227610324598472 0.0025731028782453708 -0.032983101723011041 0.015716553484504289 -0.05836097575598384 -0.059160895476402214 0.11626815975449339 -0.0043298131959423154 0.12059101858403219 0.081492327324957328 0.13187137750717151 -0.055380858307205127 -0.061642610758442455 0.10817048202565926 0.024186821556953592 -0.074371456702319358 0.13695017542451041
leaf_weight=2.8585728183388808 6.3077089712023726 4.4357743933796865 7.6485829949378958 3.5860045030713072 5.4232701286673537 4.6145418062806121 2.5895783249288788 3.2681098356842977 2.1591261215507984 4.241800129413603 3.4162306915968657 5.7675086110830307 3.5575824417173862 4.3304436318576336 1.9564158692955969 4.9074959829449654 2.1435742266476154
leaf_count=16 27 22 33 18 26 23 39 16 29 33 38 26 16 28 12 21 20
internal_value=0.000304222 0.00506832 0.0120334 0.0189317 0.0100044 0.020142 0.0315927 0.0241265 0.0616237 0.00612171 0.0501209 -0.0142283 0.0162033 0.0662906 0.0960605 -0.0378416 0.128741
internal_weight=73.2123 66.9046 57.5613 49.9128 41.9963 36.573 31.9585 29.3689 9.52723 19.8417 6.2748 13.5669 7.79938 7.91645 6.25912 9.34327 4.3027
internal_count=443 416 373 340 294 268 245 206 77 129 54 75 49 46 61 43 49
is_linear=0
shrinkage=0.1


Tree=27
num_leaves=19
num_cat=0
split_feature=21 20 21 7 30 30 23 22 2 21 22 30 20 20 30 22 23 30
split_gain=1.48113 2.58652 2.01393 3.05141 4.09509 3.46803 3.41724 4.09644 2.14534 1.72266 1.65033 2.6913 6.46514 1.80522 1.092 0.759619 0.527561 0.0210881
threshold=75.500000000000014 238.50000000000003 72.500000000000014 0.90000000000000013 55.500000000000007 104.50000000000001 206.10000000000002 93.050000000000011 1.5000000000000002 41.500000000000007 84.450000000000017 82.500000000000014 224.50000000000003 146.50000000000003 124.50000000000001 90.950000000000017 73.250000000000014 82.500000000000014
decision_type=2 2 2 2 2 2 2 2 2 2 2 2 2 2 2 2 2 2
left_child=1 2 3 4 -1 -5 7 8 16 -3 13 12 -12 -2 -13 17 -6 -11
right_child=10 9 -4 5 6 -7 -8 -9 -10 15 11 14 -14 -15 -16 -17 -18 -19
leaf_value=-0.048298236455528679 -0.096203466583294414 -0.01492153382296069 0.060817977161463005 -0.0056328681627171393 0.093845566071217065 -0.12051977764447255 -0.052116466395053053 -0.031968710618684337 0.024377606856675157 0.11557924180549183 0.15034096970307542 -0.064798901967761377 -0.044198057472739569 -0.0097443965595710325 0.0040513823719014602 0.047187428605030918 0.15394675865120314 0.13158075638991804
leaf_weight=7.3652491122484234 4.6704679355025309 2.0341274235397568 4.8305093981325617 6.5754411295056325 2.2805858571082336 4.376189686357975 3.0393736511468878 3.1277960538864127 2.5934334192425013 2.028743721544743 3.257417235523465 5.1875797435641271 3.5921473950147629 5.000599879771471 4.1436876505613327 2.2447727508842945 4.0616448577493429 1.3864405229687689
leaf_count=38 17 18 33 35 23 15 12 17 20 32 24 22 22 34 20 17 30 14
internal_value=0.000330946 0.0111049 0.000463419 -0.00826027 0.012836 -0.0515408 0.0426495 0.0665257 0.101002 0.0640079 -0.0188167 0.000716621 0.048318 -0.0514982 -0.0342249 0.0923743 0.132335 0.122075
internal_weight=71.7962 45.9443 38.2502 33.4197 22.4681 10.9516 15.1028 12.0635 8.93566 7.69408 25.8519 16.1808 6.84956 9.67107 9.33127 5.65996 6.34223 3.41518
internal_count=443 304 223 190 140 50 102 90 73 81 139 88 46 51 42 63 53 46
is_linear=0
shrinkage=0.1


Tree=28
num_leaves=16
num_cat=0
split_feature=20 19 7 19 23 3 24 21 7 23 7 23 20 3 20
split_gain=1.41107 1.64256 3.22286 2.79676 2.67958 2.39065 2.05538 1.91386 2.13598 2.41309 1.46552 1.4056 1.27946 1.06027 0.799136
threshold=87.500000000000014 1.5000000000000002 0.90000000000000013 3.5000000000000004 206.10000000000002 0.40000000000000008 52.500000000000007 76.500000000000014 1.0000000180025095e-35 107.50000000000001 0.45000000000000007 84.500000000000014 216.50000000000003 2.5000000000000004 170.50000000000003
decision_type=2 2 2 2 2 2 2 2 2 2 2 2 2 2 2
left_child=10 7 3 4 6 -5 11 8 9 -2 13 14 -4 -1 -3
right_child=1 2 12 5 -6 -7 -8 -9 -10 -11 -12 -13 -14 -15 -16
leaf_value=-0.021288309447574531 0.030067793744053797 0.045397618539340996 -0.054351528379457274 -0.049549197293929655 -0.010932446765558452 0.054062695634171556 0.014592128482682301 -0.06269069245145463 0.06237092224768509 -0.075866139515367637 0.012553545307061459 0.15884141901502841 0.022042877000479855 -0.084634020925057285 0.12466135462570666
leaf_weight=6.6320480629801768 4.2988671008497494 2.9946566522121447 6.1987741850316507 4.9600479900836927 3.4013352394103995 4.0412684790790081 2.780138634145259 5.8354841023683539 4.4579722154885522 4.3024020604789257 6.7815861552953711 3.8359201978892088 3.3919610120356083 4.3922015503048897 2.2110988982021809
leaf_count=33 39 25 30 25 17 32 19 26 32 18 32 39 25 17 34
internal_value=0.000313867 0.00853567 0.0217312 0.0411563 0.067284 -0.00303117 0.0897882 -0.01508 0.00619474 -0.0229209 -0.0240248 0.11291 -0.0273331 -0.046526 0.0790642
internal_weight=70.5158 52.7099 33.8152 24.2245 15.2231 9.00132 11.8218 18.8947 13.0592 8.60127 17.8058 9.04168 9.59074 11.0242 5.20576
internal_count=443 361 246 191 134 57 117 115 89 57 82 98 55 50 59
is_linear=0
shrinkage=0.1


Tree=29
num_leaves=19
num_cat=0
split_feature=30 21 20 0 23 22 20 25 21 21 11 22 23 22 30 7 7 24
split_gain=1.30897 1.60255 1.43509 1.86905 1.79271 1.5621 1.80022 1.49216 2.02911 3.05063 1.92488 4.82854 1.97893 1.48279 1.06177 0.972925 0.653014 0.0137815
threshold=229.50000000000003 87.500000000000014 116.50000000000001 1.5000000000000002 88.500000000000014 84.250000000000014 47.500000000000007 1.0000000180025095e-35 38.000000000000007 62.500000000000007 1.0000000180025095e-35 81.050000000000011 114.50000000000001 94.15000000000002 356.00000000000006 0.90000000000000013 1.0000000180025095e-35 43.000000000000007
decision_type=2 2 2 2 2 2 2 2 2 2 2 2 2 2 2 2 2 2
left_child=1 2 5 7 17 -1 -7 8 -4 16 12 -12 -11 -8 -2 -13 -10 -5
right_child=14 -3 3 4 -6 6 13 -9 9 10 11 15 -14 -15 -16 -17 -18 -19
leaf_value=-0.055969810465619434 -0.067857354339782683 -0.045935559390736416 -0.073318683931832995 0.11713222154409737 0.026143776264260732 0.066612458255746174 0.015821381340273742 -0.0462373015433633 0.065736882505834857 0.026683588150183093 -0.047754616301027002 0.13604884266006242 -0.077102516617520017 -0.058244080517038513 0.00029388858492128151 0.047704422710286389 0.14574542631886267 0.13025207805559083
leaf_weight=5.4517491757869747 4.7304123938083631 5.4726062044501296 2.089824900031096 1.8456569574773305 4.6595173347741365 3.7436244785785666 6.8549817651510221 3.937571730464696 1.9600519966334129 3.5453288666903982 3.5741610657423735 3.2963084951043129 3.8131267800927162 4.4627284333109856 4.4239813089370728 2.0047186128795147 2.1272556632757187 1.4140630066394804
leaf_count=23 21 25 12 30 33 20 37 21 26 28 24 37 15 19 22 15 18 17
internal_value=0.000309537 0.00566239 0.010817 0.0233398 0.0659392 -0.0101025 0.00650007 0.0105362 0.0205112 0.0301608 0.0107191 0.0420735 -0.027098 -0.0133836 -0.0349224 0.102639 0.107378 0.122824
internal_weight=69.4077 60.2533 54.7807 34.2676 7.91924 20.5131 15.0613 26.3483 22.4108 20.321 16.2336 8.87519 7.35846 11.3177 9.15439 5.30103 4.08731 3.25972
internal_count=443 400 375 276 80 99 76 196 175 163 119 76 43 56 43 52 44 47
is_linear=0
shrinkage=0.1


Tree=30
num_leaves=16
num_cat=0
split_feature=22 20 22 14 21 30 30 19 15 23 23 21 30 20 20
split_gain=1.18224 2.16029 1.6856 2.19319 2.01479 1.62614 2.54261 2.17257 3.87356 3.09086 2.33118 2.02026 1.88322 0.924637 0.887802
threshold=71.450000000000017 130.00000000000003 77.450000000000017 1.0000000180025095e-35 68.500000000000014 171.00000000000003 121.50000000000001 1.5000000000000002 1.0000000180025095e-35 73.250000000000014 102.50000000000001 70.500000000000014 324.00000000000006 156.50000000000003 201.00000000000003
decision_type=2 2 2 2 2 2 2 2 2 2 2 2 2 2 2
left_child=1 -1 -2 5 -5 6 7 10 9 13 14 -11 -7 -9 -4
right_child=2 -3 3 4 -6 12 -8 8 -10 11 -12 -13 -14 -15 -16
leaf_value=-0.03401512196449677 -0.052313229775991649 0.1180781321972581 0.045241098600698547 0.00057230291583771199 0.096140426854041283 -0.074282242643887497 0.07395149469545069 -0.055061902632828487 -0.058052008075759956 0.15607622532775317 -0.068282000246877736 0.049263483862948404 0.0097387455303394061 0.026560818792070996 -0.027304950380416228
leaf_weight=1.6090040057897561 6.2330933455377808 2.2256939392536879 3.5117119438946238 4.4153425171971303 4.4086400382220745 6.4767413698136789 4.5670588016510001 2.6031522303819674 4.9499905388802281 2.6901757512241602 8.5073443725705129 5.1812569424510002 4.5358478426933289 2.9728439319878817 3.2463033441454172
leaf_count=8 36 34 22 27 34 29 28 14 26 28 37 39 23 32 26
internal_value=0.000321557 0.0542612 -0.0028953 0.00240943 0.0483201 -0.00581751 0.0039358 -0.00556329 0.017578 0.0454173 -0.0334525 0.0857683 -0.0396758 -0.0115447 0.0103926
internal_weight=68.1342 3.8347 64.2995 58.0664 8.82398 49.2424 38.2298 33.6628 18.3974 13.4474 15.2654 7.87143 11.0126 5.576 6.75802
internal_count=443 42 401 365 61 304 252 224 139 113 85 67 52 46 48
is_linear=0
shrinkage=0.1


Tree=31
num_leaves=18
num_cat=0
split_feature=22 21 24 30 21 22 22 22 22 19 30 13 30 21 3 3 7
split_gain=1.21238 1.39108 1.62742 1.89725 2.48348 1.56594 2.74713 1.91942 3.0433 3.12343 3.53731 2.27631 1.31798 1.20011 1.12139 1.08383 0.371436
threshold=70.250000000000014 61.500000000000007 43.000000000000007 132.50000000000003 40.500000000000007 95.200000000000003 92.350000000000009 90.65000000000002 84.250000000000014 1.5000000000000002 171.00000000000003 1.0000000180025095e-35 103.50000000000001 51.500000000000007 2.5000000000000004 1.7500000000000002 0.65000000000000013
decision_type=2 2 2 2 2 2 2 2 2 2 2 2 2 2 2 2 2
left_child=-1 2 13 4 -4 6 7 8 11 -10 16 15 -13 -2 -8 -3 -11
right_child=1 5 3 -5 -6 -7 14 -9 9 10 -12 12 -14 -15 -16 -17 -18
leaf_value=0.065902034897136391 0.028582528633732358 -0.03530662089736223 -0.050971993419967027 -0.070510504382495398 0.0796354013129007 -0.054685705617191376 0.097861707255136599 -0.065229073462752626 -0.046137435257035203 0.13815455505322424 -0.015048106806115156 -0.033252142495764442 -0.11358537603602213 0.11394414884758702 0.015278836323226637 0.039002768928942541 0.084382920358317362
leaf_weight=2.7045971034094682 4.8054584730416563 3.5237728469073817 2.4478816390037519 3.0066239535808563 3.5925347469747066 7.010755628347396 3.217915214598178 6.2012245692312709 3.4629249908030024 3.1965061798691732 3.306585393846035 4.6119052488356829 3.6654957830905914 2.5058574285358191 3.3623734712600708 4.4308103881776333 2.1477993242442608
leaf_count=31 36 19 13 13 32 36 23 30 20 33 15 33 12 31 19 29 18
internal_value=0.000310338 -0.00244019 0.022753 -0.00560172 0.0267067 -0.0110014 -0.00355472 -0.0148343 -0.00380938 0.0341198 0.0662465 -0.0321157 -0.0688262 0.0578391 0.0556638 0.00608471 0.116545
internal_weight=67.201 64.4964 16.3584 9.04704 6.04042 48.1381 41.1273 34.547 28.3458 12.1138 8.65089 16.232 8.2774 7.31132 6.58029 7.95458 5.34431
internal_count=443 412 125 58 45 287 251 209 179 86 66 93 45 67 42 48 51
is_linear=0
shrinkage=0.1


Tree=32
num_leaves=18
num_cat=0
split_feature=24 21 30 21 23 23 2 20 15 20 23 3 21 20 24 22 22
split_gain=1.15256 1.96905 2.00422 1.52904 2.00609 3.6929 2.3006 2.21733 2.11015 2.87956 1.53955 1.68096 1.51703 1.7845 1.45972 1.06135 0.733969
threshold=69.500000000000014 61.500000000000007 117.50000000000001 67.500000000000014 59.300000000000004 73.250000000000014 1.5000000000000002 114.50000000000001 1.0000000180025095e-35 201.00000000000003 16.500000000000004 1.0000000180025095e-35 48.500000000000007 169.50000000000003 47.500000000000007 90.950000000000017 91.15000000000002
decision_type=2 2 2 2 2 2 2 2 2 2 2 2 2 2 2 2 2
left_child=1 2 12 15 10 -6 8 -8 9 14 -5 -12 13 -1 -7 -3 -14
right_child=-2 3 -4 4 5 6 7 -9 -10 -11 11 -13 16 -15 -16 -17 -18
leaf_value=-0.027875372234531376 -0.042643969949386684 -0.009376127990964175 -0.0086605228044419318 -0.0095561909168487228 -0.092124787793371604 0.097046375595111076 -0.0023964611685701911 0.12012727395145269 -0.071683354545041253 -0.048056477815016554 0.022343999115904185 0.13028259589907237 0.073888999089731885 0.086728759208801187 0.0041603865450473383 -0.077402232864688739 0.16440623900214649
leaf_weight=2.595225375145672 5.7102067768573752 4.7051363065838796 6.1216815505176774 3.4359958395361883 4.6071740407496717 3.4609200917184406 2.9139924496412268 2.9952584709972143 4.4672311171889296 5.0640398655086756 2.9585712365806103 2.8161020260304213 1.9365548854693773 2.8515254762023687 3.3099621161818504 4.4748125933110714 1.6668635234236715
leaf_count=13 29 33 36 22 23 26 14 28 19 31 24 29 30 32 18 19 17
internal_value=0.000298206 0.00435923 0.0355317 -0.00610202 0.00318099 -0.0106475 0.0062528 0.0597079 -0.0131238 0.00898025 0.0434453 0.0749818 0.0654241 0.0321231 0.0516388 -0.0425358 0.11576
internal_weight=66.0913 60.381 15.1719 45.2092 36.0292 26.8186 22.2114 5.90925 16.3022 11.8349 9.21067 5.77467 9.05017 5.44675 6.77088 9.17995 3.60342
internal_count=443 414 128 286 234 159 136 42 94 75 75 53 92 45 44 52 47
is_linear=0
shrinkage=0.1


Tree=33
num_leaves=17
num_cat=0
split_feature=23 23 24 23 12 30 22 14 24 22 22 22 20 19 20 20
split_gain=1.16404 1.77009 3.70959 2.44721 1.77676 1.52674 1.64275 1.68495 1.87429 2.07441 2.15182 1.64894 1.61308 1.77422 1.17744 1.0585
threshold=246.30000000000004 146.00000000000003 52.500000000000007 114.50000000000001 1.0000000180025095e-35 229.50000000000003 96.050000000000011 1.0000000180025095e-35 56.500000000000007 76.200000000000003 80.550000000000011 82.40000000000002 111.50000000000001 2.5000000000000004 224.50000000000003 138.00000000000003
decision_type=2 2 2 2 2 2 2 2 2 2 2 2 2 2 2 2
left_child=1 3 4 5 -3 6 7 8 9 -1 -11 -9 -12 14 -14 -5
right_child=-2 2 -4 15 -6 -7 -8 11 -10 10 12 -13 13 -15 -16 -17
leaf_value=0.10955750191897505 -0.036845610782682628 0.055815365944284462 0.12062586411404459 -0.093665560195996034 -0.029037373432876514 -0.049111646330791764 -0.064056535614914353 0.010622913302772456 -0.045116675800027831 -0.059086523352174319 -0.014365127576585491 0.12790454501141396 0.077870034895588941 0.12574349421293463 -0.015478919043604489 -0.01910334350184505
leaf_weight=2.4642590908333792 7.4660096690058699 4.1059117391705495 3.7826267853379241 3.8034297451376906 6.185078838840127 4.3946971893310538 2.4932535700500003 2.2035580202937117 4.9502635113894931 3.4482030235230949 5.104401893913745 2.629073666408658 2.3989119529724103 2.5860686786472797 3.0938207618892193 3.8123613819479942
leaf_count=38 36 28 26 17 33 22 14 14 26 21 26 27 21 36 31 27
internal_value=0.000300261 0.00512712 0.0359436 -0.00487005 0.00481727 0.00608964 0.0138225 0.0205462 0.00971751 0.0239324 0.0112455 0.0744271 0.0296415 0.0574461 0.0252906 -0.0563407
internal_weight=64.9219 57.4559 14.0736 43.3823 10.291 35.7665 31.3718 28.8786 24.0459 19.0957 16.6314 4.83263 13.1832 8.0788 5.49273 7.61579
internal_count=443 407 87 320 61 276 254 240 199 173 135 41 114 88 52 44
is_linear=0
shrinkage=0.1


Tree=34
num_leaves=19
num_cat=0
split_feature=21 1 20 20 24 20 12 21 10 21 30 20 3 7 22 30 20 20
split_gain=0.978971 1.09528 2.87236 1.40143 1.38149 1.65888 1.61747 1.30634 1.18848 1.31727 1.08208 1.07387 1.0018 1.11819 0.992577 1.07923 0.590165 0.024121
threshold=87.500000000000014 1.5000000000000002 238.50000000000003 213.50000000000003 37.500000000000007 116.50000000000001 1.0000000180025095e-35 66.500000000000014 1.0000000180025095e-35 72.500000000000014 50.500000000000007 348.50000000000006 0.40000000000000008 0.90000000000000013 92.450000000000017 76.500000000000014 189.50000000000003 260.50000000000006
decision_type=2 2 2 2 2 2 2 2 2 2 2 2 2 2 2 2 2 2
left_child=1 2 3 4 6 14 -1 -7 10 -10 -3 17 -12 16 15 -6 -14 -4
right_child=-2 8 11 -5 5 7 -8 -9 9 -11 12 -13 13 -15 -16 -17 -18 -19
leaf_value=0.0094774066793907926 -0.040008801595696669 0.024754365020378106 0.13230941843021113 -0.057352869892913716 -0.039875331660345709 -0.00049639558655240285 0.11918054483373111 0.083833949188548557 0.073774162507759727 -0.016801311376162444 0.0091357299367492671 0.013903667154730952 0.001163926325527812 -0.091485239010130948 -0.058884611991629601 0.032251656676824052 -0.057045265189777809 0.11459947664095685
leaf_weight=3.1162283048033776 5.5078250989317885 3.5694577135145726 1.3142727352678769 3.2603424899280062 3.8402765244245547 4.0290449708700171 2.3632246181368828 3.3761479388922453 2.9904312118887892 3.4674339294433594 3.6304744184017173 1.2963778153061865 3.6531068682670575 4.2843664139509201 4.5691139996051779 4.5117804780602455 3.3290078341960907 1.8538819774985311
leaf_count=24 27 24 14 21 18 29 24 30 25 23 22 21 21 18 22 25 20 35
internal_value=0.000294615 0.00409214 0.0158938 0.004423 0.0122278 0.000214766 0.0567911 0.0379512 -0.0117846 0.0251413 -0.0246979 0.0905736 -0.0365472 -0.0512679 -0.0214122 -0.000912339 -0.0265897 0.121946
internal_weight=63.9628 58.455 33.5307 29.0662 25.8058 20.3264 5.47945 7.40519 24.9243 6.45787 18.4664 4.46453 14.897 11.2665 12.9212 8.35206 6.98211 3.16815
internal_count=443 416 263 193 172 124 48 59 153 48 105 70 81 59 65 43 41 49
is_linear=0
shrinkage=0.1


Tree=35
num_leaves=18
num_cat=0
split_feature=23 23 24 23 20 30 20 1 24 23 30 12 19 20 30 23 20
split_gain=0.967558 1.56739 3.76573 2.07233 1.33608 1.30938 2.27841 1.54196 1.63788 2.17969 1.41447 1.26141 1.07509 0.935757 0.930416 0.873675 0.0105143
threshold=243.45000000000002 146.00000000000003 52.500000000000007 114.50000000000001 87.500000000000014 63.500000000000007 121.50000000000001 1.0000000180025095e-35 56.500000000000007 71.65000000000002 49.500000000000007 1.0000000180025095e-35 2.5000000000000004 138.00000000000003 82.500000000000014 46.500000000000007 208.50000000000003
decision_type=2 2 2 2 2 2 2 2 2 2 2 2 2 2 2 2 2
left_child=1 3 11 4 12 10 -7 8 9 14 15 -3 -1 -5 -8 -6 -12
right_child=-2 2 -4 13 5 6 7 -9 -10 -11 16 -13 -14 -15 -16 -17 -18
leaf_value=0.011098496182170334 -0.032946295988543366 0.04716939907667226 0.12308812486197684 -0.089655397758913194 -0.026405986092746893 0.077792046653396438 -0.050142894225654246 -0.050992211696217517 -0.059196679687524401 0.12871126753414172 0.12422201266273121 -0.02569978769670217 -0.056803424105463622 -0.017976264316783262 0.045205583866756514 0.059369449859180634 0.11083094201518846
leaf_weight=4.209472142159937 7.6924711614847174 3.9208500459790212 3.5421430319547644 3.5722836852073661 2.0690071191638735 3.3292615599930313 1.9390039686113576 6.3362592607736579 2.2047173157334328 1.9441331699490545 1.1474508233368399 6.0275190733373165 5.2272551208734512 3.715671805664897 2.1673306114971638 2.7870662603527308 1.1990399938076732
leaf_count=20 38 27 25 17 20 25 19 37 10 27 14 33 26 27 22 29 27
internal_value=0.000284622 0.00490397 0.0345453 -0.00465149 0.0055675 0.0176179 0.00314487 -0.013887 0.014593 0.0414811 0.0536284 0.00301941 -0.0265142 -0.0531107 0.0001822 0.0228235 0.117379
internal_weight=63.0309 55.3385 13.4905 41.848 34.56 25.1233 17.9207 14.5914 8.25519 6.05047 7.20256 9.94837 9.43673 7.28796 4.10633 4.85607 2.34649
internal_count=443 405 85 320 276 230 140 115 78 68 90 60 46 44 41 49 41
is_linear=0
shrinkage=0.1


Tree=36
num_leaves=17
num_cat=0
split_feature=19 1 24 22 30 21 22 30 23 30 20 7 20 22 30 20
split_gain=0.977287 0.98744 1.39963 2.44181 2.25789 1.88124 1.66734 1.80017 1.30393 1.0051 1.47915 1.39355 2.65873 1.97277 0.688188 0.0216535
threshold=4.5000000000000009 1.5000000000000002 52.500000000000007 90.800000000000026 82.500000000000014 65.500000000000014 85.050000000000011 79.500000000000014 93.500000000000014 50.500000000000007 92.500000000000014 0.90000000000000013 167.50000000000003 89.950000000000017 59.500000000000007 163.50000000000003
decision_type=2 2 2 2 2 2 2 2 2 2 2 2 2 2 2 2
left_child=1 2 3 5 14 15 7 -7 -4 -3 -11 12 -12 -14 -5 -1
right_child=-2 9 8 4 -6 6 -8 -9 -10 10 11 -13 13 -15 -16 -17
leaf_value=0.12884606936835705 0.058418578644819912 0.027395862768792075 -0.0567702741157518 0.0034802188087126001 -0.044973287554413342 -0.04425633203894544 0.096394224824680186 0.06395329160547561 0.016644230083980704 -0.078872369757715652 0.077951434100181349 -0.055188433043429269 0.023521655509176887 -0.077327564751306505 0.077426717415695442 0.11218719559685086
leaf_weight=1.5000481735914974 2.7622653134167185 4.1614351868629482 5.3247059099376184 2.4260654430836421 7.3836561627686024 3.5994049590080959 2.6619298402220011 2.6835983656346798 4.4338509105145931 4.2770080342888859 3.593339469283821 5.3195101059973231 3.942825935781002 3.8179141618311405 2.6152513064444065 1.6260487968102095
leaf_count=16 21 32 27 20 37 32 28 21 27 19 25 28 32 19 22 37
internal_value=0.000274879 -0.00243049 0.00861198 0.0213703 -0.00974921 0.0534023 0.0300643 0.0019622 -0.023414 -0.0174932 -0.0264095 -0.0129521 0.00683611 -0.0260914 0.041841 0.120181
internal_weight=62.1289 59.3666 34.2546 24.496 12.425 12.071 8.94493 6.283 9.75856 25.112 20.9506 16.6736 11.3541 7.76074 5.04132 3.1261
internal_count=443 422 267 213 79 134 81 53 54 155 123 104 76 51 42 53
is_linear=0
shrinkage=0.1


Tree=37
num_leaves=19
num_cat=0
split_feature=21 20 21 21 7 30 30 23 22 2 21 21 7 22 22 21 3 30
split_gain=0.843186 1.61073 1.92288 1.55934 1.94918 2.83337 2.36942 2.15513 2.7332 1.29597 1.19891 1.39595 1.42732 0.814405 0.526453 0.458664 0.181279 0.0118189
threshold=75.500000000000014 238.50000000000003 38.000000000000007 72.500000000000014 0.90000000000000013 55.500000000000007 104.50000000000001 206.10000000000002 93.050000000000011 1.5000000000000002 77.500000000000014 83.500000000000014 0.45000000000000007 88.750000000000014 90.950000000000017 61.500000000000007 1.1000000000000003 82.500000000000014
decision_type=2 2 2 2 2 2 2 2 2 2 2 2 2 2 2 2 2 2
left_child=1 3 -3 4 5 -1 -6 8 9 15 -2 12 16 -13 17 -7 -12 -4
right_child=10 2 14 -5 6 7 -8 -9 -10 -11 11 13 -14 -15 -16 -17 -18 -19
leaf_value=-0.043421962579786179 -0.055031208888121796 -0.041048130634464747 0.11138938554693681 0.05679529010118374 -0.0055279736903120855 0.15335775469255955 -0.10928404060971134 -0.042588238841784018 -0.027831203485623179 0.025140620808124264 0.047730527662353972 0.005818088705558948 -0.029552791059865875 -0.052268593789237518 0.048531201881684215 0.092816526580054015 0.088973732906172942 0.12485958946346641
leaf_weight=6.5942226294428172 5.6701242737472084 1.5304593835026015 1.5610440457239749 4.256458491086959 5.6686434000730497 2.0404299534857255 3.5979540571570396 2.6832321286201468 2.7156535796821117 2.2188336448743939 2.1423421576619175 4.4505091868340951 2.2959514744579792 5.2741332612931728 1.9325662171468136 3.2360500209033489 2.120643887668848 1.1177859501913188
leaf_count=38 32 14 34 33 35 24 15 12 17 20 20 26 13 28 18 29 20 15
internal_value=0.000258097 0.00905411 0.0560771 0.000305383 -0.00805653 0.00989661 -0.0458135 0.0371643 0.0581216 0.0892634 -0.0154291 -0.00163927 0.0340124 -0.0256851 0.0883116 0.116228 0.0682472 0.11701
internal_weight=61.107 39.1533 6.14186 33.0115 28.755 19.4884 9.2666 12.8942 10.211 7.49531 21.9537 16.2836 6.55894 9.72464 4.6114 5.27648 4.26299 2.67883
internal_count=443 304 81 223 190 140 50 102 90 73 139 107 53 54 67 53 40 49
is_linear=0
shrinkage=0.1


Tree=38
num_leaves=18
num_cat=0
split_feature=24 23 21 21 21 22 30 3 1 30 21 21 23 20 3 22 21
split_gain=0.77244 1.60194 1.57929 1.48168 1.93048 2.44753 2.04683 1.34545 1.79728 1.22944 1.46612 0.98089 0.912879 0.877983 0.869472 0.630099 0.172134
threshold=69.500000000000014 11.000000000000002 61.500000000000007 67.500000000000014 74.500000000000014 83.950000000000017 69.500000000000014 0.40000000000000008 1.5000000000000002 117.50000000000001 48.500000000000007 81.500000000000014 98.500000000000014 146.50000000000003 2.5000000000000004 90.950000000000017 36.500000000000007
decision_type=2 2 2 2 2 2 2 2 2 2 2 2 2 2 2 2 2
left_child=1 -1 9 14 7 13 -7 -5 12 10 16 -8 -9 -6 -4 -12 -3
right_child=-2 2 3 4 5 6 11 8 -10 -11 15 -13 -14 -15 -16 -17 -18
leaf_value=0.085148816869150434 -0.037047453649890039 0.040095549950525382 -0.017425782561753738 -0.0099394325330971062 -0.098114438618427058 0.071614988395861709 0.024659980959220004 0.15440535212740925 0.0036295954406372118 -0.0059298285638146814 0.06253253820473921 -0.044507276679526142 0.057274475860373236 -0.029638395875407893 -0.082370175862232525 0.15313164593969875 0.0013047872931357418
leaf_weight=2.3132098764181128 5.0821619853377333 2.2296316493302566 4.4614430963993055 4.4947411864995974 3.7452065050601986 3.6348940823227158 3.3390889950096589 1.9296090556308629 3.1124058477580547 5.4981715772300959 1.4817200126126411 5.3121262490749359 1.9408460706472395 3.7445678934454918 3.8321010917425156 1.5928829461336134 2.3493229737505317
leaf_count=23 29 20 30 29 15 32 24 25 22 36 28 26 16 30 20 18 20
internal_value=0.000253554 0.00369953 0.000124313 -0.00985879 0.000112281 -0.0188217 0.00864606 0.0327355 0.0602045 0.0301433 0.0560576 -0.017811 0.105699 -0.0638793 -0.0474339 0.10947 0.0201932
internal_weight=60.0941 55.012 52.6988 39.547 31.2535 19.7759 12.2861 11.4776 6.98286 13.1517 7.65356 8.65122 3.87046 7.48977 8.29354 3.0746 4.57895
internal_count=443 414 391 269 219 127 82 92 63 122 86 50 41 45 50 46 40
is_linear=0
shrinkage=0.1


Tree=39
num_leaves=18
num_cat=0
split_feature=22 20 22 14 21 2 23 23 15 19 30 3 30 23 20 19 22
split_gain=0.786067 1.75546 1.22223 1.32616 1.37949 0.979478 2.55274 2.60392 1.77167 2.63362 3.86025 2.07966 1.29702 1.24354 1.06823 2.10021 0.902028
threshold=71.450000000000017 119.00000000000001 77.450000000000017 1.0000000180025095e-35 68.500000000000014 1.5000000000000002 36.150000000000006 15.300000000000002 1.0000000180025095e-35 1.5000000000000002 143.50000000000003 2.5000000000000004 171.00000000000003 115.80000000000001 87.500000000000014 1.5000000000000002 90.550000000000011
decision_type=2 2 2 2 2 2 2 2 2 2 2 2 2 2 2 2 2
left_child=1 -1 -2 5 -5 6 7 -4 9 13 11 -11 -10 -8 -7 -16 -17
right_child=2 -3 3 4 -6 14 8 -9 12 10 -12 -13 -14 -15 15 16 -18
leaf_value=-0.038152112260069981 -0.047848266739432835 0.1146223686950751 -0.024426528737774997 -0.0025912709361723381 0.081682458054827919 -0.02782037357760675 -0.0018058299616904314 0.13364898028675443 -0.10399477520834127 0.028731078352756026 -0.068808212261520244 0.141956882399873 -0.025766761797626721 -0.075940025092218991 -0.011423060185275282 0.14182172336267829 0.044978884698217821
leaf_weight=1.3113613650202744 5.3647449286654583 1.7636656416580079 1.9591138511896122 3.8115595094859591 3.9608360473066568 3.0927710160613042 3.8138816766440886 2.2262269593775272 3.9597685933113116 4.8339473791420442 2.9548424556851387 2.4415250979363918 4.5603337734937668 5.563161488622427 3.7434950973838568 1.9390572998672726 1.9083909559994934
leaf_count=7 36 35 16 27 34 17 24 27 18 39 15 30 24 26 25 24 19
internal_value=0.000241536 0.0494709 -0.00245527 0.0023414 0.0403549 -0.00453022 -0.0132089 0.0596555 -0.0240511 -0.00750715 0.0275806 0.0667277 -0.0621237 -0.0457878 0.0217184 0.041902 0.0937863
internal_weight=59.2087 3.07503 56.1337 50.7689 7.7724 42.9965 32.3128 4.18534 28.1275 19.6074 10.2303 7.27547 8.5201 9.37704 10.6837 7.59094 3.84745
internal_count=443 42 401 365 61 304 219 43 176 134 84 69 42 50 85 68 43
is_linear=0
shrinkage=0.1


Tree=40
num_leaves=17
num_cat=0
split_feature=21 22 22 23 13 10 23 24 30 7 20 1 30 21 30 30
split_gain=0.751089 1.89587 1.99579 1.67309 1.8156 1.41271 1.68881 1.27594 1.54675 1.43353 2.04875 1.23026 1.08742 1.0106 0.911577 0.656529
threshold=64.500000000000014 96.050000000000011 92.350000000000009 36.150000000000006 1.0000000180025095e-35 1.0000000180025095e-35 172.50000000000003 56.500000000000007 61.500000000000007 0.90000000000000013 172.50000000000003 1.5000000000000002 55.500000000000007 48.500000000000007 110.50000000000001 206.50000000000003
decision_type=2 2 2 2 2 2 2 2 2 2 2 2 2 2 2 2
left_child=5 2 3 4 -2 11 -7 8 -5 10 15 12 -1 -13 -4 -10
right_child=1 -3 14 7 -6 6 -8 -9 9 -11 -12 13 -14 -15 -16 -17
leaf_value=-0.011763632010889966 0.10185166602361202 -0.072700587745225476 0.014935266819683466 0.052263468034921101 -0.015862545641537138 0.12889232402760589 -0.0024848029156992585 -0.060327592846310153 -0.0039376488994399194 -0.06740850396941768 0.067404607346125051 -0.065504979117068207 0.073557910803430243 0.0082605084153606189 0.090014998898271026 -0.06554755621299059
leaf_weight=2.6823800774291175 2.5049319537356523 3.9881897009909144 3.4446217473596326 3.4145524930208984 2.7473616097122431 2.1869390616193409 1.7706613242626188 6.3947887495160094 3.9886760078370553 4.7909817509353152 3.0549333328381181 3.3688727430999279 3.371009617112577 4.1391956433653831 3.0481520965695381 3.0539128184318542
leaf_count=26 26 24 26 39 23 32 13 31 29 22 33 18 38 30 20 13
internal_value=0.000251809 -0.00724223 -7.8688e-05 -0.0109747 0.0402779 0.0175468 0.0701132 -0.0218742 -0.00843916 -0.0223608 -0.000986969 0.00220653 0.0357502 -0.0248381 0.0501828 -0.0306539
internal_weight=57.9502 40.4311 36.4429 29.9501 5.25229 17.5191 3.9576 24.6978 18.3031 14.8885 10.0975 13.5615 6.05339 7.50807 6.49277 7.04259
internal_count=443 286 262 216 49 157 45 167 136 97 75 112 64 48 46 42
is_linear=0
shrinkage=0.1


Tree=41
num_leaves=17
num_cat=0
split_feature=21 30 30 30 0 10 24 22 21 2 21 11 7 30 13 24
split_gain=0.749182 0.930885 0.815552 1.92967 1.75958 1.32046 1.63739 1.20718 1.40191 1.45931 1.7424 2.3734 1.4869 1.08037 0.935858 0.794071
threshold=87.500000000000014 220.50000000000003 121.50000000000001 97.500000000000014 1.5000000000000002 1.0000000180025095e-35 43.000000000000007 95.200000000000003 40.500000000000007 1.5000000000000002 63.500000000000007 1.0000000180025095e-35 0.90000000000000013 171.00000000000003 1.0000000180025095e-35 40.500000000000007
decision_type=2 2 2 2 2 2 2 2 2 2 2 2 2 2 2 2
left_child=1 2 3 4 7 6 -6 8 -1 10 -10 -12 -13 -4 -11 -3
right_child=-2 15 13 -5 5 -7 -8 -9 9 14 11 12 -14 -15 -16 -17
leaf_value=-0.059590201531864721 -0.036757847301666993 0.0042691377258917288 0.07356669234259415 -0.0485123770425002 0.092578827029727903 0.13380867073050173 -0.023954673029945601 -0.054748624847825 0.0844721268782124 0.092416523273788242 -0.05604999001022392 0.089762921125353543 -0.021085604234862977 -0.003771746679275976 0.0072156774917724355 -0.060758305020676931
leaf_weight=2.5620262548327544 4.9962193071842185 3.6945350654423228 4.128778349608182 6.0328762708231798 2.3309302520938209 1.7444141171872614 2.4977736603468657 3.3546156957745543 2.1016934700310257 3.6057948525995007 6.1680014561861736 2.5625349534675479 2.2928393241018057 3.2110430598258972 2.0066617550328374 3.8190116509795189
leaf_count=15 27 22 29 38 32 25 21 19 28 38 37 29 17 20 25 21
internal_value=0.000232883 0.00377925 0.0092649 0.00326314 0.0132658 0.0592381 0.0322988 0.00100896 0.00979061 0.0192772 0.00102802 -0.0148813 0.0374172 0.0397325 0.0619541 -0.0287832
internal_weight=57.1097 52.1135 44.6 37.2602 31.2273 6.57312 4.8287 24.6542 21.2996 18.7375 13.1251 11.0234 4.85537 7.33982 5.61246 7.51355
internal_count=443 416 373 324 286 78 53 208 189 174 111 83 46 49 63 43
is_linear=0
shrinkage=0.1


Tree=42
num_leaves=18
num_cat=0
split_feature=20 20 21 21 23 23 21 21 24 21 23 14 30 20 23 23 7
split_gain=0.688192 1.34064 2.35669 1.60922 1.2644 2.20807 2.53443 2.23971 1.95599 1.55537 1.67012 1.7988 1.84682 1.1166 0.982219 0.51477 0.365827
threshold=234.50000000000003 260.50000000000006 74.500000000000014 38.000000000000007 225.00000000000003 152.45000000000002 66.500000000000014 64.500000000000014 52.500000000000007 67.500000000000014 115.80000000000001 1.0000000180025095e-35 68.500000000000014 84.500000000000014 62.500000000000007 82.500000000000014 1.0000000180025095e-35
decision_type=2 2 2 2 2 2 2 2 2 2 2 2 2 2 2 2 2
left_child=4 -2 3 -3 5 7 -7 8 13 -9 11 12 -11 -1 -14 -15 -5
right_child=1 2 -4 16 -6 6 -8 9 -10 10 -12 -13 14 15 -16 -17 -18
leaf_value=0.0096160891285215176 0.077479774524299716 -0.037776046974057828 -0.056897044591386725 0.055554212720293907 -0.042823373126802622 -0.01940404122127945 0.09864375611857884 -0.080707286007713416 -0.032038246856270984 0.049386925384223561 -0.074494205822848908 0.078430330650477872 -0.0017040875247608799 0.075501524748752699 -0.070733766783813143 0.15655456050971212 0.12593114035815006
leaf_weight=1.8373715728521371 3.1677303584292522 1.390251187607644 3.7859822800382972 1.4019638523459437 7.4892564639449111 3.068299673497676 4.4657852649688721 4.2611816301941898 2.7780482545495033 3.2424346730113056 3.5702006407082072 2.5312665421515694 3.7570798322558385 2.0248844502493744 4.5667964788153768 1.2781770792789755 1.5610144678503273
leaf_count=11 32 13 29 31 36 19 33 20 16 31 19 22 32 35 25 15 24
internal_value=0.000235969 0.0222846 0.000803018 0.0509845 -0.00532005 0.00219361 0.0505681 -0.0100171 0.0355688 -0.026478 -0.0133988 0.00207361 -0.0146369 0.0721057 -0.0395764 0.106866 0.0926316
internal_weight=56.1777 11.3069 8.13921 4.35323 44.8708 37.3815 7.53408 29.8474 7.91848 21.929 17.6678 14.0976 11.5663 5.14043 8.32388 3.30306 2.96298
internal_count=443 129 97 68 314 278 52 226 77 149 129 110 88 61 57 50 55
is_linear=0
shrinkage=0.1


Tree=43
num_leaves=18
num_cat=0
split_feature=20 23 30 0 30 24 30 23 23 23 23 22 30 12 24 30 24
split_gain=0.621151 2.4553 2.69785 1.71315 1.57461 1.82339 1.41883 1.57674 2.25049 1.83675 1.76036 1.38366 1.21266 1.20783 0.430016 0.308347 0.125576
threshold=180.50000000000003 28.390000000000004 121.50000000000001 1.5000000000000002 68.500000000000014 43.000000000000007 171.00000000000003 152.45000000000002 115.80000000000001 20.500000000000004 251.00000000000003 89.550000000000011 324.00000000000006 1.0000000180025095e-35 40.500000000000007 92.500000000000014 43.000000000000007
decision_type=2 2 2 2 2 2 2 2 2 2 2 2 2 2 2 2 2
left_child=6 -2 3 4 5 -3 7 8 9 -1 11 -9 -8 14 -11 -6 -5
right_child=1 2 -4 16 15 -7 12 10 -10 13 -12 -13 -14 -15 -16 -17 -18
leaf_value=-0.047143673422408827 0.12126080077215307 0.067198668677566742 0.084544764305859124 0.072734591969601151 -0.049414776484502439 -0.0464780738818956 -0.069818698234381485 0.01959441758039919 -0.081770682701596389 0.038311589465898438 -0.018860753284853569 0.12157720506800936 0.0034860455918728412 -0.0034501558856950328 0.10008478825018981 -0.097264832110043581 0.03185709145411731
leaf_weight=4.4627802148461404 1.9430498946458126 2.4628966972231883 3.2763643767684689 1.3864319627173238 2.7187781501561403 3.3038507150486112 5.7100159376859647 2.4635338857769948 3.7252911366522303 2.3374941404908878 3.2235948592424393 2.892320029437542 3.7314253076910973 4.945653609931469 2.1758874971419573 2.6685474626719952 1.6410552989691494
leaf_count=31 35 34 25 22 24 29 31 16 20 21 15 24 21 38 22 16 19
internal_value=0.000226718 0.0146271 0.00275883 -0.0161362 -0.0342437 0.00207166 -0.00760609 0.00436061 -0.0127357 0.00573713 0.0395261 0.0746681 -0.0408474 0.0306863 0.0680923 -0.0731167 0.0505769
internal_weight=55.069 19.401 17.4579 14.1816 11.1541 5.76675 35.668 26.2266 17.6471 13.9218 8.57945 5.35585 9.44144 9.45904 4.51338 5.38733 3.02749
internal_count=443 204 169 144 103 63 239 187 132 112 55 40 52 81 43 40 41
is_linear=0
shrinkage=0.1


Tree=44
num_leaves=17
num_cat=0
split_feature=2 23 21 21 23 20 23 23 22 20 1 24 23 20 20 20
split_gain=0.607794 0.947019 1.24838 2.01371 1.39382 1.63345 1.30816 2.15484 1.71269 1.42394 1.2246 2.06732 1.40898 1.00583 0.0669511 0.00592521
threshold=2.5000000000000004 246.30000000000004 64.500000000000014 67.500000000000014 152.45000000000002 170.50000000000003 59.300000000000004 73.250000000000014 84.450000000000017 180.50000000000003 1.5000000000000002 47.500000000000007 84.500000000000014 127.50000000000001 72.000000000000014 163.50000000000003
decision_type=2 2 2 2 2 2 2 2 2 2 2 2 2 2 2 2
left_child=1 2 10 -4 6 -6 9 -8 -9 -5 11 14 -12 -10 -1 -16
right_child=-2 -3 3 4 5 -7 7 8 13 -11 12 -13 -14 -15 15 -17
leaf_value=0.14864378911555373 0.048999677021568655 -0.039792714188692936 -0.062759448439363402 -0.0056632631320250358 0.098527446074489794 -0.0070564331030078314 -0.095087495753583551 -0.062835367974256595 -0.0091232333297294188 0.085766286514284612 -0.052706462531187506 0.0049295160342385522 0.037641536288292005 0.068418919034406903 0.11832363287375165 0.107725500192275
leaf_weight=0.74254394322633599 2.4388209246098986 5.9002030529081813 5.5186614803969851 5.1622329615056577 2.9836505502462378 2.8792063165456057 3.4686883185058823 3.2981019858270866 3.8008400425314903 2.54230981413275 2.9069314748048782 3.0585716366767883 4.2492818646132946 2.9877996454015374 1.2463085092604163 0.91469117160886515
leaf_count=6 22 33 33 37 24 20 22 22 23 37 23 25 30 34 18 34
internal_value=0.000216315 -0.0020867 0.00277506 -0.00769586 0.00350788 0.046676 -0.00839657 -0.0270976 -0.0037169 0.0245062 0.0288292 0.0623026 0.000941199 0.0250044 0.122739 0.113838
internal_weight=54.0988 51.66 45.7598 32.6415 27.1228 5.86286 21.26 13.5554 10.0867 7.70454 13.1183 5.96212 7.15621 6.78864 2.90354 2.161
internal_count=443 421 388 252 219 44 175 101 79 74 136 83 53 57 58 52
is_linear=0
shrinkage=0.1


Tree=45
num_leaves=17
num_cat=0
split_feature=21 20 20 3 21 20 24 7 30 30 24 11 23 19 22 21
split_gain=0.611306 1.13487 1.77471 1.55604 1.17228 1.0651 1.0574 3.02506 1.55552 1.93939 1.67895 1.50503 1.04068 0.73609 0.586547 0.114622
threshold=83.500000000000014 238.50000000000003 260.50000000000006 1.1000000000000003 74.500000000000014 216.50000000000003 37.500000000000007 1.0000000180025095e-35 215.50000000000003 56.500000000000007 40.500000000000007 1.0000000180025095e-35 54.000000000000007 1.5000000000000002 88.750000000000014 66.500000000000014
decision_type=2 2 2 2 2 2 2 2 2 2 2 2 2 2 2 2
left_child=1 5 -3 -4 12 6 7 15 9 13 -11 -12 -5 -8 -2 -1
right_child=14 2 3 4 -6 -7 8 -9 -10 10 11 -13 -14 -15 -16 -17
leaf_value=0.13843626877755386 0.0041168755064677869 0.14262520758078553 0.11371774383000753 -0.042452147801940301 -0.073393386555512793 -0.063220162832885826 -0.06163582465645661 -0.016123255139013901 -0.060001377342298101 -0.021059918215269646 0.015018502227141128 0.094216298122151848 0.076031211683677727 0.00049517063362887958 -0.048779322595162704 0.098208122656627928
leaf_weight=1.2848169640637928 3.8790121637284738 1.3819789011031378 1.3168218908831475 1.2382427281700077 1.7817803267389534 2.6653605643659821 4.6327361203730169 4.3463043309748173 4.5471325889229766 5.1187748201191416 5.4850712791085225 4.2654328513890505 1.847216722089797 3.2407317133620381 4.5613628923892975 1.5784211326390503
leaf_count=20 26 19 30 16 13 21 22 26 27 37 37 39 30 29 28 23
internal_value=0.0002145 0.00487217 0.0401743 0.0172791 -0.00881215 -0.00231467 0.00239077 0.036452 -0.00660766 0.00406776 0.0253173 0.0496642 0.028482 -0.0360626 -0.0244694 0.11626
internal_weight=53.1712 44.7308 7.56604 6.18406 4.86724 37.1648 34.4994 7.20954 27.2899 22.7427 14.8693 9.7505 3.08546 7.87347 8.44038 2.86324
internal_count=443 389 108 89 59 281 260 69 191 164 113 76 46 51 54 43
is_linear=0
shrinkage=0.1


Tree=46
num_leaves=17
num_cat=0
split_feature=20 22 7 19 7 19 0 23 24 23 24 30 30 24 20 20
split_gain=0.563749 1.39572 2.36474 0.918252 1.84907 1.71536 1.47788 1.42813 1.10933 0.976562 0.922882 0.99641 2.76183 0.82981 0.532026 0.4907
threshold=87.500000000000014 84.600000000000009 0.45000000000000007 1.5000000000000002 0.90000000000000013 3.5000000000000004 1.5000000000000002 206.10000000000002 52.500000000000007 84.500000000000014 56.500000000000007 44.500000000000007 65.500000000000014 47.500000000000007 220.50000000000003 170.50000000000003
decision_type=2 2 2 2 2 2 2 2 2 2 2 2 2 2 2 2
left_child=1 -1 -3 10 5 7 -7 8 9 15 11 -2 -13 -6 -14 -5
right_child=3 2 -4 4 13 6 -8 -9 -10 -11 -12 12 14 -15 -16 -17
leaf_value=-0.06918312615185343 -0.050234554981017365 -0.034396006933638666 0.066615233851482741 0.034870755799225765 -0.052636138869040131 0.037839190932230454 -0.055983223565669475 -0.0034644568924732397 0.016819012978408369 0.14666346037990086 -0.054471808731629524 0.11812164830082006 0.011270081954176368 0.017688276726834727 -0.052996611925615139 0.11458762177876719
leaf_weight=3.7484601289033881 2.6474961163476092 6.3705633506178838 3.6429456919431686 1.9862263081595357 4.2862369283102444 3.8042061980813733 3.0051553612574935 2.6123258471488944 1.9830280616879461 2.7714447760954499 4.0153683219104996 2.1016474445350468 2.8567699957638979 2.7572684083133936 2.3459220211952925 1.2633032887242732
leaf_count=19 19 39 24 25 34 37 20 17 19 39 25 31 23 21 17 34
internal_value=0.000235368 -0.0171325 0.0023522 0.00645384 0.0181315 0.0356085 -0.00356718 0.0607359 0.0816894 0.103055 -0.0140042 0.00232363 0.0213736 -0.0251068 -0.0177081 0.0658619
internal_weight=52.1984 13.762 10.0135 38.4364 24.4692 17.4257 6.80936 10.6163 8.004 6.02097 13.9672 9.95184 7.30434 7.04351 5.20269 3.24953
internal_count=443 82 63 361 246 191 57 134 117 98 115 90 71 55 40 59
is_linear=0
shrinkage=0.1


Tree=47
num_leaves=17
num_cat=0
split_feature=30 20 7 22 22 23 20 11 24 30 21 2 10 23 3 23
split_gain=0.547721 0.817028 0.914005 0.793139 0.805574 0.829302 1.30448 0.966876 1.21326 1.48993 1.15992 1.42863 0.799848 0.738859 0.584924 0.259186
threshold=36.500000000000007 87.500000000000014 0.45000000000000007 72.550000000000026 77.450000000000017 37.850000000000009 183.50000000000003 1.0000000180025095e-35 47.500000000000007 103.50000000000001 59.500000000000007 1.0000000180025095e-35 1.0000000180025095e-35 73.250000000000014 2.5000000000000004 140.50000000000003
decision_type=2 2 2 2 2 2 2 2 2 2 2 2 2 2 2 2
left_child=-1 2 14 13 -5 6 -6 10 12 -10 -7 15 -9 -3 -2 -12
right_child=1 3 -4 4 5 7 -8 8 9 -11 11 -13 -14 -15 -16 -17
leaf_value=0.043335492897515829 -0.020617796070826179 0.11844572854789207 0.011946648530344309 -0.041853161068532541 0.0036783912559166993 0.029155687427300889 0.1177897811779804 0.019193576276508053 0.041598367760732377 -0.055296703579976098 -0.043089337181371409 0.020312198488247661 0.088825693925420307 0.0033599591811978823 -0.075486074088696967 -0.0834202496614386
leaf_weight=2.78970798337832 4.3839855641126615 1.1585518089123064 4.4056676775217056 3.8023962639272204 2.5706078223884132 3.587477103807033 1.6415123692713676 3.8488222220912576 2.8832761105149984 3.5296418443322182 3.0395039622671884 2.9086479619145393 2.8870481047779322 1.0759103782474992 3.4893809482455254 3.3492733277380466
leaf_count=29 30 25 26 28 23 31 35 34 30 20 25 22 34 16 17 18
internal_value=0.000246022 -0.00222932 -0.0245259 0.00531645 0.00152885 0.00698268 0.0481489 0.000322186 0.0193994 -0.0117323 -0.0191457 -0.0377832 0.0490385 0.0630311 -0.0449348 -0.0642325
internal_weight=51.3514 48.5617 12.279 36.2827 34.0482 30.2458 4.21212 26.0337 13.1488 6.41292 12.8849 9.29743 6.73587 2.23446 7.87337 6.38878
internal_count=443 414 73 341 300 272 58 214 118 50 96 65 68 41 47 43
is_linear=0
shrinkage=0.1


Tree=48
num_leaves=19
num_cat=0
split_feature=21 20 20 21 3 24 30 21 21 23 1 22 23 20 7 22 22 12
split_gain=0.563089 0.951894 1.61426 0.974035 1.32917 0.943897 0.946473 0.86722 2.58733 2.32736 1.36934 0.872078 1.25662 1.33752 1.22871 1.62414 0.465394 0.463353
threshold=83.500000000000014 238.50000000000003 260.50000000000006 74.500000000000014 2.5000000000000004 69.500000000000014 220.50000000000003 64.500000000000014 67.500000000000014 246.30000000000004 1.5000000000000002 88.40000000000002 156.00000000000003 79.000000000000014 0.28750000000000003 81.050000000000011 88.750000000000014 1.0000000180025095e-35
decision_type=2 2 2 2 2 2 2 2 2 2 2 2 2 2 2 2 2 2
left_child=1 5 -3 4 -4 6 7 9 -9 10 17 14 13 -13 15 -10 -2 -1
right_child=16 2 3 -5 -6 -7 -8 8 11 -11 -12 12 -14 -15 -16 -17 -18 -19
leaf_value=0.13808846576477832 0.0017860154303575031 0.14204376694956375 0.11528180303036634 -0.041350999140023596 -0.0049496411842296101 -0.053816588874848609 -0.034682988495466208 -0.073428959295721519 0.090102883475381118 -0.061568557731789757 0.014186255314538661 -0.043056267183116524 0.099462562094741302 0.062127131217857158 -0.053622301350244629 -0.033395398628594801 -0.046556393368751128 0.065608918646896774
leaf_weight=2.0650545826647448 3.7187516354024392 1.2406198764219869 1.5918924012221398 1.9414807660505173 2.1768394317477942 3.1776021905243388 5.456987176090478 3.8972734566777971 2.1471977569162828 1.8292870000004766 2.8292366778478026 2.283516138792038 2.5384828969836235 2.5690739331766963 3.1359790675342083 2.1126053892076015 4.2873344048857689 1.5396300409920516
leaf_count=28 26 19 33 21 35 19 33 22 28 9 23 11 20 29 17 16 28 26
internal_value=0.000227381 0.00480695 0.0386546 0.016192 0.0458355 -0.00180511 0.00329519 0.010986 -0.000944128 0.0379615 0.0662597 0.0181602 0.042453 0.0126303 -0.00611714 0.0288552 -0.0241018 0.107131
internal_weight=50.5388 42.5328 6.95083 5.71021 3.76873 35.5819 32.4043 26.9473 18.6841 8.26321 6.43392 14.7869 7.39107 4.85259 7.39578 4.2598 8.00609 3.60468
internal_count=443 389 108 89 68 281 262 229 143 86 77 121 60 40 61 44 54 54
is_linear=0
shrinkage=0.1


Tree=49
num_leaves=17
num_cat=0
split_feature=21 20 2 22 24 20 10 23 21 20 23 23 20 7 20 20
split_gain=0.482844 0.516867 1.50248 0.775039 0.797911 0.732795 0.808174 1.25201 1.52496 0.93512 1.21728 1.00925 0.950391 0.545454 0.756545 0.404092
threshold=87.500000000000014 238.50000000000003 1.0000000180025095e-35 82.40000000000002 43.000000000000007 216.50000000000003 1.0000000180025095e-35 146.00000000000003 71.500000000000014 178.50000000000003 243.45000000000002 20.500000000000004 127.50000000000001 0.28750000000000003 63.500000000000007 149.50000000000003
decision_type=2 2 2 2 2 2 2 2 2 2 2 2 2 2 2 2
left_child=1 5 3 -3 -5 6 9 8 -8 10 11 -1 13 14 -13 -14
right_child=-2 2 -4 4 -6 -7 7 -9 -10 -11 -12 12 15 -15 -16 -17
leaf_value=-0.062782206091947054 -0.031503941472982487 -0.041399551430755674 0.11413434496380236 0.088155337003040013 -0.0048745134205176507 -0.053729170793059194 0.063971630302069121 0.070934979385250549 -0.042703680115758563 0.042327903836305317 -0.073727932444179176 -0.035470492234859062 -0.053602217088096649 0.049201116143823297 0.034018834406945218 -3.166445404778477e-05
leaf_weight=2.6265207249671318 4.3656552359461775 2.2970100860111407 1.5717123933136461 1.5269287670962515 2.3269799859263003 2.5099607184529296 2.1423416668549162 3.8619649484753609 3.5785421561449766 3.3159822886809698 3.0091373026370993 2.8282677531242388 3.071289910003542 4.2877519242465496 3.5125696342438459 2.6001774594187737
leaf_count=19 27 22 38 30 25 23 28 32 27 37 14 18 22 29 28 24
internal_value=0.000250239 0.00332627 0.0268762 0.00457961 0.0319842 -0.00154373 0.00221643 0.0269419 -0.00275619 -0.00716674 -0.0146488 -0.00525575 0.00401381 0.0216525 0.00302381 -0.0290419
internal_weight=49.4328 45.0671 7.72263 6.15092 3.85391 37.3445 34.8345 9.58285 5.72088 25.2517 21.9357 18.9266 16.3001 10.6286 6.34084 5.67147
internal_count=443 416 115 77 55 301 278 87 55 191 154 140 121 75 46 46
is_linear=0
shrinkage=0.1


Tree=50
num_leaves=20
num_cat=0
split_feature=23 22 23 30 1 24 21 7 20 19 19 7 19 21 22 30 20 30 19
split_gain=0.443923 1.46939 1.35595 1.24819 0.720646 1.00196 1.71626 1.72782 2.26758 1.16358 2.0367 0.77516 1.43674 1.18653 0.701527 0.189477 0.0145514 0.00234185 0.000242497
threshold=225.00000000000003 96.800000000000026 176.50000000000003 96.500000000000014 1.5000000000000002 60.500000000000007 64.500000000000014 0.45000000000000007 87.500000000000014 3.5000000000000004 1.5000000000000002 0.90000000000000013 1.5000000000000002 74.500000000000014 94.15000000000002 64.250000000000014 87.500000000000014 159.00000000000003 1.5000000000000002
decision_type=2 2 2 2 2 2 2 2 2 2 2 2 2 2 2 2 2 2 2
left_child=1 2 4 -2 5 6 14 8 -8 10 -10 12 -6 -14 16 -12 -1 18 -18
right_child=3 -3 -4 -5 11 -7 7 -9 9 -11 15 -13 13 -15 -16 -17 17 -19 -20
leaf_value=0.1262496835206097 0.01029161377254534 -0.076225639910315141 0.063724883430744006 -0.071753451959409922 -0.039373225537070851 -0.053181332717178037 -0.10251098669749736 0.057954803914771404 -0.027819647862142645 -0.039790012028835899 0.064035198195787055 -0.047217260378483249 0.083254372105956861 -0.012128953123233451 0.019559855876164642 0.12146120500532105 0.10813702247989761 0.11427297038099418 0.10512728835395913
leaf_weight=0.73471864312887891 4.7653360627591601 2.1429683174937955 4.0332109481096259 3.0354366526007652 4.5444590356200916 1.9647323600947846 2.3375814557075483 4.568633838556706 2.3276300020515919 2.9532325034961104 0.87728743813931975 4.8322279471904031 2.7193787582218647 2.5060118548572063 1.1449085026979444 1.6650748238898812 0.51391340466216184 0.62423132732510556 0.5587657424621284
leaf_count=9 33 17 36 17 33 12 13 33 21 19 18 36 29 22 8 32 17 10 28
internal_value=0.00023403 0.00438969 0.00883004 -0.0216338 0.00248118 0.014682 0.0219656 0.00687757 -0.0160884 0.00973464 0.0397671 -0.0144561 0.00174771 0.0375101 0.0841036 0.101645 0.114493 0.109403 0.106569
internal_weight=48.8497 41.049 38.906 7.80077 34.8728 20.2707 18.306 14.7294 10.1608 7.82322 4.86999 14.6021 9.76985 5.22539 3.57654 2.54236 2.43163 1.69691 1.07268
internal_count=443 393 376 50 340 220 208 136 103 90 71 120 84 51 72 50 64 55 45
is_linear=0
shrinkage=0.1


Tree=51
num_leaves=18
num_cat=0
split_feature=22 20 22 14 21 15 22 22 22 22 30 30 21 30 19 24 10
split_gain=0.458089 1.87214 0.780197 0.935169 1.00441 0.68492 2.04711 1.64642 1.42077 2.95502 1.22062 2.05591 1.14775 0.955837 0.762981 0.483524 0.48961
threshold=71.450000000000017 93.500000000000014 77.450000000000017 1.0000000180025095e-35 68.500000000000014 1.0000000180025095e-35 91.950000000000017 91.750000000000014 88.750000000000014 86.500000000000014 110.50000000000001 72.250000000000014 70.500000000000014 56.500000000000007 1.5000000000000002 40.500000000000007 1.0000000180025095e-35
decision_type=2 2 2 2 2 2 2 2 2 2 2 2 2 2 2 2 2
left_child=1 -1 -2 5 -5 7 12 8 9 15 11 13 -7 -9 -10 16 -4
right_child=2 -3 3 4 -6 6 -8 10 14 -11 -12 -13 -14 -15 -16 -17 -18
leaf_value=-0.074334989138058291 -0.041629457572423187 0.11309456106992376 -0.0067380595583085585 -0.0050667257706844583 0.074234095578722223 0.059578836704750164 -0.079885293875888747 0.012264233246730559 -0.080084165751839659 0.12389017666361996 0.090283791536428348 -0.054102095879178441 -0.033116835416149258 0.10844474666193049 -0.010681614449998779 0.0087720673189232139 -0.078815792272406912
leaf_weight=0.84490668773651068 4.4732789327390483 1.4432339947670696 1.8441317705437559 2.982275594957172 3.438933533616364 2.7060301071032864 4.1352950949221849 2.1860715560615045 3.824235592968761 1.8160513755865393 2.9496377520263195 2.7245916854590178 2.6378572657704353 1.9593656272627411 2.7040769290179014 3.3164523942396045 1.9274215027689934
leaf_count=5 36 37 22 27 34 24 28 22 22 27 21 18 16 22 29 34 19
internal_value=0.000222896 0.0438853 -0.00196679 0.00234456 0.0374035 -0.00413724 -0.0270577 0.00446669 -0.0159016 0.0100792 0.036477 0.0133751 0.0138223 0.0577245 -0.0513371 -0.0190808 -0.0435728
internal_weight=47.9138 2.28814 45.6257 41.1524 6.42121 34.7312 9.47918 25.252 15.4324 8.90406 9.81967 6.87003 5.34389 4.14544 6.52831 7.08801 3.77155
internal_count=443 42 401 365 61 304 68 236 153 102 83 62 40 44 51 75 41
is_linear=0
shrinkage=0.1


Tree=52
num_leaves=18
num_cat=0
split_feature=19 2 15 20 30 30 30 0 20 30 22 19 22 23 12 21 30
split_gain=0.50049 0.459395 0.706465 2.03753 1.36828 1.28633 1.44778 1.90789 2.12462 1.31921 1.13228 1.07255 2.06827 1.44991 1.12774 0.577495 0.0185792
threshold=4.5000000000000009 2.5000000000000004 1.0000000180025095e-35 87.500000000000014 176.00000000000003 176.00000000000003 121.50000000000001 1.5000000000000002 165.50000000000003 100.50000000000001 94.950000000000017 2.5000000000000004 83.450000000000017 114.50000000000001 1.0000000180025095e-35 71.500000000000014 68.500000000000014
decision_type=2 2 2 2 2 2 2 2 2 2 2 2 2 2 2 2 2
left_child=1 2 5 -4 -5 6 7 9 -9 10 11 13 -13 14 15 -1 -10
right_child=-2 -3 3 4 -6 -7 -8 8 16 -11 -12 12 -14 -15 -16 -17 -18
leaf_value=0.084909001049919622 0.048268018373288618 0.043390493279685166 -0.091949969872116899 -0.04264315060679582 0.050216385003634068 -0.05685963874422887 0.071973905477371564 0.0027200421113223578 0.11327280613638438 -0.082328831032886601 -0.058461615724890559 -0.034760663661027556 0.12085441038029716 -0.049373293910014139 -0.035369967700685838 0.013405146278705852 0.13111912992183969
leaf_weight=2.4023795183748131 2.0714616328477851 2.1240089088678351 3.290603429079054 3.0925764972344041 3.2589760385453701 3.273076143115758 3.2695213332772246 3.6498170699924222 0.99333819607272777 2.4236501455306998 3.1356757786124936 1.4648690959438675 2.0484141674824059 4.769383282866329 2.2452308321371675 2.1317995525896549 1.413374565541744
leaf_count=38 21 22 21 30 25 22 24 29 31 15 21 16 34 38 17 19 20
internal_value=0.000207989 -0.00200499 -0.00425451 -0.0280844 0.005003 0.00266204 0.00916741 0.00147014 0.0508156 -0.0130227 -0.00379221 0.00758905 0.0559705 -0.00712916 0.02259 0.0512906 0.123753
internal_weight=47.0582 44.9867 42.8627 9.64216 6.35155 33.2205 29.9475 26.6779 6.05653 20.6214 18.1978 15.0621 3.51328 11.5488 6.77941 4.53418 2.40671
internal_count=443 422 400 76 55 324 302 278 80 198 183 162 50 112 74 57 51
is_linear=0
shrinkage=0.1


Tree=53
num_leaves=21
num_cat=0
split_feature=19 22 20 19 23 20 2 0 30 30 7 21 22 30 19 20 20 22 20 30
split_gain=0.409206 0.409008 1.21682 0.524771 0.619738 0.575881 0.735634 1.06403 1.74201 1.04186 1.13035 0.764925 0.655263 0.617658 0.548362 0.402432 0.662794 0.857732 0.658707 0.0736665
threshold=4.5000000000000009 71.450000000000017 116.50000000000001 3.5000000000000004 88.500000000000014 40.500000000000007 1.5000000000000002 1.5000000000000002 97.500000000000014 117.50000000000001 1.0000000180025095e-35 75.500000000000014 77.450000000000017 110.50000000000001 1.5000000000000002 201.00000000000003 234.50000000000003 90.65000000000002 116.50000000000001 63.500000000000007
decision_type=2 2 2 2 2 2 2 2 2 2 2 2 2 2 2 2 2 2 2 2
left_child=1 2 -1 5 -5 -3 7 12 11 10 14 19 -7 15 -8 18 -17 -18 -14 -9
right_child=-2 3 -4 4 -6 6 9 8 -10 -11 -12 -13 13 -15 -16 16 17 -19 -20 -21
leaf_value=-0.044080827010896891 0.043832413921399367 0.04587113614093713 0.11004937422985091 0.0025038943612810012 -0.056174942203723044 -0.076976866696575108 -0.066062669294886869 0.089676174545947937 -0.032106759642346099 0.083676325272070293 0.065935178064671959 0.012324840063658285 -0.045434477518848958 0.016653911048360556 0.0096807680656347192 -0.091228079682411298 0.033080074078858615 -0.068272259768829821 0.020453409161596769 0.12678990036534629
leaf_weight=0.92235422879457418 2.0539461541920891 2.6563067212700835 1.1518978393869472 3.4064710177481166 3.8163295965641737 2.0548823401331964 1.96964032575488 1.0410620900802312 3.0227018985897303 2.1338282804936171 1.8478801092132924 1.3365062689408658 2.8966153785586339 4.0599558576941481 1.8569701090455055 2.1723515093326569 1.5851905099116268 1.7643783986568449 3.186535868793726 1.0997973564080892
leaf_count=6 21 21 35 31 24 12 16 26 22 18 20 15 17 30 29 12 28 15 27 18
internal_value=0.000204427 -0.001833 0.0415126 -0.00397844 -0.0285004 0.00112807 -0.00258275 -0.0111879 0.0234189 0.0241087 0.00170896 0.0716847 -0.0238824 -0.0169177 -0.029306 -0.0286625 -0.0482077 -0.0203071 -0.0109204 0.108742
internal_weight=46.0356 43.9817 2.07425 41.9074 7.2228 34.6846 32.0283 24.22 6.50007 7.80832 5.67449 3.47737 17.7199 15.665 3.82661 11.6051 5.52192 3.34957 6.08315 2.14086
internal_count=443 422 41 381 55 326 305 222 81 83 65 59 141 129 45 99 55 43 44 44
is_linear=0
shrinkage=0.1


Tree=54
num_leaves=20
num_cat=0
split_feature=30 30 21 24 7 19 23 23 30 23 22 23 20 7 23 23 30 22 30
split_gain=0.442334 0.596622 0.542704 0.806528 1.20519 0.737021 1.07469 1.93762 1.22858 1.0478 1.08281 0.887921 0.654589 0.839423 0.937545 0.550203 0.48961 0.324483 0.000694725
threshold=229.50000000000003 356.00000000000006 83.500000000000014 34.000000000000007 1.0000000180025095e-35 1.5000000000000002 118.50000000000001 225.00000000000003 149.00000000000003 107.50000000000001 92.15000000000002 40.180000000000007 92.500000000000014 0.28750000000000003 88.500000000000014 102.50000000000001 77.500000000000014 91.450000000000017 68.500000000000014
decision_type=2 2 2 2 2 2 2 2 2 2 2 2 2 2 2 2 2 2 2
left_child=2 -2 3 4 18 9 8 16 12 11 -11 -5 -7 14 17 -4 -8 -14 -1
right_child=1 -3 15 5 -6 6 7 -9 -10 10 -12 -13 13 -15 -16 -17 -18 -19 -20
leaf_value=0.12199756453313221 -0.055303224600029843 0.0061105067589642993 0.0029452188768181869 -0.028075747029236511 -0.0015557518350053498 -0.057669308828187306 0.064486282293898425 -0.0013790171779033506 0.077155498501887756 -0.081984441626064247 0.0014338049070926947 0.051833548962300691 0.11130310060003568 -0.041926171471326198 -0.029432489522211464 -0.056314387989495042 0.14130986580571442 0.0273061440648328 0.11778065615298167
leaf_weight=0.79698196158278667 3.1370509192347518 3.1908525563776493 3.6535362601280204 2.5080228522419947 1.7095520496368406 2.8382133357226866 1.6572453416883939 3.8415201287716627 1.5978345908224572 3.3502029664814472 2.9056814126670361 3.1207993077114224 1.1903272406198087 2.5798306111246347 1.3603771575726566 2.7431224398314953 1.6611027270555494 0.74946993915364135 0.76634994940832257
leaf_count=22 21 22 31 24 16 19 27 26 15 21 19 33 38 24 17 18 19 13 18
internal_value=0.000190246 -0.0243353 0.00416653 0.0093872 0.0564736 0.0041384 0.0172041 0.0469705 -0.00345535 -0.0150741 -0.043239 0.0162285 -0.0182293 0.000807914 0.0342142 -0.0224675 0.102943 0.0788496 0.11993
internal_weight=45.3581 6.3279 39.0302 32.6335 3.27288 29.3606 17.4759 7.15987 10.3161 11.8847 6.25588 5.62882 8.71822 5.88 3.30017 6.39666 3.31835 1.9398 1.56333
internal_count=443 43 400 351 56 295 198 72 126 97 40 57 111 92 68 49 46 51 40
is_linear=0
shrinkage=0.1


Tree=55
num_leaves=18
num_cat=0
split_feature=30 20 22 7 21 30 3 11 2 25 22 20 23 30 21 20 10
split_gain=0.413207 0.483432 1.30636 1.53559 0.468781 0.90935 0.806103 0.661397 1.37213 0.995418 1.96425 1.68569 0.971248 0.811784 0.443533 0.373092 0.0176132
threshold=36.500000000000007 87.500000000000014 84.600000000000009 0.45000000000000007 62.500000000000007 103.50000000000001 1.1000000000000003 1.0000000180025095e-35 1.0000000180025095e-35 1.0000000180025095e-35 81.65000000000002 130.00000000000003 100.30000000000001 103.50000000000001 80.500000000000014 169.50000000000003 1.0000000180025095e-35
decision_type=2 2 2 2 2 2 2 2 2 2 2 2 2 2 2 2 2
left_child=-1 2 -2 -4 5 6 -3 8 12 10 13 -12 -6 -9 16 -8 -13
right_child=1 4 3 -5 7 -7 15 9 -10 -11 11 14 -14 -15 -16 -17 -18
leaf_value=0.040258740728109046 -0.077158183854526122 0.12346454175880471 -0.032603334059674527 0.061292242139907832 1.5277012661952026e-05 -0.0078858496197348939 -0.021003644750931832 0.012826552329523561 0.032409639521365739 -0.041382743758997129 -0.0078763236079182255 0.13044557612861812 -0.076371469605043069 -0.074113750836635003 0.057709429160765428 0.060121660190299159 0.11368121234178297
leaf_weight=2.4344817155506453 2.9481628909707052 1.3359958520159154 4.8177277967333794 2.7279868461191654 2.7162506058812141 3.8874404914677143 0.97838148754090104 2.3099948735907656 3.1781054502353072 2.8367710802704105 2.4208834730088711 1.4309490094892681 4.2989981295540929 2.0071854703128338 1.7501203529536722 1.3478944475064052 1.1150703853927553
leaf_count=29 18 25 36 19 27 38 9 30 31 18 21 21 29 11 19 35 27
internal_value=0.000201993 -0.0021139 -0.0207115 0.00134254 0.00405935 0.0257997 0.0615564 -0.00276126 -0.0221005 0.0114505 0.0250334 0.0588586 -0.0467951 -0.0275946 0.0964638 0.0260021 0.123103
internal_weight=44.5424 42.1079 10.4939 7.54571 31.614 7.54971 3.66227 24.0643 10.1934 13.871 11.0342 6.71702 7.01525 4.31718 4.29614 2.32628 2.54602
internal_count=443 414 73 55 341 107 69 234 87 147 129 88 56 41 67 44 48
is_linear=0
shrinkage=0.1


Tree=56
num_leaves=20
num_cat=0
split_feature=21 30 24 10 21 20 21 23 21 21 7 20 23 20 3 22 20 20 20
split_gain=0.365234 0.510774 0.641062 0.430259 1.83832 1.36154 1.09909 1.63533 1.35346 1.38382 1.23997 1.36089 0.716344 0.666741 0.657608 0.601574 0.525027 0.206872 0.01313
threshold=87.500000000000014 220.50000000000003 40.500000000000007 1.0000000180025095e-35 68.500000000000014 213.50000000000003 68.500000000000014 114.50000000000001 61.500000000000007 48.500000000000007 0.45000000000000007 111.50000000000001 88.500000000000014 111.50000000000001 2.5000000000000004 90.250000000000014 169.50000000000003 93.500000000000014 157.50000000000003
decision_type=2 2 2 2 2 2 2 2 2 2 2 2 2 2 2 2 2 2 2
left_child=1 3 -3 6 17 -6 8 10 9 16 11 -8 -13 -11 -10 -9 -1 -5 -19
right_child=-2 2 -4 4 5 -7 7 15 14 13 -12 12 -14 -15 -16 -17 -18 18 -20
leaf_value=-0.049027290743863541 -0.029042230632281923 0.010573915047233269 -0.055107510834785801 0.05956037698927006 0.030944827110561342 -0.067785090001751813 -0.03634409536673168 -0.050335744105927172 -0.022221178109778365 0.012676326632362728 0.13292802802014533 0.11639024676831566 0.0082747653334575809 0.12025233223297019 -0.091070102402204436 0.013633825835186412 0.01582848996175246 0.12729983432694822 0.10945692166305887
leaf_weight=2.836625790223481 3.8917229548096648 2.8277902826666823 3.1316488906741142 0.99960407428443288 4.0162731232121587 2.1416170347947627 1.7665751539170722 2.6106120748445392 2.7895488794893026 1.0348795503377917 1.6637958874925969 1.6820105062797668 0.9641110636293887 1.299713345011696 2.7598422765731812 3.364950792863965 2.2290446117985994 0.70886750239878871 0.98614661302417517
leaf_count=17 27 22 21 12 39 24 11 19 25 7 17 39 15 34 15 28 30 10 31
internal_value=0.000196831 0.0030549 -0.0239413 0.0078071 0.0267528 -0.00339188 0.00109889 0.0228325 -0.0191282 0.00886757 0.0593612 0.031623 0.0769985 0.072566 -0.0564614 -0.0143133 -0.0204888 0.095641 0.116919
internal_weight=43.7054 39.8137 5.95944 33.8542 8.85251 6.15789 25.0017 12.0521 12.9497 7.40026 6.07649 4.4127 2.64612 2.33459 5.54939 5.97556 5.06567 2.69462 1.69501
internal_count=443 416 43 373 116 63 257 129 128 88 82 65 54 41 40 47 47 53 41
is_linear=0
shrinkage=0.1


Tree=57
num_leaves=18
num_cat=0
split_feature=20 23 30 20 0 23 24 21 23 23 24 21 3 24 3 7 30
split_gain=0.38151 1.42737 1.69229 1.08595 0.974148 0.882328 1.7165 0.542212 0.541971 2.74032 0.637204 0.525561 0.932489 0.682584 0.929694 0.446207 0.183855
threshold=180.50000000000003 28.390000000000004 121.50000000000001 167.50000000000003 1.5000000000000002 68.500000000000014 43.000000000000007 74.500000000000014 246.30000000000004 176.50000000000003 37.500000000000007 68.500000000000014 1.7500000000000002 43.000000000000007 1.1000000000000003 1.0000000180025095e-35 66.500000000000014
decision_type=2 2 2 2 2 2 2 2 2 2 2 2 2 2 2 2 2
left_child=3 -2 4 8 5 -3 -7 -8 9 10 15 12 -12 -13 -15 -1 -6
right_child=1 2 -4 -5 16 6 7 -9 -10 -11 11 13 -14 14 -16 -17 -18
leaf_value=0.056245362267273849 0.11535162828418571 -0.081623836656435134 0.075244396012477066 -0.058358594588892199 0.012019477473492846 0.065789897204801731 -0.0099665344042492738 -0.084298013428751095 -0.038552345496177663 0.10350883050063334 0.0029657846912971792 -0.042823750505710162 -0.076660899929842208 -0.024307988035091498 0.05618233245839506 -0.0041765258152230587 0.070102996562182107
leaf_weight=2.3335080384276941 1.2552936694119115 2.3641310222446901 2.6451495038345447 3.5363763729110351 0.96886557666584794 2.0092916693538427 1.9255236377939584 2.0013346653431654 3.0596180707216254 2.5639338698238126 2.725150558166205 2.6809563226997835 3.1949655059725046 2.7133833430707455 3.0458182087168097 2.5664246156811714 1.2455826874356715
leaf_count=32 35 25 25 26 23 36 25 17 19 25 27 22 24 19 28 17 18
internal_value=0.000215129 0.0134663 0.0037477 -0.00650611 -0.0142384 -0.0299602 -0.00938457 -0.0478498 0.000862955 0.00638875 -0.00653995 -0.0171648 -0.0400071 -0.00114267 0.0182602 0.0245984 0.0446903
internal_weight=42.8353 14.4152 13.1599 28.4201 10.5147 8.30028 5.93615 3.92686 24.8838 21.8241 19.2602 14.3603 5.92012 8.44016 5.7592 4.89993 2.21445
internal_count=443 204 169 239 144 103 78 42 213 194 169 120 51 69 47 49 41
is_linear=0
shrinkage=0.1


Tree=58
num_leaves=16
num_cat=0
split_feature=24 24 2 15 22 21 22 30 0 20 3 19 23 20 30
split_gain=0.421955 0.724713 0.456604 0.932278 1.03379 0.918027 0.715978 1.29438 1.03811 0.911463 0.70263 0.586541 0.697628 0.523682 0.496095
threshold=31.500000000000004 34.000000000000007 1.5000000000000002 1.0000000180025095e-35 91.950000000000017 67.500000000000014 92.350000000000009 110.50000000000001 1.5000000000000002 135.50000000000003 1.7500000000000002 2.5000000000000004 114.50000000000001 208.50000000000003 70.500000000000014
decision_type=2 2 2 2 2 2 2 2 2 2 2 2 2 2 2
left_child=-1 -2 3 6 -5 -4 8 14 11 -10 -7 12 13 -3 -8
right_child=1 2 5 4 -6 10 7 -9 9 -11 -12 -13 -14 -15 -16
leaf_value=-0.037988782450273845 0.05239829953852039 0.019473287115758534 -0.021176254712838214 -0.0085539849486818611 -0.086574841804375843 0.0059128823113337708 0.032463191381235518 0.094526350347785879 -0.0092072046616289288 0.091664303905171107 0.075845630033102962 0.013741531915230113 -0.076949888663898833 -0.050828683791695944 -0.036509272547275838
leaf_weight=2.707201956305652 2.74347852426581 2.2043932583183103 3.6473365942947549 4.4506429843604556 2.7461685817688704 2.714575007557869 2.1500696134753516 2.1490228641778231 1.966475332155823 1.6452258958015589 3.0519517660140991 2.7334539189469069 3.0609112903475761 2.040259875357151 2.0249938033521175
leaf_count=37 36 22 39 39 21 26 27 17 15 39 30 36 22 23 14
internal_value=0.000198375 0.00282698 -0.000890282 -0.00746598 -0.0383253 0.0180894 0.00365246 0.031468 -0.00923388 0.0367424 0.042925 -0.0257746 -0.04056 -0.0143185 -0.000989908
internal_weight=42.0362 39.329 36.5855 27.1716 7.19681 9.41386 19.9748 6.32409 13.6507 3.6117 5.76653 10.039 7.30556 4.24465 4.17506
internal_count=443 406 370 275 60 95 215 58 157 54 56 103 67 45 41
is_linear=0
shrinkage=0.1


Tree=59
num_leaves=19
num_cat=0
split_feature=20 20 21 21 24 23 23 21 21 24 21 23 3 30 30 21 22 22
split_gain=0.361683 0.831421 0.952611 1.0584 0.507271 0.622272 1.14848 2.97551 1.10394 1.14623 0.908332 1.10399 1.2255 1.32058 0.806864 0.394398 0.243247 0.00193709
threshold=238.50000000000003 260.50000000000006 74.500000000000014 38.000000000000007 31.500000000000004 225.00000000000003 153.50000000000003 66.500000000000014 64.500000000000014 52.500000000000007 68.500000000000014 114.50000000000001 0.40000000000000008 101.50000000000001 132.50000000000003 76.500000000000014 93.350000000000009 82.700000000000003
decision_type=2 2 2 2 2 2 2 2 2 2 2 2 2 2 2 2 2 2
left_child=4 -2 3 -3 -1 6 8 -8 9 14 -10 12 -12 15 -6 -14 17 -5
right_child=1 2 -4 16 5 -7 7 -9 10 -11 11 -13 13 -15 -16 -17 -18 -19
leaf_value=-0.047940971510803287 0.079117062855878606 -0.041964025984780835 -0.043453337430203832 0.11501359665950717 0.11770457548534075 -0.03087686863250674 -0.033682265224326248 0.11907103689211661 -0.063536685256796496 -0.022097398865526703 -0.02992894563409744 -0.060676500156660498 0.13212532673594113 -0.0066543423327764771 0.015434240564040084 0.055480793239769836 0.034372355576979458 0.10689142985022609
leaf_weight=2.4545913301408282 1.8115986697375763 1.0226035336963835 2.5671716784127057 0.47007752559147753 1.7804437952581893 5.6434843689203253 2.3796762041747561 2.7475482383742929 3.4052512552589169 2.0955325197428465 4.1747698304243368 2.7844709753990164 1.2784972544759514 2.7492627054452896 1.361243726685643 1.413848767057061 0.64552843384444702 0.78229325916618109
leaf_count=26 26 13 29 15 39 36 17 32 24 17 36 19 23 21 13 17 7 33
internal_value=0.0001658 0.0203771 0.000985727 0.0400484 -0.00413923 -0.000759736 0.0057348 0.0481743 -0.00460563 0.0351848 -0.0177898 -0.00522784 0.0108276 0.0420958 0.0733924 0.0918765 0.0842374 0.10994
internal_weight=41.5679 7.29927 5.48767 2.9205 34.2686 31.814 26.1705 5.12722 21.0433 5.23722 15.8061 12.4008 9.61638 5.44161 3.14169 2.69235 1.8979 1.25237
internal_count=443 123 97 68 320 294 258 49 209 69 140 116 97 61 52 40 55 48
is_linear=0
shrinkage=0.1


Tree=60
num_leaves=17
num_cat=0
split_feature=21 22 30 20 13 21 7 30 19 19 22 22 30 20 24 20
split_gain=0.365111 0.838446 0.991836 2.09486 0.811058 0.7409 0.898458 1.29365 1.21812 1.84745 1.01966 0.759777 0.757019 0.499178 0.481678 0.273556
threshold=75.500000000000014 84.450000000000017 82.500000000000014 224.50000000000003 1.0000000180025095e-35 72.500000000000014 0.90000000000000013 63.500000000000007 1.5000000000000002 2.5000000000000004 91.950000000000017 85.350000000000009 56.500000000000007 138.00000000000003 40.500000000000007 156.50000000000003
decision_type=2 2 2 2 2 2 2 2 2 2 2 2 2 2 2 2
left_child=5 4 3 -3 -2 6 8 -8 12 15 11 -11 -1 -4 -9 -10
right_child=1 2 13 -5 -6 -7 7 14 9 10 -12 -13 -14 -15 -16 -17
leaf_value=-0.049882747768154351 0.0030070729528839969 0.11784041667295048 -0.051292408073565644 -0.036366293616697805 -0.074790915899961966 0.051267001043947852 0.04683596364752593 -0.077940844687603192 0.15806913041067161 0.008559735311667661 -0.033098855402164097 0.098585386468034789 0.019735253809950726 0.0086317466891525241 -0.01991086032618386 0.086156241341706241
leaf_weight=3.4691407391801539 2.2635197397321454 1.9325446505099519 2.6689500361680984 1.6189313190989194 3.2844896642491221 3.3451169445179394 1.7908785976469506 3.026854520663619 1.0080801453441366 2.2286543606314813 2.7754641964565963 1.6181001018267123 2.8411120912060142 2.9012061413377523 2.7119536632671952 1.1129984575090928
leaf_count=28 23 24 20 22 28 38 32 23 12 31 28 21 33 22 22 36
internal_value=0.000212059 -0.0123957 0.0062492 0.0475457 -0.0430503 0.00734523 0.000839363 -0.0273631 0.014946 0.0391124 0.0130973 0.0464282 -0.0185381 -0.020081 -0.050518 0.120334
internal_weight=40.598 14.6696 9.12163 3.55148 5.54801 25.9284 22.5832 7.52969 15.0536 8.7433 6.62222 3.84675 6.31025 5.57016 5.73881 2.12108
internal_count=443 139 88 46 51 304 266 77 189 128 80 52 61 42 45 48
is_linear=0
shrinkage=0.1


Tree=61
num_leaves=18
num_cat=0
split_feature=20 23 30 20 0 23 24 19 30 22 22 22 11 15 23 19 20
split_gain=0.355218 1.22489 1.36975 0.792548 0.609223 1.24863 0.821324 0.874064 0.850013 0.54854 1.95363 0.733357 0.677283 1.25352 0.953939 0.491265 0.459178
threshold=180.50000000000003 28.390000000000004 159.00000000000003 167.50000000000003 1.5000000000000002 68.500000000000014 43.000000000000007 1.5000000000000002 73.500000000000014 84.250000000000014 82.40000000000002 77.450000000000017 1.0000000180025095e-35 1.0000000180025095e-35 98.500000000000014 3.5000000000000004 83.500000000000014
decision_type=2 2 2 2 2 2 2 2 2 2 2 2 2 2 2 2 2
left_child=3 -2 4 9 5 -3 8 -8 -7 10 11 -1 16 14 -14 -6 -11
right_child=1 2 -4 -5 15 6 7 -9 -10 12 -12 -13 13 -15 -16 -17 -18
leaf_value=-0.026302428626237596 0.11360852492945601 -0.078972742985496738 0.09592107445721415 -0.052397955624306873 0.089265461302844074 0.11389631063854191 -0.066937508954162658 0.026595118175248747 -0.0093539627294955876 0.01474244179212484 -0.098681041550877174 0.052991680876218653 0.016755300023364127 -0.015219270940095475 0.10869837454255181 -0.0096507629331845247 -0.031896021730644007
leaf_weight=2.3077196809463265 1.1203027560841281 2.5043782277498376 1.4406417198479164 3.2918077977374187 1.0445023693027899 1.1347388422582301 2.103134460747242 1.9033053915482012 1.1039400803856549 4.0428081601858157 2.3094592187553644 2.3582801073789597 2.1311639044433823 3.3531158622354269 2.3984072571620345 0.96685175504535426 4.4178998107090592
leaf_count=30 35 26 16 26 33 25 19 26 15 30 15 19 25 28 30 9 36
internal_value=0.000207932 0.0135379 0.00434978 -0.00646532 -0.00790961 -0.0193178 0.00460462 -0.0225038 0.053119 1.87604e-05 -0.0234578 0.0137742 0.0100387 0.0311289 0.0654391 0.0417167 -0.00961061
internal_weight=39.9325 13.3218 12.2015 26.6107 10.7609 8.7495 6.24512 4.00644 2.23868 23.3189 6.97546 4.666 16.3434 7.88269 4.52957 2.01135 8.46071
internal_count=443 204 169 239 153 111 85 45 40 213 64 49 149 83 55 42 66
is_linear=0
shrinkage=0.1


Tree=62
num_leaves=17
num_cat=0
split_feature=1 20 21 21 30 20 24 21 21 23 19 3 2 20 22 20
split_gain=0.416342 0.54078 0.583186 0.764392 0.552444 0.505529 0.492404 1.15025 0.778761 0.762537 0.687615 0.600699 0.800108 0.666645 0.660458 0.114859
threshold=2.5000000000000004 238.50000000000003 84.500000000000014 38.000000000000007 229.50000000000003 352.50000000000006 69.500000000000014 61.500000000000007 67.500000000000014 165.50000000000003 1.5000000000000002 0.40000000000000008 1.5000000000000002 123.50000000000001 84.250000000000014 297.50000000000006
decision_type=2 2 2 2 2 2 2 2 2 2 2 2 2 2 2 2
left_child=1 4 3 -3 6 15 7 9 -9 10 -1 14 13 -13 -10 -5
right_child=-2 2 -4 5 -6 -7 -8 8 11 -11 -12 12 -14 -15 -16 -17
leaf_value=0.12932711731400234 0.048622473110234918 -0.032422201757427931 -0.025311968644629514 0.11322217980487631 -0.038024201668896217 0.014528998497827765 -0.043494998018841942 -0.047130148729221895 -0.053642428194368943 0.00058944644014893811 0.030982798494551229 -0.024541045440711874 0.070141178513580468 0.044628937600944163 0.010021727728240098 0.066501965611060351
leaf_weight=1.4047374685760687 1.6992913298308838 1.0042831106111396 1.6553528383374212 1.3577001993544406 4.9260405190289012 1.1997179531026629 2.5304286070168009 4.0693488335236934 3.1245161332190028 2.1453670021146536 1.4395382598740978 3.796470604836939 2.3071713070385158 2.2012213012203574 3.4055945258587599 0.85921557620167721
leaf_count=23 16 14 12 35 36 30 20 36 25 16 30 28 26 37 33 26
internal_value=0.0002109 -0.00198714 0.0253166 0.0442738 -0.00727909 0.0668178 -0.00154759 0.00289475 -0.00837741 0.0456017 0.0795533 0.00225277 0.0200962 0.000845127 -0.0204402 0.0951147
internal_weight=39.126 37.4267 6.07627 4.42092 31.3504 3.41663 26.4244 23.894 18.9043 4.98964 2.84428 14.835 8.30486 5.99769 6.53011 2.21692
internal_count=443 427 117 105 310 91 274 254 185 69 53 149 91 65 58 61
is_linear=0
shrinkage=0.1


Tree=63
num_leaves=19
num_cat=0
split_feature=19 1 23 23 22 14 22 30 30 15 22 30 0 22 23 24 7 21
split_gain=0.347259 0.367386 0.452069 0.963745 0.524902 0.82264 0.954698 0.928873 1.41588 0.905372 1.65158 0.77418 0.633085 0.7037 1.10607 0.534628 0.459377 0.378562
threshold=4.5000000000000009 2.5000000000000004 270.95000000000005 251.00000000000003 96.250000000000014 1.0000000180025095e-35 76.200000000000003 356.00000000000006 215.50000000000003 1.0000000180025095e-35 91.750000000000014 78.500000000000014 1.5000000000000002 80.550000000000011 37.850000000000009 47.500000000000007 0.45000000000000007 66.500000000000014
decision_type=2 2 2 2 2 2 2 2 2 2 2 2 2 2 2 2 2 2
left_child=1 2 3 4 5 6 11 8 9 10 12 -1 13 -8 -15 -12 -16 -7
right_child=-2 -3 -4 -5 -6 17 7 -9 -10 -11 15 -13 -14 14 16 -17 -18 -19
leaf_value=0.11313479151911764 0.044099586823080683 0.043380332640451977 0.045739651677688418 -0.069839138000471687 -0.047952981768454583 0.0032250825277829903 -0.078598495097583584 0.054995195437377055 -0.10939467119936125 -0.060352697496997502 0.09768111272526589 0.0057450133275505685 0.030707142740708446 0.059862127394078049 -0.0572384387983121 0.022533097779204449 0.0050125057247753122 0.063869938881831956
leaf_weight=1.1348772533820111 1.7228534435853351 1.7133893072605122 1.7340309135615815 2.2494704984128466 2.3073159325867882 1.6367888398235653 2.3517445866018623 1.8550843223929394 1.5935048982501019 3.0945879486389449 1.6918921985197806 1.6433953419327734 1.9980580576229829 1.5262299776077268 3.5826477869413793 2.1494477083906531 1.7716372287832198 2.7734246938489377
leaf_count=36 21 16 14 16 22 18 16 13 13 29 26 23 36 25 38 21 25 35
internal_value=0.0002193 -0.00183461 -0.00404212 -0.00662974 -0.00205935 0.001617 -0.00556888 -0.0126616 -0.0190133 -0.0110853 -0.000969419 0.0496119 -0.0203298 -0.0313753 -0.0152345 0.0556315 -0.0366407 0.0413625
internal_weight=38.5304 36.8075 35.0941 33.3601 31.1106 28.8033 24.3931 21.6148 19.7598 18.1662 15.0717 2.77827 11.2303 9.23226 6.88051 3.84134 5.35429 4.41021
internal_count=443 422 406 392 376 354 301 242 229 216 187 59 140 104 88 47 63 53
is_linear=0
shrinkage=0.1


Tree=64
num_leaves=19
num_cat=0
split_feature=21 22 13 7 30 10 30 22 22 21 20 12 23 21 21 24 21 30
split_gain=0.312798 0.611122 0.642953 0.63394 0.856157 0.544042 1.18732 1.09438 0.914947 1.08562 0.623103 0.829503 0.753249 0.667683 0.753683 0.356676 0.24603 0.0177174
threshold=75.500000000000014 83.950000000000017 1.0000000180025095e-35 0.65000000000000013 79.500000000000014 1.0000000180025095e-35 220.50000000000003 80.550000000000011 82.050000000000011 66.500000000000014 178.50000000000003 1.0000000180025095e-35 81.500000000000014 64.500000000000014 69.500000000000014 47.500000000000007 48.500000000000007 114.50000000000001
decision_type=2 2 2 2 2 2 2 2 2 2 2 2 2 2 2 2 2 2
left_child=5 2 -2 4 -3 8 7 -7 9 -1 13 12 -12 16 -15 17 -10 -9
right_child=1 3 -4 -5 -6 6 -8 15 10 -11 11 -13 -14 14 -16 -17 -18 -19
leaf_value=0.0012414114729325588 0.00064812144891541795 0.041973319662396306 -0.072811120037993851 0.046036801149077794 -0.037941336892906997 -0.013763109088652598 -0.031819250572508562 0.10917030850789083 -0.022509267302695035 0.11950275010709979 0.0035899330917124142 -0.036681482999070307 0.12170602741612697 -0.090104524425634311 -0.013674947481159822 0.053141543093601945 0.021172802636539312 0.12870010084697511
leaf_weight=2.1230634453822925 2.127743722870945 1.9395396830514053 2.7077403469011188 2.5284845139831305 4.3412895388901234 1.4649916866328556 2.1065688673406839 0.9162107852753254 2.5954512907192093 1.2236167378723619 1.1060293659102165 1.4422409358667212 1.054820822086185 2.566583015024662 2.594468941912055 1.4692482431419192 2.5622844193130732 0.94223581161350012
leaf_count=34 23 31 26 24 35 20 15 31 19 24 21 20 22 19 22 20 23 14
internal_value=0.000182303 -0.0119222 -0.0404871 0.00375715 -0.0132634 0.00701636 0.0307533 0.0582563 -0.00246718 0.0444802 -0.0137529 0.0220491 0.0612484 -0.0262541 -0.0516833 0.0899623 -0.000808681 0.119072
internal_weight=37.8126 13.6448 4.83548 8.80931 6.28083 24.1678 6.89926 4.79269 17.2686 3.34668 13.9219 3.60309 2.16085 10.3188 5.16105 3.32769 5.15774 1.85845
internal_count=443 139 49 90 66 304 100 85 204 58 146 63 43 83 41 65 42 45
is_linear=0
shrinkage=0.1


Tree=65
num_leaves=17
num_cat=0
split_feature=23 22 30 23 23 24 2 21 24 22 11 21 23 20 24 21
split_gain=0.307118 0.958588 0.834232 0.605006 0.435978 1.04891 0.860834 0.900412 0.80376 1.12012 0.697167 0.961041 0.846821 0.601448 1.02479 0.453309
threshold=225.00000000000003 96.800000000000026 92.500000000000014 176.50000000000003 36.150000000000006 40.500000000000007 1.5000000000000002 74.500000000000014 37.500000000000007 79.350000000000009 1.0000000180025095e-35 60.500000000000007 93.500000000000014 103.50000000000001 40.500000000000007 71.500000000000014
decision_type=2 2 2 2 2 2 2 2 2 2 2 2 2 2 2 2
left_child=1 3 -2 4 5 8 7 10 9 -1 11 -6 -12 -9 -15 -8
right_child=2 -3 -4 -5 6 -7 15 13 -10 -11 12 -13 -14 14 -16 -17
leaf_value=-0.041501904511361536 0.012150937318818151 -0.07212230233431173 -0.062693643902020466 0.050316387127668061 0.025698603227343422 0.091124482911894886 0.0016857327601793066 -0.092682668210845198 -0.065960492880241112 0.11416072493404686 -0.0053552611163442156 -0.056152935475974046 0.080665285967844155 0.035324127835880618 -0.062685898367222256 0.062897295494755576
leaf_weight=0.91316526103765749 3.4241163097321978 1.5623963456600893 2.6354962326586246 3.0643138410523525 2.6442330395802909 1.7960981843061743 2.2730920612812033 1.7827602624893177 1.2725152499042451 0.93619582999963313 2.5405379214789718 3.1353342845104635 2.0825338017893955 1.7633090140298007 2.7009550016373396 2.5864760912954807
leaf_count=12 31 17 19 36 30 34 31 14 16 28 35 36 25 22 25 32
internal_value=0.000192032 0.00421041 -0.0204011 0.00825435 0.00337713 0.0302384 -0.00276455 -0.0135725 -0.00479104 0.0372987 0.00444866 -0.0187047 0.033394 -0.0435816 -0.0239736 0.0342652
internal_weight=37.1135 31.0539 6.05961 29.4915 26.4272 4.91797 21.5092 16.6497 3.12188 1.84936 10.4026 5.77957 4.62307 6.24702 4.46426 4.85957
internal_count=443 393 50 376 340 90 250 187 56 40 126 66 60 61 47 63
is_linear=0
shrinkage=0.1


Tree=66
num_leaves=16
num_cat=0
split_feature=24 24 23 23 23 11 14 30 30 22 22 30 20 30 23
split_gain=0.2976 0.509756 0.42491 0.96479 0.902139 0.813776 0.510533 0.993866 0.970217 0.582049 0.648284 0.627077 0.737677 0.498298 0.448599
threshold=31.500000000000004 34.000000000000007 225.00000000000003 146.00000000000003 114.50000000000001 1.0000000180025095e-35 1.0000000180025095e-35 64.250000000000014 101.50000000000001 80.350000000000009 91.65000000000002 46.500000000000007 213.50000000000003 92.500000000000014 74.500000000000014
decision_type=2 2 2 2 2 2 2 2 2 2 2 2 2 2 2
left_child=-1 -2 3 4 6 -5 8 -8 9 -3 11 -11 -13 -4 -10
right_child=1 2 13 5 -6 -7 7 -9 14 10 -12 12 -14 -15 -16
leaf_value=-0.034173010510962588 0.048017988923819997 0.073048913664414794 0.001201340449714552 0.0084217122997300182 -0.053757449373917521 0.082599877304298741 -0.014199602467337747 0.096751776105228948 -0.056386819974758931 -0.069739161054164348 0.061301524944958857 0.066604253339258249 -0.037776616200804636 -0.058266735203002712 -0.0020170359533132486
leaf_weight=2.3603623108938327 2.2988267837790763 1.6035871540662023 3.1393388900905839 3.5215312568470827 3.2952815089374772 2.5497879181057215 1.6783307641744607 1.5557226109085602 3.6678467313759029 1.4115430349484084 1.488637715578079 1.3049484845250847 1.4071232657879589 2.5564445592463017 2.5885446616448462
leaf_count=37 36 36 27 31 35 35 21 19 35 15 28 20 27 19 22
internal_value=0.000165438 0.00254457 -0.000745949 0.00465949 -0.00593869 0.0395745 0.00349347 0.0391729 -0.0050715 0.0199166 0.00473512 -0.0156855 0.0124476 -0.0254898 -0.0338916
internal_weight=36.4279 34.0675 31.7687 26.0729 20.0016 6.07132 16.7063 3.23405 13.4722 7.21584 5.61225 4.12361 2.71207 5.69578 6.25639
internal_count=443 406 370 324 258 66 223 40 183 126 90 62 47 46 57
is_linear=0
shrinkage=0.1


Tree=67
num_leaves=18
num_cat=0
split_feature=20 20 19 21 21 24 21 23 21 3 23 22 25 30 21 21 23
split_gain=0.280572 0.685819 0.701098 0.623763 0.740344 0.43024 0.526392 1.54243 0.935708 0.749902 0.842816 0.563286 0.988944 1.01399 0.784432 0.540899 0.184229
threshold=238.50000000000003 260.50000000000006 2.5000000000000004 74.500000000000014 38.000000000000007 69.500000000000014 64.500000000000014 165.50000000000003 67.500000000000014 0.40000000000000008 78.90000000000002 84.15000000000002 1.0000000180025095e-35 92.500000000000014 74.500000000000014 76.500000000000014 138.00000000000003
decision_type=2 2 2 2 2 2 2 2 2 2 2 2 2 2 2 2 2
left_child=5 -2 3 4 -3 6 7 9 -8 -1 -11 14 13 16 -10 -15 -13
right_child=1 2 -4 -5 -6 -7 8 -9 11 10 -12 12 -14 15 -16 -17 -18
leaf_value=0.1242518843586999 0.077653996261733291 -0.062388569988363785 0.059232229327509357 -0.072803848127875645 0.066513512605803321 -0.044212264873517045 -0.058214481068579842 -0.027614155874596199 0.022707184587065641 -0.01509695295790927 0.091482335566860806 0.052372538512993373 -0.04584134299771353 0.034409879852137518 -0.052390003547732815 -0.032783240851858741 0.09999678853239008
leaf_weight=1.3251889022067249 1.5270626090932626 0.74931472027674351 1.4290069236885754 1.4830959518440066 1.0991720769088713 2.4321718364953986 3.238162167370322 3.5133857205510139 2.2421289714984622 1.6149497362785044 1.3725958921131676 1.8163244184106573 2.1212671231478444 2.4499674960970879 3.6638857629150152 2.3444651514291763 1.4693962158635256
leaf_count=24 26 11 35 16 35 22 26 26 30 28 22 32 15 20 34 20 21
internal_value=0.000156628 0.0193414 0.000636328 -0.0244971 0.0142609 -0.00391807 -0.000311293 0.0215721 -0.00916404 0.0616418 0.0338698 0.000696825 0.0149256 0.0308787 -0.0238805 0.00155262 0.0736704
internal_weight=35.8915 6.28765 4.76059 3.33158 1.84849 29.6039 27.1717 7.82612 19.3456 4.31273 2.98755 16.1074 10.2014 8.08015 5.90601 4.79443 3.28572
internal_count=443 123 97 62 46 320 298 100 198 74 50 172 108 93 64 40 53
is_linear=0
shrinkage=0.1


Tree=68
num_leaves=18
num_cat=0
split_feature=1 20 30 1 30 20 20 10 23 13 23 30 22 30 21 23 24
split_gain=0.27812 0.414862 0.515948 0.668965 0.428481 0.418276 0.524363 0.323192 1.23895 0.961058 0.652138 1.09367 0.692625 0.676615 0.242489 0.206318 0.000296362
threshold=2.5000000000000004 238.50000000000003 63.500000000000007 1.5000000000000002 229.50000000000003 201.00000000000003 178.50000000000003 1.0000000180025095e-35 153.50000000000003 1.0000000180025095e-35 115.80000000000001 80.500000000000014 91.450000000000017 45.500000000000007 79.500000000000014 115.80000000000001 47.500000000000007
decision_type=2 2 2 2 2 2 2 2 2 2 2 2 2 2 2 2 2
left_child=1 4 14 -4 5 6 7 10 9 -9 11 13 -12 -1 16 -7 -3
right_child=-2 2 3 -5 -6 15 -8 8 -10 -11 12 -13 -14 -15 -16 -17 -18
leaf_value=0.027140344742136627 0.041084372816058465 0.10440667080283413 0.052624304302341079 -0.030307835392892186 -0.034881068588853488 -0.013367923092478865 0.050945744544700911 0.038284877452202187 0.098723080880222067 -0.074843385602361159 -0.061307700211729016 0.057325377128253641 0.0047716541399427667 -0.053891932106439937 0.019047323711128338 -0.063806505455422491 0.10802973172839521
leaf_weight=1.7303886711597565 1.5859800036996592 0.51783582195639499 1.7015138593269514 2.2706413790583611 4.5085053220391265 1.9874918772839003 2.1422192724421611 1.6168865114450446 1.4305608021095393 1.4021603949368 3.5963864959776402 3.0411638263612986 2.8379425257444382 2.5474575464613736 0.49313618801534176 1.3699996545910833 0.40030030161142349
leaf_count=16 16 32 39 22 36 34 31 26 20 16 25 30 25 38 9 13 15
internal_value=0.000162959 -0.00176892 0.02367 0.00521701 -0.00662332 -0.00124838 0.00414809 -0.00135931 0.0220669 -0.0142562 -0.00893839 0.0114786 -0.0321626 -0.0211144 0.0756075 -0.033949 0.105986
internal_weight=35.1806 33.5946 5.38343 3.97216 28.2112 23.7027 20.3452 18.2029 4.44961 3.01905 13.7533 7.31901 6.43433 4.27785 1.41127 3.35749 0.918136
internal_count=443 427 117 61 310 274 227 196 62 42 134 84 50 54 56 47 47
is_linear=0
shrinkage=0.1


Tree=69
num_leaves=20
num_cat=0
split_feature=21 24 7 20 20 22 22 24 25 20 7 20 21 11 7 21 3 22 22
split_gain=0.246258 0.459045 1.03803 0.396119 1.06768 0.497258 1.06583 0.96777 0.706115 0.64436 1.15161 0.735026 0.631455 1.32567 0.598636 0.43714 0.793765 0.25713 0.256742
threshold=83.500000000000014 34.000000000000007 0.90000000000000013 234.50000000000003 260.50000000000006 85.350000000000009 82.050000000000011 56.500000000000007 1.0000000180025095e-35 95.000000000000014 0.45000000000000007 131.50000000000003 58.500000000000007 1.0000000180025095e-35 0.45000000000000007 74.500000000000014 2.5000000000000004 87.550000000000011 88.750000000000014
decision_type=2 2 2 2 2 2 2 2 2 2 2 2 2 2 2 2 2 2 2
left_child=1 2 17 5 -5 6 7 14 9 10 -7 -11 -13 -14 -3 16 -6 -1 -2
right_child=18 3 -4 4 15 8 -8 -9 -10 11 -12 12 13 -15 -16 -17 -18 -19 -20
leaf_value=0.12338166303404303 0.0039072840446734139 0.08550752627750792 -0.024555948780034333 0.12400221705431501 0.1098581110463097 0.0014038758465102141 -0.075797382946614283 -0.062689476187234583 -0.03976471125262495 -0.051470721287333258 0.10052031837600273 -0.02333965850172523 -0.019468713152776741 0.12001555210576696 -0.0073927407461118096 -0.045348775637303038 -0.017671861095495182 0.046437180746709078 -0.03966972677288725
leaf_weight=1.0162106558564148 2.5285794558003536 1.3656046069227223 1.4050053970422594 0.90044252504594524 0.7723890380002566 2.7611862905323488 2.7993188379332423 1.441018685698509 2.9097587247379115 2.2315875818021595 2.0370366116985679 2.0948418406769633 1.3745578359812498 1.3511355412192643 1.4096197914332149 1.25424113497138 1.3257812418742103 0.75845769466832269 2.9056432228535414
leaf_count=32 26 33 15 22 26 28 22 10 25 22 19 17 17 25 15 16 30 15 28
internal_value=0.000153707 0.00379041 0.0396585 -0.000591281 0.0273235 -0.00604312 -0.027962 0.00379765 0.00437506 0.0152132 0.0434828 -0.00402119 0.0179448 0.0496741 0.0383207 0.001356 0.0292751 0.0904971 -0.0193931
internal_weight=34.6424 29.2082 3.17967 26.0285 4.25285 21.7757 7.01556 4.21624 14.7601 11.8503 4.79822 7.05212 4.82054 2.72569 2.77522 3.35241 2.09817 1.77467 5.43422
internal_count=443 389 62 327 94 233 80 58 153 128 47 81 59 42 48 72 56 47 54
is_linear=0
shrinkage=0.1


Tree=70
num_leaves=19
num_cat=0
split_feature=20 22 7 20 2 30 24 24 23 7 19 20 21 22 22 23 21 23
split_gain=0.257101 0.920446 0.72521 0.545583 0.385626 0.801016 0.564462 0.845909 0.487368 1.24208 0.642365 0.857445 0.498523 0.842546 0.493097 0.433024 0.230112 0.0624738
threshold=87.500000000000014 84.250000000000014 0.45000000000000007 93.500000000000014 1.5000000000000002 229.50000000000003 56.500000000000007 43.000000000000007 88.500000000000014 1.5500000000000003 2.5000000000000004 201.00000000000003 70.500000000000014 89.050000000000026 90.050000000000011 72.500000000000014 66.500000000000014 45.20000000000001
decision_type=2 2 2 2 2 2 2 2 2 2 2 2 2 2 2 2 2 2
left_child=1 -1 16 -2 5 8 7 15 9 10 11 -5 13 -10 -14 -6 -3 -12
right_child=3 2 -4 4 6 -7 -8 -9 12 -11 17 -13 14 -15 -16 -17 -18 -19
leaf_value=-0.070666083060516999 0.070678996012505074 0.0021265936508706369 0.044870098829594807 0.083273595858057006 -0.045069696518100666 -0.056415762415452445 -0.026799795804173118 0.096995867018658463 0.082068222947390648 -0.062366157271488781 0.077698581603942454 -0.018824271961263222 -0.059668898538983689 -0.017827792844423561 0.00086745071178413301 0.043240101818872556 -0.044577159507002882 0.11657033933236294
leaf_weight=2.1910723187029344 1.2192842233926082 2.0482199806720018 2.6418742509558797 1.3793252264149551 0.99214045947883223 2.5935878418385974 1.5138944154605267 1.7520173224620519 1.2951906893285907 1.3003277431707827 0.78292312100529649 2.0378665087046102 2.8059479417279363 2.4252703674137592 2.5852828342467546 1.2609642681200055 2.1754420697689056 0.87614030053373426
leaf_count=18 12 18 24 25 21 21 16 29 27 17 23 38 29 27 27 27 22 22
internal_value=0.000187744 -0.0142341 0.00377565 0.00545012 0.00208022 -0.00498179 0.0252174 0.0448793 0.00363108 0.0248358 0.0471734 0.0223868 -0.0112085 0.0169486 -0.0306396 0.00435344 -0.0219287 0.0982265
internal_weight=33.8768 9.05661 6.86554 24.8202 23.6009 18.0819 5.51902 4.00512 15.4883 6.37658 5.07626 3.41719 9.11169 3.72046 5.39123 2.2531 4.22366 1.65906
internal_count=443 82 64 361 349 256 93 77 235 125 108 63 110 54 56 48 40 45
is_linear=0
shrinkage=0.1


Tree=71
num_leaves=17
num_cat=0
split_feature=20 20 23 2 15 23 20 23 1 11 21 3 12 23 20 22
split_gain=0.227081 0.491831 0.606949 0.463285 0.828035 0.739505 0.652568 0.54812 0.775129 0.49806 0.747719 0.622609 0.523426 0.380719 0.27765 0.232113
threshold=33.000000000000007 87.500000000000014 82.500000000000014 1.5000000000000002 1.0000000180025095e-35 71.65000000000002 178.50000000000003 37.850000000000009 1.5000000000000002 1.0000000180025095e-35 59.500000000000007 0.40000000000000008 1.0000000180025095e-35 102.50000000000001 149.50000000000003 89.750000000000014
decision_type=2 2 2 2 2 2 2 2 2 2 2 2 2 2 2 2
left_child=-1 2 -2 7 5 -5 -7 8 -3 10 -9 15 -13 -12 -14 -11
right_child=1 3 -4 4 -6 6 -8 9 -10 11 13 12 14 -15 -16 -17
leaf_value=0.035431406052819941 -0.056906027605193234 0.11133194284086159 0.001497998630237181 -0.051489680718650045 0.098060759635896624 -0.0091930803196474519 0.084097722767121463 0.019369681251579736 -0.0047722100471873615 0.00043525499841311162 -0.011439093137588473 0.070489982158226508 -0.027943957147656198 -0.067402718088216698 0.036931735723270138 -0.049186824017314446
leaf_weight=1.7329039648175228 3.2292061150074032 0.96402812306769847 3.9631822444498539 1.3924141498282541 1.3589000611100344 1.5244655334390702 1.4755489733070133 2.3610372166149327 1.4249596190638838 2.0369451758451764 1.8542810934595761 2.0120700929837767 1.3913277359679344 3.5292886993847787 1.2544762415345756 1.7546661016531286
leaf_count=19 27 33 36 27 23 19 28 33 25 24 28 31 16 33 25 16
internal_value=0.000187511 -0.00174971 -0.024724 0.00504067 0.0298428 0.00873795 0.0366917 -0.0026354 0.0420793 -0.0092318 -0.0275498 0.00755806 0.0320493 -0.048127 0.00281607 -0.0225286
internal_weight=33.2597 31.5268 7.19239 24.3344 5.75133 4.39243 3.00001 18.5831 2.38899 16.1941 7.74461 8.44949 4.65787 5.38357 2.6458 3.79161
internal_count=443 424 63 361 97 74 47 264 58 206 94 112 72 61 41 40
is_linear=0
shrinkage=0.1


Tree=72
num_leaves=18
num_cat=0
split_feature=1 20 30 1 30 20 23 23 3 15 19 22 22 3 21 23 22
split_gain=0.241102 0.294362 0.446408 0.496572 0.345145 0.323692 0.37881 0.612252 0.514059 0.453929 0.636847 1.19155 0.477922 0.472982 0.253548 0.172028 0.000220356
threshold=2.5000000000000004 238.50000000000003 63.500000000000007 1.5000000000000002 229.50000000000003 201.00000000000003 20.500000000000004 54.000000000000007 1.7500000000000002 1.0000000180025095e-35 1.5000000000000002 84.450000000000017 91.15000000000002 1.7500000000000002 80.500000000000014 115.80000000000001 83.450000000000017
decision_type=2 2 2 2 2 2 2 2 2 2 2 2 2 2 2 2 2
left_child=1 4 14 -4 5 6 -1 8 -8 10 12 -12 -9 -13 16 -7 -3
right_child=-2 2 3 -5 -6 15 7 9 -10 -11 11 13 -14 -15 -16 -17 -18
leaf_value=-0.030398227956785519 0.039142242913480764 0.1071216749066206 0.046356530058899018 -0.028516431222783464 -0.032239645862197318 -0.011604172624377615 0.098607280784098486 -0.04274952137346924 0.010555896365934637 -0.030195100552728994 -0.037844673205221273 0.034474696519550624 0.016352222481505928 0.11024891334011103 0.010494208437099372 -0.059758701166819583 0.10375425090915154
leaf_weight=2.747660655062659 1.5149632655084122 0.31717352988198289 1.5326409664703535 2.0987949902191758 4.1817746534943572 1.845733035122975 1.299887969624254 2.5753645310178381 1.3533567367121575 3.4442852921783915 1.4197296402417121 1.6751689659431579 2.9190218076109886 1.6207749303430317 0.43369877710938454 1.2404399001970885 0.50171379325911403
leaf_count=35 16 16 39 22 36 34 27 25 18 31 16 21 23 31 7 13 33
internal_value=0.000183426 -0.00170784 0.0208394 0.00308357 -0.00589127 -0.000914947 0.00395099 0.00973848 0.0536944 0.00119718 0.0117871 0.0387453 -0.0113503 0.0717365 0.0723163 -0.0309591 0.105059
internal_weight=32.7222 31.2072 4.88402 3.63144 26.3232 22.1414 19.0553 16.3076 2.65324 13.6543 10.2101 4.71567 5.49439 3.29594 1.25259 3.08617 0.818887
internal_count=443 427 117 61 310 274 227 192 45 147 116 68 48 52 56 47 49
is_linear=0
shrinkage=0.1


Tree=73
num_leaves=20
num_cat=0
split_feature=22 20 22 14 29 22 30 30 24 23 23 3 23 30 0 20 19 23 23
split_gain=0.2523 1.00229 0.449378 0.415608 0.573018 0.720304 0.425368 0.600194 1.40767 0.644948 1.05447 0.788125 0.544972 0.717747 0.769486 0.652279 0.145932 0.0690094 0.0467153
threshold=71.450000000000017 93.500000000000014 77.450000000000017 1.0000000180025095e-35 1.0000000180025095e-35 90.050000000000011 44.500000000000007 63.500000000000007 56.500000000000007 78.90000000000002 55.500000000000007 1.1000000000000003 225.00000000000003 324.00000000000006 1.0000000180025095e-35 135.50000000000003 1.5000000000000002 81.500000000000014 57.400000000000013
decision_type=2 2 2 2 2 2 2 2 2 2 2 2 2 2 2 2 2 2 2
left_child=1 -1 -2 6 -5 -6 18 8 17 10 11 -9 13 14 15 -11 -17 -8 -4
right_child=2 -3 3 4 5 -7 7 9 -10 12 -12 -13 -14 -15 -16 16 -18 -19 -20
leaf_value=-0.064926677228556121 -0.039397431182785762 0.10759545457261022 -0.022242613341058582 0.082969975294205578 0.059265311195780851 -0.040055502222035889 0.08203356280350832 0.062696543045136902 -0.031268430975324522 -0.061052799781252942 -0.083266093097390539 -0.037563153469801103 -0.027696041210817653 0.077962397616113677 0.063200412259089137 -0.009560425325511282 0.031893999895843995 0.12453211522391368 -0.046910480175611918
leaf_weight=0.546640284359454 2.8690369240939644 0.8770159707928542 1.2828641356900399 1.4100707607576612 1.3472324446775021 1.5942731592804191 0.63490687496960452 1.3513983553275495 1.3459904030896721 1.8168555237352828 2.379174446221441 1.8675572200445456 3.0995051413774481 1.7709318455308674 1.7976022503571583 1.5555372927337887 1.8701472938992081 0.95952146290801466 1.9117809250019488
leaf_count=5 36 37 15 19 22 20 27 25 15 16 23 26 29 15 23 16 26 22 26
internal_value=0.000193329 0.0413523 -0.00170517 0.00215763 0.0305586 0.0054342 -0.00306951 0.00223198 0.0440372 -0.00478881 -0.0327838 0.00452838 0.0083692 0.021056 0.00674134 -0.0126178 0.0130703 0.107609 -0.0370047
internal_weight=32.288 1.42366 30.8644 27.9953 4.35158 2.94151 23.6438 20.4491 2.94042 17.5087 5.59813 3.21896 11.9106 8.81107 7.04014 5.24254 3.42568 1.59443 3.19465
internal_count=443 42 401 365 61 42 304 263 64 199 74 51 125 96 81 58 42 49 41
is_linear=0
shrinkage=0.1


Tree=74
num_leaves=19
num_cat=0
split_feature=21 24 7 21 21 21 20 10 3 21 22 21 23 11 30 22 22 15
split_gain=0.229236 0.346996 0.786489 0.303162 0.806324 0.503742 0.478668 0.556201 0.956112 0.425691 1.02423 0.68576 0.827928 0.41567 0.360542 0.282112 0.226777 0.0603832
threshold=83.500000000000014 34.000000000000007 0.90000000000000013 77.500000000000014 75.500000000000014 71.500000000000014 54.000000000000007 1.0000000180025095e-35 0.40000000000000008 62.500000000000007 90.950000000000017 34.500000000000007 81.500000000000014 1.0000000180025095e-35 67.500000000000014 88.15000000000002 89.950000000000017 1.0000000180025095e-35
decision_type=2 2 2 2 2 2 2 2 2 2 2 2 2 2 2 2 2 2
left_child=1 2 15 4 5 6 -3 9 -9 11 -11 -8 -13 -7 -5 -1 -2 -10
right_child=16 3 -4 14 -6 13 7 8 17 10 -12 12 -14 -15 -16 -17 -18 -19
leaf_value=0.11888434795732633 0.0017537597008605065 -0.053599054202787912 -0.020914763175834006 -0.012394384728996025 -0.054510934795603198 -0.0062210194422502828 -0.05082313566296575 -0.019600447106616251 0.11460547192380327 0.0131327850259201 -0.083374811758941278 -0.025068848663532529 0.071308043907626878 0.063500633489131805 0.055697260504274086 0.033453953741249147 -0.041249833980376849 0.074739149916159472
leaf_weight=0.93675754370634157 2.4605931518599382 1.789301041513691 1.3110947501845656 1.3004701950121664 2.7980846716091028 1.3923454433679574 1.364814734319223 1.4057459458708756 0.76560599601361878 2.3127182334428653 2.0966682599391788 1.5019457888556647 2.1925256447866559 2.2160600851057097 1.934160618111491 0.65809932164847851 2.4445870649069548 0.75420073792338371
leaf_count=33 29 14 15 20 28 19 17 19 26 34 21 24 30 33 28 14 25 14
internal_value=0.000193568 0.00384006 0.0364633 -0.000139075 -0.00461011 0.00323764 -0.00524944 0.00173059 0.0398413 -0.0100445 -0.0327567 0.00975009 0.0321271 0.0365977 0.0283213 0.0836325 -0.0196779 0.0948219
internal_weight=31.6358 26.7306 2.90595 23.8246 20.59 17.7919 14.1835 12.3942 2.92555 9.46867 4.40939 5.05929 3.69447 3.60841 3.23463 1.59486 4.90518 1.51981
internal_count=443 389 62 327 279 251 199 185 59 126 55 71 54 52 48 47 54 40
is_linear=0
shrinkage=0.1


Tree=75
num_leaves=16
num_cat=0
split_feature=24 24 23 23 21 23 14 30 30 24 22 22 19 12 30
split_gain=0.243891 0.333236 0.364546 0.749928 0.902079 0.486348 0.439933 0.704709 0.646229 0.633425 0.431648 0.427367 0.384318 0.375038 0.192439
threshold=31.500000000000004 34.000000000000007 225.00000000000003 152.45000000000002 66.500000000000014 114.50000000000001 1.0000000180025095e-35 101.50000000000001 124.50000000000001 47.500000000000007 80.350000000000009 85.850000000000009 1.5000000000000002 1.0000000180025095e-35 88.000000000000014
decision_type=2 2 2 2 2 2 2 2 2 2 2 2 2 2 2
left_child=-1 -2 3 5 -5 6 7 10 -9 -10 -3 -12 -7 -13 -4
right_child=1 2 14 4 -6 12 -8 8 9 -11 11 13 -14 -15 -16
leaf_value=-0.033793926321722519 0.04193195609290417 0.070618025219986683 -0.0071255208839041701 -0.0081464447207005523 0.080592314132236095 -0.070535019279039796 0.040373783743624353 -0.080734855608269582 0.03356347452750922 -0.049799135282359214 -0.033744995157348114 0.058479442774828354 -0.0040484072186821205 -0.013094898908010253 -0.046997622225861957
leaf_weight=1.9780533252051125 1.9955841884366261 1.2691147552104753 2.6796240294352165 2.0756982299499205 2.5564354620873928 1.7704925378784531 2.674267938360571 1.7569935637293381 1.877043580170721 1.77195050381124 1.7835489199496803 1.7237352970987558 1.7082466708961872 1.2725437714252621 2.2078045085072517
leaf_count=37 36 36 25 21 39 16 40 16 25 16 30 34 25 26 21
internal_value=0.000184988 0.00249285 -0.000408413 0.00502589 0.0408277 -0.00439253 0.003854 -0.0046719 -0.0309087 -0.00691739 0.0187761 0.00501135 -0.0378865 0.0280812 -0.025137
internal_weight=31.1011 29.1231 27.1275 22.2401 4.63213 17.6079 14.1292 11.4549 5.40599 3.64899 6.04894 4.77983 3.47874 2.99628 4.88743
internal_count=443 406 370 324 60 264 223 183 57 41 126 90 41 60 46
is_linear=0
shrinkage=0.1


Tree=76
num_leaves=18
num_cat=0
split_feature=21 20 20 22 13 30 10 22 15 21 21 21 23 30 20 1 20
split_gain=0.215372 0.508278 0.552492 0.45924 0.462765 0.41594 0.662808 1.12072 0.51822 0.618713 1.62512 1.23438 0.390278 0.586439 1.31149 0.306695 0.114649
threshold=75.500000000000014 33.000000000000007 60.500000000000007 83.950000000000017 1.0000000180025095e-35 229.50000000000003 1.0000000180025095e-35 80.550000000000011 1.0000000180025095e-35 62.500000000000007 68.500000000000014 48.500000000000007 199.00000000000003 73.500000000000014 135.50000000000003 1.5000000000000002 161.00000000000003
decision_type=2 2 2 2 2 2 2 2 2 2 2 2 2 2 2 2 2
left_child=1 -1 -3 4 -2 6 8 -8 9 11 -11 -4 13 -5 -15 -12 -9
right_child=3 2 5 12 -6 -7 7 16 -10 10 15 -13 -14 14 -16 -17 -18
leaf_value=0.075083686595602314 0.0014490230011715327 -0.04532325608446891 0.0085050558332310806 0.066631282826590463 -0.069209062793472872 -0.025598112536533785 -0.024353417033565864 0.11927773702301976 -0.040715099822752267 -0.055365566725202611 0.11319318204688632 0.13257164010800232 -0.036067655439837358 -0.06426435862821521 0.054044385298364785 0.025395176720520718 0.070114527022088827
leaf_weight=1.0228884108364642 1.6113297799602135 2.123756609857085 2.7879543829476483 1.6657156615983693 2.1822203183546662 2.8862698692828408 1.1063041918678203 1.2638165196403863 2.068521478213369 2.8618385680019855 0.82111943094059803 1.1257466433162333 1.8382787033915517 1.8604284785687926 1.8876867052167652 0.7718707884196192 0.7593356409925035
leaf_count=11 23 17 38 33 26 26 19 28 28 29 26 35 17 19 21 16 31
internal_value=0.000162888 0.00645633 0.00267747 -0.0110042 -0.0391967 0.00887349 0.0162073 0.0565732 0.00410397 0.0151823 -0.0103035 0.0441919 0.00374319 0.017261 -0.00467979 0.0706514 0.100826
internal_weight=30.6451 19.5994 18.5765 11.0457 3.79355 16.4528 13.5665 3.12946 10.4371 8.36853 4.45483 3.9137 7.25211 5.41383 3.74812 1.59299 2.02315
internal_count=443 304 293 139 49 276 250 78 172 144 71 73 90 73 40 42 59
is_linear=0
shrinkage=0.1


Tree=77
num_leaves=19
num_cat=0
split_feature=21 24 7 23 21 21 23 7 21 21 22 30 30 23 20 22 22 22
split_gain=0.207432 0.294091 0.679747 0.288545 0.380419 0.595896 0.340958 0.345498 1.03365 0.629576 0.42043 0.566068 1.06291 0.356094 0.322088 0.286737 0.221968 0.00952781
threshold=83.500000000000014 34.000000000000007 0.90000000000000013 246.30000000000004 77.500000000000014 76.500000000000014 192.65000000000001 0.45000000000000007 72.500000000000014 72.500000000000014 93.350000000000009 119.50000000000001 56.500000000000007 65.000000000000014 114.50000000000001 88.40000000000002 88.750000000000014 89.65000000000002
decision_type=2 2 2 2 2 2 2 2 2 2 2 2 2 2 2 2 2 2
left_child=1 2 15 4 5 6 7 9 13 10 11 12 -3 -9 -6 -1 -2 -14
right_child=16 3 -4 -5 14 -7 -8 8 -10 -11 -12 -13 17 -15 -16 -17 -18 -19
leaf_value=0.11682272797109493 0.0047449297680136676 -0.0063566377868132492 -0.019693847117432509 -0.026934880145247687 -0.00027628923950607262 -0.06376810843246121 0.042619025964864832 -0.044907837190015794 0.088509275544227481 -0.0745928278937978 -0.039731918932467157 -0.033227620885993812 0.10703908560514919 0.016584663144995664 0.073306476428236511 0.027161870066232004 -0.038823869298968153 0.125298185302535
leaf_weight=0.88241011826904203 2.1400027824565759 1.8036605856614243 1.2437118045054374 3.374488133005797 1.0412935726344579 1.3706699889153249 2.0870529399253437 1.6013377560302617 1.5201846007257698 1.4170741930138318 1.9516198509372769 1.5430893972516058 0.53759138379245974 2.2861753166653216 1.3875470028724519 0.59866802371107042 2.5780020691454411 0.6101181898266077
leaf_count=34 26 32 15 32 13 14 26 20 17 22 24 17 32 35 31 13 28 12
internal_value=0.000185458 0.00378089 0.0348111 2.83981e-05 0.00477785 -0.000591634 0.00504677 -0.000862064 0.0185945 -0.0142428 -0.000975789 0.0158532 0.0415145 -0.00874522 0.04176 0.0805808 -0.0190618 0.116746
internal_weight=29.9747 25.2567 2.72479 22.5319 19.1574 16.7286 15.3579 13.2709 5.4077 7.86315 6.44608 4.49446 2.95137 3.88751 2.42884 1.48108 4.718 1.14771
internal_count=443 389 62 327 295 251 237 211 72 139 117 93 76 55 44 47 54 44
is_linear=0
shrinkage=0.1


Tree=78
num_leaves=17
num_cat=0
split_feature=24 24 23 23 20 19 13 12 22 22 3 12 20 20 1 21
split_gain=0.210696 0.256801 0.281516 0.82666 0.571843 0.4146 0.765601 0.758654 0.958501 0.809215 0.518961 0.46954 0.309612 0.285212 0.275849 0.221877
threshold=31.500000000000004 34.000000000000007 206.10000000000002 176.50000000000003 156.50000000000003 2.5000000000000004 1.0000000180025095e-35 1.0000000180025095e-35 93.450000000000017 84.250000000000014 0.40000000000000008 1.0000000180025095e-35 139.50000000000003 114.50000000000001 1.5000000000000002 70.500000000000014
decision_type=2 2 2 2 2 2 2 2 2 2 2 2 2 2 2 2
left_child=-1 -2 3 5 -4 6 10 -7 9 12 15 14 -9 -11 -12 -3
right_child=1 2 4 -5 -6 7 -8 8 -10 13 11 -13 -14 -15 -16 -17
leaf_value=-0.032574129859177028 0.037804985477663061 0.031428094771429445 0.011710279829998855 0.079561373250595216 -0.051771854117605022 -0.039999636424935335 0.043011447867871956 -0.02377439966286984 -0.037886578364318017 0.13318716272849271 0.0083385278218361097 -0.077912211675746482 0.050007068662546984 0.064486917380806127 -0.050306577537340649 -0.02169958864284963
leaf_weight=1.8396045505069221 1.9049647389038025 1.683398493798457 2.8489544074982396 1.3953711348585773 2.827021568082273 1.8006740625714872 1.9850341284181929 1.1514460779726507 1.430582095403224 1.1039186213165524 1.7054970173630866 2.3667193446308374 1.1238938032183794 1.3352075067814437 1.5141305027063934 1.4747392274439333
leaf_count=37 36 27 25 25 31 33 38 12 18 13 28 28 29 29 20 14
internal_value=0.000196132 0.00237627 -0.000245061 0.00531566 -0.0199081 -0.000231806 -0.0130539 0.0170825 0.0338092 0.0555649 -0.0257809 -0.0440978 0.0126696 0.0955798 -0.0192412 0.00661934
internal_weight=29.4912 27.6516 25.7466 20.0706 5.67598 18.6752 10.7295 7.94572 6.14505 4.71447 8.74448 5.58635 2.27534 2.43913 3.21963 3.15814
internal_count=443 406 370 314 56 289 155 134 101 83 117 76 41 42 48 41
is_linear=0
shrinkage=0.1


Tree=79
num_leaves=18
num_cat=0
split_feature=21 20 30 10 22 23 23 21 22 30 22 16 21 23 24 30 22
split_gain=0.18942 0.3908 0.305678 0.417461 0.666439 0.393557 0.730171 0.741369 0.692041 0.365977 0.357205 0.271708 0.311209 0.204951 0.201218 0.158856 0.0577143
threshold=81.500000000000014 114.50000000000001 220.50000000000003 1.0000000180025095e-35 84.15000000000002 114.50000000000001 20.500000000000004 71.500000000000014 92.15000000000002 70.500000000000014 86.500000000000014 1.0000000180025095e-35 64.500000000000014 257.00000000000006 40.500000000000007 86.000000000000014 90.450000000000017
decision_type=2 2 2 2 2 2 2 2 2 2 2 2 2 2 2 2 2
left_child=2 -2 3 5 -5 6 -1 11 9 -7 -9 12 -8 16 -4 -3 -6
right_child=1 15 14 4 13 8 7 10 -10 -11 -12 -13 -14 -15 -16 -17 -18
leaf_value=-0.047351014576915505 -0.062534450761553353 -0.021759996889002223 0.002203626993422505 -0.0026056553420930398 0.068995749383555321 -0.071874523785897149 0.055828957435005266 0.03956326269841276 0.018069372377536832 -0.012487120592462918 0.12488315312958194 -0.034408518152153303 -0.007668005100883616 0.0305250413405539 -0.042608679494047043 0.017848305680335536 0.11036671192694468
leaf_weight=1.4085587364388716 1.3836315777152766 1.9315003417432306 1.9281607568263996 2.1922815364669068 0.51284530397970252 2.0794352167285979 1.5286004929221237 0.96049762424081553 3.5132213849574327 2.0713195358403027 1.0032369266264138 1.0849574243184177 1.5591948106884954 0.69611205626279105 2.0860956683754921 2.1283785626292229 0.98457734880503267
leaf_count=30 18 30 20 38 25 25 37 25 37 21 17 18 23 9 20 20 30
internal_value=0.000178447 -0.0166374 0.00405566 0.00920586 0.0363867 0.00136775 0.0175802 0.0324844 -0.0145931 -0.0422389 0.0831517 0.00863998 0.0237659 0.0753567 -0.0210841 -0.000995471 0.0961978
internal_weight=29.0526 5.44351 23.6091 19.5948 4.38582 15.209 7.54505 6.13649 7.66398 4.15075 1.96373 4.17275 3.0878 2.19353 4.01426 4.05988 1.49742
internal_count=443 68 375 335 102 233 150 120 83 46 42 78 60 64 40 50 55
is_linear=0
shrinkage=0.1


Tree=80
num_leaves=20
num_cat=0
split_feature=22 20 22 14 29 22 30 30 24 23 23 3 23 24 20 20 23 21 23
split_gain=0.193836 0.836723 0.356382 0.270898 0.472084 0.541863 0.349488 0.480864 1.09935 0.466811 0.886349 0.616393 0.39162 0.728792 0.446499 0.744377 0.280863 0.0683442 0.0535807
threshold=71.450000000000017 93.500000000000014 77.450000000000017 1.0000000180025095e-35 1.0000000180025095e-35 90.050000000000011 44.500000000000007 63.500000000000007 56.500000000000007 78.90000000000002 55.500000000000007 1.1000000000000003 102.50000000000001 52.500000000000007 87.500000000000014 157.50000000000003 78.90000000000002 70.500000000000014 84.500000000000014
decision_type=2 2 2 2 2 2 2 2 2 2 2 2 2 2 2 2 2 2 2
left_child=1 -1 -2 6 -5 -6 16 8 18 10 11 -9 -11 14 -14 -16 -4 -17 -8
right_child=2 -3 3 4 5 -7 7 9 -10 12 -12 -13 13 -15 15 17 -18 -19 -20
leaf_value=-0.064137015505082107 -0.036490612552965727 0.10653005771218414 -0.00055216093169323948 0.077390549676484469 0.052598705313109596 -0.040296027849907018 0.08028188831400998 0.061685389216976839 -0.027266673564529633 0.05231396077193548 -0.079931327585072598 -0.033253240363347668 -0.06491979551421305 0.051005021966317246 0.051545452937757023 -0.014376772686193435 -0.063282366268694074 -0.041442631047813983 0.11993060841890724
leaf_weight=0.47328377887606865 2.6371686720522147 0.73088043279130943 1.3136620002333139 1.2404922945424908 1.1547775939106943 1.3763090148568151 0.59200543060433408 1.1841274226899252 1.2055092719383536 1.6724277632310975 2.0284110781503841 1.6187266374472526 1.4723836928606013 2.1156865344382823 1.721043318044394 1.8601086391136052 1.5629049260169265 1.8717236667871473 0.80336854502093047
leaf_count=5 36 37 19 19 22 20 29 25 15 25 23 26 17 24 17 24 22 18 20
internal_value=0.000182627 0.0394512 -0.00154119 0.00217619 0.0268541 0.00208607 -0.00225128 0.00288242 0.0426799 -0.00377639 -0.0295819 0.00685567 0.00786079 -0.000362325 -0.0160552 -0.00286079 -0.0346349 -0.0279518 0.103109
internal_weight=28.635 1.20416 27.4308 24.7937 3.77158 2.53109 21.0221 18.1455 2.60088 15.5446 4.83127 2.80285 10.7134 9.04095 6.92526 5.45288 2.87657 3.73183 1.39537
internal_count=443 42 401 365 61 42 304 263 64 199 74 51 125 100 76 59 41 42 49
is_linear=0
shrinkage=0.1


Tree=81
num_leaves=18
num_cat=0
split_feature=23 23 23 2 15 30 30 13 14 20 24 20 23 12 3 30 3
split_gain=0.230758 0.407649 0.485803 0.40835 0.770335 0.79358 0.617253 1.01849 0.652117 0.55669 0.454038 0.426975 0.399618 0.61477 0.52601 0.265115 0.0470075
threshold=11.000000000000002 20.500000000000004 36.150000000000006 1.5000000000000002 1.0000000180025095e-35 176.00000000000003 176.00000000000003 1.0000000180025095e-35 1.0000000180025095e-35 201.00000000000003 47.500000000000007 183.50000000000003 110.50000000000001 1.0000000180025095e-35 1.1000000000000003 60.500000000000007 1.7500000000000002
decision_type=2 2 2 2 2 2 2 2 2 2 2 2 2 2 2 2 2
left_child=-1 -2 16 4 6 -6 7 8 10 -9 11 -4 14 -14 -5 -12 -3
right_child=1 2 3 12 5 -7 -8 9 -10 -11 15 -13 13 -15 -16 -17 -18
leaf_value=0.044923542416963808 -0.049844238292440536 0.076216104525993034 0.053594079867477495 0.0057576491442557125 -0.081463020135723208 -0.0037265720721798888 -0.055417435359615269 0.10200163539782919 0.053785796928629739 0.019114752403125764 -0.07179149871779919 -0.029637201230284928 -0.032985973127575313 0.043798952503907598 0.10826222306970452 -0.018667085498222255 0.039785452694846735
leaf_weight=1.1070741352159554 1.6484106659190754 0.72270272835158056 1.2304266230203267 1.0024302653037005 2.5694333547726265 2.6860807407647371 1.535923970863222 1.5710317650809886 1.4112827321514485 1.6733637672732582 1.7494269013404848 1.2349943390581755 2.2469537327997386 1.9455281132832167 1.000049978145398 2.0287957040127367 0.69460572605021298
leaf_count=24 30 26 20 17 30 29 17 25 26 38 16 23 27 28 24 27 16
internal_value=0.000178068 -0.00165993 0.00147913 -0.00189613 -0.00963349 -0.0417321 0.00393236 0.0122959 -0.00760516 0.059251 -0.0214817 0.0119013 0.0201992 0.0026462 0.056949 -0.0432652 0.0583619
internal_weight=28.0585 26.9514 25.303 23.8857 17.6908 5.25551 12.4352 10.8993 7.65493 3.2444 6.24364 2.46542 6.19496 4.19248 2.00248 3.77822 1.41731
internal_count=443 419 389 347 251 59 192 175 112 63 86 43 96 55 41 43 42
is_linear=0
shrinkage=0.1


Tree=82
num_leaves=17
num_cat=0
split_feature=23 23 23 21 20 24 20 30 20 11 20 15 21 30 22 30
split_gain=0.18979 0.335891 0.301595 0.388527 0.320525 0.517486 0.346128 0.49364 0.637594 0.405819 0.776038 0.350433 0.396999 0.338976 0.227634 0.211507
threshold=11.000000000000002 20.500000000000004 37.850000000000009 83.500000000000014 238.50000000000003 43.000000000000007 201.00000000000003 220.50000000000003 168.50000000000003 1.0000000180025095e-35 83.500000000000014 1.0000000180025095e-35 68.500000000000014 73.500000000000014 81.800000000000026 110.50000000000001
decision_type=2 2 2 2 2 2 2 2 2 2 2 2 2 2 2 2
left_child=-1 -2 14 4 6 -6 7 8 9 10 -4 12 -11 -7 -3 -5
right_child=1 2 3 15 5 13 -8 -9 -10 11 -12 -13 -14 -15 -16 -17
leaf_value=0.041016304600451629 -0.045593080965885747 0.0023345825143590892 0.030717042809663305 -0.056755112655911349 0.1065794534439351 -0.034122040098911302 -0.03667726114701142 -0.029822496037398401 0.075368278246061876 0.013830909089249332 -0.042427572487083752 -0.0077644592340596445 0.097616033302074579 0.043874753955011975 0.078726818634272222 -0.0073519679813879848
leaf_weight=1.0921117060352141 1.6232908647507454 0.71935063088312989 2.531088814139375 1.7567905969917768 0.73984373034909312 0.97855961252935264 2.396010652955737 3.2620708104223004 1.4868217948824156 1.1365336384624245 3.3975517461076379 1.4268154697492721 1.1256404418963937 1.2940662889741359 0.85213513899361715 1.7102057579904792
leaf_count=24 30 21 25 25 38 25 34 30 26 18 37 18 28 22 24 18
internal_value=0.000164308 -0.0015233 0.00135973 -0.001507 0.00390668 0.0339384 -0.00149046 0.0043779 0.0144247 0.00500322 -0.0112003 0.0310441 0.0555217 0.0102905 0.0437581 -0.0323854
internal_weight=27.5289 26.4368 24.8135 23.242 19.775 3.01247 16.7625 14.3665 11.1045 9.61763 5.92864 3.68899 2.26217 2.27263 1.57149 3.467
internal_count=443 419 389 344 301 85 216 182 152 126 62 64 46 47 45 43
is_linear=0
shrinkage=0.1


Tree=83
num_leaves=20
num_cat=0
split_feature=20 23 20 20 7 30 0 15 19 30 30 3 20 12 22 20 24 30 22
split_gain=0.208785 0.454884 0.388175 0.322738 0.289662 0.238207 0.349457 1.36059 0.463921 0.346333 0.604365 0.814415 0.38881 0.378768 0.322268 0.431988 0.276457 0.00444464 0.00091129
threshold=87.500000000000014 146.00000000000003 93.500000000000014 103.50000000000001 0.45000000000000007 229.50000000000003 1.5000000000000002 1.0000000180025095e-35 1.5000000000000002 121.50000000000001 100.50000000000001 1.0000000180025095e-35 167.50000000000003 1.0000000180025095e-35 90.65000000000002 226.50000000000003 47.500000000000007 92.500000000000014 92.350000000000009
decision_type=2 2 2 2 2 2 2 2 2 2 2 2 2 2 2 2 2 2 2
left_child=1 4 -2 -4 -1 6 9 8 -8 10 11 13 -13 -5 15 -14 -17 18 -10
right_child=2 -3 3 5 -6 -7 7 -9 17 -11 -12 12 14 -15 -16 16 -18 -19 -20
leaf_value=-0.052231668161647787 0.065942448350852848 0.021095955006498232 -0.057259164760073866 0.022283268515547849 -0.0017616613027318169 -0.023636029793192143 0.022170149570877557 -0.048309494061334224 0.10717013719973167 0.041906002122861719 -0.06330100494324048 0.027035764570184629 -0.052025943089560073 0.10141025058085501 -0.058109809501899701 0.082341375456377527 -0.010851120640090337 0.12130276650665046 0.11381307934001531
leaf_weight=2.8868954516947296 1.0065250145271445 2.3921304885298014 0.8705566748976733 1.6357817947864552 1.8762228135019539 2.4911927022039881 0.83293769636657033 1.2206587935797872 0.43117234928649828 1.8057682896032918 1.5415008896961797 1.5971791779156772 1.0496578920865434 0.95998609554953862 2.1707481821067631 0.62153474055230595 0.65250516682863235 0.67126104910857975 0.39632499497383833
leaf_count=34 12 26 10 35 22 27 19 21 31 23 19 31 19 24 28 27 14 12 9
internal_value=0.000172552 -0.0144828 0.00542745 0.002213 -0.0323512 0.00507688 0.00966592 0.0372256 0.0820038 0.00153094 -0.00559671 0.0046424 -0.0153444 0.0515466 -0.030405 -0.00452375 0.0346124 0.115256 0.110352
internal_weight=27.1105 7.15525 19.9553 18.9488 4.76312 18.0782 15.587 3.55235 2.3317 12.0347 10.2289 8.68739 6.09163 2.59577 4.49445 2.3237 1.27404 1.49876 0.827497
internal_count=443 82 361 349 56 339 312 92 71 220 197 178 119 59 88 60 41 52 40
is_linear=0
shrinkage=0.1


Tree=84
num_leaves=20
num_cat=0
split_feature=21 22 22 24 23 22 2 23 23 15 22 11 15 0 20 7 12 23 3
split_gain=0.207614 0.551226 0.496307 0.560213 0.610383 0.522215 0.484118 0.682878 0.706127 0.595262 0.675628 0.554305 0.581225 0.70787 0.354286 0.247371 0.223264 0.165313 0.0375274
threshold=61.500000000000007 96.250000000000014 94.40000000000002 47.500000000000007 206.10000000000002 81.800000000000026 1.5000000000000002 36.150000000000006 15.300000000000002 1.0000000180025095e-35 85.65000000000002 1.0000000180025095e-35 1.0000000180025095e-35 1.5000000000000002 170.50000000000003 0.45000000000000007 1.0000000180025095e-35 127.80000000000001 1.7500000000000002
decision_type=2 2 2 2 2 2 2 2 2 2 2 2 2 2 2 2 2 2 2
left_child=2 6 3 4 5 -1 7 8 -2 10 -8 15 13 14 -13 16 -9 -5 -7
right_child=1 -3 -4 17 -6 18 9 11 -10 -11 -12 12 -14 -15 -16 -17 -18 -19 -20
leaf_value=-0.00059377053080982576 -0.016352975540830688 -0.065805636863518188 0.074360843468518442 -0.0047607182348576105 -0.033200778657448964 0.12316358289898732 -0.03917715837821175 -0.035494092242459745 0.11295627598831706 0.080052094694552989 0.050099846938984983 0.029915061200785305 -0.03535838576221572 0.085838941802756252 -0.04185473360761547 -0.017434798388248324 -0.090894741468599827 -0.052320112914357148 0.087903342453728828
leaf_weight=0.72994399194431325 0.83291716151871387 1.3887468227185298 1.1724080275744198 1.5137403232511135 0.90577463200315822 0.63827770098578163 1.7664206719491624 1.4653840502724034 0.85662479820894077 1.4581840322352944 1.629772361833602 1.4369582324288788 2.793852754868567 1.2681877790018914 1.319312985986471 2.0182730569504201 1.444476863136515 1.4131538569927213 0.57264288980513811
leaf_count=22 16 21 15 28 12 16 26 25 24 19 31 25 33 27 24 23 15 15 26
internal_value=0.000178745 -0.00506747 0.0150422 0.00299662 0.0345825 0.066216 -0.000455752 -0.0102348 0.0492089 0.0266108 0.00366528 -0.0187848 -0.000316651 0.02401 -0.00443817 -0.0443365 -0.0629954 -0.0277232 0.106489
internal_weight=26.6251 19.6791 6.94594 5.77353 2.84664 1.94086 18.2904 13.436 1.68954 4.85438 3.39619 11.7464 6.81831 4.02446 2.75627 4.92813 2.90986 2.92689 1.21092
internal_count=443 309 134 119 76 64 288 212 40 76 57 172 109 76 49 63 40 43 42
is_linear=0
shrinkage=0.1


Tree=85
num_leaves=17
num_cat=0
split_feature=19 19 23 29 22 13 3 24 10 7 24 3 2 21 22 30
split_gain=0.220258 0.232451 0.431307 0.282694 0.43273 0.414003 1.03431 0.616915 0.613703 0.486643 0.400952 0.77126 0.661787 0.343608 0.216417 0.040677
threshold=4.5000000000000009 3.5000000000000004 88.500000000000014 1.0000000180025095e-35 84.850000000000009 1.0000000180025095e-35 2.5000000000000004 43.000000000000007 1.0000000180025095e-35 0.90000000000000013 52.500000000000007 0.40000000000000008 1.5000000000000002 59.500000000000007 84.250000000000014 66.500000000000014
decision_type=2 2 2 2 2 2 2 2 2 2 2 2 2 2 2 2
left_child=1 3 -3 5 -5 8 7 14 10 -10 11 -1 13 -13 -7 -12
right_child=-2 2 -4 4 -6 6 -8 -9 9 -11 15 12 -14 -15 -16 -17
leaf_value=0.055984678475997723 0.043077819127631881 0.01012589360140107 -0.052991253326399035 -0.078398787931482736 0.010120366480977788 -0.072408134902753385 0.10641053112224504 0.061300560834544451 0.08769180830872253 -0.0023427995124133956 -0.051287959625087809 -0.00064727820445025332 0.039349099894992828 -0.056293697785634547 -0.0041241126779282674 -0.029425607044444448
leaf_weight=1.9396279737120616 1.1447279890999187 2.0742560892831525 2.2647395683452487 1.0326521827373647 1.1871339576318858 0.81577460347034447 1.3490447796648366 1.0750753169413654 1.2484485025343013 1.1564018770586697 1.6383090093731874 1.7950930916704235 1.6035960998851804 2.9060957486508414 1.076800246722996 1.7710568436887113
leaf_count=38 21 37 25 14 26 20 36 21 34 19 20 25 26 39 20 22
internal_value=0.000186673 -0.00178246 -0.0228181 0.00264934 -0.0310591 0.0067214 0.0338096 0.000806415 -0.00159601 0.0443976 -0.0110872 0.000840898 -0.0161237 -0.0350458 -0.0335572 -0.0399312
internal_weight=26.0788 24.9341 4.339 20.5951 2.21979 18.3753 4.31669 2.96765 14.0586 2.40485 11.6538 8.24441 6.30478 4.70119 1.89257 3.40937
internal_count=443 422 62 360 40 320 97 61 223 53 170 128 90 64 40 42
is_linear=0
shrinkage=0.1


Tree=86
num_leaves=19
num_cat=0
split_feature=20 30 30 3 24 19 15 3 20 22 22 3 7 3 3 11 23 20
split_gain=0.196387 0.733168 0.438888 0.718126 0.52609 0.387225 0.39194 0.399403 0.382748 0.319614 0.395917 0.735992 0.349942 0.28834 0.662046 0.493602 0.207458 0.184776
threshold=180.50000000000003 159.00000000000003 62.500000000000007 1.1000000000000003 56.500000000000007 1.5000000000000002 1.0000000180025095e-35 1.0000000180025095e-35 167.50000000000003 95.65000000000002 90.950000000000017 1.7500000000000002 0.90000000000000013 1.1000000000000003 2.5000000000000004 1.0000000180025095e-35 72.500000000000014 76.000000000000014
decision_type=2 2 2 2 2 2 2 2 2 2 2 2 2 2 2 2 2 2
left_child=8 2 3 -2 16 -4 7 -7 9 10 13 -12 -13 15 -15 -1 -5 -16
right_child=1 -3 5 4 -6 6 -8 -9 -10 -11 11 12 -14 14 17 -17 -18 -19
leaf_value=-0.064782784897193996 0.11112283521915985 0.09319821848899032 -0.057947628975273203 0.00016634565710449227 -0.061052993811102255 -0.01641299666419091 -0.049908754142210916 0.063740422589151455 -0.044691876975863812 -0.038720249837439019 0.084192479966349501 -0.033334832867755626 0.032446064172139112 0.053288609059314734 -0.050682510794974434 0.00944045843294271 0.10552120423352021 0.00054279597453925777
leaf_weight=1.8718027295544797 0.84590040391776566 0.99793971655890334 1.479330208559986 0.35175540135242023 0.78211134066805243 1.2226680329185917 0.99540282110683609 1.2647685157717203 2.218025589361786 1.8847931469790626 1.5763132120482612 1.554715065052733 1.6854296121746299 1.9397544674575327 1.2785260174423458 1.7186435167677701 0.39881497879105154 1.5674947332590816
leaf_count=23 33 18 28 20 12 22 18 31 26 25 24 19 21 33 15 28 22 25
internal_value=0.00017132 0.0127769 0.00184406 0.037161 -0.00365913 -0.0150849 0.00312099 0.024342 -0.00590624 -0.000200539 0.00530264 0.0281479 0.000882489 -0.00783373 0.00823665 -0.0292542 0.0561466 -0.0224693
internal_weight=25.6342 8.33869 7.34075 2.37858 1.53268 4.96217 3.48284 2.48744 17.2955 15.0775 13.1927 4.81646 3.24014 8.37622 4.78578 3.59045 0.75057 2.84602
internal_count=443 204 186 87 54 99 71 53 239 213 188 64 40 124 73 51 42 40
is_linear=0
shrinkage=0.1


Tree=87
num_leaves=16
num_cat=0
split_feature=22 20 22 24 24 12 20 15 22 3 23 3 14 23 20
split_gain=0.18856 0.558129 0.280038 0.255853 0.390732 0.533407 0.247092 0.45701 0.476779 0.624784 0.5363 0.37183 0.304524 0.405714 0.271726
threshold=71.450000000000017 116.50000000000001 77.450000000000017 31.500000000000004 37.500000000000007 1.0000000180025095e-35 131.50000000000003 1.0000000180025095e-35 88.750000000000014 2.5000000000000004 165.50000000000003 2.5000000000000004 1.0000000180025095e-35 146.00000000000003 76.000000000000014
decision_type=2 2 2 2 2 2 2 2 2 2 2 2 2 2 2
left_child=1 -1 -2 -4 5 -5 12 8 11 10 -10 -8 13 14 -6
right_child=2 -3 3 4 6 -7 7 -9 9 -11 -12 -13 -14 -15 -16
leaf_value=-0.042494052927613435 -0.034637321672806129 0.10521573716568891 -0.038075790690448613 0.00070290059149863502 -0.078495618071511258 0.08074025902626937 0.11083040755634643 -0.033171533165808599 0.024909878897519916 0.063482908180121866 -0.054516332261538042 0.018983501081414913 0.020461615099323878 0.0062433728241999839 -0.023767316483128055
leaf_weight=0.44834563322365528 2.3220138592878383 0.59568336975644343 1.4916710942052329 1.895018222450747 1.4696263521909734 1.4853213108726777 0.93489890574710244 1.8453343380242584 1.6406920296140017 1.3817914543906225 1.7642710260115562 0.83395734574878588 2.0240422410424799 2.6346550402231514 2.3705723518505692
leaf_count=6 36 36 28 37 19 35 32 27 32 27 19 24 25 26 34
internal_value=0.000177445 0.0417836 -0.00162542 0.00189537 0.00483537 0.0358713 -0.0013725 0.0107895 0.0231641 0.00677035 -0.0162446 0.0675276 -0.0133943 -0.0239777 -0.0447116
internal_weight=25.1379 1.04403 24.0939 21.7719 20.2802 3.38034 16.8998 8.40095 6.55561 4.78675 3.40496 1.76886 8.4989 6.47485 3.8402
internal_count=443 42 401 365 337 72 265 161 134 78 51 56 104 79 53
is_linear=0
shrinkage=0.1


Tree=88
num_leaves=18
num_cat=0
split_feature=21 22 20 20 20 1 2 23 15 22 11 23 15 23 22 20 20
split_gain=0.198984 0.585109 0.429306 0.525548 0.390124 0.602927 0.32679 0.535529 0.459559 0.498663 0.382103 0.467022 0.475353 0.514087 0.252032 0.0132351 1.06577e-05
threshold=63.500000000000007 96.250000000000014 60.500000000000007 145.00000000000003 172.50000000000003 1.5000000000000002 1.5000000000000002 36.150000000000006 1.0000000180025095e-35 85.65000000000002 1.0000000180025095e-35 73.250000000000014 1.0000000180025095e-35 199.00000000000003 91.15000000000002 191.50000000000003 256.50000000000006
decision_type=2 2 2 2 2 2 2 2 2 2 2 2 2 2 2 2 2
left_child=2 6 -1 -4 -5 15 7 -2 9 -8 14 -12 13 -13 -9 -6 -17
right_child=1 -3 3 4 5 -7 8 10 -10 -11 11 12 -14 -15 -16 16 -18
leaf_value=-0.045665006686829976 0.04665458224734622 -0.072624562363532735 0.067730717432130369 -0.026484335094344075 0.13403860942645573 0.00078664840025082612 -0.037179841620107616 -0.061828340778026319 0.070893035286037492 0.042463869896949953 -0.040826593106419673 0.086314241223038324 -0.026810438912891279 -0.0042359972688880776 -0.012418608110999638 0.10456878858808186 0.10357620532446943
leaf_weight=1.0347149409353757 1.4861652841791571 1.2129118586890388 1.9027601542184127 2.0877735051326454 0.22312113922089372 1.635736759053543 1.6274885986931615 2.4098870902089384 1.3577843499369917 1.5207221404416484 1.9995462938095441 1.364370104391128 1.4711658507585528 1.1601014323532579 1.8060390672180799 0.21040431980509311 0.22264280123636127
leaf_count=12 37 20 36 25 5 28 24 38 19 31 35 35 18 16 22 17 25
internal_value=0.000182165 -0.00563166 0.0140201 0.0238503 0.00478632 0.0332718 -0.000616841 -0.00943111 0.0222644 0.00129152 -0.017594 -0.00137225 0.018372 0.0447026 -0.040662 0.114253 0.104058
internal_weight=24.7333 17.4162 7.31715 6.28244 4.37968 2.29191 16.2033 11.6973 4.506 3.14821 10.2111 5.99518 3.99564 2.52447 4.21593 0.656168 0.433047
internal_count=443 295 148 136 100 75 275 201 74 55 164 104 69 51 60 47 42
is_linear=0
shrinkage=0.1


Tree=89
num_leaves=20
num_cat=0
split_feature=19 1 19 23 7 30 20 19 23 24 24 30 20 20 23 21 30 21 23
split_gain=0.181698 0.185346 0.266256 0.275539 0.211317 0.745642 0.5829 1.01227 0.6107 0.577923 0.368501 0.566733 0.809076 0.220635 0.184163 0.177154 0.00625563 8.05134e-05 8.91396e-05
threshold=4.5000000000000009 2.5000000000000004 3.5000000000000004 88.500000000000014 0.90000000000000013 61.500000000000007 87.500000000000014 1.5000000000000002 206.10000000000002 47.500000000000007 56.500000000000007 50.500000000000007 206.50000000000003 170.50000000000003 90.500000000000014 64.500000000000014 121.50000000000001 82.500000000000014 108.50000000000001
decision_type=2 2 2 2 2 2 2 2 2 2 2 2 2 2 2 2 2 2 2
left_child=1 2 4 -4 6 -6 15 10 13 -7 11 -8 -13 14 -9 -1 17 18 -15
right_child=-2 -3 3 -5 5 9 7 8 -10 -11 -12 12 -14 16 -16 -17 -18 -19 -20
leaf_value=-0.0015068142336890208 0.040255746403266547 0.036446268329095498 0.00034169680725958427 -0.053368655047874282 0.056555526172071879 -0.062297221791708338 -0.048613391747340758 0.024093940506265718 -0.0035757104895274452 0.0087635825198999675 -0.058116281947203918 0.10360934011405315 -0.020188562933824681 0.10220923663929615 0.086163639315575566 -0.048513113386849965 0.11837484100525963 0.10560962211886521 0.1049142834707054
leaf_weight=1.4419287443161146 1.0808935058303166 1.2082677520811547 1.8262737886980169 2.0023951372131705 1.1843258144799609 2.7064285909291357 1.2152347059454753 0.90699068142566863 1.2620075512677429 1.9830851329024879 1.2332049533724783 0.98135978635400567 1.1425232050823977 0.25048544007586293 1.0106859002262352 1.8058459702879188 0.52978979260660708 0.29870640113949776 0.23716168955434114
leaf_count=16 21 16 35 24 33 35 18 27 17 27 15 18 27 35 20 26 8 11 14
internal_value=0.000177668 -0.00168743 -0.00378003 -0.0277488 0.00126504 -0.0143422 0.00870862 0.0217282 0.0554221 -0.0322473 -0.011402 0.00585048 0.0370134 0.0784462 0.0568069 -0.0276435 0.109976 0.104317 0.103525
internal_weight=24.3076 23.2267 22.0184 3.82867 18.1898 5.87384 12.3159 9.06815 4.49583 4.68951 4.57232 3.33912 2.12388 3.23382 1.91768 3.24777 1.31614 0.786354 0.487647
internal_count=443 422 406 59 347 95 252 210 132 62 78 63 45 115 47 42 68 60 49
is_linear=0
shrinkage=0.1


Tree=90
num_leaves=19
num_cat=0
split_feature=21 20 30 1 15 30 24 21 21 22 23 23 22 30 21 22 23 22
split_gain=0.166471 0.240338 0.536996 0.456897 0.324719 0.303513 0.316454 0.468345 0.483653 0.406253 0.41626 0.370801 0.359766 0.350454 0.623283 0.147125 0.00214397 0.000249349
threshold=83.500000000000014 238.50000000000003 121.50000000000001 1.5000000000000002 1.0000000180025095e-35 220.50000000000003 69.500000000000014 61.500000000000007 67.500000000000014 88.40000000000002 62.500000000000007 165.50000000000003 94.15000000000002 92.500000000000014 74.500000000000014 88.750000000000014 57.400000000000013 83.450000000000017
decision_type=2 2 2 2 2 2 2 2 2 2 2 2 2 2 2 2 2 2
left_child=1 5 3 4 17 6 7 11 -9 10 -10 12 16 14 -11 -2 -1 -3
right_child=15 2 -4 -5 -6 -7 -8 8 9 13 -12 -13 -14 -15 -16 -17 -18 -19
leaf_value=0.10634332660959211 0.0024748451260612845 0.10692796851297606 0.1188851556669116 -0.024949915260035049 -0.021807726969012748 -0.028657001529987205 -0.039968769102147125 -0.03847113972293028 0.027836538182743415 0.0086910033650571417 -0.042575894756534755 0.0072718778311187844 0.01841716712403758 -0.00048585155164517678 0.11931329856171785 -0.038297977852226404 0.11537263012854673 0.10294221448976953
leaf_weight=0.4948158164625156 1.6248243097215884 0.34083189157536242 0.55302606965415169 1.4768883285578338 0.29617189685814083 3.192563969641923 1.3820906803011883 2.5167106424923968 1.4891849062405529 1.028690721839667 1.9247372545069081 1.5536917829886077 0.69302435079589475 1.4790570558980105 1.0088269924744961 1.9436801597476003 0.56125436536967754 0.29094419488683343
leaf_count=26 26 24 10 35 7 35 17 37 34 23 27 17 10 18 19 28 18 32
internal_value=0.00018432 0.0036886 0.0300333 0.00960058 0.0645899 -0.000809273 0.00548178 0.0104086 -0.000923676 0.0127111 -0.0118613 0.0428231 0.0744027 0.0365663 0.0634629 -0.0197331 0.111142 0.105092
internal_weight=23.851 20.2825 2.95786 2.40484 0.927948 17.3246 14.1321 12.75 9.44721 6.9305 3.41392 3.30279 1.74909 3.51657 2.03752 3.5685 1.05607 0.631776
internal_count=443 389 108 98 63 281 246 229 158 121 61 71 54 60 42 54 44 56
is_linear=0
shrinkage=0.1


Tree=91
num_leaves=19
num_cat=0
split_feature=22 20 22 1 14 23 2 20 19 23 23 24 21 24 30 23 3 20
split_gain=0.161775 0.48132 0.231462 0.232687 0.260124 0.359067 0.261043 0.456919 0.518202 0.397291 0.724802 0.270719 0.385206 0.281299 0.261233 0.353486 0.247728 0.12689
threshold=71.450000000000017 116.50000000000001 77.450000000000017 2.5000000000000004 1.0000000180025095e-35 91.90000000000002 1.5000000000000002 87.500000000000014 1.5000000000000002 36.150000000000006 15.300000000000002 43.000000000000007 64.500000000000014 37.500000000000007 132.50000000000003 193.77000000000001 1.7500000000000002 169.50000000000003
decision_type=2 2 2 2 2 2 2 2 2 2 2 2 2 2 2 2 2 2
left_child=1 -1 -2 4 6 -6 9 -8 -9 10 -4 12 -11 -14 15 16 -13 -10
right_child=2 -3 3 -5 5 -7 7 8 17 11 -12 14 13 -15 -16 -17 -18 -19
leaf_value=-0.039052383770307175 -0.032694046207832811 0.10466120747416879 -0.035986285134888739 0.047103215806978516 0.067036834685765642 -0.0016612209240087304 -0.034058554785257426 -0.0019667529268486326 0.11342699952631106 0.050967210561712273 0.11018192507905045 -0.0050248308305912504 -0.047647374866262117 0.012124650198249459 -0.061937426353670215 0.025271110385286684 -0.064437596613137027 0.052569353372428088
leaf_weight=0.41950740292668598 2.1483060632599544 0.52430606982670724 0.67589480581228645 1.074793267995118 1.2549787212337826 1.932251750025898 1.2977856453508128 1.5758494990877809 0.66546212974935748 1.0787838753312806 0.68110508268000558 1.2550821895711126 1.6018615883658642 1.5484753201017154 2.1164143085479736 1.2656504996120927 1.5919982864870688 0.70617720182053745
leaf_count=6 36 36 16 15 30 30 17 25 18 22 26 18 23 32 24 16 28 25
internal_value=0.000225032 0.0407832 -0.00147848 0.00182133 -0.000707203 0.0253888 -0.00588598 0.0153829 0.0371521 -0.013528 0.0373784 -0.0201333 -0.000607023 -0.0182678 -0.0333901 -0.0186997 -0.0382466 0.0820949
internal_weight=23.4147 0.943813 22.4709 20.3226 19.2478 3.18723 16.0605 4.24527 2.94749 11.8153 1.357 10.4583 4.22912 3.15034 6.22915 4.11273 2.84708 1.37164
internal_count=443 42 401 365 350 60 290 85 68 205 42 163 77 55 86 62 46 43
is_linear=0
shrinkage=0.1


Tree=92
num_leaves=17
num_cat=0
split_feature=21 21 7 19 19 19 22 22 30 22 20 30 20 30 10 20
split_gain=0.155643 0.329209 0.438452 0.62649 0.512721 0.779266 0.616865 0.443167 0.407587 0.312419 0.589545 0.277796 0.778058 0.275203 0.234155 0.0915441
threshold=74.500000000000014 72.500000000000014 0.90000000000000013 1.5000000000000002 1.5000000000000002 2.5000000000000004 91.950000000000017 85.350000000000009 56.500000000000007 86.500000000000014 180.50000000000003 82.500000000000014 183.50000000000003 124.50000000000001 1.0000000180025095e-35 156.50000000000003
decision_type=2 2 2 2 2 2 2 2 2 2 2 2 2 2 2 2
left_child=1 2 4 -4 8 15 7 -7 -1 10 -2 12 -11 -13 -5 -6
right_child=9 -3 3 14 5 6 -8 -9 -10 11 -12 13 -14 -15 -16 -17
leaf_value=-0.043465895125903743 -0.063797273776090582 0.052358337225831747 0.029908870457981712 -0.07983802499553691 0.1304994024354201 0.0048362905096163492 -0.036933813607126678 0.091318745919824543 0.02289446965636464 0.1008583626871237 0.019323176358698561 -0.042958283918167028 -0.028175740368639055 0.017806372818330762 -0.022487863332119495 0.07491139536627775
leaf_weight=2.07062407222111 2.2774957325309502 1.4144185762852419 1.4020958025357675 1.4533413434401155 0.65885353880003072 1.2799711733823649 1.5031900847097857 1.1032577434089033 1.6736782931839114 0.93434604653157272 1.3645493786316363 1.504186596721411 0.93488524621352553 1.4773910334333775 1.3955337664810941 0.53831055794580607
leaf_count=28 31 28 31 20 12 31 28 21 33 23 36 21 19 19 26 36
internal_value=0.000229434 0.00652849 0.0015722 -0.024813 0.0142777 0.0349607 0.0132307 0.0448712 -0.0138033 -0.0105201 -0.0326549 0.00609903 0.0363227 -0.012849 -0.0517448 0.105504
internal_weight=22.9861 14.4933 13.0789 4.25097 8.82789 5.08358 3.88642 2.38323 3.7443 8.49285 3.64205 4.85081 1.86923 2.98158 2.84888 1.19716
internal_count=443 294 266 77 189 128 80 52 61 149 67 82 42 40 46 48
is_linear=0
shrinkage=0.1


Tree=93
num_leaves=17
num_cat=0
split_feature=20 30 30 30 23 23 23 30 30 3 24 1 19 3 23 21
split_gain=0.152238 0.554948 0.378716 0.494682 0.414603 0.741101 0.511263 0.453947 0.336492 0.611259 0.397227 0.332911 0.325362 0.272092 0.214357 0.203435
threshold=180.50000000000003 159.00000000000003 171.00000000000003 324.00000000000006 152.45000000000002 115.80000000000001 20.500000000000004 62.500000000000007 62.500000000000007 1.1000000000000003 56.500000000000007 1.5000000000000002 1.5000000000000002 1.7500000000000002 65.000000000000014 70.500000000000014
decision_type=2 2 2 2 2 2 2 2 2 2 2 2 2 2 2 2
left_child=2 8 4 -4 5 6 -1 -6 9 -2 14 13 -8 -10 -11 -14
right_child=1 -3 3 -5 7 -7 12 -9 11 10 -12 -13 15 -15 -16 -17
leaf_value=-0.037736875241266149 0.10942964965423652 0.089854867160338442 -0.059639448094261673 0.0072690202053668071 -0.010088192015550857 -0.072588722436305 0.062924002663328232 0.059300342934595532 -0.012554590896466006 -0.01414517884341316 -0.057701545192133191 -0.039259676903278931 -0.036450671833637441 0.062338172640212575 0.10448786081675668 0.026544295735681706
leaf_weight=1.7407656263094411 0.72681826102780123 0.81612880155444134 2.4858251353725782 1.9892854988574979 1.6000522831454875 1.4855163646861909 1.550265481695533 2.2953399822581559 1.2725569842441475 0.26949996210169025 0.68210853822529316 2.3211428397335112 0.81713602109812233 0.78395319759147231 0.35026079929957632 1.375724737299606
leaf_count=31 33 18 31 21 19 20 27 36 28 17 12 37 20 34 25 34
internal_value=0.000221633 0.0121928 -0.00541474 -0.0298972 0.00466934 -0.00993505 0.00703704 0.0307986 0.00229914 0.0359654 -0.00504877 -0.0133025 0.0278594 0.0159949 0.0529009 0.00307018
internal_weight=22.5624 7.22247 15.3399 4.47511 10.8648 6.96941 5.48389 3.89539 6.40634 2.02869 1.30187 4.37765 3.74313 2.05651 0.619761 2.19286
internal_count=443 204 239 52 187 132 112 55 186 87 54 99 81 62 42 54
is_linear=0
shrinkage=0.1


Tree=94
num_leaves=16
num_cat=0
split_feature=23 20 23 24 20 25 7 23 24 7 30 20 7 22 22
split_gain=0.167253 0.255509 0.234898 0.593804 0.457686 0.451871 0.602437 0.484869 0.477418 0.455632 0.324251 0.379285 0.297558 0.202734 0.195858
threshold=246.30000000000004 33.000000000000007 152.45000000000002 52.500000000000007 87.500000000000014 1.0000000180025095e-35 1.1000000000000003 62.500000000000007 36.000000000000007 0.45000000000000007 74.500000000000014 172.50000000000003 1.0000000180025095e-35 91.65000000000002 82.40000000000002
decision_type=2 2 2 2 2 2 2 2 2 2 2 2 2 2 2
left_child=1 -1 4 12 13 6 7 8 -6 10 11 -9 -4 -3 -10
right_child=-2 2 3 -5 5 -7 -8 9 14 -11 -12 -13 -14 -15 -16
leaf_value=0.054618818975705509 -0.02240586084110224 -0.066138089349376289 0.018496887946772768 0.070688966080050097 -0.011842258440961068 0.051732937346844643 -0.065480516774103228 -0.057667592938344947 0.1087643900587924 0.045199487327175714 -0.055212601162390178 0.050075652798124162 -0.044357732911054326 -0.015293508041035693 0.040598830831564521
leaf_weight=0.93278309330344811 2.8462473223917177 1.4791963528841763 2.07001241215039 1.5587786976248024 1.103848690181618 1.6855595597589861 1.3784995616879312 0.54241336882114433 0.79665405323612482 1.0177034179214386 2.129964011372067 0.82166524793137796 1.1839625813299788 1.6691405330784617 0.89512693847063929
leaf_count=17 36 19 37 24 39 36 32 16 32 16 35 36 17 24 27
internal_value=0.00022121 0.00356412 0.000966392 0.0199386 -0.0057873 0.00434996 -0.00484507 0.0065935 0.0393173 -0.0136833 -0.0308339 0.00723254 -0.00437284 -0.039182 0.0726978
internal_weight=22.1116 19.2653 18.3325 4.81275 13.5198 10.3714 8.68588 7.30738 2.79563 4.51175 3.49404 1.36408 3.25397 3.14834 1.69178
internal_count=443 407 390 78 312 269 233 201 98 103 87 52 54 43 59
is_linear=0
shrinkage=0.1


Tree=95
num_leaves=19
num_cat=0
split_feature=19 20 15 23 20 22 24 22 20 23 22 2 13 15 23 20 21 1
split_gain=0.154248 0.127795 0.38013 0.444998 0.32792 0.230038 0.491251 0.383976 0.477425 0.644296 0.388949 0.300253 0.348363 0.217712 0.173375 0.102706 0.0704515 0.0379596
threshold=4.5000000000000009 87.500000000000014 1.0000000180025095e-35 82.500000000000014 93.500000000000014 76.200000000000003 56.500000000000007 80.550000000000011 111.50000000000001 38.500000000000007 84.850000000000009 1.5000000000000002 1.0000000180025095e-35 1.0000000180025095e-35 170.50000000000003 178.50000000000003 65.500000000000014 1.5000000000000002
decision_type=2 2 2 2 2 2 2 2 2 2 2 2 2 2 2 2 2 2
left_child=1 2 3 -1 -3 6 17 -7 -9 16 -11 12 13 14 -12 -13 -10 -6
right_child=-2 4 -4 -5 5 7 -8 8 9 10 11 15 -14 -15 -16 -17 -18 -19
leaf_value=-0.040329616851026158 0.038970352640516986 0.076030146697101772 -0.053782654944610681 0.02860753906041541 0.10577545779749886 -0.048516207791542025 -0.025128392711163329 -0.058298497573776545 0.055296053026583747 0.064443762397682888 -0.033357307380343759 0.0080517347467387139 0.019841407525700634 -0.061095265429721435 0.017099376018014086 0.056533681949806673 0.10846121197143649 0.062888900724645744
leaf_weight=1.5052018649876182 0.98022321844473381 0.59385205013677378 1.7125663338229058 2.4778150580823421 0.49351218766241689 1.6954715761821706 0.70475000236183405 1.1569250691682089 0.44343055930221342 0.87493562453891982 1.8615303883561849 0.92393691302277126 1.9291115435189565 1.5635388242080805 1.0738492873497305 0.82902207807637751 0.56918930378742516 0.35473500983789563
leaf_count=22 21 10 24 32 34 29 13 15 22 25 38 18 35 21 24 23 23 14
internal_value=0.000206232 -0.00162379 -0.0143842 0.00255585 0.0031996 0.000211435 0.0365752 -0.0041592 0.00254039 0.00953107 0.00107213 -0.00570531 -0.0157096 -0.0309537 -0.0148988 0.0309802 0.08518 0.0878404
internal_weight=21.7436 20.7634 5.69558 3.98302 15.0678 14.4739 1.553 12.9209 11.2255 10.0685 9.05592 8.18099 6.42803 4.49892 2.93538 1.75296 1.01262 0.848247
internal_count=443 422 78 54 344 334 61 273 244 229 184 159 118 83 62 41 45 48
is_linear=0
shrinkage=0.1


Tree=96
num_leaves=20
num_cat=0
split_feature=21 20 21 7 24 1 2 13 23 22 20 22 30 30 30 22 3 30 20
split_gain=0.150805 0.299048 0.39517 0.324059 0.520192 0.429515 0.329256 0.623855 0.694693 0.280125 0.372241 0.277536 0.262225 0.221339 0.242547 0.0941043 0.0922888 0.000293434 8.28873e-05
threshold=74.500000000000014 238.50000000000003 38.000000000000007 0.90000000000000013 37.500000000000007 1.0000000180025095e-35 1.0000000180025095e-35 1.0000000180025095e-35 165.50000000000003 83.950000000000017 116.50000000000001 92.350000000000009 77.500000000000014 69.500000000000014 108.50000000000001 93.350000000000009 0.40000000000000008 96.500000000000014 368.00000000000006
decision_type=2 2 2 2 2 2 2 2 2 2 2 2 2 2 2 2 2 2 2
left_child=1 3 -3 4 12 -5 7 8 11 10 -2 -6 -1 -11 -15 17 -12 18 -4
right_child=9 2 15 5 6 -7 -8 -9 -10 13 16 -13 -14 14 -16 -17 -18 -19 -20
leaf_value=0.021617307531403965 -0.083850175694538592 -0.025103929974887793 0.10227528001628031 0.0033442127372970845 0.055579826027474383 -0.065371917631383281 -0.031494396595994643 0.078242139388448317 -0.068275590502207648 0.036704774162356228 -0.03082659219781685 -0.013838273179577082 0.11235998424817449 -0.038367145151837478 0.013114877597688375 0.041330386114555306 0.015565608724615737 0.10783652676523013 0.10506650780162326
leaf_weight=0.58441408350336288 1.0363816842436784 0.49570404819678415 0.23388263708329737 2.4213984338566656 1.359197907731869 1.4569327016361056 2.0788096241885796 1.2087029174435882 1.1629135964903978 1.4131123642437158 0.86940532352309652 0.99942022748291481 0.69977972540073097 1.6498607848770919 2.0549660716205835 0.34948811400681734 0.84612681809812784 0.25343231001170352 0.19516746990848333
leaf_count=22 13 14 27 37 31 22 32 23 13 38 18 15 20 30 28 9 22 11 18
internal_value=0.000200022 0.00661424 0.0482797 0.00129738 0.0126867 -0.0224697 0.00167656 0.0162543 -0.00502193 -0.0108024 -0.0365313 0.0261652 0.0710646 0.00303211 -0.00981148 0.0835292 -0.00794525 0.105139 0.103545
internal_weight=21.3691 13.4992 1.52767 11.9716 8.09324 3.87833 6.80904 4.73023 3.52153 7.86985 2.75191 2.35862 1.28419 5.11794 3.70483 1.03197 1.71553 0.682482 0.42905
internal_count=443 294 79 215 156 59 114 82 59 149 53 46 42 96 58 65 40 56 45
is_linear=0
shrinkage=0.1


Tree=97
num_leaves=19
num_cat=0
split_feature=30 21 24 7 19 23 22 22 20 16 13 24 23 22 23 22 30 30
split_gain=0.146034 0.171728 0.194309 0.383844 0.232119 0.376993 0.317237 0.305627 0.60158 0.521746 0.513269 0.280648 0.255504 0.234431 0.232296 0.174589 0.146767 4.94384e-05
threshold=229.50000000000003 83.500000000000014 34.000000000000007 1.0000000180025095e-35 1.5000000000000002 107.50000000000001 92.15000000000002 84.250000000000014 97.000000000000014 1.0000000180025095e-35 1.0000000180025095e-35 40.500000000000007 115.80000000000001 90.950000000000017 40.180000000000007 88.750000000000014 356.00000000000006 68.500000000000014
decision_type=2 2 2 2 2 2 2 2 2 2 2 2 2 2 2 2 2 2
left_child=1 2 3 17 5 14 -7 8 -6 11 -10 12 -9 -13 -4 -3 -2 -1
right_child=16 15 4 -5 7 6 -8 9 10 -11 -12 13 -14 -15 -16 -17 -18 -19
leaf_value=0.10778093201623765 -0.041941605874001101 0.0095570692378725234 -0.018103766494456486 -0.00058050654262526672 -0.077174574993367162 -0.066352171595350479 -0.0027248494983420015 -0.030744494805234741 0.076987431053983132 -0.02623406925874552 -0.02804613861236091 0.11191050473909013 0.050444846579159798 0.045831517315312868 0.043740875448271571 -0.041205045372865005 0.00043856282583721971 0.10591366043023834
leaf_weight=0.28994917803357256 1.5201810942962759 1.1986025637015694 1.0441173573490217 0.8029133613454178 0.92464283294975791 1.5514854225330057 1.5832476429641245 0.6798996232391803 0.87998874628101453 1.2525354835670439 0.9871745178825222 0.85144228936405886 0.90164920140523463 1.453309765900485 1.451898565108422 1.5585686443373559 1.7669591419398782 0.27748907565546688
leaf_count=22 21 24 24 16 13 21 19 24 28 28 28 27 20 30 33 25 22 18
internal_value=0.000194896 0.00379176 0.00802571 0.0439119 0.00439948 -0.0111271 -0.0342162 0.0154233 -0.0112104 0.0298928 0.0214559 0.0479822 0.015542 0.070243 0.0178704 -0.0191376 -0.0191607 0.106868
internal_weight=20.9761 17.6889 14.9317 1.37035 13.5614 5.63075 3.13473 7.93064 2.79181 5.13884 1.86716 3.8863 1.58155 2.30475 2.49602 2.75717 3.28714 0.567438
internal_count=443 400 351 56 295 97 40 198 69 129 56 101 44 57 57 49 43 40
is_linear=0
shrinkage=0.1


Tree=98
num_leaves=20
num_cat=0
split_feature=23 1 21 21 14 30 24 20 23 23 23 24 1 24 22 22 22 30 20
split_gain=0.139014 0.235187 0.27535 0.56247 0.36785 0.375076 0.563435 0.330623 0.249465 0.274054 0.262968 0.247035 0.604824 0.265117 0.240179 0.111481 0.000790697 0.000171356 5.4673e-05
threshold=246.30000000000004 2.5000000000000004 64.500000000000014 67.500000000000014 1.0000000180025095e-35 68.500000000000014 37.500000000000007 117.50000000000001 153.50000000000003 62.500000000000007 26.400000000000002 47.500000000000007 1.5000000000000002 56.500000000000007 89.050000000000026 89.750000000000014 92.15000000000002 126.50000000000001 124.50000000000001
decision_type=2 2 2 2 2 2 2 2 2 2 2 2 2 2 2 2 2 2 2
left_child=1 2 11 -4 5 6 -5 -8 9 10 -7 12 16 -13 -11 -6 17 18 -1
right_child=-2 -3 3 4 15 8 7 -9 -10 14 -12 13 -14 -15 -16 -17 -18 -19 -20
leaf_value=0.10468399016552501 -0.020994471671251014 0.053860948115488264 -0.05716718115192896 0.11125065646405806 0.069545971843867849 -0.039571087001210599 -0.049981823138029624 0.0436142389157331 0.015761331256248928 -0.081581990566487517 0.044383529436184899 -0.024717888265110902 0.0017312361206648801 0.034358342167580706 -0.024092864699790908 0.019181703161483193 0.11090218788521322 0.10688328355487545 0.10209244343775213
leaf_weight=0.16059303679504489 2.6905793352052561 0.8778006536886086 1.9280333195347328 0.59738805040251142 0.84384775243233956 0.73578240047208943 0.75967642664909341 0.75004026194801554 1.4590025860816238 1.3063588224467824 0.75687684034346603 1.7300693656143269 1.3321514797862619 1.3543033655732868 1.6378103904426096 0.91719920211471617 0.35167568334145471 0.24204582115635276 0.16509174739621812
leaf_count=9 36 13 33 26 25 15 11 37 23 18 25 29 23 26 28 15 12 8 31
internal_value=0.000199271 0.00338392 0.000781795 -0.00780877 0.00193773 -0.00716733 0.0290457 -0.00348249 -0.0201094 -0.0319052 0.00299945 0.0196053 0.0447888 0.00122163 -0.0496014 0.0433149 0.107176 0.104868 0.10337
internal_weight=20.5963 17.9057 17.0279 11.692 9.76398 8.00294 2.1071 1.50972 5.89583 4.43683 1.49266 5.33593 2.25156 3.08437 2.94417 1.76105 0.919406 0.567731 0.325685
internal_count=443 407 394 256 223 183 74 48 109 86 40 138 83 55 46 40 60 48 40
is_linear=0
shrinkage=0.1


Tree=99
num_leaves=17
num_cat=0
split_feature=2 23 21 21 23 3 23 21 19 30 22 30 20 20 20 30
split_gain=0.138064 0.229615 0.265127 0.399889 0.282872 0.539435 0.510954 0.205961 0.409481 0.274208 0.246409 0.285117 0.322573 0.588722 0.271094 0.231676
threshold=2.5000000000000004 246.30000000000004 64.500000000000014 67.500000000000014 78.90000000000002 1.7500000000000002 138.00000000000003 74.500000000000014 3.5000000000000004 77.500000000000014 77.800000000000011 154.00000000000003 260.50000000000006 117.50000000000001 201.00000000000003 51.500000000000007
decision_type=2 2 2 2 2 2 2 2 2 2 2 2 2 2 2 2
left_child=1 2 4 -4 5 -1 -6 8 9 15 -9 12 13 -12 -15 -5
right_child=-2 -3 3 7 6 -7 -8 10 -10 -11 11 -13 -14 14 -16 -17
leaf_value=0.050812167713542446 0.037882361164034796 -0.03003583303870011 -0.047202156217021334 0.063148280507283744 0.10315908485018517 -0.049596959415738967 0.013607643496456285 -0.049663954841356391 -0.025699989668486085 0.086112202430293688 -0.018341930649348193 -0.040771988946762684 -0.036035137294733073 0.10980828489482042 0.029575240437621542 -0.027078756344907862
leaf_weight=0.94757956155809653 0.92776426242198695 2.4770045902114353 1.9409957276657213 0.53083165839780011 0.92665273934108006 1.2289963364601133 2.0393384875496849 1.1589826869312672 1.1396933686919508 1.0184485939680596 1.3817372852936389 1.2358440021052954 0.9734233192866667 0.84293849952518918 0.84157371311448514 0.61346378870075569
leaf_count=38 22 33 33 19 32 33 33 24 19 28 23 17 22 23 21 23
internal_value=0.000201129 -0.00161047 0.00257548 -0.00575585 0.0214946 -0.00588351 0.0415858 0.0025062 0.0228074 0.0483692 -0.00791317 0.0012591 0.0141175 0.0300392 0.0697243 0.014777
internal_weight=20.2253 19.2975 16.8205 11.6779 5.14257 2.17658 2.96599 9.73694 3.30244 2.16274 6.4345 5.27552 4.03967 3.06625 1.68451 1.1443
internal_count=443 421 388 252 136 71 65 219 89 70 130 106 89 67 44 42
is_linear=0
shrinkage=0.1


end of trees

feature_importances:
Column_23=248
Column_20=237
Column_30=226
Column_22=222
Column_21=211
Column_24=124
Column_19=71
Column_7=69
Column_3=63
Column_1=40
Column_2=28
Column_15=27
Column_10=25
Column_11=22
Column_12=18
Column_13=17
Column_0=16
Column_14=16
Column_25=7
Column_29=3
Column_16=2

parameters:
[boosting: gbdt]
[objective: binary]
[metric: binary_logloss]
[tree_learner: serial]
[device_type: cpu]
[data_sample_strategy: bagging]
[data: ]
[valid: ]
[num_iterations: 100]
[learning_rate: 0.1]
[num_leaves: 31]
[num_threads: 1]
[seed: 42]
[deterministic: 0]
[force_col_wise: 0]
[force_row_wise: 0]
[histogram_pool_size: -1]
[max_depth: -1]
[min_data_in_leaf: 20]
[min_sum_hessian_in_leaf: 0.001]
[bagging_fraction: 1]
[pos_bagging_fraction: 1]
[neg_bagging_fraction: 1]
[bagging_freq: 0]
[bagging_seed: 400]
[bagging_by_query: 0]
[feature_fraction: 1]
[feature_fraction_bynode: 1]
[feature_fraction_seed: 30056]
[extra_trees: 0]
[extra_seed: 12879]
[early_stopping_round: 0]
[early_stopping_min_delta: 0]
[first_metric_only: 0]
[max_delta_step: 0]
[lambda_l1: 0]
[lambda_l2: 0]
[linear_lambda: 0]
[min_gain_to_split: 0]
[drop_rate: 0.1]
[max_drop: 50]
[skip_drop: 0.5]
[xgboost_dart_mode: 0]
[uniform_drop: 0]
[drop_seed: 17869]
[top_rate: 0.2]
[other_rate: 0.1]
[min_data_per_group: 100]
[max_cat_threshold: 32]
[cat_l2: 10]
[cat_smooth: 10]
[max_cat_to_onehot: 4]
[top_k: 20]
[monotone_constraints: ]
[monotone_constraints_method: basic]
[monotone_penalty: 0]
[feature_contri: ]
[forcedsplits_filename: ]
[refit_decay_rate: 0.9]
[cegb_tradeoff: 1]
[cegb_penalty_split: 0]
[cegb_penalty_feature_lazy: ]
[cegb_penalty_feature_coupled: ]
[path_smooth: 0]
[interaction_constraints: ]
[verbosity: -1]
[saved_feature_importance_type: 0]
[use_quantized_grad: 0]
[num_grad_quant_bins: 4]
[quant_train_renew_leaf: 0]
[stochastic_rounding: 1]
[linear_tree: 0]
[max_bin: 255]
[max_bin_by_feature: ]
[min_data_in_bin: 3]
[bin_construct_sample_cnt: 200000]
[data_random_seed: 175]
[is_enable_sparse: 1]
[enable_bundle: 1]
[use_missing: 1]
[zero_as_missing: 0]
[feature_pre_filter: 1]
[pre_partition: 0]
[two_round: 0]
[header: 0]
[label_column: ]
[weight_column: ]
[group_column: ]
[ignore_column: ]
[categorical_feature: ]
[forcedbins_filename: ]
[precise_float_parser: 0]
[parser_config_file: ]
[objective_seed: 16083]
[num_class: 1]
[is_unbalance: 0]
[scale_pos_weight: 1]
[sigmoid: 1]
[boost_from_average: 1]
[reg_sqrt: 0]
[alpha: 0.9]
[fair_c: 1]
[poisson_max_delta_step: 0.7]
[tweedie_variance_power: 1.5]
[lambdarank_truncation_level: 30]
[lambdarank_norm: 1]
[label_gain: ]
[lambdarank_position_bias_regularization: 0]
[eval_at: ]
[multi_error_top_k: 1]
[auc_mu_weights: ]
[num_machines: 1]
[local_listen_port: 12400]
[time_out: 120]
[machine_list_filename: ]
[machines: ]
[gpu_platform_id: -1]
[gpu_device_id: -1]
[gpu_use_dp: 0]
[num_gpu: 1]

end of parameters

pandas_categorical:null
