tree
version=v4
num_class=1
num_tree_per_iteration=1
label_index=0
max_feature_idx=14
objective=regression
feature_names=Column_0 Column_1 Column_2 Column_3 Column_4 Column_5 Column_6 Column_7 Column_8 Column_9 Column_10 Column_11 Column_12 Column_13 Column_14
feature_infos=[0:4] [0:6] [0:4] [0:15] none none [0:0.20000000000000001] [0:4] none [0:1.2] [0.20000000000000001:822] [0.050000000000000003:11.4] [1:5] [14.693877551020408:39.197530864197532] [2:1518]
tree_sizes=1468 1714 1464 1632 1545 1474 1625 1537 1469 1467 1472 1541 1556 1470 1557 1472 1557 1543 1631 1562 1569 1552 1643 1561 1708 1564 1722 1718 1632 1558 1646 1642 1623 1473 1562 1476 1557 1470 1573 1559 1628 1650 1725 1637 1726 1567 1486 1559 1567 1656 1567 1556 1559 1567 1641 1565 1560 1476 1480 1555 1561 1562 1566 1551 1643 1643 1477 1732 1641 1564 1646 1661 1567 1564 1574 1573 1564 1653 1499 1571 1660 1567 1568 1656 1476 1739 1572 1548 1662 1663 1561 1575 1661 1654 1490 1655 1658 1560 1658 1653

Tree=0
num_leaves=17
num_cat=0
split_feature=11 13 13 14 14 13 13 12 0 13 10 11 11 10 11 11
split_gain=462.513 562.553 417.835 462.122 204.654 209.593 213.93 205.498 241.464 123.345 102.07 129.186 175.657 87.3626 72.6 40
threshold=1.6050000000000002 21.468831098615926 29.386255879762377 101.50000000000001 51.500000000000007 25.312048134523511 26.894566538686366 3.5000000000000004 1.5000000000000002 21.155185832472753 225.50000000000003 0.51500000000000012 1.0150000000000003 189.50000000000003 0.68500000000000016 0.93500000000000016
decision_type=2 2 2 2 2 2 2 2 2 2 2 2 2 2 2 2
left_child=2 -2 3 4 5 7 -7 14 10 -10 11 -9 -13 -6 -1 -16
right_child=1 -3 -4 -5 13 6 -8 8 9 -11 -12 12 -14 -15 15 -17
leaf_value=11.604006764381014 12.33900676073023 11.666885551413145 12.029006763940753 11.920673427363782 11.479006763925701 11.207578186619449 11.605929840186505 11.402690972299627 11.716043799748569 12.031180674492852 11.745673428665754 11.844224152624145 11.439006761773312 11.213789365221164 11.284006761028254 11.484006764306509
leaf_weight=24 20 33 22 36 27 28 26 38 27 23 33 23 20 23 20 20
leaf_count=24 20 33 22 36 27 28 26 38 27 23 33 23 20 23 20 20
internal_value=11.6433 11.9205 11.6057 11.5804 11.5435 11.5765 11.3994 11.6185 11.6778 11.861 11.5974 11.537 11.6558 11.357 11.4665 11.384
internal_weight=443 53 390 368 332 282 54 228 164 50 114 81 43 50 64 40
internal_count=443 53 390 368 332 282 54 228 164 50 114 81 43 50 64 40
is_linear=0
shrinkage=1


Tree=1
num_leaves=19
num_cat=0
split_feature=11 14 13 14 14 13 11 1 2 13 10 13 1 14 14 2 11 10
split_gain=406.555 545.518 256.501 645.257 191.922 237.478 160.136 148.22 237.833 131.397 214.15 217.419 98.9412 138.136 131.763 241.892 68.5977 61.8751
threshold=0.84500000000000008 79.000000000000014 20.241626650496311 21.500000000000004 10.500000000000002 22.544817190049979 0.76500000000000012 1.5000000000000002 1.5000000000000002 26.894566538686366 42.500000000000007 23.042303907986625 1.5000000000000002 23.250000000000004 24.500000000000004 1.5000000000000002 0.48500000000000004 193.50000000000003
decision_type=2 2 2 2 2 2 2 2 2 2 2 2 2 2 2 2 2 2
left_child=6 2 3 -2 -4 17 9 8 -7 10 -1 12 14 -14 15 -12 -13 -6
right_child=1 -3 4 -5 5 7 -8 -9 -10 -11 11 16 13 -15 -16 -17 -18 -19
leaf_value=-0.36930860864079518 0.56856559283203545 0.58709522059985575 -0.27805221745123471 -0.18084250584244729 -0.022632244771177118 0.51953836411237719 -0.29986570148818914 -0.034694512963294982 0.031857021152973175 0.17484699270941995 0.46191804607709247 -0.30788560011113686 -0.26459155366534282 0.10262330889701843 -0.056539914417745807 -0.02401675045490265 -0.083597817637026312 -0.25721121585887413
leaf_weight=23 27 21 24 20 22 20 31 25 20 22 21 30 21 20 28 20 25 23
leaf_count=23 27 21 24 20 22 20 31 25 20 22 21 30 21 20 28 20 25 23
internal_value=8.82969e-10 0.104638 0.0486627 0.249669 -0.0218394 0.0340616 -0.0877052 0.156316 0.275698 -0.0563862 -0.0834454 -0.0435978 0.0375715 -0.0854624 0.110679 0.224877 -0.205937 -0.142528
internal_weight=443 202 181 47 134 110 241 65 40 210 188 165 110 41 69 41 55 45
internal_count=443 202 181 47 134 110 241 65 40 210 188 165 110 41 69 41 55 45
is_linear=0
shrinkage=0.1


Tree=2
num_leaves=16
num_cat=0
split_feature=13 11 13 14 14 13 12 0 13 13 13 14 14 10 11
split_gain=353.999 388.741 448.818 367.431 170.131 159.475 170.93 163.144 149.093 101.819 91.4944 191.54 134.956 77.136 60.4496
threshold=29.556088964511428 1.6050000000000002 21.468831098615926 101.50000000000001 51.500000000000007 25.312048134523511 3.5000000000000004 1.5000000000000002 26.894566538686366 21.155185832472753 21.856512675973637 20.500000000000004 19.500000000000004 189.50000000000003 0.71500000000000008
decision_type=2 2 2 2 2 2 2 2 2 2 2 2 2 2 2
left_child=1 3 -3 4 5 6 14 10 -7 -9 11 -8 -12 -6 -1
right_child=-2 2 -4 -5 13 8 7 9 -10 -11 12 -13 -14 -15 -16
leaf_value=-0.042009280278132513 0.40072422204982666 0.60825623776763682 0.00064704812342120761 0.24805280233008997 -0.14365316750826659 -0.37250148872179645 -0.12667676098644734 0.052084282923627781 -0.048991190565043481 0.33840540341385039 0.036778560342888039 0.21931849231477829 -0.29206408772331022 -0.39286453101945962 -0.2398921174830512
leaf_weight=26 21 20 31 36 27 28 32 27 29 23 24 32 26 23 38
leaf_count=26 21 20 31 36 27 28 32 27 29 23 24 32 26 23 38
internal_value=-9.40993e-10 -0.0199413 0.238925 -0.0555267 -0.0881501 -0.058301 -0.0208991 0.03319 -0.207909 0.183792 -0.0328636 0.0463209 -0.13422 -0.25829 -0.159502
internal_weight=443 422 51 371 335 285 228 164 57 50 114 64 50 50 64
internal_count=443 422 51 371 335 285 228 164 57 50 114 64 50 50 64
is_linear=0
shrinkage=0.1


Tree=3
num_leaves=18
num_cat=0
split_feature=11 14 14 13 14 11 11 11 10 13 13 14 14 14 13 14 11
split_gain=296.032 433.995 208.513 239.163 242.753 152.734 131.059 163.064 236.253 143.338 182.618 76.689 72.7005 58.5598 52.9615 30.88 11.1146
threshold=0.84500000000000008 79.000000000000014 40.500000000000007 20.241626650496311 27.500000000000004 1.0150000000000003 0.68500000000000016 0.53500000000000014 146.50000000000003 21.969228019313011 20.701970870657536 21.500000000000004 19.500000000000004 41.500000000000007 23.406121982246741 12.500000000000002 1.5750000000000004
decision_type=2 2 2 2 2 2 2 2 2 2 2 2 2 2 2 2 2
left_child=6 2 3 -2 5 -5 7 9 -9 10 11 -1 -11 -14 -8 -7 -17
right_child=1 -3 -4 4 -6 15 14 8 -10 12 -12 -13 13 -15 -16 16 -18
leaf_value=-0.23558186292648317 0.30324101684949339 0.51961416403452565 -0.1838129363515798 0.15906250165856406 0.31075203201987528 -0.2343465538128563 -0.12120686247944833 0.38842783480882648 -0.061575062147208627 -0.036466900259256363 0.24945120459253137 0.025572730276895606 -0.38756070271843956 -0.15890041124075652 -0.30962576275834675 -0.14164256215095522 -0.036216865926980972
leaf_weight=22 39 21 34 23 22 23 35 20 28 20 22 23 21 24 26 20 20
leaf_count=22 39 21 34 23 22 23 35 20 28 20 22 23 21 24 26 20 20
internal_value=1.86853e-09 0.0892895 0.0393623 0.0909811 0.0143317 -0.0614968 -0.0748402 -0.0319109 0.125926 -0.0893062 0.0133328 -0.102103 -0.195103 -0.265609 -0.201517 -0.142018 -0.0889297
internal_weight=443 202 181 147 108 86 241 180 48 132 67 45 65 45 61 63 40
internal_count=443 202 181 147 108 86 241 180 48 132 67 45 65 45 61 63 40
is_linear=0
shrinkage=0.1


Tree=4
num_leaves=17
num_cat=0
split_feature=13 11 13 14 14 2 11 12 13 11 13 11 13 11 10 10
split_gain=275.088 295.88 339.018 266.783 136.09 128.021 195.015 156.021 168.396 154.414 197.688 149.979 97.1101 79.6909 69.9147 61.2754
threshold=29.556088964511428 1.6050000000000002 21.468831098615926 101.50000000000001 51.500000000000007 1.5000000000000002 0.34500000000000003 3.5000000000000004 23.666346122530026 1.0150000000000003 21.468831098615926 0.6150000000000001 21.656266136560777 0.80500000000000016 191.50000000000003 189.50000000000003
decision_type=2 2 2 2 2 2 2 2 2 2 2 2 2 2 2 2
left_child=1 3 -3 4 5 6 -1 13 9 10 -9 12 -7 -8 -13 -6
right_child=-2 2 -4 -5 15 11 7 8 -10 -11 -12 14 -14 -15 -16 -17
leaf_value=-0.26148359809930505 0.35324844831512092 0.529252874404192 0.0011718731734060473 0.21005605806907021 -0.12641856595183965 0.14416947303339842 0.026102482300737629 0.10245932420094808 -0.084112811961991565 -0.006416900407883429 0.48751233577107389 -0.41102157419636137 -0.16745539050549271 -0.2231520764786622 -0.1611740159491698 -0.34853577950726389
leaf_weight=26 21 20 31 36 27 20 23 30 37 31 24 21 20 29 24 23
leaf_count=26 21 20 31 36 27 20 23 30 37 31 24 21 20 29 24 23
internal_value=4.86684e-10 -0.0175787 0.208262 -0.0486243 -0.0764227 -0.0497263 -0.00603324 0.0321375 0.0939588 0.171472 0.273594 -0.152534 -0.011643 -0.112905 -0.27777 -0.228592
internal_weight=443 422 51 371 335 285 200 174 122 85 54 85 40 52 45 50
internal_count=443 422 51 371 335 285 200 174 122 85 54 85 40 52 45 50
is_linear=0
shrinkage=0.1


Tree=5
num_leaves=16
num_cat=0
split_feature=11 14 14 13 11 14 11 11 11 13 14 0 7 13 13
split_gain=227.987 363.838 273.295 146.939 615.82 202.139 123.653 380.677 120.628 116.938 163.804 91.2701 141.863 42.6978 31.6418
threshold=0.84500000000000008 70.000000000000014 41.500000000000007 20.241626650496311 1.2850000000000004 27.500000000000004 0.58500000000000008 0.51500000000000012 1.0150000000000003 21.969228019313011 15.500000000000002 1.0000000180025095e-35 0.45000000000000007 24.220101643598621 22.668101204640106
decision_type=2 2 2 2 2 2 2 2 2 2 2 2 2 2 2
left_child=6 2 3 4 -2 8 7 9 -5 10 -1 12 -8 -11 -10
right_child=1 -3 -4 5 -6 -7 11 -9 14 13 -12 -13 -14 -15 -16
leaf_value=-0.18729154653847219 -0.14017788540749324 0.42003531401494043 -0.28046388745307926 0.14154534837959901 0.63516546785831451 0.27928687074910041 -0.34138892397093468 0.36498843583723772 -0.21056844500394969 -0.26967417950983402 0.14475123928143427 -0.0011533389488855997 -0.043199118985622016 -0.10230218218905585 -0.066617913423357794
leaf_weight=24 21 27 25 23 20 23 39 23 26 27 39 27 27 35 37
leaf_count=24 21 27 25 23 20 23 39 23 26 27 39 27 27 35 37
internal_value=7.80377e-10 0.0783586 0.0256427 0.0766605 0.238038 0.0159587 -0.0656781 -0.00889692 -0.0544663 -0.0776918 0.0182587 -0.15604 -0.219402 -0.17519 -0.126026
internal_weight=443 202 175 150 41 109 241 148 86 125 63 93 66 62 63
internal_count=443 202 175 150 41 109 241 148 86 125 63 93 66 62 63
is_linear=0
shrinkage=0.1


Tree=6
num_leaves=18
num_cat=0
split_feature=13 11 13 14 14 2 11 7 10 11 10 12 13 1 13 10 10
split_gain=209.79 214.873 239.748 199.778 107.38 104.318 146.782 127.609 123.328 114.889 111.959 118.309 236.555 111.339 74.3512 53.1623 45.688
threshold=29.556088964511428 1.6050000000000002 21.468831098615926 101.50000000000001 51.500000000000007 1.5000000000000002 0.33500000000000008 0.45000000000000007 183.50000000000003 0.6150000000000001 258.50000000000006 3.5000000000000004 23.406121982246741 1.5000000000000002 21.656266136560777 191.50000000000003 189.50000000000003
decision_type=2 2 2 2 2 2 2 2 2 2 2 2 2 2 2 2 2
left_child=1 3 -3 4 5 6 -1 10 -9 14 11 -8 13 -13 -7 -11 -6
right_child=-2 2 -4 -5 16 9 7 8 -10 15 -12 12 -14 -15 -16 -17 -18
leaf_value=-0.23469953735669458 0.30848682664689564 0.44704137343913319 0.0029555561081055677 0.18204298580272332 -0.11280613309807248 0.12469653436914085 -0.14275120764970781 0.015622368730880597 0.32717297176520033 -0.36075917815878278 -0.21013658559666229 0.35518883455258154 -0.19469730630517007 0.053144255863583616 -0.14797760374844074 -0.14289149567484857 -0.30460236853231559
leaf_weight=24 21 20 31 36 27 20 30 27 24 21 26 26 20 23 20 24 23
leaf_count=24 21 20 31 36 27 20 30 27 24 21 26 26 20 23 20 24 23
internal_value=1.90806e-09 -0.0153512 0.177107 -0.0418077 -0.0658633 -0.0421495 -0.0027082 0.028927 0.162234 -0.134952 -0.0254624 0.0230378 0.09512 0.213413 -0.0116405 -0.244563 -0.201032
internal_weight=443 422 51 371 335 285 200 176 51 85 125 99 69 49 40 45 50
internal_count=443 422 51 371 335 285 200 176 51 85 125 99 69 49 40 45 50
is_linear=0
shrinkage=0.1


Tree=7
num_leaves=17
num_cat=0
split_feature=1 12 2 11 10 11 11 14 11 10 2 7 11 3 10 13
split_gain=186.536 299.523 404.919 395.027 620.394 328.644 146.293 96.9877 92.447 85.6382 82.3895 55.3695 59.87 39.8767 32.7271 40.743
threshold=1.5000000000000002 3.5000000000000004 1.0000000180025095e-35 0.48500000000000004 187.50000000000003 1.135 0.36500000000000005 47.500000000000007 0.77500000000000013 193.50000000000003 1.0000000180025095e-35 0.45000000000000007 0.80500000000000016 1.7500000000000002 214.50000000000003 22.544817190049979
decision_type=2 2 2 2 2 2 2 2 2 2 2 2 2 2 2 2
left_child=1 9 3 -3 -5 6 -4 11 -9 10 -1 12 -2 -14 15 -8
right_child=7 2 5 4 -6 -7 14 8 -10 -11 -12 -13 13 -15 -16 -17
leaf_value=-0.3363647206645945 -0.1785093664271491 -0.053362309646413288 0.094554677009582533 0.74591219096348205 0.12441353797912598 0.29655252511684715 -0.34111439908544222 -0.062774837606896963 -0.33754448276758198 0.020733363553881647 -0.076538297648613279 0.069987885760409499 0.087441058651260714 -0.10562891639769077 -0.08779938392341137 -0.14168283155187963
leaf_weight=23 35 27 25 29 36 26 21 24 25 28 26 35 23 20 20 20
leaf_count=23 35 27 25 29 36 26 21 24 25 28 26 35 23 20 20 20
internal_value=7.31393e-10 0.0492701 0.1127 0.268147 0.401698 -0.0149894 -0.109177 -0.0854623 -0.202963 -0.118777 -0.198498 -0.0345105 -0.0814008 -0.00235893 -0.192673 -0.243831
internal_weight=443 281 204 92 65 112 86 162 49 77 49 113 78 43 61 41
internal_count=443 281 204 92 65 112 86 162 49 77 49 113 78 43 61 41
is_linear=0
shrinkage=0.1


Tree=8
num_leaves=16
num_cat=0
split_feature=13 11 13 14 10 14 13 12 3 14 14 13 10 10 13
split_gain=166.978 157.366 196.926 162.809 84.2111 70.3351 83.8728 77.7141 101.82 165.031 116.574 74.3613 59.3861 55.0365 43.9974
threshold=29.556088964511428 1.6050000000000002 21.468831098615926 101.50000000000001 54.000000000000007 51.500000000000007 25.312048134523511 2.5000000000000004 1.7500000000000002 22.500000000000004 22.500000000000004 26.894566538686366 244.50000000000003 189.50000000000003 20.820824859806446
decision_type=2 2 2 2 2 2 2 2 2 2 2 2 2 2 2
left_child=1 3 -3 4 -1 6 7 14 10 12 -9 -8 -10 -7 -6
right_child=-2 2 -4 -5 5 13 11 8 9 -11 -12 -13 -14 -15 -16
leaf_value=-0.21505939799451057 0.27521651500747318 0.39564970552921297 -0.0068269894007713565 0.165743184576018 -0.18600133094522689 -0.046574891488189288 -0.2540721450860684 0.017534271971537518 0.16406816297000457 -0.21818947843586406 0.27733284379205397 -0.021172276447559226 -0.056951881498098378 -0.26533912964489148 -0.0018972856998443603
leaf_weight=31 21 20 31 36 27 23 26 39 31 30 31 29 20 23 25
leaf_count=31 21 20 31 36 27 23 26 39 31 30 31 29 20 23 25
internal_value=2.3508e-09 -0.0136956 0.151007 -0.0363367 -0.0580527 -0.0420422 -0.0217318 0.0079462 0.0442553 -0.0320816 0.132588 -0.13127 0.0773936 -0.155957 -0.0974898
internal_weight=443 422 51 371 335 304 258 203 151 81 70 55 51 46 52
internal_count=443 422 51 371 335 304 258 203 151 81 70 55 51 46 52
is_linear=0
shrinkage=0.1


Tree=9
num_leaves=16
num_cat=0
split_feature=1 12 11 14 11 14 2 14 11 10 2 14 10 10 13
split_gain=146.657 233.09 324.808 507.441 268.838 202.811 208.349 76.616 80.09 68.6976 68.5707 44.0125 134.69 78.5663 40.6936
threshold=1.5000000000000002 3.5000000000000004 0.84500000000000008 34.500000000000007 1.4650000000000001 27.500000000000004 1.0000000180025095e-35 47.500000000000007 0.77500000000000013 193.50000000000003 1.0000000180025095e-35 17.500000000000004 156.50000000000003 168.50000000000003 22.325832751674682
decision_type=2 2 2 2 2 2 2 2 2 2 2 2 2 2 2
left_child=1 9 5 4 -4 6 -3 11 -9 10 -1 13 -13 -2 -7
right_child=7 2 3 -5 -6 14 -8 8 -10 -11 -12 12 -14 -15 -16
leaf_value=-0.30173375243725986 0.008170185481468516 0.30158378352080623 -0.0792606093817287 0.61863818131387238 0.3780095609650016 -0.050845982199129849 -0.047756022685452509 -0.049729212994376826 -0.30547673317790031 0.020394948284540859 -0.064696355128230951 -0.15324713637431464 0.15432960378272195 -0.23576267426428588 -0.22764364975194137
leaf_weight=23 31 31 36 26 20 23 38 24 25 28 26 24 35 23 30
leaf_count=23 31 31 36 26 20 23 38 24 25 28 26 24 35 23 30
internal_value=2.75402e-11 0.0436871 0.0996422 0.253554 0.0840502 -0.00380655 0.109194 -0.0757783 -0.180213 -0.104557 -0.175959 -0.0304926 0.0292136 -0.0957271 -0.15092
internal_weight=443 281 204 82 56 122 69 162 49 77 49 113 59 54 53
internal_count=443 281 204 82 56 122 69 162 49 77 49 113 59 54 53
is_linear=0
shrinkage=0.1


Tree=10
num_leaves=16
num_cat=0
split_feature=13 11 14 14 13 10 14 13 14 3 10 11 10 10 11
split_gain=133.874 120.901 431.854 290.49 328.257 141.245 133.313 118.963 87.0886 166.419 53.2876 65.8924 51.7167 47.0438 36.0575
threshold=29.556088964511428 0.84500000000000008 70.000000000000014 21.500000000000004 20.241626650496311 40.500000000000007 14.500000000000002 18.653253647939497 23.250000000000004 2.5000000000000004 107.50000000000001 0.48500000000000004 226.50000000000003 161.00000000000003 0.66500000000000015
decision_type=2 2 2 2 2 2 2 2 2 2 2 2 2 2 2
left_child=1 5 3 4 -3 -1 -6 -7 9 13 -10 -12 -5 -9 -13
right_child=-2 2 -4 12 6 7 -8 8 10 -11 11 14 -14 -15 -16
leaf_value=-0.31366424266248943 0.24642942604564488 0.39355820227000449 0.42627207843156961 -0.085142105212435135 -0.15822039046050873 0.17403402774943971 0.12615589359775187 -0.026847409806919822 -0.24136161719049729 0.18078429039035526 0.038931147959725611 -0.24245610878519389 -0.26356067177698467 -0.22121205359697341 -0.070568170283849416
leaf_weight=20 21 27 26 32 34 24 32 33 28 35 29 23 33 20 26
leaf_count=20 21 27 26 32 34 24 32 33 28 35 29 23 33 20 26
internal_value=1.56296e-09 -0.0122631 0.0486119 -0.0135347 0.0998233 -0.0593261 -0.020341 -0.0359923 -0.061975 0.0115596 -0.123022 -0.0805418 -0.175724 -0.100193 -0.15125
internal_weight=443 422 184 158 93 238 66 218 194 88 106 78 65 53 49
internal_count=443 422 184 158 93 238 66 218 194 88 106 78 65 53 49
is_linear=0
shrinkage=0.1


Tree=11
num_leaves=17
num_cat=0
split_feature=13 13 10 11 11 10 11 11 11 11 14 13 13 14 3 11
split_gain=137.581 319.381 169.875 141.882 78.5241 105.956 84.7987 157.654 93.1887 76.2479 136.12 71.9077 111.239 31.7868 27.3694 22.0019
threshold=17.746598639455787 18.572332677629117 40.500000000000007 1.8150000000000002 1.2850000000000004 206.50000000000003 0.84500000000000008 0.94500000000000006 1.135 0.31500000000000006 8.5000000000000018 21.494422278208805 23.406121982246741 21.500000000000004 1.1000000000000003 0.57500000000000007
decision_type=2 2 2 2 2 2 2 2 2 2 2 2 2 2 2 2
left_child=-1 -2 -3 4 6 -6 9 -8 -9 13 -11 15 -13 -4 -14 -12
right_child=1 2 3 -5 5 -7 7 8 -10 10 11 12 14 -15 -16 -17
leaf_value=-0.19972089119255543 0.39543849265291575 0.26502038111740894 -0.022711871117353441 0.17357115296318251 -0.33470016658306123 -0.037553155273199079 0.25209180517443297 -0.13996582718237358 0.117399762570858 0.14873382364000595 -0.30260439366102221 0.058812859291965905 -0.25810307536274196 0.15557675240561367 -0.11290712644522255 -0.15768446475267411
leaf_weight=32 21 22 20 34 20 30 29 34 24 21 22 37 20 20 37 20
leaf_count=32 21 22 20 34 20 30 29 34 24 21 22 37 20 20 37 20
internal_value=1.1857e-09 0.01555 -0.00490549 -0.0210424 -0.0408533 -0.156412 -0.0205085 0.0617175 -0.0334697 -0.0568215 -0.0882237 -0.124813 -0.076208 0.0664324 -0.163853 -0.233595
internal_weight=443 411 390 368 334 50 284 87 58 197 157 136 94 40 57 42
internal_count=443 411 390 368 334 50 284 87 58 197 157 136 94 40 57 42
is_linear=0
shrinkage=0.1


Tree=12
num_leaves=17
num_cat=0
split_feature=12 14 14 11 2 11 11 11 10 1 13 14 14 13 10 14
split_gain=119.286 229.587 168.31 128.319 152.882 175.846 314.921 115.68 103.024 138.207 82.9924 156.717 61.4826 35.1222 23.3349 21.5065
threshold=3.5000000000000004 101.50000000000001 51.500000000000007 1.8150000000000002 1.0000000180025095e-35 0.40500000000000008 0.56500000000000006 0.36500000000000005 258.50000000000006 1.5000000000000002 24.388792641696259 49.500000000000007 21.500000000000004 21.405541396312085 167.50000000000003 70.000000000000014
decision_type=2 2 2 2 2 2 2 2 2 2 2 2 2 2 2 2
left_child=10 2 3 4 5 -2 -7 -6 9 -8 11 13 -9 14 -1 -4
right_child=1 -3 15 -5 7 6 8 12 -10 -11 -12 -13 -14 -15 -16 -17
leaf_value=0.072010479774326092 -0.14315769414107005 0.27715629280051768 -0.25248910422836029 0.26475473027676344 0.10893132075667383 0.48944428324699402 0.28654762167355113 -0.086121437439255211 -0.10040364012122155 -0.0050182095552618444 0.057516484459241235 -0.38115267047658563 -0.29275208809413017 -0.15405415789439128 -0.077235091680830176 -0.11100796410305934
leaf_weight=20 30 34 21 22 20 20 29 36 30 37 30 20 24 26 22 22
leaf_count=20 30 34 21 22 20 20 29 36 30 37 30 20 24 26 22 22
internal_value=-7.11369e-10 0.0312675 0.0025382 0.0342059 0.0117631 0.0726456 0.128457 -0.0993474 0.053251 0.123094 -0.086118 -0.135084 -0.168774 -0.0627113 -0.00616577 -0.180103
internal_weight=443 325 291 248 226 146 116 80 96 66 118 88 60 68 42 43
internal_count=443 325 291 248 226 146 116 80 96 66 118 88 60 68 42 43
is_linear=0
shrinkage=0.1


Tree=13
num_leaves=16
num_cat=0
split_feature=1 12 2 11 10 11 11 7 10 10 10 11 3 14 11
split_gain=115.91 164.703 234.245 256.252 446.566 190.411 109.762 59.0761 68.7433 58.98 57.4024 52.5878 48.109 32.9047 7.03976
threshold=1.5000000000000002 3.5000000000000004 1.0000000180025095e-35 0.48500000000000004 187.50000000000003 0.96500000000000008 0.36500000000000005 0.45000000000000007 145.00000000000003 201.00000000000003 193.50000000000003 0.70500000000000007 1.7500000000000002 16.500000000000004 0.82500000000000007
decision_type=2 2 2 2 2 2 2 2 2 2 2 2 2 2 2
left_child=1 10 3 -3 -5 6 -4 8 -2 -10 12 -9 -1 -8 -11
right_child=7 2 5 4 -6 -7 13 11 9 14 -12 -13 -14 -15 -16
leaf_value=-0.053958969689905649 -0.21681277247098013 -0.054842685105244593 0.07539135771989823 0.60370710533240757 0.076417360020180555 0.18624514569254483 -0.28001462787389758 0.13178962274737979 0.064379395213392046 -0.16885584480129184 0.028443449735641481 -0.065187394889918246 -0.25217358271280926 -0.11746168479774938 -0.084952577003277852
leaf_weight=25 39 27 25 29 36 34 20 23 27 20 28 33 24 33 20
leaf_count=25 39 27 25 29 36 34 20 23 27 20 28 33 24 33 20
internal_value=5.33461e-11 0.0388386 0.0858744 0.204106 0.31167 -0.0112447 -0.0973301 -0.0673682 -0.111261 -0.0498198 -0.0857756 0.0157139 -0.151044 -0.178802 -0.126904
internal_weight=443 281 204 92 65 112 78 162 106 67 77 56 49 53 40
internal_count=443 281 204 92 65 112 78 162 106 67 77 56 49 53 40
is_linear=0
shrinkage=0.1


Tree=14
num_leaves=17
num_cat=0
split_feature=13 13 13 11 13 13 13 13 7 3 14 14 3 13 13 11
split_gain=110.415 89.1633 265.265 103.68 97.4216 613.878 175.411 180.653 57.5281 53.8757 48.4471 196.234 158.862 57.9464 30.3717 3.37136
threshold=29.556088964511428 17.746598639455787 18.572332677629117 1.8150000000000002 22.593845965958916 23.152007299854034 21.969228019313011 20.946956660364403 0.90000000000000013 2.5000000000000004 21.500000000000004 39.500000000000007 2.5000000000000004 24.784576610708303 20.073476013499086 0.81500000000000006
decision_type=2 2 2 2 2 2 2 2 2 2 2 2 2 2 2 2
left_child=1 -1 -3 4 6 -6 7 8 9 14 12 -12 15 -13 -4 -7
right_child=-2 2 3 -5 5 10 -8 -9 -10 -11 11 13 -14 -15 -16 -17
leaf_value=-0.1716070599621162 0.22379895640271052 0.34773931337431785 0.062323283624869809 0.15149589697971488 0.51212703328241005 -0.089879929535090927 -0.29858356574550271 0.14680233495800118 -0.24444524869322778 -0.19811801056970249 -0.32633503090452265 -0.10163764165341854 0.19501984130453182 0.11158917733969598 -0.089103821091927021 -0.14794338352978229
leaf_weight=32 21 21 27 33 22 20 32 38 24 22 27 25 27 26 26 20
leaf_count=32 21 21 27 33 22 20 32 38 24 22 27 25 27 26 26 20
internal_value=2.10231e-12 -0.0111369 0.00202987 -0.0176447 -0.0342567 0.0199114 -0.0877837 -0.0385457 -0.109689 -0.0665676 -0.0547696 -0.108342 0.00759805 0.00706623 -0.0119617 -0.118912
internal_weight=443 422 390 369 336 167 169 137 99 75 145 78 67 51 53 40
internal_count=443 422 390 369 336 167 169 137 99 75 145 78 67 51 53 40
is_linear=0
shrinkage=0.1


Tree=15
num_leaves=16
num_cat=0
split_feature=1 12 2 11 10 11 11 14 11 0 14 10 10 14 10
split_gain=90.3282 126.666 189.98 211.264 362.449 157.335 80.8106 60.7476 73.9386 43.5219 40.0544 98.8537 60.7525 21.4021 21.3797
threshold=1.5000000000000002 3.5000000000000004 1.0000000180025095e-35 0.48500000000000004 187.50000000000003 1.0150000000000003 0.36500000000000005 47.500000000000007 0.78500000000000014 1.5000000000000002 17.500000000000004 156.50000000000003 168.50000000000003 15.500000000000002 189.50000000000003
decision_type=2 2 2 2 2 2 2 2 2 2 2 2 2 2 2
left_child=1 9 3 -3 -5 6 -4 10 -9 14 12 -12 -2 -8 -1
right_child=7 2 5 4 -6 -7 13 8 -10 -11 11 -13 -14 -15 -16
leaf_value=-0.073248408690094954 0.0099835477048350919 -0.053111626823536234 0.068305739521980297 0.54277583483991954 0.067736047237283659 0.18858468964182099 -0.23050087213516238 -0.032106144905090332 -0.27783600576221945 -0.164149514795281 -0.11850283915797871 0.14499843341963634 -0.20451992374399436 -0.10269954012412774 0.065466055870056147
leaf_weight=25 31 27 25 29 36 29 20 25 24 32 24 35 23 38 20
leaf_count=25 31 27 25 29 36 29 20 25 24 32 24 35 23 38 20
internal_value=-1.46005e-10 0.0342858 0.0755342 0.182011 0.279677 -0.0119286 -0.0819874 -0.059471 -0.152464 -0.0749958 -0.0191468 0.0378115 -0.081379 -0.146769 -0.0115975
internal_weight=443 281 204 92 65 112 83 162 49 77 113 59 54 58 45
internal_count=443 281 204 92 65 112 83 162 49 77 113 59 54 58 45
is_linear=0
shrinkage=0.1


Tree=16
num_leaves=17
num_cat=0
split_feature=13 14 11 14 3 10 7 11 3 13 13 10 11 11 14 14
split_gain=89.7484 76.3753 253.057 67.9251 152.004 143.649 91.1163 74.3535 98.3064 85.9952 82.5716 46.604 41.0278 44.1629 22.9192 17.2767
threshold=29.556088964511428 101.50000000000001 0.74500000000000011 26.500000000000004 1.1000000000000003 169.50000000000003 1.5500000000000003 1.5050000000000001 1.0000000180025095e-35 20.946956660364403 23.042303907986625 208.50000000000003 0.74500000000000011 1.2150000000000001 44.500000000000007 11.500000000000002
decision_type=2 2 2 2 2 2 2 2 2 2 2 2 2 2 2 2
left_child=1 3 -3 6 5 -5 7 8 15 11 -11 -10 14 -14 -6 -1
right_child=-2 2 -4 4 12 -7 -8 -9 9 10 -12 -13 13 -15 -16 -17
leaf_value=-0.097229095300038662 0.20177073826392494 -0.11611582504754717 0.37536601245403295 0.24603429036619873 -0.15779933712699198 -0.086139269123474763 0.16612447822699325 0.11690251852784839 -0.20303919812043511 0.22399103893683506 -0.0060752694041301047 0.010254932343959808 -0.29592004582799714 -0.1027620855346322 -0.015031493552353071 -0.20509087440592275
leaf_weight=33 21 22 20 23 22 30 32 35 21 26 39 20 29 20 23 27
leaf_count=33 21 22 20 23 22 30 32 35 21 26 39 20 29 20 23 27
internal_value=1.98458e-10 -0.0100407 0.117923 -0.0241841 -0.0774124 0.0580115 0.0093977 -0.0155538 -0.0434814 0.0144161 0.0859513 -0.0989933 -0.153768 -0.21708 -0.0848291 -0.145767
internal_weight=443 422 42 380 147 53 233 201 166 106 65 41 94 49 45 60
internal_count=443 422 42 380 147 53 233 201 166 106 65 41 94 49 45 60
is_linear=0
shrinkage=0.1


Tree=17
num_leaves=17
num_cat=0
split_feature=12 10 13 11 14 11 10 10 14 3 11 10 13 11 11 14
split_gain=78.9926 116.109 141.934 155.071 105.168 96.1328 67.7827 105.252 76.9847 224.522 143.085 45.7361 42.6925 31.3345 36.389 19.0607
threshold=1.5000000000000002 40.500000000000007 20.241626650496311 0.88500000000000012 22.500000000000004 1.675 314.00000000000006 256.50000000000006 23.250000000000004 2.5000000000000004 0.84500000000000008 103.50000000000001 23.21359632817639 0.72500000000000009 1.3150000000000002 44.500000000000007
decision_type=2 2 2 2 2 2 2 2 2 2 2 2 2 2 2 2
left_child=13 -2 3 4 -3 6 7 8 9 12 11 -10 -4 -1 -15 -13
right_child=1 2 5 -5 -6 -7 -8 -9 10 -11 -12 15 -14 14 -16 -17
leaf_value=-0.0027195530442091134 0.2536379835754633 -0.13633347687125205 0.042439531326293946 0.2843536775778322 0.16345123106783088 -0.21619886422157286 0.13320563263420401 -0.23685686662793159 -0.27634141616523267 0.27382887392304839 0.10735544438939543 -0.16978150784969331 -0.13080640395708157 -0.21118304421161782 -0.040629933774471286 -0.040979906557886692
leaf_weight=26 20 25 25 34 22 25 29 22 20 32 32 20 33 29 22 27
leaf_count=26 20 25 25 34 22 25 29 22 20 32 32 20 33 29 22 27
internal_value=-1.07722e-09 0.0193685 0.00582692 0.121674 0.00399128 -0.029583 -0.0101439 -0.0298459 -0.00574942 0.0611878 -0.0666014 -0.149685 -0.0561314 -0.0920633 -0.137611 -0.0957891
internal_weight=443 366 346 81 47 265 240 211 189 90 99 67 58 77 51 47
internal_count=443 366 346 81 47 265 240 211 189 90 99 67 58 77 51 47
is_linear=0
shrinkage=0.1


Tree=18
num_leaves=18
num_cat=0
split_feature=13 13 10 14 13 14 13 11 1 11 11 3 10 13 14 3 3
split_gain=81.2038 180.281 115.629 86.8887 196.289 122.496 149.659 158.194 281.85 148.46 87.1733 145.78 87.1255 36.9972 16.007 15.88 9.33632
threshold=17.746598639455787 18.653253647939497 45.500000000000007 21.500000000000004 20.241626650496311 24.500000000000004 22.544817190049979 0.80500000000000016 1.5000000000000002 1.0050000000000001 1.1950000000000001 2.5000000000000004 191.50000000000003 26.305601080059763 10.500000000000002 1.7500000000000002 1.7500000000000002
decision_type=2 2 2 2 2 2 2 2 2 2 2 2 2 2 2 2 2
left_child=-1 -2 -3 4 -4 -5 9 16 -9 12 11 13 -7 14 -6 -12 -8
right_child=1 2 3 5 10 6 7 8 -10 -11 15 -13 -14 -15 -16 -17 -18
leaf_value=-0.15343770613544622 0.27789898974200095 0.19117804701839175 0.28556622232382117 -0.29343922707651343 -0.065206478607086907 -0.1612329397063989 -0.13725393813103437 0.41697300331046183 -0.067666440395017471 -0.31881013967835442 -0.072472944296896463 0.19090024634803598 0.10298683407406013 -0.17012763127684594 0.059797063246369367 -0.19697971315610976 -0.045587739616632462
leaf_weight=32 24 28 26 21 21 26 20 24 24 29 20 38 24 20 20 21 25
leaf_count=32 24 28 26 21 21 26 20 24 24 29 20 38 24 20 20 21 25
internal_value=8.2421e-10 0.0119465 -0.00454669 -0.0198121 0.0332346 -0.0654378 -0.0376005 0.0483719 0.174653 -0.138808 -0.0136269 0.0371542 -0.0344074 -0.0586221 -0.00422914 -0.136245 -0.0863283
internal_weight=443 411 387 359 166 193 172 93 48 79 140 99 50 61 41 41 45
internal_count=443 411 387 359 166 193 172 93 48 79 140 99 50 61 41 41 45
is_linear=0
shrinkage=0.1


Tree=19
num_leaves=17
num_cat=0
split_feature=6 13 13 14 14 14 10 14 14 13 13 10 11 10 10 11
split_gain=73.1711 88.285 93.4295 100.555 98.2368 125.585 108.351 71.8262 68.6165 139.456 118.97 122.027 126.801 90.6987 47.3638 34.6498
threshold=1.0000000180025095e-35 29.556088964511428 18.362423955463733 21.500000000000004 134.00000000000003 83.000000000000014 54.000000000000007 6.5000000000000009 39.500000000000007 22.247343466793208 25.312048134523511 116.50000000000001 1.3650000000000004 225.50000000000003 175.50000000000003 0.68500000000000016
decision_type=2 2 2 2 2 2 2 2 2 2 2 2 2 2 2 2
left_child=1 2 3 -1 5 6 -4 -8 10 -10 11 -9 13 15 -12 -13
right_child=-2 -3 4 -5 -6 -7 7 8 9 -11 14 12 -14 -15 -16 -17
leaf_value=-0.032518564388155938 0.186905974149704 0.19623699074611067 -0.2479937593875961 0.28458624824881557 0.14851713329553604 -0.28652458503132777 0.16030124773581822 0.14828808101661065 -0.096748739393318406 0.18033277323612801 -0.2831583684709455 -0.1785191210833463 -0.23302569014556485 0.13077926021069289 -0.081669998168945324 -0.013292383203903836
leaf_weight=20 20 20 22 20 27 21 21 34 34 39 28 22 33 32 20 30
leaf_count=20 20 20 22 20 27 21 21 34 34 39 28 22 33 32 20 30
internal_value=1.50609e-09 -0.00883716 -0.0190145 0.126034 -0.0349978 -0.0497446 -0.0339592 -0.0178884 -0.0316457 0.0512811 -0.062066 -0.0184722 -0.0669325 -0.00168162 -0.199205 -0.083196
internal_weight=443 423 403 40 363 336 315 293 272 73 199 151 117 84 48 52
internal_count=443 423 403 40 363 336 315 293 272 73 199 151 117 84 48 52
is_linear=0
shrinkage=0.1


Tree=20
num_leaves=17
num_cat=0
split_feature=13 13 10 11 10 10 14 10 10 10 14 3 0 13 14 7
split_gain=76.3595 137.012 105.101 84.3513 58.2955 174.242 84.5247 62.5965 109.965 81.3542 80.4693 65.8267 60.9978 60.8267 46.8036 109.708
threshold=17.746598639455787 18.653253647939497 45.500000000000007 1.8150000000000002 107.50000000000001 124.50000000000001 79.000000000000014 288.50000000000006 247.50000000000003 193.50000000000003 20.500000000000004 0.40000000000000008 1.5000000000000002 22.599201740373072 15.500000000000002 1.0000000180025095e-35
decision_type=2 2 2 2 2 2 2 2 2 2 2 2 2 2 2 2
left_child=-1 -2 -3 4 14 -6 7 8 9 11 -9 -7 -13 -11 -4 -16
right_child=1 2 3 -5 5 6 -8 10 -10 13 -12 12 -14 -15 15 -17
leaf_value=-0.14879061304964125 0.24343491600205502 0.18380810182009424 0.0038165593431109474 0.13251773627365337 0.22848343400767557 -0.18428042354062202 -0.19960220524206246 -0.049964311009361634 -0.24821266049276228 -0.034520516341382805 0.22370636422525753 -0.084070893915163147 0.13038284494763328 0.18767828600747247 -0.33437254625287927 -0.014826761115164983
leaf_weight=32 24 28 21 34 27 32 29 21 23 22 22 36 21 28 22 21
leaf_count=32 24 28 21 34 27 32 29 21 23 22 22 36 21 28 22 21
internal_value=-6.52556e-10 0.0115847 -0.00279364 -0.0173475 -0.0330257 -0.0120535 -0.0398077 -0.0172027 -0.0456718 -0.0121579 0.0900532 -0.0694998 -0.00506162 0.0899108 -0.118553 -0.178315
internal_weight=443 411 387 359 325 261 234 205 162 139 43 89 57 50 64 43
internal_count=443 411 387 359 325 261 234 205 162 139 43 89 57 50 64 43
is_linear=0
shrinkage=0.1


Tree=21
num_leaves=17
num_cat=0
split_feature=13 13 10 11 11 7 14 7 1 10 10 11 11 10 3 13
split_gain=61.8512 111.601 84.2228 67.2339 52.6279 75.9215 73.8169 81.8138 63.7659 58.679 305.859 106.415 61.8016 39.2234 35.488 16.6575
threshold=17.746598639455787 18.572332677629117 45.500000000000007 1.8150000000000002 1.2850000000000004 0.90000000000000013 42.500000000000007 1.5500000000000003 1.5000000000000002 111.50000000000001 127.50000000000001 0.88500000000000012 0.52500000000000013 189.50000000000003 1.7500000000000002 22.048309340898417
decision_type=2 2 2 2 2 2 2 2 2 2 2 2 2 2 2 2
left_child=-1 -2 -3 4 5 9 7 -7 -6 14 -11 12 -12 -14 -4 -13
right_child=1 2 3 -5 8 6 -8 -9 -10 10 11 15 13 -15 -16 -17
leaf_value=-0.1339115550275892 0.23498808769952684 0.1654272845147976 0.011367310370717731 0.11926596463000512 -0.030709683944781626 -0.16405139202656954 -0.2245966605043837 0.088501329771403625 -0.26122696384787564 0.41537470426410439 0.04199017647446858 0.068638304322957991 -0.21006089693733623 -0.046778679591032768 -0.17037419622594663 0.1977024332433939
leaf_weight=32 21 28 21 34 30 23 28 29 20 20 36 20 28 31 22 20
leaf_count=32 21 28 21 34 30 23 28 29 20 20 36 20 28 31 22 20
internal_value=-1.5555e-09 0.0104262 -0.00166559 -0.0145899 -0.0284652 -0.0114775 -0.0936919 -0.0232047 -0.122917 0.0217404 0.0504136 -0.00365469 -0.0612652 -0.124269 -0.0816167 0.13317
internal_weight=443 411 390 362 328 278 80 52 50 198 155 135 95 59 43 40
internal_count=443 411 390 362 328 278 80 52 50 198 155 135 95 59 43 40
is_linear=0
shrinkage=0.1


Tree=22
num_leaves=18
num_cat=0
split_feature=12 9 14 1 14 11 11 2 14 11 3 13 10 13 11 11 11
split_gain=60.213 87.5083 108.987 104.061 230.427 130.925 92.7369 88.827 105.397 104.645 75.9119 66.8565 106.126 36.7022 18.6586 34.4618 14.4133
threshold=1.5000000000000002 1.0000000180025095e-35 165.00000000000003 1.5000000000000002 62.500000000000007 1.3950000000000002 1.2950000000000002 1.0000000180025095e-35 16.500000000000004 0.54500000000000015 2.5000000000000004 20.701970870657536 161.00000000000003 22.048309340898417 0.72500000000000009 1.3150000000000002 0.91000000000000014
decision_type=2 2 2 2 2 2 2 2 2 2 2 2 2 2 2 2 2
left_child=14 2 3 4 5 7 11 8 -2 13 -10 -5 -13 -9 -1 -16 -11
right_child=1 -3 -4 6 -6 -7 -8 9 10 16 -12 12 -14 -15 15 -17 -18
leaf_value=-0.011434944719076157 0.19812433212995528 0.20573854964712393 -0.22228260010480883 -0.14238714951056022 0.38317953974008562 0.23445614768335454 -0.22844438003748657 0.1326841939985752 0.10306297824496316 -0.24180925043056842 -0.15990786996224654 -0.070395217495305196 0.1908014252781868 -0.058893858967348937 -0.18712308622639756 -0.021147604151205583 -0.12573461435735225
leaf_weight=26 35 23 20 27 20 26 25 20 21 23 23 35 28 20 29 22 20
leaf_count=26 35 23 20 27 20 26 25 20 21 23 23 35 28 20 29 22 20
internal_value=-1.15206e-09 0.0169102 0.00424822 0.0182749 0.0604795 0.0261498 -0.0580605 -0.00728213 0.0686176 -0.0795241 -0.0343991 -0.0107316 0.0456922 0.0368952 -0.0803783 -0.115526 -0.187821
internal_weight=443 366 343 323 208 188 115 162 79 83 44 90 63 40 77 51 43
internal_count=443 366 343 323 208 188 115 162 79 83 44 90 63 40 77 51 43
is_linear=0
shrinkage=0.1


Tree=23
num_leaves=17
num_cat=0
split_feature=13 14 11 10 14 10 13 11 10 13 11 14 14 14 13 10
split_gain=57.6273 60.9547 196.571 74.0382 75.3119 86.7785 348.433 93.2832 77.1831 115.356 75.6886 70.467 87.1355 78.6363 55.664 55.7457
threshold=29.556088964511428 101.50000000000001 0.74500000000000011 42.500000000000007 5.5000000000000009 114.50000000000001 22.048309340898417 1.7100000000000002 156.50000000000003 22.048309340898417 0.42500000000000004 24.500000000000004 17.500000000000004 11.500000000000002 20.786450100637676 226.50000000000003
decision_type=2 2 2 2 2 2 2 2 2 2 2 2 2 2 2 2
left_child=1 3 -3 -1 -5 6 -6 8 9 -7 -10 12 13 -12 -13 -16
right_child=-2 2 -4 4 5 7 -8 -9 10 -11 11 14 -14 -15 15 -17
leaf_value=-0.20318546036169646 0.16168098066534317 -0.099998780297623435 0.33317041859030727 0.17856347441673281 0.30886613362852267 -0.30336381164581883 -0.13178445253717272 -0.23130447068810464 0.18109264288629806 -0.0097597111482173211 0.070715617365909353 -0.21261103406548498 0.17929376850525539 -0.16440919694304468 0.095008725353649681 -0.11467221793718636
leaf_weight=21 21 22 20 20 34 23 38 25 21 32 33 25 30 25 21 32
leaf_count=21 21 22 20 20 34 23 38 25 21 32 33 25 30 25 21 32
internal_value=4.22564e-10 -0.00804574 0.106272 -0.0206809 -0.0100051 -0.0211301 0.0763005 -0.0474036 -0.0284055 -0.13254 0.00222214 -0.0204061 0.0409341 -0.0306313 -0.0896103 -0.0315911
internal_weight=443 422 42 380 359 339 72 267 242 55 187 166 88 58 78 53
internal_count=443 422 42 380 359 339 72 267 242 55 187 166 88 58 78 53
is_linear=0
shrinkage=0.1


Tree=24
num_leaves=19
num_cat=0
split_feature=11 10 3 14 14 10 10 11 13 13 14 11 10 10 2 14 14 14
split_gain=54.2397 141.68 306.099 202.793 165.038 108.863 128.411 156.58 72.1293 59.9281 56.874 131.021 75.9754 75.0602 64.8456 62.6367 101.856 9.62164
threshold=0.39500000000000007 124.50000000000001 2.5000000000000004 29.500000000000004 25.500000000000004 288.50000000000006 320.00000000000006 1.0150000000000003 20.014420765902901 22.486339273330035 40.500000000000007 0.77500000000000013 247.50000000000003 208.50000000000003 1.0000000180025095e-35 23.250000000000004 10.500000000000002 23.250000000000004
decision_type=2 2 2 2 2 2 2 2 2 2 2 2 2 2 2 2 2 2
left_child=8 2 3 -2 -4 10 -7 -8 -1 -10 12 -12 14 -13 15 16 -3 -11
right_child=1 5 4 -5 -6 6 7 -9 9 17 11 13 -14 -15 -16 -17 -18 -19
leaf_value=-0.21885404508405679 0.11910806250726354 0.18020685002207759 0.12246928781270981 0.52714783478350868 -0.28377915635704992 0.3015777719020844 -0.21554103292524818 0.14334607905437868 0.12760557338595391 -0.035354365790262819 0.06263727947053585 -0.36607352847402752 -0.1951347080015001 -0.0984014055505395 -0.096575421658722127 0.19847990721464159 -0.10747046354226769 -0.13344432443380358
leaf_weight=24 29 20 20 21 20 20 20 31 20 20 22 22 21 20 37 24 32 20
leaf_count=24 29 20 20 21 20 20 20 31 20 20 22 22 21 20 37 24 32 20
internal_value=-7.55149e-10 0.0169258 0.125534 0.290485 -0.0806549 -0.0194115 0.0868234 0.00260604 -0.0723376 -0.013731 -0.0575058 -0.135057 -0.0204666 -0.238611 0.0119939 0.06485 0.00317466 -0.0843993
internal_weight=443 359 90 50 40 269 71 51 84 60 198 64 134 42 113 76 52 40
internal_count=443 359 90 50 40 269 71 51 84 60 198 64 134 42 113 76 52 40
is_linear=0
shrinkage=0.1


Tree=25
num_leaves=17
num_cat=0
split_feature=12 14 14 13 11 2 10 7 10 10 11 11 13 11 10 11
split_gain=52.9045 78.6058 74.5611 137.712 78.2893 76.4973 76.2224 163.747 95.6297 77.4918 53.6248 56.4268 41.6043 18.5862 15.9747 13.4101
threshold=1.5000000000000002 101.50000000000001 46.500000000000007 28.461315939270087 1.8150000000000002 1.0000000180025095e-35 157.50000000000003 0.28750000000000003 119.00000000000001 206.50000000000003 0.28500000000000009 0.58500000000000008 22.593845965958916 0.79500000000000015 208.50000000000003 0.72500000000000009
decision_type=2 2 2 2 2 2 2 2 2 2 2 2 2 2 2 2
left_child=14 2 3 4 6 13 8 9 10 -8 -2 -12 -11 -4 15 -1
right_child=1 -3 5 -5 -6 -7 7 -9 -10 12 11 -13 -14 -15 -16 -17
leaf_value=0.022083111591637134 -0.14025936513429596 0.15404307365014747 -0.10536306485533715 0.26905276477336887 0.19190337784588338 0.062485188813880092 0.10889416171444788 0.23434819923713804 -0.20271636454486536 -0.16000079194436204 0.15639529263973237 -0.05606987208127976 0.016226185911468096 -0.2385597709227692 -0.13559696887220657 -0.08435572730056172
leaf_weight=20 21 37 20 21 20 20 27 32 38 37 25 25 21 22 28 29
leaf_count=20 21 37 20 21 20 20 27 32 38 37 25 25 21 22 28 29
internal_value=4.74701e-10 0.0158507 0.000309348 0.0232496 0.00226642 -0.0984818 -0.0145156 0.0415385 -0.0746838 -0.0310487 -0.00615931 0.0501627 -0.0961945 -0.175133 -0.0753425 -0.0409113
internal_weight=443 366 329 267 246 62 226 117 109 85 71 50 58 42 77 49
internal_count=443 366 329 267 246 62 226 117 109 85 71 50 58 42 77 49
is_linear=0
shrinkage=0.1


Tree=26
num_leaves=19
num_cat=0
split_feature=6 13 10 13 13 11 10 14 10 10 14 13 13 10 11 13 14 11
split_gain=54.0014 74.2447 100.465 71.5255 103.629 90.9895 71.1657 61.2198 50.6285 158.704 133.814 99.4797 74.0081 72.9681 45.249 13.1954 3.35094 0.314829
threshold=1.0000000180025095e-35 18.362423955463733 40.500000000000007 18.925033089399275 20.049022842027473 1.2850000000000004 266.00000000000006 21.500000000000004 163.50000000000003 111.50000000000001 28.500000000000004 21.244537712537348 23.042303907986625 214.50000000000003 0.42500000000000004 24.123451613298364 33.500000000000007 0.60500000000000009
decision_type=2 2 2 2 2 2 2 2 2 2 2 2 2 2 2 2 2 2
left_child=1 7 -3 -4 -5 8 15 -1 9 14 17 -10 -13 -14 -6 -7 -15 -11
right_child=-2 2 3 4 5 6 -8 -9 11 10 -12 12 13 16 -16 -17 -18 -19
leaf_value=-0.0016671283543109893 0.16056688487529758 0.1915131021113623 -0.21727883189916614 0.1486122699105181 0.02221409014115731 -0.16290527400871119 0.010976351873779839 0.24575923811644318 -0.25424056360054587 0.053232278994151533 0.36018730327486992 0.10218794448035105 0.062751143369013856 -0.13183883309364319 -0.15712428693933522 -0.26776798196136953 -0.18972612047567963 0.035701371179893616
leaf_weight=20 20 21 20 32 24 30 22 20 21 21 20 35 23 20 34 20 20 20
leaf_count=20 20 21 20 32 24 30 22 20 21 21 20 35 23 20 34 20 20 20
internal_value=2.72459e-10 -0.00759181 -0.021131 -0.0334667 -0.0227175 -0.0404031 -0.138903 0.122046 -0.0106048 0.0355173 0.148125 -0.0567269 -0.0144025 -0.079175 -0.0829153 -0.20485 -0.160782 0.0446806
internal_weight=443 423 383 362 342 310 72 40 238 119 61 119 98 63 58 50 40 41
internal_count=443 423 383 362 342 310 72 40 238 119 61 119 98 63 58 50 40 41
is_linear=0
shrinkage=0.1


Tree=27
num_leaves=19
num_cat=0
split_feature=11 10 3 14 14 10 10 2 13 13 13 1 10 7 10 13 10 14
split_gain=50.9551 110.819 246.457 148.406 127.629 82.736 101.289 149.268 59.2343 55.8395 93.2101 98.7547 58.3174 111.444 92.0889 50.1004 24.4947 7.66918
threshold=0.39500000000000007 124.50000000000001 2.5000000000000004 29.500000000000004 25.500000000000004 288.50000000000006 320.00000000000006 1.0000000180025095e-35 20.014420765902901 19.230624309776871 22.544817190049979 1.0000000180025095e-35 234.50000000000003 1.0000000180025095e-35 187.50000000000003 22.486339273330035 201.00000000000003 23.250000000000004
decision_type=2 2 2 2 2 2 2 2 2 2 2 2 2 2 2 2 2 2
left_child=8 2 3 -2 -4 9 -7 -8 -1 -3 11 16 13 14 -12 -10 -11 -17
right_child=1 5 4 -5 -6 6 7 -9 15 10 12 -13 -14 -15 -16 17 -18 -19
leaf_value=-0.20288839954882862 0.11386433736228481 0.084703933971899528 0.10607130143791438 0.46292604676314764 -0.25118041001260283 0.26761339463293554 -0.13532901915811724 0.2150772845745087 0.11222589008510114 -0.17905590927059001 -0.17387444150668604 -0.014007739671345415 -0.13912760945409539 0.20933636939525604 0.10174414366483689 -0.03783062007278204 -0.33004623296714963 -0.12540446370840072
leaf_weight=24 29 27 20 21 20 20 31 20 20 22 27 29 25 25 22 20 21 20
leaf_count=24 29 27 20 21 20 20 31 20 20 22 27 29 25 25 22 20 21 20
internal_value=5.19585e-10 0.0164053 0.112459 0.26047 -0.0725546 -0.0157317 0.0768819 0.00208522 -0.0701132 -0.0489416 -0.0700435 -0.156617 -0.00708101 0.0375293 -0.0501273 -0.0170031 -0.252795 -0.0816175
internal_weight=443 359 90 50 40 269 71 51 84 198 171 72 99 74 49 60 43 40
internal_count=443 359 90 50 40 269 71 51 84 198 171 72 99 74 49 60 43 40
is_linear=0
shrinkage=0.1


Tree=28
num_leaves=18
num_cat=0
split_feature=13 13 10 11 2 13 13 13 14 10 14 11 11 14 14 13 10
split_gain=52.5081 88.6377 55.9536 57.6926 72.3038 67.0912 99.3455 88.0446 65.357 61.8028 85.2725 55.8312 49.2207 48.9954 28.7748 23.7428 7.34094
threshold=17.746598639455787 18.572332677629117 45.500000000000007 1.6050000000000002 1.5000000000000002 20.701970870657536 23.152007299854034 22.247343466793208 21.500000000000004 214.50000000000003 27.500000000000004 0.70500000000000007 1.0150000000000003 51.500000000000007 39.500000000000007 25.312048134523511 163.50000000000003
decision_type=2 2 2 2 2 2 2 2 2 2 2 2 2 2 2 2 2
left_child=-1 -2 -3 4 5 14 7 11 -5 10 -8 -7 15 -12 -4 16 -6
right_child=1 2 3 8 12 6 9 -9 -10 -11 13 -13 -14 -15 -16 -17 -18
leaf_value=-0.12338354773819447 0.20973598809824107 0.13502402007579803 -0.036343438481843036 0.19762549778589836 0.02358389879976 0.16603597583978072 -0.092095911204814918 0.30152358889579772 -0.039565818224634446 -0.13804302325206144 0.23243314921855929 -0.047851705551147462 -0.23765822138105119 0.013735004691850572 -0.19459872335195541 -0.14453859763300939 -0.058192596228226368
leaf_weight=32 21 28 27 26 21 23 35 20 21 35 20 26 21 21 20 23 23
leaf_count=32 21 28 27 26 21 23 35 20 21 35 20 26 21 21 20 23 23
internal_value=5.86964e-10 0.00960651 -0.0011697 -0.011704 -0.0271246 0.00270548 0.0304855 0.124712 0.0916464 -0.028088 0.0225492 0.0525446 -0.104072 0.120417 -0.103686 -0.0622023 -0.0191629
internal_weight=443 411 390 362 315 227 180 69 47 111 76 49 88 41 47 67 44
internal_count=443 411 390 362 315 227 180 69 47 111 76 49 88 41 47 67 44
is_linear=0
shrinkage=0.1


Tree=29
num_leaves=17
num_cat=0
split_feature=13 11 14 10 14 13 11 11 10 13 13 13 13 14 14 11
split_gain=45.8094 52.7988 273.376 184.584 146.728 190.128 125.213 65.9426 49.7071 47.9966 41.4736 54.598 68.7718 133.664 106.644 96.9252
threshold=29.556088964511428 0.84500000000000008 70.000000000000014 42.500000000000007 21.500000000000004 23.928910033336361 1.5050000000000001 0.76500000000000012 226.50000000000003 20.946956660364403 18.653253647939497 20.014420765902901 21.969228019313011 19.500000000000004 39.500000000000007 0.48500000000000004
decision_type=2 2 2 2 2 2 2 2 2 2 2 2 2 2 2 2
left_child=1 3 4 -1 5 6 9 10 -6 -3 -5 -12 15 -14 -15 -13
right_child=-2 2 -4 7 8 -7 -8 -9 -10 -11 11 12 13 14 -16 -17
leaf_value=-0.30752948809253133 0.14415249593910717 -0.053246761450455309 0.33353364348698122 0.13887176299872606 -0.042855110205709937 -0.1593746020562119 0.34395636371944266 -0.14439545735236137 -0.21777287728407166 0.15811116559938954 -0.15930455505847932 0.26936546699567276 0.1242513071331713 -0.25345590968926746 0.0089826801791787151 -0.030987254352796645
leaf_weight=23 21 21 26 23 32 27 23 31 33 22 20 22 36 30 32 21
leaf_count=23 21 21 26 23 32 27 23 31 33 22 20 22 36 30 32 21
internal_value=-1.37071e-10 -0.00717347 0.0330552 -0.0382746 -0.0163907 0.0641736 0.155625 -0.00947059 -0.13166 0.0548899 0.0132613 -0.00468303 0.0172491 -0.0290121 -0.118004 0.122682
internal_weight=443 422 184 238 158 93 66 215 65 43 184 161 141 98 62 43
internal_count=443 422 184 238 158 93 66 215 65 43 184 161 141 98 62 43
is_linear=0
shrinkage=0.1


Tree=30
num_leaves=18
num_cat=0
split_feature=13 13 10 13 14 11 10 11 13 11 14 11 11 13 10 14 14
split_gain=44.1933 65.1521 61.8416 48.4229 178.366 84.6297 50.889 78.1348 91.8941 117.252 80.4953 57.3083 44.3168 56.1317 56.1902 73.0089 31.2057
threshold=17.746598639455787 18.653253647939497 45.500000000000007 20.241626650496311 13.500000000000002 1.6500000000000001 348.50000000000006 1.0150000000000003 27.19113098926082 0.84500000000000008 36.500000000000007 0.76500000000000012 0.66500000000000015 21.656266136560777 175.50000000000003 21.500000000000004 16.500000000000004
decision_type=2 2 2 2 2 2 2 2 2 2 2 2 2 2 2 2 2
left_child=-1 -2 -3 4 -4 6 7 8 9 11 16 12 13 -5 15 -15 -9
right_child=1 2 3 5 -6 -7 -8 10 -10 -11 -12 -13 -14 14 -16 -17 -18
leaf_value=-0.11319371601566673 0.16869274837275347 0.14203554514263358 0.29979678728462511 -0.10901936014493308 -0.088787196355837372 -0.17318208648690159 0.14550729155540468 -0.12806168392300607 -0.14711512430540977 0.2400027257204056 -0.2833705963380635 -0.14330913079055874 0.16814787521958352 0.13450784456162226 0.19595331475138666 -0.11618423668237834 0.046474092205365497
leaf_weight=32 24 28 21 30 27 35 20 20 31 25 20 22 20 21 20 26 21
leaf_count=32 24 28 21 30 27 35 20 20 31 25 20 22 20 21 20 26 21
internal_value=-7.48895e-10 0.00881314 -0.00110188 -0.0122658 0.0812183 -0.0266942 -0.00811785 -0.0201198 0.0107796 0.0406255 -0.118897 0.00476631 0.0326096 0.00466351 0.0555663 -0.00417288 -0.0386653
internal_weight=443 411 387 359 48 311 276 256 195 164 61 139 117 97 67 47 41
internal_count=443 411 387 359 48 311 276 256 195 164 61 139 117 97 67 47 41
is_linear=0
shrinkage=0.1


Tree=31
num_leaves=18
num_cat=0
split_feature=13 13 13 14 3 13 13 14 10 10 11 10 13 3 7 2 13
split_gain=47.4448 354.603 195.457 78.1593 83.6377 177.953 128.858 156.366 100.829 73.734 69.1992 66.0149 51.502 104.064 44.6557 26.2675 4.40609
threshold=22.593845965958916 23.042303907986625 21.969228019313011 109.00000000000001 1.1000000000000003 18.400430717020459 18.925033089399275 23.250000000000004 163.50000000000003 67.500000000000014 0.68500000000000016 107.50000000000001 26.568736998931808 2.5000000000000004 0.90000000000000013 1.0000000180025095e-35 24.616167955524784
decision_type=2 2 2 2 2 2 2 2 2 2 2 2 2 2 2 2 2
left_child=2 -2 3 4 5 -1 -6 10 -7 -3 -8 -11 14 -14 15 16 -13
right_child=1 9 -4 -5 6 8 7 -9 -10 11 -12 12 13 -15 -16 -17 -18
leaf_value=0.36375272005796433 0.43532095447182662 0.17322750594466926 -0.25618048208681021 -0.18188412714749577 -0.19051471786463964 0.17740609686483036 0.044636950409039859 -0.10381931850784704 -0.10251675969169988 -0.19571210663943064 0.30454385642494475 -0.019729528718051458 -0.046543560241116215 0.2323211970536605 -0.16035558344037446 0.088065742850303663 -0.085312959235161551
leaf_weight=20 20 20 33 20 34 22 20 38 31 21 21 21 32 23 27 20 20
leaf_count=20 20 20 33 20 34 22 20 38 31 21 21 21 32 23 27 20 20
internal_value=-1.34968e-09 0.0354223 -0.0302349 0.00596025 0.0261586 0.109589 -0.0277387 0.0423168 0.0136776 -0.00804498 0.17776 -0.0301514 -0.00583826 0.0700726 -0.0532826 -0.00588958 -0.0517214
internal_weight=443 204 239 206 186 73 113 79 53 184 41 164 143 55 88 61 41
internal_count=443 204 239 206 186 73 113 79 53 184 41 164 143 55 88 61 41
is_linear=0
shrinkage=0.1


Tree=32
num_leaves=18
num_cat=0
split_feature=12 11 14 13 10 14 13 11 14 13 13 3 1 2 3 11 13
split_gain=42.4723 56.8313 209.172 73.5512 86.2568 60.731 54.7788 145.827 173.971 50.4927 38.323 52.9022 20.3125 23.8209 16.7093 13.2331 11.3703
threshold=1.5000000000000002 0.84500000000000008 70.000000000000014 26.894566538686366 50.000000000000007 40.500000000000007 20.241626650496311 1.675 14.500000000000002 23.321073098911345 23.321073098911345 1.1000000000000003 1.5000000000000002 1.0000000180025095e-35 0.40000000000000008 0.48500000000000004 21.856512675973637
decision_type=2 2 2 2 2 2 2 2 2 2 2 2 2 2 2 2 2
left_child=14 3 5 4 -2 6 -3 8 -8 -10 11 -6 13 -13 -1 -12 -16
right_child=1 2 -4 -5 10 -7 7 -9 9 -11 15 12 -14 -15 16 -17 -18
leaf_value=-0.13274942349929075 -0.21842056885361671 0.16234125367232732 0.33109400644122311 0.14802199002841246 0.11393850114392608 -0.13723634280588315 -0.1401042566324274 -0.23505995020270351 0.09059399593444098 0.31260853974148634 -0.13994816688767361 0.084908549132801242 -0.1049724971652031 -0.0624011915339076 -0.082397936895489687 -0.038755970900612224 0.012054736475245312
leaf_weight=26 24 28 24 23 38 23 24 20 21 20 24 21 25 23 25 28 26
leaf_count=26 24 28 24 23 38 23 24 20 21 20 24 21 25 23 25 28 26
internal_value=6.83027e-10 0.0142022 0.0589145 -0.0205258 -0.0417094 0.0108828 0.041031 0.00106992 0.0737253 0.198894 -0.015036 0.0191888 -0.0329922 0.00790573 -0.0675066 -0.0854601 -0.0342456
internal_weight=443 366 160 206 183 136 113 85 65 41 159 107 69 44 77 52 51
internal_count=443 366 160 206 183 136 113 85 65 41 159 107 69 44 77 52 51
is_linear=0
shrinkage=0.1


Tree=33
num_leaves=16
num_cat=0
split_feature=13 10 13 11 14 11 2 14 14 14 11 10 3 11 13
split_gain=38.0827 49.9332 81.0713 104.373 124.788 55.0852 47.46 58.0479 41.2522 119.933 140.708 135.989 57.2861 26.1208 14.5196
threshold=17.746598639455787 45.500000000000007 20.241626650496311 0.88500000000000012 22.500000000000004 1.6500000000000001 1.5000000000000002 21.500000000000004 25.500000000000004 41.500000000000007 0.94500000000000006 169.50000000000003 2.5000000000000004 0.72500000000000009 25.396720541805781
decision_type=2 2 2 2 2 2 2 2 2 2 2 2 2 2 2
left_child=-1 -2 3 4 -3 6 8 14 12 -10 11 -11 13 -4 -8
right_child=1 2 5 -5 -6 -7 7 -9 9 10 -12 -13 -14 -15 -16
leaf_value=-0.10507709980010987 0.13709338651970029 -0.18908402085304263 -0.1602193505237145 0.23284126943157568 0.15993914150056388 -0.14156406830464091 0.071013546921312815 -0.16068782155903488 0.21537923357065988 0.25369126934396186 -0.23749533206224444 -0.083237770915031428 0.069861810183566478 -0.026971773947438889 -0.04948362961411476
leaf_weight=32 28 20 28 31 21 35 20 39 34 23 20 25 36 31 20
leaf_count=32 28 20 28 31 21 35 20 39 34 23 20 25 36 31 20
internal_value=7.27399e-11 0.00818119 -0.00124321 0.0943767 -0.0103161 -0.0233803 -0.00839321 -0.0738763 0.0178665 0.0620288 -0.0146463 0.0782074 -0.0295499 -0.0902079 0.010765
internal_weight=443 411 383 72 41 311 276 79 197 102 68 48 95 59 40
internal_count=443 411 383 72 41 311 276 79 197 102 68 48 95 59 40
is_linear=0
shrinkage=0.1


Tree=34
num_leaves=17
num_cat=0
split_feature=13 13 13 14 10 10 13 13 10 10 14 13 3 7 2 13
split_gain=39.367 280.586 149.56 68.2183 63.9897 117.78 67.693 61.4212 55.2092 50.6343 42.8767 35.3241 85.4173 32.143 24.2347 3.73627
threshold=22.593845965958916 23.042303907986625 21.969228019313011 109.00000000000001 95.000000000000014 156.50000000000003 18.362423955463733 20.701970870657536 67.500000000000014 107.50000000000001 14.500000000000002 26.568736998931808 2.5000000000000004 0.90000000000000013 1.0000000180025095e-35 24.616167955524784
decision_type=2 2 2 2 2 2 2 2 2 2 2 2 2 2 2 2
left_child=2 -2 3 4 -1 -6 -7 10 -3 -10 -8 13 -13 14 15 -11
right_child=1 8 -4 -5 5 6 7 -9 9 11 -12 12 -14 -15 -16 -17
leaf_value=0.13686473906422272 0.38798933522775769 0.15045767091214657 -0.2251856737516143 -0.17137193478643897 -0.15882043683607328 0.19008391261100771 0.040412912070751192 0.10137720019621257 -0.1705252423527695 -0.017881391161964053 -0.15129388890096121 -0.047019976889714599 0.20562779048214788 -0.13436891315159974 0.086927902996540074 -0.078274354226887222
leaf_weight=39 20 20 33 20 38 25 20 36 21 21 28 32 23 27 20 20
leaf_count=39 20 20 33 20 38 25 20 36 21 21 28 32 23 27 20 20
internal_value=-6.1256e-10 0.0322662 -0.0275411 0.00412047 0.0229906 -0.00722089 0.0456303 0.0026382 -0.00639932 -0.0255282 -0.0714161 -0.00423496 0.0586327 -0.0435273 -0.00331866 -0.0473414
internal_weight=443 204 239 206 186 147 109 84 184 164 48 143 55 88 61 41
internal_count=443 204 239 206 186 147 109 84 184 164 48 143 55 88 61 41
is_linear=0
shrinkage=0.1


Tree=35
num_leaves=16
num_cat=0
split_feature=12 14 11 14 2 13 10 14 10 11 13 14 14 3 13
split_gain=37.7558 99.4917 66.5671 52.2316 66.6253 74.9246 119.007 80.9694 75.8056 64.357 47.6278 77.2614 26.9633 17.3536 15.5658
threshold=3.5000000000000004 101.50000000000001 1.6050000000000002 51.500000000000007 1.0000000180025095e-35 26.894566538686366 161.00000000000003 16.500000000000004 256.50000000000006 0.54500000000000015 23.828163813030319 49.500000000000007 18.500000000000004 1.7500000000000002 23.21359632817639
decision_type=2 2 2 2 2 2 2 2 2 2 2 2 2 2 2
left_child=10 2 3 4 5 6 7 -2 -8 -6 11 12 -1 -5 -11
right_child=1 -3 -4 13 9 -7 8 -9 -10 14 -12 -13 -14 -15 -16
leaf_value=-0.094779287406376436 0.02409857532807759 0.17945810841286886 0.14243761272779829 -0.054230756312608722 0.027059998554842812 0.2075952970463297 0.19967721721364395 -0.21639110233102526 -0.017571369738414371 -0.22039466917514805 0.053513140479723609 -0.25991049505770208 0.034416544636090597 -0.18438630394992375 -0.098500042544169872
leaf_weight=35 28 34 29 20 35 23 36 28 29 20 33 20 30 21 22
leaf_count=35 28 34 29 20 35 23 36 28 29 20 33 20 30 21 22
internal_value=1.72389e-09 0.0175909 -0.00132137 -0.0172336 0.00199781 0.042148 0.0106993 -0.0961463 0.102751 -0.0730882 -0.0484496 -0.0880352 -0.0351504 -0.120896 -0.156545
internal_weight=443 325 291 262 221 144 121 56 65 77 118 85 65 41 42
internal_count=443 325 291 262 221 144 121 56 65 77 118 85 65 41 42
is_linear=0
shrinkage=0.1


Tree=36
num_leaves=17
num_cat=0
split_feature=13 10 11 10 11 1 2 14 10 14 10 2 10 14 10 13
split_gain=36.0444 47.7676 78.4747 51.6321 188.707 231.302 255.746 47.9321 37.3853 51.5414 34.9076 39.1399 27.7398 46.0802 40.5617 24.8785
threshold=17.746598639455787 288.50000000000006 0.96500000000000008 135.50000000000003 0.53500000000000014 1.5000000000000002 1.5000000000000002 83.000000000000014 54.000000000000007 16.500000000000004 247.50000000000003 1.0000000180025095e-35 161.00000000000003 20.500000000000004 204.00000000000003 22.668101204640106
decision_type=2 2 2 2 2 2 2 2 2 2 2 2 2 2 2 2
left_child=-1 3 -3 4 8 6 -6 10 -2 -10 11 12 -5 -14 -15 -13
right_child=1 2 -4 7 5 -7 -8 -9 9 -11 -12 15 13 14 -16 -17
leaf_value=-0.1022264314815402 -0.19684789672493935 -0.039693428358961169 0.18219862475588516 -0.06375898422504013 0.55213851332664488 -0.034063858185943804 0.052481822781264786 -0.17623747592063055 0.089626801684498797 -0.11627834903136376 -0.12703526031087947 -0.1509908220042353 -0.028139649782209626 0.23086904617292539 0.034323459189562575 -0.010627413115331106
leaf_weight=32 20 28 37 22 21 38 20 23 20 31 27 23 31 21 21 28
leaf_count=32 20 28 37 22 21 38 20 23 20 31 27 23 31 21 21 28
internal_value=1.3243e-09 0.00795924 0.0866144 -0.00681701 0.0373405 0.143672 0.308404 -0.040611 -0.0809725 -0.0355312 -0.0225797 -0.00326261 0.0346739 0.0643385 0.132596 -0.0739286
internal_weight=443 411 65 346 150 79 41 196 71 51 173 146 95 73 42 51
internal_count=443 411 65 346 150 79 41 196 71 51 173 146 95 73 42 51
is_linear=0
shrinkage=0.1


Tree=37
num_leaves=16
num_cat=0
split_feature=12 14 11 11 11 3 10 10 11 14 0 10 1 2 13
split_gain=34.2093 85.5782 46.9564 52.1855 90.5333 127.951 67.5159 66.0626 59.2134 40.3774 40.2395 31.5781 25.1472 22.3853 27.8724
threshold=3.5000000000000004 101.50000000000001 1.6050000000000002 0.58500000000000008 0.40500000000000008 0.40000000000000008 131.50000000000003 260.50000000000006 1.135 20.500000000000004 1.0000000180025095e-35 318.50000000000006 1.0000000180025095e-35 1.5000000000000002 21.856512675973637
decision_type=2 2 2 2 2 2 2 2 2 2 2 2 2 2 2
left_child=10 2 3 4 9 -6 -5 8 12 -2 13 -9 -8 14 -1
right_child=1 -3 -4 6 5 -7 7 11 -10 -11 -12 -13 -14 -15 -16
leaf_value=-0.027871766895987096 -0.1111064160900081 0.16686726287007334 0.11994470214021619 -0.17326946460774967 0.32021340213038707 -0.020842721380970694 -0.081517332845500542 -0.19201321516024031 0.17243391697605451 0.051054720208048826 -0.13604510997022901 -0.028040203700462979 0.061352037672292109 -0.07722407701114814 0.12039389723823185
leaf_weight=32 34 34 29 35 22 22 28 23 24 28 35 24 22 30 21
leaf_count=32 34 34 29 35 22 22 28 23 24 28 35 24 22 30 21
internal_value=-3.2796e-10 0.0167444 -0.000795743 -0.0141601 0.0399818 0.149685 -0.0509489 -0.0155669 0.0433199 -0.0378724 -0.046118 -0.108282 -0.0186548 -0.00819695 0.030875
internal_weight=443 325 291 262 106 44 156 121 74 62 118 47 50 83 53
internal_count=443 325 291 262 106 44 156 121 74 62 118 47 50 83 53
is_linear=0
shrinkage=0.1


Tree=38
num_leaves=17
num_cat=0
split_feature=6 2 11 10 13 13 13 11 14 13 7 14 13 14 11 10
split_gain=33.0046 53.6053 51.4852 66.4561 87.5456 65.4853 101.539 61.2326 59.7991 30.5229 29.0818 55.5506 69.8344 80.5965 48.2086 43.6771
threshold=1.0000000180025095e-35 2.5000000000000004 0.24500000000000002 47.500000000000007 18.362423955463733 18.925033089399275 20.049022842027473 1.6500000000000001 83.000000000000014 27.630930609501839 0.90000000000000013 39.500000000000007 21.856512675973637 19.500000000000004 0.79500000000000015 214.50000000000003
decision_type=2 2 2 2 2 2 2 2 2 2 2 2 2 2 2 2
left_child=1 2 -1 -4 -5 -6 -7 8 9 10 11 12 -8 14 -14 -12
right_child=-2 -3 3 4 5 6 7 -9 -10 -11 15 -13 13 -15 -16 -17
leaf_value=-0.12614513648481204 0.12552792310714722 -0.16168841545780499 0.18499226286297754 0.15957520250231028 -0.18910378068685532 0.18277262532048755 0.15016519992515959 -0.15048630861565471 -0.13290734310303964 -0.070860239731914854 -0.12872184735412401 0.17078395804855973 0.16689881734549999 -0.16221913530908783 -0.047617625707591121 0.071371430833823982
leaf_weight=29 20 21 21 32 20 27 29 32 31 34 24 32 20 29 22 20
leaf_count=29 20 21 21 32 20 27 29 32 31 34 24 32 20 29 22 20
internal_value=-4.97196e-10 -0.00593513 0.00220124 0.0121799 0.00187008 -0.0139004 -0.0022202 -0.0205162 -0.00325876 0.0158798 0.0326365 0.0561054 0.0194082 -0.0339995 0.0545331 -0.0377704
internal_weight=443 423 402 373 352 320 300 273 241 210 176 132 100 71 42 44
internal_count=443 423 402 373 352 320 300 273 241 210 176 132 100 71 42 44
is_linear=0
shrinkage=0.1


Tree=39
num_leaves=17
num_cat=0
split_feature=13 13 13 14 10 10 10 10 10 11 11 7 10 10 13 3
split_gain=34.2856 219.916 122.01 61.1299 60.8814 82.6884 63.2856 114.435 82.2332 45.805 147.194 79.2101 111.461 97.5389 103.334 36.1364
threshold=22.593845965958916 23.042303907986625 21.969228019313011 109.00000000000001 95.000000000000014 156.50000000000003 341.50000000000006 284.50000000000006 184.50000000000003 0.58500000000000008 0.42500000000000004 1.0000000180025095e-35 216.50000000000003 187.50000000000003 25.930507022606509 1.7500000000000002
decision_type=2 2 2 2 2 2 2 2 2 2 2 2 2 2 2 2
left_child=2 -2 3 4 -1 -6 7 8 -7 10 -3 13 -13 14 -11 -10
right_child=1 9 -4 -5 5 6 -8 -9 15 11 -12 12 -14 -15 -16 -17
leaf_value=0.13183174546903526 0.34503728833049535 -0.047790451055845701 -0.2042175733681881 -0.16322999551892281 -0.13573452587190427 0.16996573765169493 -0.12040792575904302 0.28306569099426271 -0.15767295658588409 -0.048762325028126892 0.28892724901437761 0.20991942235268654 -0.10258866701097716 0.019671874787462386 -0.35888592806600395 0.019760078036536774
leaf_weight=39 20 37 33 20 38 22 21 20 22 22 20 25 21 38 21 24
leaf_count=39 20 37 33 20 38 22 21 20 22 22 20 25 21 38 21 24
internal_value=-2.1391e-10 0.0301119 -0.0257022 0.00289494 0.0207578 -0.00871076 0.0355728 0.0727954 0.0109512 -0.00411914 0.0703561 -0.037545 0.0672527 -0.0970598 -0.200218 -0.0650992
internal_weight=443 204 239 206 186 147 109 88 68 184 57 127 46 81 43 46
internal_count=443 204 239 206 186 147 109 88 68 184 57 127 46 81 43 46
is_linear=0
shrinkage=0.1


Tree=40
num_leaves=18
num_cat=0
split_feature=13 10 10 11 13 13 10 10 11 7 10 14 14 14 11 14 7
split_gain=37.804 41.7008 77.2394 47.8076 34.2862 255.556 98.3308 131.201 137.908 60.725 73.6531 51.975 53.9039 35.8127 30.4253 34.7808 25.1395
threshold=29.556088964511428 385.00000000000006 288.50000000000006 1.135 22.593845965958916 23.152007299854034 42.500000000000007 95.000000000000014 1.0150000000000003 1.0000000180025095e-35 107.50000000000001 20.500000000000004 40.500000000000007 19.500000000000004 0.9850000000000001 29.500000000000004 1.1000000000000003
decision_type=2 2 2 2 2 2 2 2 2 2 2 2 2 2 2 2 2
left_child=1 2 4 -4 6 -6 -1 -8 11 10 -7 -9 -13 -10 15 -12 -11
right_child=-2 -3 3 -5 5 9 7 8 13 16 14 12 -14 -15 -16 -17 -18
leaf_value=-0.24744691054026285 0.13095244240193141 -0.13178484082221983 0.21664923396520319 0.011982321171533495 0.35387826479971407 -0.24722654423909263 0.1543951639533043 -0.082685100010463183 -0.099637866765260708 0.12466757154023206 -0.061510483467060589 0.19864130864540738 -0.008860286853967175 -0.27618901470193158 -0.11467608730666912 0.11880169559270144 -0.014496710941195487
leaf_weight=21 21 25 25 21 20 20 35 35 20 27 23 21 31 27 26 20 25
leaf_count=21 21 25 25 21 20 20 35 35 20 27 23 21 31 27 26 20 25
internal_value=9.67272e-10 -0.00651659 0.00137184 0.123214 -0.0145961 0.0193562 -0.0433663 -0.0180072 -0.0630376 -0.0280937 -0.0782564 0.0115267 0.0749384 -0.201061 -0.0292795 0.0223556 0.0577617
internal_weight=443 422 397 46 351 161 190 169 134 141 89 87 52 47 69 43 52
internal_count=443 422 397 46 351 161 190 169 134 141 89 87 52 47 69 43 52
is_linear=0
shrinkage=0.1


Tree=41
num_leaves=18
num_cat=0
split_feature=13 11 11 13 13 14 13 10 1 0 11 10 11 10 13 3 10
split_gain=31.8667 43.4844 98.7631 85.1056 74.682 84.3163 57.675 51.7669 43.8846 25.4393 46.2248 31.3167 59.8121 50.1332 48.1902 40.4946 16.9256
threshold=17.746598639455787 1.6050000000000002 1.2850000000000004 21.617293515967763 28.654853783468521 101.50000000000001 27.048397508229275 54.000000000000007 1.0000000180025095e-35 1.0000000180025095e-35 0.76500000000000012 127.50000000000001 0.48500000000000004 216.50000000000003 22.845011101700738 0.40000000000000008 161.00000000000003
decision_type=2 2 2 2 2 2 2 2 2 2 2 2 2 2 2 2 2
left_child=-1 2 4 -3 5 6 7 -2 -4 11 16 12 -9 15 -15 -13 -11
right_child=1 3 8 -5 -6 -7 -8 9 -10 10 -12 13 -14 14 -16 -17 -18
leaf_value=-0.096119670383632186 -0.13612197093092479 0.24830245283387958 -0.049894024360747566 -0.014176128134131433 0.20110126502811909 0.15764213228417981 -0.17168110785159199 -0.020410095226197019 -0.2568716857582331 -0.046604494415223602 -0.1617323437439544 -0.15498534925282004 0.20851526802778242 0.16755252932863576 -0.035685925334692004 0.010108418268665003 0.080502786148678174
leaf_weight=32 26 21 21 30 20 31 22 21 20 20 21 24 25 28 20 39 22
leaf_count=32 26 21 21 30 20 31 22 21 20 20 21 24 25 28 20 39 22
internal_value=-2.14199e-10 0.00748377 -0.004759 0.0939033 0.0140187 0.00150483 -0.0165558 -0.00268283 -0.150859 0.0130872 -0.0405938 0.034628 0.104006 0.00587687 0.0828698 -0.0527844 0.0199755
internal_weight=443 411 360 51 319 299 268 246 41 220 63 157 46 111 48 63 42
internal_count=443 411 360 51 319 299 268 246 41 220 63 157 46 111 48 63 42
is_linear=0
shrinkage=0.1


Tree=42
num_leaves=19
num_cat=0
split_feature=6 2 7 7 11 10 13 3 14 10 10 14 13 11 11 14 14 14
split_gain=32.4369 45.4077 45.4903 86.8831 67.1102 121.249 101.213 69.2186 108.548 50.799 45.5715 100.561 58.5517 57.8539 38.3488 33.8062 27.9565 22.0781
threshold=1.0000000180025095e-35 2.5000000000000004 0.90000000000000013 1.5500000000000003 0.24500000000000002 65.500000000000014 18.362423955463733 0.40000000000000008 27.500000000000004 163.50000000000003 117.50000000000001 10.500000000000002 20.946956660364403 0.82500000000000007 0.70500000000000007 20.500000000000004 51.500000000000007 30.500000000000004
decision_type=2 2 2 2 2 2 2 2 2 2 2 2 2 2 2 2 2 2
left_child=1 2 4 14 -1 -6 -7 8 9 -8 -9 -12 -13 -14 -4 -5 -10 -15
right_child=-2 -3 3 15 5 6 7 10 16 -11 11 12 13 17 -16 -17 -18 -19
leaf_value=-0.1507238996170816 0.12444377899169923 -0.14923396465324221 -0.049014497412876654 -0.065754876738148074 0.26568207400185723 0.20678918677568436 -0.064310139417648321 -0.094193805144591775 0.13050456516444683 -0.2707769677042961 0.26706500805914407 -0.10438993297241353 -0.038614613165458049 0.075506160683605994 -0.22410022308086527 0.096548834804332628 -0.036697450205683706 0.2191661374270916
leaf_weight=21 20 21 22 21 21 25 22 22 20 26 20 27 30 23 29 33 20 20
leaf_count=21 20 21 22 21 21 25 22 22 20 26 20 27 30 23 29 33 20 20
internal_value=-5.48702e-10 -0.00588387 0.00160457 -0.0549711 0.0216061 0.0347181 0.0156976 -0.00507325 -0.07476 -0.176146 0.0381129 0.0623692 0.02143 0.0679661 -0.148573 0.0334307 0.0469036 0.142325
internal_weight=443 423 402 105 297 276 255 230 88 48 142 120 100 73 51 54 40 43
internal_count=443 423 402 105 297 276 255 230 88 48 142 120 100 73 51 54 40 43
is_linear=0
shrinkage=0.1


Tree=43
num_leaves=18
num_cat=0
split_feature=13 10 13 11 14 11 10 11 13 11 14 11 11 13 2 11 3
split_gain=30.7964 39.9291 62.4521 69.1788 88.0127 36.3012 40.8976 44.0753 69.9068 71.181 48.5859 35.5971 39.0361 34.9566 28.9224 47.6206 19.4593
threshold=17.746598639455787 45.500000000000007 20.241626650496311 0.88500000000000012 22.500000000000004 1.675 348.50000000000006 1.0150000000000003 27.79682975156226 0.84500000000000008 36.500000000000007 0.76500000000000012 0.66500000000000015 21.656266136560777 1.5000000000000002 0.40500000000000008 1.1000000000000003
decision_type=2 2 2 2 2 2 2 2 2 2 2 2 2 2 2 2 2
left_child=-1 -2 3 4 -3 6 7 8 9 11 16 12 13 -4 15 -15 -9
right_child=1 2 5 -5 -6 -7 -8 10 -10 -11 -12 -13 -14 14 -16 -17 -18
leaf_value=-0.094491836335510018 0.12263445078528352 -0.15251217424869537 -0.098483289877573654 0.19558170694978005 0.14060413496834892 -0.11966209425167605 0.12903050303459168 0.039907111199572687 -0.17302625469863417 0.17045754192929186 -0.22089163243770599 -0.12080651277845555 0.14518010102212428 -0.016922758795596935 -0.058582255840301516 0.17888797793699349 -0.094963949691990152
leaf_weight=32 28 20 30 31 21 33 20 20 20 28 20 22 20 27 25 23 23
leaf_count=32 28 20 30 31 21 33 20 20 20 28 20 22 20 27 25 23 23
internal_value=1.2164e-09 0.00735703 -0.00107056 0.0828538 -0.00237943 -0.0205 -0.00872897 -0.019408 0.00408512 0.0243264 -0.0921248 -0.00350808 0.0171364 -0.00725282 0.0292394 0.0731502 -0.0322332
internal_weight=443 411 383 72 41 311 278 258 195 175 63 147 125 105 75 50 43
internal_count=443 411 383 72 41 311 278 258 195 175 63 147 125 105 75 50 43
is_linear=0
shrinkage=0.1


Tree=44
num_leaves=19
num_cat=0
split_feature=9 14 11 13 11 10 13 13 10 11 10 13 13 13 0 3 10 11
split_gain=30.4997 94.4654 46.6628 87.6448 69.6604 65.5879 89.9781 56.842 144.592 193.58 98.4032 58.353 55.3635 103.634 44.585 33.9993 30.208 3.76972
threshold=1.0000000180025095e-35 165.00000000000003 1.6050000000000002 21.617293515967763 1.2850000000000004 316.00000000000006 18.362423955463733 22.593845965958916 146.50000000000003 0.54500000000000015 225.50000000000003 26.374424302519063 21.856512675973637 20.895637373465917 1.5000000000000002 1.7500000000000002 201.00000000000003 0.58500000000000008
decision_type=2 2 2 2 2 2 2 2 2 2 2 2 2 2 2 2 2 2
left_child=1 2 4 -4 5 6 -1 10 9 -9 12 16 13 14 17 -6 -10 -8
right_child=-2 -3 3 -5 15 -7 7 8 11 -11 -12 -13 -14 -15 -16 -17 -18 -19
leaf_value=0.21278383939162546 0.10508173291499799 -0.21323561256840115 0.25647848594933748 -0.021967151015996934 -0.040038189981132746 -0.13000209052716533 -0.020570063143968583 -0.01100888028740883 -0.065992565927180377 0.33961791737425712 0.14894739362326534 -0.17370412823123238 -0.22895040114720666 0.15062488198280335 -0.23413181107491257 -0.22442713379859924 0.096234316627184555 -0.081968082860112201
leaf_weight=23 26 21 20 26 20 31 20 32 22 31 22 24 21 20 20 20 24 20
leaf_count=23 26 21 20 26 20 31 20 32 22 31 22 24 21 20 20 20 24 20
internal_value=1.86685e-10 -0.00655186 0.00440864 0.0990962 -0.008036 0.00798937 0.0233218 0.00629977 0.0516147 0.161522 -0.0426993 -0.0473016 -0.0844442 -0.0465113 -0.112223 -0.132233 0.0186475 -0.0512691
internal_weight=443 417 396 46 350 310 279 256 133 63 123 70 101 80 60 40 46 40
internal_count=443 417 396 46 350 310 279 256 133 63 123 70 101 80 60 40 46 40
is_linear=0
shrinkage=0.1


Tree=45
num_leaves=17
num_cat=0
split_feature=12 14 11 13 14 13 13 14 11 3 11 13 14 13 13 13
split_gain=33.2972 66.2413 45.1319 45.5853 61.6428 50.9671 39.9925 45.6855 37.4145 84.1578 39.3715 30.8997 76.9487 19.9269 19.2883 14.4582
threshold=3.5000000000000004 101.50000000000001 1.6050000000000002 26.894566538686366 19.500000000000004 25.396720541805781 23.828163813030319 49.500000000000007 1.0150000000000003 1.7500000000000002 0.80500000000000016 21.969228019313011 20.500000000000004 21.405541396312085 23.483455882352946 19.561543367346946
decision_type=2 2 2 2 2 2 2 2 2 2 2 2 2 2 2 2
left_child=6 2 3 5 -5 8 7 13 10 -10 11 12 -2 15 -13 -1
right_child=1 -3 -4 4 -6 -7 -8 -9 9 -11 -12 14 -14 -15 -16 -17
leaf_value=-0.061669029537588363 -0.086547544002532964 0.14859742975848564 0.11945928684596359 0.20448974906688644 -0.040816377401351932 -0.17441275165500969 0.047934049916820543 -0.21393961995840072 0.030876519613795811 -0.22943084628685662 0.11567057576672785 -0.12174436680732235 0.13030317481607198 -0.11592757001357235 -0.0008797832805177441 0.055808799171989609
leaf_weight=20 30 34 29 21 20 22 33 20 27 23 29 31 36 23 23 22
leaf_count=20 30 34 29 21 20 22 33 20 27 23 29 31 36 23 23 22
internal_value=-1.00648e-09 0.0165197 0.00108789 -0.0120143 0.0848282 -0.0299805 -0.0454991 -0.0817731 -0.0140132 -0.0888649 0.0111049 -0.0141652 0.0317347 -0.0411065 -0.070265 -0.000133024
internal_weight=443 325 291 262 41 221 118 85 199 50 149 120 66 65 54 42
internal_count=443 325 291 262 41 221 118 85 199 50 149 120 66 65 54 42
is_linear=0
shrinkage=0.1


Tree=46
num_leaves=16
num_cat=0
split_feature=13 10 13 3 10 11 10 13 13 13 11 14 11 14 14
split_gain=28.2211 34.1125 51.1055 57.6151 36.921 83.9104 59.7503 44.9625 44.0216 36.5477 99.1518 28.2425 28.1842 23.5204 32.9072
threshold=17.746598639455787 45.500000000000007 20.241626650496311 1.1000000000000003 111.50000000000001 0.44500000000000006 135.50000000000003 20.946956660364403 21.745954223563533 23.21359632817639 1.3350000000000002 21.500000000000004 0.85500000000000009 49.500000000000007 14.500000000000002
decision_type=2 2 2 2 2 2 2 2 2 2 2 2 2 2 2
left_child=-1 -2 3 -3 5 -4 -6 -8 -9 12 13 -5 -10 14 -11
right_child=1 2 4 11 6 -7 7 8 9 10 -12 -13 -14 -15 -16
leaf_value=-0.090454726573079833 0.11359336055549128 0.17804753238395338 0.054155785322189336 0.082433757483959202 0.11254063443495677 -0.18299949273869798 -0.13342897353633759 0.11731593757867814 -0.016965967863798143 -0.10667964012827724 0.17752498379693582 -0.083608697283835645 -0.18098758188160985 -0.13465149368752133 0.042146078802836245
leaf_weight=32 28 31 25 20 39 37 31 26 20 24 26 21 22 22 39
leaf_count=32 28 31 25 20 39 37 31 26 20 24 26 21 22 22 39
internal_value=-1.20294e-09 0.0070427 -0.000746902 0.0751718 -0.0183229 -0.0873724 -0.00112989 -0.0222401 -0.00298396 -0.0234271 0.00663696 -0.00261238 -0.102882 -0.0456347 -0.0145494
internal_weight=443 411 383 72 311 62 249 210 179 153 111 41 42 85 63
internal_count=443 411 383 72 311 62 249 210 179 153 111 41 42 85 63
is_linear=0
shrinkage=0.1


Tree=47
num_leaves=17
num_cat=0
split_feature=12 14 14 10 10 11 11 14 14 11 13 14 10 1 7 14
split_gain=26.69 56.2473 36.7152 57.0951 78.1591 65.2163 62.6522 47.8027 63.1802 41.5772 30.2559 37.4531 20.611 19.4195 19.0202 17.6252
threshold=3.5000000000000004 101.50000000000001 26.500000000000004 97.000000000000014 314.00000000000006 0.46500000000000002 1.0150000000000003 34.500000000000007 42.500000000000007 0.72500000000000009 23.828163813030319 49.500000000000007 244.50000000000003 1.5000000000000002 1.0000000180025095e-35 18.500000000000004
decision_type=2 2 2 2 2 2 2 2 2 2 2 2 2 2 2 2
left_child=10 2 3 5 6 -2 9 -4 -9 13 11 12 15 -5 -10 -1
right_child=1 -3 7 4 -6 -7 -8 8 14 -11 -12 -13 -14 -15 -16 -17
leaf_value=-0.053901488006114967 9.3242079019546507e-05 0.13649730051265044 -0.17267088138538858 0.011785621715314462 0.16543117761611939 0.24959650391882118 -0.145702436255912 0.12396934127807618 -0.018924714701297959 0.12330801680218428 0.040531973766558101 -0.19195394739508631 -0.1199320503883064 -0.11309224098920823 -0.12934410549127137 0.072045542299747467
leaf_weight=25 20 34 23 33 23 22 36 25 39 24 33 20 20 20 26 20
leaf_count=25 20 34 23 33 23 22 36 25 39 24 33 20 20 20 26 20
internal_value=2.11492e-10 0.0147901 0.000570045 0.0288713 -0.00260219 0.130785 -0.0368037 -0.0440107 -0.0111309 0.01411 -0.0407355 -0.0722864 -0.0354657 -0.0353381 -0.0630925 0.00207497
internal_weight=443 325 291 178 136 42 113 113 90 77 118 85 65 53 65 45
internal_count=443 325 291 178 136 42 113 113 90 77 118 85 65 53 65 45
is_linear=0
shrinkage=0.1


Tree=48
num_leaves=17
num_cat=0
split_feature=6 13 13 10 13 10 10 14 13 11 10 10 10 11 14 14
split_gain=26.9575 37.7252 59.9277 40.7961 52.179 46.0989 66.2497 71.1564 69.8828 44.2322 42.4493 54.5721 78.4082 39.7336 26.6323 23.718
threshold=1.0000000180025095e-35 18.362423955463733 18.925033089399275 40.500000000000007 20.049022842027473 93.500000000000014 163.50000000000003 34.500000000000007 20.946956660364403 0.42500000000000004 314.00000000000006 220.50000000000003 187.50000000000003 0.95500000000000007 16.500000000000004 21.500000000000004
decision_type=2 2 2 2 2 2 2 2 2 2 2 2 2 2 2 2
left_child=1 15 -3 -4 -5 9 7 14 -8 -6 11 12 -10 -13 -7 -1
right_child=-2 2 3 4 5 6 8 -9 10 -11 -12 13 -14 -15 -16 -17
leaf_value=0.010042037665843965 0.11344711646437644 -0.18353550136089325 0.12955785862037114 0.10753669391269796 0.0074542140960693372 0.066751926730979572 -0.19237594273355274 0.20914503019303085 -0.089684139626721546 -0.1799639124204131 0.082516304742206226 -0.039058944788472411 0.14521188625582943 -0.21109007972478869 -0.065844964927860669 0.16404841035604478
leaf_weight=20 20 20 21 32 20 33 27 24 30 34 33 29 27 25 28 20
leaf_count=20 20 20 21 32 20 33 27 24 30 34 33 29 27 25 28 20
internal_value=-4.62508e-12 -0.00536393 -0.015015 -0.00573014 -0.0140373 -0.0265869 -0.00887594 0.0632781 -0.044742 -0.11055 -0.0170606 -0.0466645 0.0215824 -0.118703 0.00588778 0.0870452
internal_weight=443 423 383 363 342 310 256 85 171 54 144 111 57 54 61 40
internal_count=443 423 383 363 342 310 256 85 171 54 144 111 57 54 61 40
is_linear=0
shrinkage=0.1


Tree=49
num_leaves=18
num_cat=0
split_feature=13 11 11 11 14 13 10 14 13 13 11 13 7 11 10 11 10
split_gain=24.6084 31.049 64.7379 56.2477 75.5229 59.4121 81.0863 101.694 50.2514 46.4766 28.0427 26.9322 29.5874 35.8434 53.1797 43.8043 23.4534
threshold=17.746598639455787 1.6050000000000002 1.3650000000000004 1.2150000000000001 154.00000000000003 28.654853783468521 54.000000000000007 76.500000000000014 27.048397508229275 21.617293515967763 1.0150000000000003 19.209339210625938 0.90000000000000013 0.56500000000000006 163.50000000000003 0.72500000000000009 157.50000000000003
decision_type=2 2 2 2 2 2 2 2 2 2 2 2 2 2 2 2 2
left_child=-1 2 3 4 5 6 -2 8 10 -3 11 -8 13 14 -13 -15 -14
right_child=1 9 -4 -5 -6 -7 7 -9 -10 -11 -12 12 16 15 -16 -17 -18
leaf_value=-0.084466787800192844 -0.16278086602687836 0.19370038310686749 -0.14979062240038599 0.15941504994812219 -0.18576563071636928 0.17692871004343036 0.13132647985503787 0.22725781223603658 -0.15421000732108953 -0.00026850918928782147 -0.097215326201348082 0.18604899629950525 -0.11632125322465543 -0.11031261075001497 -0.024465719759464266 0.063243833082643419 0.024585498514629545
leaf_weight=32 28 21 28 23 21 20 21 21 20 30 21 30 27 26 20 33 21
leaf_count=32 28 21 28 23 21 20 21 21 20 30 21 30 27 26 20 33 21
internal_value=-3.07778e-10 0.00657649 -0.00376865 0.00854645 -0.00268325 0.0106665 -0.00174112 0.0170468 -0.00311037 0.079601 0.0120755 0.0249694 0.0107433 0.0395511 0.101843 -0.0132387 -0.0546745
internal_weight=443 411 360 332 309 288 268 240 219 51 199 178 157 109 50 59 48
internal_count=443 411 360 332 309 288 268 240 219 51 199 178 157 109 50 59 48
is_linear=0
shrinkage=0.1


Tree=50
num_leaves=17
num_cat=0
split_feature=6 13 13 10 13 10 10 13 0 10 10 10 10 11 11 14
split_gain=24.7129 34.4746 53.5191 39.9909 39.704 35.5448 53.6315 59.3132 57.8215 37.1719 41.803 63.677 35.2901 33.3882 33.0952 17.6654
threshold=1.0000000180025095e-35 18.362423955463733 18.925033089399275 40.500000000000007 20.049022842027473 93.500000000000014 163.50000000000003 20.946956660364403 1.5000000000000002 314.00000000000006 220.50000000000003 187.50000000000003 133.50000000000003 0.42500000000000004 0.95500000000000007 21.500000000000004
decision_type=2 2 2 2 2 2 2 2 2 2 2 2 2 2 2 2
left_child=1 15 -3 -4 -5 13 8 -8 12 10 11 -9 -7 -6 -12 -1
right_child=-2 2 3 4 5 6 7 9 -10 -11 14 -13 -14 -15 -16 -17
leaf_value=0.01674691468477249 0.10862123474478723 -0.17361675441265106 0.1283590402276743 0.092237770371139061 0.0040369677543640138 -0.063801562777799151 -0.17748934284404472 -0.084217501638146744 0.18720331465204557 0.077206454070454289 -0.034040494956846898 0.12746556925552863 0.089331858467172703 -0.15879481877474225 -0.19104445731639863 0.14965803548693657
leaf_weight=20 20 20 21 32 20 34 27 30 24 33 29 27 27 34 25 20
leaf_count=20 20 20 21 32 20 34 27 30 24 33 29 27 27 34 25 20
internal_value=-1.17171e-09 -0.00513576 -0.0143617 -0.0055873 -0.0138121 -0.0247592 -0.00920724 -0.0414774 0.0557128 -0.0159752 -0.0436778 0.0160534 0.0039788 -0.0984867 -0.106728 0.0832025
internal_weight=443 423 383 363 342 310 256 171 85 144 111 57 61 54 54 40
internal_count=443 423 383 363 342 310 256 171 85 144 111 57 61 54 54 40
is_linear=0
shrinkage=0.1


Tree=51
num_leaves=17
num_cat=0
split_feature=9 14 13 13 11 13 2 1 14 13 14 14 14 3 14 13
split_gain=24.3095 80.4577 42.5308 36.6357 36.035 68.745 49.1885 41.7765 130.738 64.344 52.7675 38.5968 55.1198 30.5031 27.0688 36.2797
threshold=1.0000000180025095e-35 165.00000000000003 17.746598639455787 18.653253647939497 1.8150000000000002 20.701970870657536 1.5000000000000002 1.5000000000000002 30.500000000000004 21.745954223563533 16.500000000000004 26.500000000000004 15.500000000000002 2.5000000000000004 12.500000000000002 19.897259225194741
decision_type=2 2 2 2 2 2 2 2 2 2 2 2 2 2 2 2
left_child=1 2 -1 -4 5 14 7 8 10 -9 -7 12 -8 -11 -5 -16
right_child=-2 -3 3 4 -6 6 11 9 -10 13 -12 -13 -14 -15 15 -17
leaf_value=-0.11454293706587382 0.093813976874718305 -0.1965945668562892 0.13843388692899183 0.00054956078529357912 0.11008839090665182 0.087584213009386347 -0.11040364775968635 0.15078837303888232 0.25810259986901657 -0.1064879758617817 -0.10729175640735776 -0.14685845612906492 0.10026173613689565 0.033345054577176389 -0.2232611632285019 -0.043281680913198561
leaf_weight=28 26 21 22 20 30 33 23 21 32 39 24 26 27 26 24 21
leaf_count=28 26 21 22 20 30 33 23 21 32 39 24 26 27 26 24 21
internal_value=-2.7309e-10 -0.00584931 0.00426597 0.0133058 0.00534965 -0.0045939 0.0191415 0.0483146 0.0963434 -0.00138958 0.00553117 -0.0480334 0.00335566 -0.0505548 -0.0962491 -0.139271
internal_weight=443 417 396 368 346 316 251 175 89 86 57 76 50 65 65 45
internal_count=443 417 396 368 346 316 251 175 89 86 57 76 50 65 65 45
is_linear=0
shrinkage=0.1


Tree=52
num_leaves=17
num_cat=0
split_feature=12 14 14 10 11 13 10 14 10 0 13 11 14 1 1 13
split_gain=22.6794 54.6497 33.0061 55.177 152.606 48.683 111.165 60.1046 38.5287 32.8792 24.1806 63.3488 18.2611 18.2587 12.8066 7.51666
threshold=3.5000000000000004 101.50000000000001 46.500000000000007 97.000000000000014 0.53500000000000014 21.468831098615926 167.50000000000003 15.500000000000002 211.50000000000003 1.0000000180025095e-35 23.321073098911345 0.84500000000000008 30.500000000000004 1.5000000000000002 1.5000000000000002 19.230624309776871
decision_type=2 2 2 2 2 2 2 2 2 2 2 2 2 2 2 2
left_child=9 2 3 4 -2 6 -5 8 -7 12 -9 -12 14 -4 -1 -8
right_child=1 -3 13 5 -6 7 15 10 -10 -11 11 -13 -14 -15 -16 -17
leaf_value=-0.081203810771306353 -0.042600724970300992 0.13359994901453748 -0.011020840385130473 -0.25010225555549065 0.29977197673009787 0.024687147288299776 0.057532230408295339 0.16789597794413569 -0.16509156171232464 -0.11883806884288789 -0.055393913443441745 0.17941856428980829 0.060733772146290749 -0.12423341777817956 0.0168009119729201 -0.026291654407978062
leaf_weight=30 30 34 28 24 23 23 23 24 20 35 27 20 29 29 24 20
leaf_count=30 30 34 28 24 23 23 23 24 20 35 27 20 29 29 24 20
internal_value=4.68499e-10 0.0136337 -0.000382999 0.0162389 0.105976 -0.0100378 -0.0776873 0.0297212 -0.063582 -0.0375504 0.0862287 0.0445263 -0.00327245 -0.0686202 -0.0376462 0.0185444
internal_weight=443 325 291 234 53 181 67 114 43 118 71 47 83 57 54 43
internal_count=443 325 291 234 53 181 67 114 43 118 71 47 83 57 54 43
is_linear=0
shrinkage=0.1


Tree=53
num_leaves=17
num_cat=0
split_feature=9 14 13 10 11 11 10 14 14 11 14 13 10 11 11 10
split_gain=20.1385 73.4264 32.5522 30.3507 97.5584 38.9514 91.1807 56.1852 76.8294 53.8909 41.5019 69.5564 41.976 54.5041 57.488 4.63995
threshold=1.0000000180025095e-35 165.00000000000003 17.746598639455787 288.50000000000006 0.96500000000000008 0.95500000000000007 234.50000000000003 40.500000000000007 20.500000000000004 0.84500000000000008 9.5000000000000018 26.374424302519063 183.50000000000003 0.35500000000000004 0.53500000000000014 238.50000000000003
decision_type=2 2 2 2 2 2 2 2 2 2 2 2 2 2 2 2
left_child=1 2 -1 5 -5 9 7 8 -7 10 -4 12 13 -12 -15 -14
right_child=-2 -3 3 4 -6 6 -8 -9 -10 -11 11 -13 15 14 -16 -17
leaf_value=-0.099601804059264928 0.085387176160628978 -0.18754394489030046 0.11253748950698683 -0.074077967492242658 0.1908984697000547 -0.048085260364967283 -0.24172764293849469 -0.15098390940576792 0.17383722829130979 0.16949267005142959 0.085713069283713902 -0.16688759647309781 0.13443920232355597 -0.19046985764916127 0.011161687635936805 0.0663220392637595
leaf_weight=28 26 21 31 24 33 39 20 20 26 23 30 25 20 26 31 20
leaf_count=28 26 21 31 24 33 39 20 20 26 23 30 25 20 26 31 20
internal_value=-3.59528e-10 -0.0053239 0.00433928 0.0122478 0.0793294 -4.68542e-05 -0.049617 -0.00441453 0.0406837 0.0252195 0.0070868 -0.0144196 0.0155938 -0.0233886 -0.0808106 0.100381
internal_weight=443 417 396 368 57 311 105 85 65 206 183 152 127 87 57 40
internal_count=443 417 396 368 57 311 105 85 65 206 183 152 127 87 57 40
is_linear=0
shrinkage=0.1


Tree=54
num_leaves=18
num_cat=0
split_feature=12 10 13 1 11 10 11 10 0 10 10 14 14 13 13 10 1
split_gain=20.9074 38.0434 34.4762 67.8152 87.2153 42.3752 62.9859 62.5816 36.3552 102.858 41.509 26.613 46.6226 52.4305 14.2299 14.0532 14.7938
threshold=1.5000000000000002 45.500000000000007 20.241626650496311 1.5000000000000002 0.96500000000000008 111.50000000000001 0.44500000000000006 124.50000000000001 1.0000000180025095e-35 213.50000000000003 314.00000000000006 62.500000000000007 22.500000000000004 24.616167955524784 23.666346122530026 238.50000000000003 1.5000000000000002
decision_type=2 2 2 2 2 2 2 2 2 2 2 2 2 2 2 2 2
left_child=15 -2 3 4 -3 6 -4 -7 10 -10 11 12 13 -9 -14 16 -1
right_child=1 2 5 -5 -6 7 -8 8 9 -11 -12 -13 14 -15 -16 -17 -18
leaf_value=-0.062690412524071606 0.12655188280802507 0.013679340070691602 0.036241388842463494 -0.066113252618483137 0.27772010510618034 0.1712427925132215 -0.1944363249786969 0.14875710237593878 0.037231529814501604 -0.22871938514021728 0.1334045178256929 0.083681259595829505 -0.16827953891320663 -0.069789882226968594 -0.051732956767082221 -0.11491136422211475 0.043174801495942203
leaf_weight=33 26 29 20 28 22 20 29 21 33 26 24 23 22 23 20 22 22
leaf_count=33 26 29 20 28 22 20 29 21 33 26 24 23 22 23 20 22 22
internal_value=-1.05115e-12 0.00996445 0.00104894 0.0589288 0.127579 -0.0164702 -0.100282 0.00290138 -0.0146342 -0.0799672 0.0143481 -0.0118661 -0.0374195 0.0345166 -0.112781 -0.0473635 -0.0203443
internal_weight=443 366 340 79 51 261 49 212 192 59 133 109 86 44 42 77 55
internal_count=443 366 340 79 51 261 49 212 192 59 133 109 86 44 42 77 55
is_linear=0
shrinkage=0.1


Tree=55
num_leaves=17
num_cat=0
split_feature=10 10 2 13 13 10 10 13 10 10 1 11 13 13 3 13
split_gain=19.108 97.829 89.2409 30.3221 79.7293 68.6368 46.869 49.3298 41.5881 32.8737 56.1837 31.0874 30.5318 28.4863 18.998 16.5633
threshold=316.00000000000006 281.50000000000006 1.0000000180025095e-35 20.014420765902901 20.463702016011492 65.500000000000014 165.50000000000003 18.653253647939497 111.50000000000001 138.00000000000003 1.5000000000000002 1.3350000000000002 25.994525542386572 23.875273655078633 1.0000000180025095e-35 23.483455882352946
decision_type=2 2 2 2 2 2 2 2 2 2 2 2 2 2 2 2
left_child=1 3 -2 6 -5 -6 7 -1 13 10 -10 12 14 -7 -11 -16
right_child=2 -3 -4 4 5 8 -8 -9 9 11 -12 -13 -14 -15 15 -17
leaf_value=-0.013955550789833069 -0.15128746666014195 0.21288478801196276 0.10088214683143988 0.19788024546135041 0.13297403766482604 -0.039390757336066319 0.034042412638664248 -0.22869401587092361 0.19146548011118458 -0.08866910835994142 -0.037209395556287335 0.062242100434377792 -0.14221645276303646 -0.19813388042151928 -0.027467133916723424 0.082688549444788984
leaf_weight=20 36 22 23 21 32 26 30 23 21 28 22 32 27 20 39 21
leaf_count=20 36 22 23 21 32 26 30 23 21 28 22 32 27 20 39 21
internal_value=-8.49543e-10 0.00814078 -0.0529841 -0.00430223 0.0102436 -0.00445929 -0.0618877 -0.128816 -0.0230943 -0.00243906 0.074469 -0.024936 -0.0491942 -0.10841 -0.0206533 0.0110874
internal_weight=443 384 59 362 289 268 73 43 236 190 43 147 115 46 88 60
internal_count=443 384 59 362 289 268 73 43 236 190 43 147 115 46 88 60
is_linear=0
shrinkage=0.1


Tree=56
num_leaves=17
num_cat=0
split_feature=12 14 13 13 10 13 10 10 13 11 10 13 14 3 10 14
split_gain=19.1941 46.9616 33.5912 68.6438 45.8499 36.0205 64.3351 54.2313 44.453 46.1751 32.3992 26.479 28.3867 21.9586 17.9831 13.8352
threshold=3.5000000000000004 101.50000000000001 26.894566538686366 24.413122754027992 157.50000000000003 20.014420765902901 116.50000000000001 170.50000000000003 22.544817190049979 1.0150000000000003 146.50000000000003 23.828163813030319 49.500000000000007 0.40000000000000008 211.50000000000003 18.500000000000004
decision_type=2 2 2 2 2 2 2 2 2 2 2 2 2 2 2 2
left_child=11 2 3 5 -5 7 -7 -2 9 -8 -4 12 13 -1 -10 -15
right_child=1 -3 10 4 -6 6 8 -9 14 -11 -12 -13 -14 15 -16 -17
leaf_value=-0.11054786722297255 -0.1481213097776016 0.12375066451290076 0.1738540142774582 -0.24098363891243935 -0.031780723490836944 0.14666040115631546 0.017680800634045753 0.03475667378481697 0.13438230145891958 -0.16498066592216493 0.0030931288003921511 0.041481241628979197 -0.16824206978082656 -0.043716709925369787 0.0065220694650303243 0.071201999112963682
leaf_weight=23 31 34 20 20 22 39 31 34 22 25 25 33 20 22 22 20
leaf_count=23 31 34 20 20 22 39 31 34 22 25 25 33 20 22 22 20
internal_value=-7.16782e-10 0.0125424 -0.000450976 -0.0149823 -0.131401 0.00898631 0.0377212 -0.0524621 -0.00476516 -0.0638645 0.0789869 -0.0345448 -0.0640608 -0.0320051 0.0704522 0.0110065
internal_weight=443 325 291 246 42 204 139 65 100 56 45 118 85 65 44 42
internal_count=443 325 291 246 42 204 139 65 100 56 45 118 85 65 44 42
is_linear=0
shrinkage=0.1


Tree=57
num_leaves=16
num_cat=0
split_feature=6 13 13 10 13 11 14 13 13 11 11 10 10 14 13
split_gain=19.172 34.8985 42.5058 30.3236 39.902 32.4622 36.5863 29.4864 21.4017 32.2651 33.118 15.8995 16.0133 13.42 6.04192
threshold=1.0000000180025095e-35 18.362423955463733 18.925033089399275 40.500000000000007 20.049022842027473 1.675 83.000000000000014 27.630930609501839 25.738687765766514 0.42500000000000004 0.66500000000000015 208.50000000000003 151.50000000000003 21.500000000000004 22.048309340898417
decision_type=2 2 2 2 2 2 2 2 2 2 2 2 2 2 2
left_child=1 13 -3 -4 -5 6 7 8 9 -6 -11 12 -12 -1 -13
right_child=-2 2 3 4 5 -7 -8 -9 -10 10 11 14 -14 -15 -16
leaf_value=0.02643382139503956 0.095672581568360338 -0.1557323306798935 0.11065182586510976 0.093165582418441778 0.08405282800330928 -0.11787689945124316 -0.11177619627930901 -0.079288519613253769 0.095172866819233731 -0.099478670562568469 0.0054681777954101564 -0.07486041367053986 0.11763723388314247 0.14227847065776586 -0.0011194822788238524
leaf_weight=20 20 20 21 32 38 33 33 39 29 38 35 20 20 20 25
leaf_count=20 20 20 21 32 38 33 33 39 29 38 35 20 20 20 25
internal_value=2.39243e-10 -0.00452353 -0.013806 -0.00598637 -0.0131484 -0.0241227 -0.0129534 0.000411944 0.0155745 0.00245883 -0.0200091 0.0101894 0.0462569 0.0843561 -0.0338932
internal_weight=443 423 383 363 342 310 277 244 205 176 138 100 55 40 45
internal_count=443 423 383 363 342 310 277 244 205 176 138 100 55 40 45
is_linear=0
shrinkage=0.1


Tree=58
num_leaves=16
num_cat=0
split_feature=11 14 11 14 10 10 13 14 3 11 3 11 14 13 3
split_gain=21.4831 51.2001 101.822 62.4167 59.7415 107.065 65.0672 35.6261 33.3356 60.4153 30.2174 35.0926 22.4654 18.463 17.9499
threshold=0.39500000000000007 8.5000000000000018 0.81500000000000006 95.500000000000014 72.000000000000014 105.50000000000001 20.946956660364403 17.500000000000004 1.1000000000000003 0.22500000000000003 1.0000000180025095e-35 1.1850000000000003 24.500000000000004 23.321073098911345 2.5000000000000004
decision_type=2 2 2 2 2 2 2 2 2 2 2 2 2 2 2
left_child=8 2 -2 4 -3 -6 12 13 -1 -10 -9 14 -7 -8 -12
right_child=1 3 -4 -5 5 6 7 10 9 -11 11 -13 -14 -15 -16
leaf_value=-0.14230199050903322 0.27209360665153887 -0.18223395347595217 -0.019198977987148935 0.12348314940052874 0.19903434987949289 -0.052349002162615454 -0.12974354306405242 0.1158952728431258 0.13678900273516775 -0.0769837402762511 -0.11067544867030599 0.10617146274965744 -0.1627076371226992 -0.0063321060052624464 0.010029523553592819
leaf_weight=25 21 21 28 34 23 39 22 36 20 39 22 23 35 27 28
leaf_count=25 21 21 28 34 23 39 22 36 20 39 22 23 35 27 28
internal_value=-1.30343e-10 0.0106522 0.105641 -0.00436213 -0.0201112 -0.00675989 -0.0271619 0.00908111 -0.0455254 -0.0045184 0.0409187 0.00394398 -0.104546 -0.0617413 -0.0430807
internal_weight=443 359 49 310 276 255 232 158 84 59 109 73 74 49 50
internal_count=443 359 49 310 276 255 232 158 84 59 109 73 74 49 50
is_linear=0
shrinkage=0.1


Tree=59
num_leaves=17
num_cat=0
split_feature=11 0 10 13 11 14 14 3 3 11 11 10 2 2 13 14
split_gain=18.4173 55.25 46.3933 23.3643 28.8709 34.9845 30.4532 56.6244 36.4681 31.0056 35.6205 23.7201 36.3648 11.1012 11.0114 6.1482
threshold=0.34500000000000003 1.0000000180025095e-35 47.500000000000007 18.362423955463733 1.8150000000000002 83.000000000000014 25.500000000000004 1.1000000000000003 1.0000000180025095e-35 1.135 0.76500000000000012 247.50000000000003 1.0000000180025095e-35 1.5000000000000002 22.001530771103251 14.500000000000002
decision_type=2 2 2 2 2 2 2 2 2 2 2 2 2 2 2 2
left_child=1 13 -2 -4 5 6 8 -8 15 10 -9 12 14 -1 -10 -5
right_child=2 -3 3 4 -6 -7 7 9 11 -11 -12 -13 -14 -15 -16 -17
leaf_value=-0.03225828245991752 0.15277070289566405 -0.17791919247670607 0.077470305285283508 -0.074942812329391026 0.077243841024381782 -0.1175224774517119 0.13010043922143105 0.010362541609044587 0.12868873940213868 0.084275538325309762 -0.16192729139611836 -0.080753674616034221 -0.07899607703799294 0.071841914094984527 0.033700624423531382 -0.14457774616423108
leaf_weight=21 21 22 35 32 35 32 39 28 23 20 21 26 21 20 26 21
leaf_count=21 21 22 35 32 35 32 39 28 23 20 21 26 21 20 26 21
internal_value=1.81219e-10 -0.0500763 0.00830213 -0.000148682 -0.00853345 -0.0189217 -0.00664456 0.033788 -0.0359514 -0.0206494 -0.063476 0.000807751 0.031102 0.0185223 0.0782869 -0.102534
internal_weight=443 63 380 359 324 289 257 108 149 69 49 96 70 41 49 53
internal_count=443 63 380 359 324 289 257 108 149 69 49 96 70 41 49 53
is_linear=0
shrinkage=0.1


Tree=60
num_leaves=17
num_cat=0
split_feature=13 10 13 13 13 10 10 11 14 10 11 13 1 11 11 13
split_gain=18.8668 22.854 47.9396 22.1881 95.3181 63.1915 96.1653 118.183 58.8788 51.3271 51.194 41.3056 33.9076 67.2504 14.0011 11.6675
threshold=17.746598639455787 288.50000000000006 21.745954223563533 22.599201740373072 23.406121982246741 54.000000000000007 95.000000000000014 1.0150000000000003 8.5000000000000018 131.50000000000003 1.1200000000000003 26.135862919547989 1.0000000180025095e-35 0.49500000000000005 0.70500000000000007 20.946956660364403
decision_type=2 2 2 2 2 2 2 2 2 2 2 2 2 2 2 2
left_child=-1 3 -3 5 -5 -2 -7 12 -6 11 14 -10 13 -8 -11 -9
right_child=1 2 -4 4 8 6 7 15 9 10 -12 -13 -14 -15 -16 -17
leaf_value=-0.073959346534684306 -0.18405111963334292 0.15010302853319915 -0.021839635621975453 0.2104832382305809 0.12538402121928002 0.16886009856198844 0.096277796444685565 -0.23635661051608625 -0.01314149208366871 0.0018816240432281651 0.13723788044374924 -0.2042946824660668 0.10059085768248355 -0.13846645153915654 -0.10242843465371565 -0.12963384780145826
leaf_weight=32 23 31 34 23 27 26 23 20 20 31 23 26 35 26 22 21
leaf_count=32 23 31 34 23 27 26 23 20 20 31 23 26 35 26 22 21
internal_value=1.75753e-10 0.00575839 0.0601638 -0.00446227 0.021008 -0.0296397 -0.00612012 -0.042516 -0.00823991 -0.0378124 0.0126497 -0.121185 0.025416 -0.0282804 -0.0414169 -0.181694
internal_weight=443 411 65 346 172 174 151 125 149 122 76 46 84 49 53 41
internal_count=443 411 65 346 172 174 151 125 149 122 76 46 84 49 53 41
is_linear=0
shrinkage=0.1


Tree=61
num_leaves=17
num_cat=0
split_feature=12 14 13 13 11 11 14 14 10 7 11 0 13 14 10 11
split_gain=17.9658 37.9263 31.2108 55.0731 36.5171 35.0406 47.8531 51.2885 33.3527 32.538 28.7929 26.5602 20.7236 16.6364 14.125 11.0033
threshold=3.5000000000000004 95.500000000000014 26.894566538686366 24.413122754027992 1.3950000000000002 1.0150000000000003 14.500000000000002 29.500000000000004 161.00000000000003 0.90000000000000013 0.82500000000000007 1.0000000180025095e-35 21.468831098615926 30.500000000000004 135.50000000000003 0.88500000000000012
decision_type=2 2 2 2 2 2 2 2 2 2 2 2 2 2 2 2
left_child=11 2 3 4 5 6 14 12 -5 -9 -4 13 -8 15 -2 -1
right_child=1 -3 10 8 -6 -7 7 9 -10 -11 -12 -13 -14 -15 -16 -17
leaf_value=-0.078920004889369011 -0.13144517703489825 0.11046611687966756 0.16624588698148729 -0.20299284969541162 0.10403759953650563 -0.10171503488193541 0.065625039041042332 0.051079562393715611 -0.024564593350514769 -0.10911529745374407 0.0052688195705413825 -0.10648128038006172 0.20958190681412817 0.058479902874036087 -0.01678636386280968 0.011422481158604988
leaf_weight=28 22 35 20 22 33 34 20 32 20 21 25 35 20 29 21 26
leaf_count=28 22 35 20 22 33 34 20 32 20 21 25 35 20 29 21 26
internal_value=5.25157e-10 0.0121345 0.00026686 -0.0137929 0.00777284 -0.0109139 0.0117864 0.0521211 -0.118027 -0.0123939 0.0768142 -0.0334212 0.137603 -0.00261275 -0.075449 -0.0354218
internal_weight=443 325 290 245 203 170 136 93 42 53 45 118 40 83 43 54
internal_count=443 325 290 245 203 170 136 93 42 53 45 118 40 83 43 54
is_linear=0
shrinkage=0.1


Tree=62
num_leaves=17
num_cat=0
split_feature=6 11 10 13 13 3 14 10 14 10 10 13 11 13 14 10
split_gain=17.4487 29.5455 57.0965 55.078 37.442 19.8408 107.592 50.2529 45.0889 62.4591 51.6162 31.3395 97.1738 30.4393 21.5066 10.3141
threshold=1.0000000180025095e-35 0.34500000000000003 47.500000000000007 18.362423955463733 23.604659653102832 1.0000000180025095e-35 25.500000000000004 204.00000000000003 21.500000000000004 123.50000000000001 213.50000000000003 23.928910033336361 1.0050000000000001 22.845011101700738 14.500000000000002 284.50000000000006
decision_type=2 2 2 2 2 2 2 2 2 2 2 2 2 2 2 2
left_child=1 4 -3 -4 -1 6 14 -8 11 -10 13 12 -7 -11 -5 -12
right_child=-2 2 3 5 -6 8 7 -9 9 10 15 -13 -14 -15 -16 -17
leaf_value=-0.12942819418875795 0.091271494925022123 0.17067109674215319 0.12397982680028485 -0.087762426652691586 0.03449930338697 -0.009946558010928773 -0.034896476499058984 0.18412098426371815 -0.18336730599403384 -0.010911292284727097 -0.12529566325247288 -0.021020093598802178 0.25286440284301842 0.14513829468190673 -0.21072499847412107 -0.02933214789345151
leaf_weight=38 20 20 31 33 22 34 22 20 24 25 24 35 24 25 25 21
leaf_count=38 20 20 31 33 22 34 22 20 24 25 24 35 24 25 25 21
internal_value=7.34757e-11 -0.00431544 0.00642936 -0.00314742 -0.0693214 -0.0157787 -0.0524959 0.0693976 0.00154079 -0.0392287 -0.00281469 0.0537082 0.0988028 0.0671135 -0.140764 -0.0805127
internal_weight=443 423 363 343 60 312 100 42 212 119 95 93 58 50 58 45
internal_count=443 423 363 343 60 312 100 42 212 119 95 93 58 50 58 45
is_linear=0
shrinkage=0.1


Tree=63
num_leaves=17
num_cat=0
split_feature=13 12 10 13 11 11 14 14 11 13 10 11 14 10 10 10
split_gain=18.2546 18.3676 42.448 58.4768 71.094 36.5434 25.9979 30.0653 54.2656 57.2948 41.6466 20.9646 18.0536 16.1928 13.2732 8.42385
threshold=17.746598639455787 1.5000000000000002 45.500000000000007 20.241626650496311 0.96500000000000008 1.675 83.000000000000014 15.500000000000002 0.84500000000000008 21.969228019313011 151.50000000000003 0.79500000000000015 39.500000000000007 157.50000000000003 238.50000000000003 139.50000000000003
decision_type=2 2 2 2 2 2 2 2 2 2 2 2 2 2 2 2
left_child=-1 14 -3 4 -4 6 7 11 9 -9 -10 -5 13 -11 15 -2
right_child=1 2 3 5 -6 -7 -8 8 10 12 -12 -13 -14 -15 -16 -17
leaf_value=-0.072749535739421847 -0.049837670475244525 0.14959156919609418 0.016480819175117897 0.0098592457827180631 0.24940992765128614 -0.12917262389138343 -0.089001208792130151 0.12637909778526851 -0.0050882044292631604 -0.16775024950504303 0.16958390000538948 -0.10552804712806979 0.010665105363087995 -0.042023508037839621 -0.10984533023089171 0.032851732623848044
leaf_weight=32 28 22 38 32 20 25 30 21 21 20 39 31 21 21 20 22
leaf_count=32 28 22 38 32 20 25 30 21 21 20 39 31 21 21 20 22
internal_value=-5.47231e-10 0.0056642 0.0152423 0.00597678 0.0968012 -0.0142064 -0.0020278 0.0106382 0.0359955 -0.0163804 0.108449 -0.0469186 -0.0647344 -0.103354 -0.0409946 -0.0134543
internal_weight=443 411 341 319 58 261 236 206 143 83 60 63 62 41 70 50
internal_count=443 411 341 319 58 261 236 206 143 83 60 63 62 41 70 50
is_linear=0
shrinkage=0.1


Tree=64
num_leaves=18
num_cat=0
split_feature=14 7 11 11 10 10 10 7 10 10 13 10 13 3 14 14 13
split_gain=18.6405 67.4241 39.8384 61.4631 135.652 71.2403 50.821 40.8447 54.1548 37.8303 48.6942 36.6627 31.5116 32.5037 19.7391 24.7108 12.8869
threshold=13.500000000000002 0.90000000000000013 1.2850000000000004 0.84500000000000008 141.50000000000003 50.000000000000007 276.50000000000006 1.0000000180025095e-35 246.50000000000003 97.000000000000014 20.014420765902901 163.50000000000003 21.969228019313011 1.7500000000000002 39.500000000000007 20.500000000000004 20.541946546321181
decision_type=2 2 2 2 2 2 2 2 2 2 2 2 2 2 2 2 2
left_child=1 9 3 5 -5 -2 -6 8 -4 -1 -11 -12 13 -7 15 -14 -15
right_child=2 -3 7 4 6 12 -8 -9 -10 10 11 -13 14 16 -16 -17 -18
leaf_value=0.19251933321356773 -0.19448590574955399 -0.11063835459947587 -0.21657615921235293 0.29085875138301742 -0.075991482138633729 0.13426201172793906 0.12078436520837604 0.03300538302763649 -0.0057158348106202631 0.17072317481040955 0.089721263940446092 -0.086272175944057006 -0.0019538120789961383 -0.064499455392360683 0.014072223813147159 -0.14249967819657819 0.049020972847938542
leaf_weight=21 22 25 29 22 35 27 21 23 21 20 20 29 22 20 37 29 20
leaf_count=21 22 25 29 22 35 27 21 23 21 20 20 29 22 20 37 29 20
internal_value=6.2859e-10 0.034643 -0.0121462 0.00650069 0.0804572 -0.0260903 -0.00220054 -0.0772824 -0.128015 0.0749989 0.0392318 -0.0144381 -0.00218902 0.0494851 -0.0415318 -0.081872 -0.00773924
internal_weight=443 115 328 255 78 177 56 73 50 90 69 49 155 67 88 51 40
internal_count=443 115 328 255 78 177 56 73 50 90 69 49 155 67 88 51 40
is_linear=0
shrinkage=0.1


Tree=65
num_leaves=18
num_cat=0
split_feature=13 10 10 10 11 14 14 3 10 10 10 11 14 14 14 11 13
split_gain=18.1342 79.0387 77.1275 47.8779 80.1195 127.506 63.9596 41.4882 30.0414 28.5055 24.6826 43.9709 20.1336 19.5771 22.6953 32.0505 13.0799
threshold=22.599201740373072 42.500000000000007 66.500000000000014 95.000000000000014 1.0150000000000003 16.500000000000004 20.500000000000004 0.40000000000000008 97.000000000000014 170.50000000000003 146.50000000000003 1.3350000000000002 49.500000000000007 51.500000000000007 14.500000000000002 0.72500000000000009 20.946956660364403
decision_type=2 2 2 2 2 2 2 2 2 2 2 2 2 2 2 2 2
left_child=1 -1 -2 -3 6 -6 9 -8 -4 -5 -10 13 -9 14 -12 -16 -7
right_child=2 3 8 4 5 16 7 12 10 -11 11 -13 -14 -15 15 -17 -18
leaf_value=-0.20369166863550034 0.20870053592603655 0.10313781644846942 -0.11074324981087731 0.028240167988198145 0.091701061958852026 -0.23813233907733644 0.20259165141893473 0.098609444374839469 0.086776240934666848 -0.12840486400975631 -0.092061333462595943 0.096620484471561463 -0.037242691442370413 -0.12884506300091744 -0.060610353237106687 0.11210476844148204 -0.13509446517987686
leaf_weight=21 20 37 21 21 23 28 23 24 38 26 25 31 20 20 21 22 22
leaf_count=21 20 37 21 21 23 28 23 24 38 26 25 31 20 20 21 22 22
internal_value=6.41624e-10 -0.0181885 0.022506 -0.000797599 -0.0213624 -0.10316 0.0310166 0.093752 0.00158526 -0.0584145 0.0166101 -0.0057959 0.0368585 -0.0418744 -0.0162948 0.0277555 -0.192796
internal_weight=443 245 198 224 187 73 114 67 178 47 157 119 44 88 68 43 50
internal_count=443 245 198 224 187 73 114 67 178 47 157 119 44 88 68 43 50
is_linear=0
shrinkage=0.1


Tree=66
num_leaves=16
num_cat=0
split_feature=13 10 10 11 10 10 11 11 13 11 11 10 10 10 13
split_gain=16.0306 27.2487 32.6959 29.0659 90.7414 83.0883 80.4714 25.0215 22.8109 20.2479 53.5546 42.2164 144.915 34.5005 27.728
threshold=29.556088964511428 385.00000000000006 288.50000000000006 1.2150000000000001 42.500000000000007 180.50000000000003 1.0150000000000003 1.135 27.048397508229275 0.31500000000000006 0.46500000000000002 146.50000000000003 117.50000000000001 211.50000000000003 21.856512675973637
decision_type=2 2 2 2 2 2 2 2 2 2 2 2 2 2 2
left_child=1 2 3 4 -1 -5 8 -4 9 -6 -11 12 -12 14 -13
right_child=-2 -3 7 5 6 -7 -8 -9 -10 10 11 13 -14 -15 -16
leaf_value=-0.20096282466099813 0.085274697343508399 -0.10550446236133576 0.14900168082118034 0.15338224812939361 0.090403942038354126 -0.058543711377156749 -0.17495103067159654 0.00093548539138975601 -0.082619706879962576 -0.098452342839704624 -0.033415732507047984 -0.14751066522938866 0.31151563560678847 0.068784615120717471 0.0098332250025123368
leaf_weight=26 21 25 25 37 38 37 25 21 22 36 29 21 21 35 24
leaf_count=26 21 25 25 37 38 37 25 21 22 36 29 21 21 35 24
internal_value=-1.8248e-10 -0.00424353 0.00213311 -0.00825597 -0.0231295 0.0474193 -0.00470851 0.0814062 0.0141236 0.0245567 0.00948327 0.0393731 0.111455 -0.00567831 -0.0635939
internal_weight=443 422 397 351 277 74 251 46 226 204 166 130 50 80 45
internal_count=443 422 397 351 277 74 251 46 226 204 166 130 50 80 45
is_linear=0
shrinkage=0.1


Tree=67
num_leaves=19
num_cat=0
split_feature=10 14 11 11 11 13 10 14 13 13 11 11 13 10 13 13 10 11
split_gain=19.3097 22.5248 36.1519 52.3669 32.5358 95.1804 71.2626 74.466 54.4804 42.9084 68.0037 48.2068 65.0414 24.7247 20.8024 13.5392 10.9711 6.21402
threshold=37.500000000000007 5.5000000000000009 2.0650000000000004 1.6050000000000002 1.0150000000000003 18.362423955463733 141.50000000000003 19.500000000000004 19.621199242224126 25.154322115764035 0.84500000000000008 0.42500000000000004 22.048309340898417 224.50000000000003 22.593845965958916 27.745978080325262 151.50000000000003 0.66500000000000015
decision_type=2 2 2 2 2 2 2 2 2 2 2 2 2 2 2 2 2 2
left_child=-1 -2 3 4 5 -3 -6 -8 -7 10 11 12 -10 -9 17 16 -11 -13
right_child=1 2 -4 -5 6 8 7 13 9 15 -12 14 -14 -15 -16 -17 -18 -19
leaf_value=0.089216878281339354 0.098681259527802476 0.20530103622851048 -0.12408502692929829 0.14404069003851519 -0.21103586544826008 -0.1405410839565869 0.11810346643129986 -0.01820981912314892 0.1975947450399399 -0.078214170597493651 0.20295978965725575 -0.11992746529479821 -0.041128228533835638 -0.17545066744089127 0.021328414465871554 -0.1291528807580471 0.018436487585954047 -0.044454375524073844
leaf_weight=23 20 22 26 23 24 29 27 20 25 24 21 24 21 20 31 20 23 20
leaf_count=23 20 22 26 23 24 29 27 20 25 24 21 24 21 20 31 20 23 20
internal_value=2.28206e-10 -0.00488569 -0.010064 -0.00213744 -0.0117161 0.00629592 -0.0631789 -0.0102152 -0.0120995 0.00572252 0.0368462 0.00801661 0.0886125 -0.0968302 -0.0414155 -0.0602412 -0.030917 -0.0856215
internal_weight=443 420 400 374 351 260 91 67 238 209 142 121 46 40 75 67 47 44
internal_count=443 420 400 374 351 260 91 67 238 209 142 121 46 40 75 67 47 44
is_linear=0
shrinkage=0.1


Tree=68
num_leaves=18
num_cat=0
split_feature=13 11 14 11 10 3 11 11 10 11 13 10 10 11 13 11 13
split_gain=18.8508 20.2095 62.0623 66.5131 73.8079 35.5125 31.2063 29.4093 56.6919 57.5004 46.607 44.0812 41.1873 33.3341 30.938 30.5487 3.56999
threshold=17.746598639455787 0.39500000000000007 89.500000000000014 0.58500000000000008 135.50000000000003 1.1000000000000003 0.23500000000000001 1.6050000000000002 131.50000000000003 0.9850000000000001 21.617293515967763 249.50000000000003 352.50000000000006 0.88500000000000012 22.544817190049979 0.76500000000000012 23.042303907986625
decision_type=2 2 2 2 2 2 2 2 2 2 2 2 2 2 2 2 2
left_child=-1 5 3 4 -3 -2 -7 8 9 -5 -9 13 16 15 -15 -10 -13
right_child=1 2 -4 7 -6 6 -8 10 11 -11 -12 12 -14 14 -16 -17 -18
leaf_value=-0.073928091558627784 -0.14432046413421631 0.25538446664810183 0.14895529663190246 -0.034408107220574663 0.013284965571673477 0.10341888785362244 -0.052374519345661008 0.16725441165268423 0.050411542132496837 -0.2550381612210047 -0.035795460125574698 -0.10166718721389773 0.044214898049831391 0.0038157903678005655 0.16565187291966543 -0.11692947356496007 -0.16141661975532773
leaf_weight=32 23 20 32 27 34 20 36 20 24 21 26 20 20 21 27 20 20
leaf_count=32 23 20 32 27 34 20 36 20 24 21 26 20 20 21 27 20 20
internal_value=1.41654e-09 0.00575596 0.0165728 0.00245202 0.102951 -0.0397022 0.00326598 -0.0196088 -0.0361909 -0.130934 0.0524871 -0.0062721 -0.0729563 0.0372176 0.0948486 -0.0256526 -0.131542
internal_weight=443 411 332 300 54 79 56 246 200 48 46 152 60 92 48 44 40
internal_count=443 411 332 300 54 79 56 246 200 48 46 152 60 92 48 44 40
is_linear=0
shrinkage=0.1


Tree=69
num_leaves=17
num_cat=0
split_feature=13 10 10 3 11 10 10 11 10 10 11 10 14 14 3 14
split_gain=20.4409 22.9031 29.578 66.9209 18.598 90.4942 80.6899 61.5697 18.6537 66.9779 39.1898 24.6713 26.8108 25.5123 22.6792 16.9695
threshold=29.556088964511428 385.00000000000006 266.00000000000006 1.7500000000000002 1.2150000000000001 180.50000000000003 42.500000000000007 1.0150000000000003 111.50000000000001 127.50000000000001 0.58500000000000008 225.50000000000003 47.500000000000007 24.500000000000004 2.5000000000000004 18.500000000000004
decision_type=2 2 2 2 2 2 2 2 2 2 2 2 2 2 2 2
left_child=1 2 4 -4 6 -6 -1 8 10 -10 14 12 13 15 -8 -11
right_child=-2 -3 3 -5 5 -7 7 -9 9 11 -12 -13 -14 -15 -16 -17
leaf_value=-0.18990523274271534 0.096292930788227496 -0.097627835109829919 0.20457127742807973 -0.01355211895245772 0.14220684108550888 -0.087439237185753887 0.08800869807600975 -0.15646401072541874 0.19298624911091544 -0.053699779127900665 -0.14099323641170156 0.083653139503051838 0.077493898367339928 -0.14485504090785981 -0.056176075320690869 0.060629125013947488
leaf_weight=26 21 25 22 39 37 32 24 24 22 37 22 30 22 20 20 20
leaf_count=26 21 25 22 39 37 32 24 24 22 37 22 30 22 20 20 20
internal_value=-7.11211e-10 -0.00479183 0.00105427 0.0651153 -0.0105759 0.0357043 -0.0225359 -0.00447947 0.0123299 0.0317136 -0.0320176 0.00420969 -0.0198641 -0.0476807 0.0224702 -0.0135844
internal_weight=443 422 397 61 336 69 267 241 217 151 66 129 99 77 44 57
internal_count=443 422 397 61 336 69 267 241 217 151 66 129 99 77 44 57
is_linear=0
shrinkage=0.1


Tree=70
num_leaves=18
num_cat=0
split_feature=10 14 11 3 11 10 10 11 13 10 10 14 14 14 10 14 14
split_gain=21.5831 19.2785 35.0086 44.0986 106.759 69.1919 83.4342 58.1485 49.4652 30.9988 90.7766 49.7324 19.1195 30.479 16.9084 16.6982 1.49513
threshold=37.500000000000007 5.5000000000000009 2.0650000000000004 1.1000000000000003 1.3350000000000002 241.50000000000003 184.50000000000003 1.3650000000000004 21.2812259890182 123.50000000000001 146.50000000000003 23.250000000000004 49.500000000000007 30.500000000000004 244.50000000000003 23.250000000000004 16.500000000000004
decision_type=2 2 2 2 2 2 2 2 2 2 2 2 2 2 2 2 2
left_child=-1 -2 3 4 5 6 8 9 -3 11 -11 -5 13 14 16 -10 -12
right_child=1 2 -4 7 -6 -7 -8 -9 15 10 12 -13 -14 -15 -16 -17 -18
leaf_value=0.094322631815853333 0.090648293420672432 0.13021397807945809 -0.12215955468037953 0.026110660980145136 0.2348900979074339 0.15223895165448387 -0.21307961358910515 -0.15330699225887656 -0.11282874892155331 0.21474687963724137 0.038606293871998792 -0.15178781942690189 -0.08430597166220348 0.11359518173904647 -0.077668862275277209 0.014845192879438402 0.00082835846326567925
leaf_weight=23 20 24 26 30 24 24 21 32 21 20 20 33 30 21 32 20 22
leaf_count=23 20 24 26 30 24 24 21 32 21 20 20 33 30 21 32 20 22
internal_value=7.96841e-10 -0.00516529 -0.00995597 -0.00215572 0.043799 0.00210635 -0.0397911 -0.0278137 0.0161944 -0.00850709 0.0169393 -0.0670743 -0.0147099 0.00726784 -0.0229061 -0.0505488 0.0188179
internal_weight=443 420 400 374 134 110 86 240 65 208 145 63 125 95 74 41 42
internal_count=443 420 400 374 134 110 86 240 65 208 145 63 125 95 74 41 42
is_linear=0
shrinkage=0.1


Tree=71
num_leaves=18
num_cat=0
split_feature=13 10 9 10 11 11 13 2 13 11 10 2 13 13 13 10 13
split_gain=17.7533 21.4226 28.6106 80.9909 32.5244 33.6222 77.9653 50.5907 47.8102 46.3237 37.5692 40.3928 71.3421 85.3702 20.835 15.5289 14.0338
threshold=29.386255879762377 385.00000000000006 1.0000000180025095e-35 42.500000000000007 1.8150000000000002 1.0150000000000003 18.362423955463733 1.0000000180025095e-35 19.621199242224126 0.31500000000000006 111.50000000000001 1.0000000180025095e-35 23.406121982246741 21.617293515967763 20.895637373465917 169.50000000000003 23.21359632817639
decision_type=2 2 2 2 2 2 2 2 2 2 2 2 2 2 2 2 2
left_child=1 2 3 -1 5 6 -5 14 -8 -10 -11 12 13 -12 -7 -14 -13
right_child=-2 -3 -4 4 -6 7 8 -9 9 10 11 16 15 -15 -16 -17 -18
leaf_value=-0.17229849119429236 0.083644765553375092 -0.094556077534332872 0.11447371797902245 0.20608287382870916 0.1070335902273655 -0.17716188907623293 -0.11976233957142667 0.064314688804248968 0.12776269456371667 -0.10488179047902427 0.01560904004357078 -0.11847219287994362 -0.093951960120882305 0.30107306577265264 -0.055322030809475113 0.029170430451631549 -0.0014266566932201385
leaf_weight=27 24 25 21 20 30 25 29 24 32 30 22 21 21 20 32 20 20
leaf_count=27 24 25 21 20 30 25 29 24 32 30 22 21 21 20 32 20 20
internal_value=-2.82655e-10 -0.00479111 0.000904638 -0.00548933 0.00752757 -0.00191921 0.0172312 -0.057479 -0.000336404 0.0182838 -0.0044651 0.0198293 0.0599431 0.151544 -0.108761 -0.0338923 -0.0613768
internal_weight=443 419 394 373 346 316 235 81 215 186 154 124 83 42 57 41 41
internal_count=443 419 394 373 346 316 235 81 215 186 154 124 83 42 57 41 41
is_linear=0
shrinkage=0.1


Tree=72
num_leaves=17
num_cat=0
split_feature=10 14 11 3 11 10 10 11 13 10 10 10 7 11 14 14
split_gain=24.1435 15.7706 33.2004 37.1242 87.3279 55.3836 66.5141 44.1391 39.8211 22.8707 72.2301 40.6661 18.1075 48.7734 45.0314 13.5633
threshold=37.500000000000007 5.5000000000000009 2.0650000000000004 1.1000000000000003 1.3350000000000002 241.50000000000003 184.50000000000003 1.3650000000000004 21.2812259890182 123.50000000000001 146.50000000000003 87.500000000000014 0.90000000000000013 0.88500000000000012 20.500000000000004 23.250000000000004
decision_type=2 2 2 2 2 2 2 2 2 2 2 2 2 2 2 2
left_child=-1 -2 3 4 5 6 8 9 -3 11 -11 -5 13 14 -12 -10
right_child=1 2 -4 7 -6 -7 -8 -9 15 10 12 -13 -14 -15 -16 -17
leaf_value=0.099760581650163827 0.081196138709783552 0.11706197659174603 -0.11906353957377946 0.0037988674803039971 0.21279280755358437 0.13657563513455293 -0.18995084708024348 -0.13507757056504488 -0.10125506681700547 0.18938381539657712 -0.16139686746256693 -0.16164418086409571 -0.075138733242703093 0.11272670346545055 0.02106927378397239 0.013811758756637574
leaf_weight=23 20 24 26 39 24 24 21 32 21 20 21 24 36 30 38 20
leaf_count=23 20 24 26 39 24 24 21 32 21 20 21 24 36 30 38 20
internal_value=-8.93034e-10 -0.00546308 -0.00979604 -0.00219991 0.0399645 0.00225649 -0.0352279 -0.0257417 0.0147595 -0.00892079 0.0129364 -0.0592271 -0.0152952 0.00891123 -0.0438763 -0.0451249
internal_weight=443 420 400 374 134 110 86 240 65 208 145 63 125 89 59 41
internal_count=443 420 400 374 134 110 86 240 65 208 145 63 125 89 59 41
is_linear=0
shrinkage=0.1


Tree=73
num_leaves=17
num_cat=0
split_feature=10 14 14 11 14 14 7 14 13 14 13 10 10 3 13 14
split_gain=19.5562 13.2249 26.8797 62.406 19.4071 21.4664 33.0885 76.9533 58.5589 52.0294 61.1197 22.4482 31.1337 32.8753 17.3913 12.3862
threshold=37.500000000000007 154.00000000000003 70.000000000000014 0.84500000000000008 49.500000000000007 39.500000000000007 0.28750000000000003 18.500000000000004 22.668101204640106 13.500000000000002 20.241626650496311 316.00000000000006 93.500000000000014 2.5000000000000004 24.413122754027992 21.500000000000004
decision_type=2 2 2 2 2 2 2 2 2 2 2 2 2 2 2 2
left_child=-1 2 4 -4 5 6 9 8 -8 10 -2 12 -11 15 -12 -14
right_child=1 -3 3 -5 -6 -7 7 -9 -10 11 14 -13 13 -15 -16 -17
leaf_value=0.089784530598832221 0.15532142838033347 -0.080391479622234002 -0.044459400006702975 0.20236061863601207 -0.08141533915391741 0.068613412976264956 -0.17242105422541498 0.15194309552510579 0.04705428620499949 -0.1624366942048073 0.020726754199023603 -0.15490813106298448 -0.12594128345901318 0.06887416393997578 -0.09760614244834237 -0.024859359805230741
leaf_weight=23 26 22 21 20 34 38 20 36 31 20 27 27 22 26 23 27
leaf_count=23 26 22 21 20 34 38 20 36 31 20 27 27 22 26 23 27
internal_value=2.86755e-10 -0.00491677 -0.000744803 0.0759406 -0.00955181 -0.00198723 -0.0114006 0.0400025 -0.0390145 -0.0339869 0.030961 -0.0744462 -0.0515781 -0.0220158 -0.0337064 -0.0702431
internal_weight=443 420 398 41 357 323 285 87 51 198 76 122 95 75 50 49
internal_count=443 420 398 41 357 323 285 87 51 198 76 122 95 75 50 49
is_linear=0
shrinkage=0.1


Tree=74
num_leaves=17
num_cat=0
split_feature=13 10 13 10 10 11 10 13 11 11 11 11 10 14 14 10
split_gain=19.2617 21.1153 25.751 37.9114 78.0623 24.4123 27.7576 20.0773 22.2688 26.3272 19.5435 19.3863 23.6681 14.0562 31.2051 9.09592
threshold=17.746598639455787 45.500000000000007 20.241626650496311 130.00000000000003 237.50000000000003 1.6500000000000001 348.50000000000006 28.461315939270087 1.0150000000000003 0.84500000000000008 1.2150000000000001 0.76500000000000012 198.50000000000003 19.500000000000004 51.500000000000007 123.50000000000001
decision_type=2 2 2 2 2 2 2 2 2 2 2 2 2 2 2 2
left_child=-1 -2 3 -3 -5 6 7 8 9 11 -10 12 13 15 -15 -4
right_child=1 2 5 4 -6 -7 -8 -9 10 -11 -12 -13 -14 14 -16 -17
leaf_value=-0.074729470629245051 0.089647992487464634 0.17058552473783495 0.074906926921435774 -0.12376210816049327 0.12201287073216267 -0.091462873816490181 0.11065020430833102 -0.091587086234773907 -0.13739646479487419 0.10187814426126665 -0.0097789831707874933 -0.086688452246396444 0.081676291819247945 -0.11668443032379808 0.045682283043861391 -0.019323394149541859
leaf_weight=32 28 20 21 24 28 35 20 28 20 29 30 23 36 29 20 20
leaf_count=32 28 20 21 24 28 35 20 28 20 29 30 23 36 29 20 20
internal_value=8.06235e-10 0.00581835 -0.000310184 0.0535803 0.00857827 -0.0127864 -0.00280935 -0.0116734 -0.00185941 0.0147042 -0.060826 -0.0022625 0.0131486 -0.0142625 -0.0504123 0.0289409
internal_weight=443 411 383 72 52 311 276 256 228 178 50 149 126 90 49 41
internal_count=443 411 383 72 52 311 276 256 228 178 50 149 126 90 49 41
is_linear=0
shrinkage=0.1


Tree=75
num_leaves=17
num_cat=0
split_feature=13 11 13 11 10 7 10 14 11 11 13 10 13 13 14 11
split_gain=20.7193 39.1952 23.0495 26.5844 144.401 83.5269 72.9742 49.1662 44.5137 21.2898 29.3142 35.5785 29.2381 33.1188 17.8258 1.08147
threshold=26.894566538686366 0.72500000000000009 25.840542876203994 0.84500000000000008 124.50000000000001 0.90000000000000013 42.500000000000007 13.500000000000002 1.0600000000000003 0.31500000000000006 18.653253647939497 111.50000000000001 21.494422278208805 22.845011101700738 35.500000000000007 0.52500000000000013
decision_type=2 2 2 2 2 2 2 2 2 2 2 2 2 2 2 2
left_child=2 -2 3 6 -5 7 -1 -6 -9 -8 -11 -12 15 -14 -10 -13
right_child=1 -3 -4 4 5 -7 9 8 14 10 11 12 13 -15 -16 -17
leaf_value=-0.20265218599566392 0.16478461055528551 -0.0046688295709781157 -0.10139279270172119 0.21464298417170846 0.14609426548299584 -0.19741264879703524 0.064345003824148858 0.09762465046799701 -0.015973503794521095 0.089734537377953533 -0.14732412338256837 -0.063371648043394097 0.12809658815914934 -0.026838921896509223 -0.12825157931790904 -0.096257352977991109
leaf_weight=21 21 39 25 33 23 22 35 23 31 20 25 20 22 37 26 20
leaf_count=21 21 39 25 33 23 22 35 23 31 20 25 20 22 37 26 20
internal_value=-1.31394e-10 0.0546399 -0.00855977 -0.00207702 0.028582 -0.0205381 -0.0262976 0.0172409 -0.0198044 -0.005608 -0.0226105 -0.0407306 -0.0138131 0.0309336 -0.0671881 -0.0798145
internal_weight=443 60 383 358 158 125 200 103 80 179 144 124 99 59 57 40
internal_count=443 60 383 358 158 125 200 103 80 179 144 124 99 59 57 40
is_linear=0
shrinkage=0.1


Tree=76
num_leaves=17
num_cat=0
split_feature=12 10 11 13 13 10 13 0 14 13 11 13 13 13 11 13
split_gain=19.0375 37.0722 30.8912 49.992 34.7144 43.8905 20.8911 20.8442 22.3726 20.3512 33.6312 61.7639 28.2744 56.8507 25.9028 21.0261
threshold=3.5000000000000004 45.500000000000007 1.8150000000000002 17.992570526047306 20.366873941142579 170.50000000000003 23.828163813030319 1.5000000000000002 17.500000000000004 23.875273655078633 0.74500000000000011 22.593845965958916 26.894566538686366 28.461315939270087 0.82500000000000007 21.969228019313011
decision_type=2 2 2 2 2 2 2 2 2 2 2 2 2 2 2 2
left_child=6 -2 3 -3 5 -5 7 8 -1 10 15 -12 14 -14 -11 -6
right_child=1 2 -4 4 9 -7 -8 -9 -10 12 11 -13 13 -15 -16 -17
leaf_value=-0.099824482259842071 0.13209914087007443 0.14557796567678452 0.10939773321151734 -0.19911756759340116 0.040682133853435519 -0.0088389537952564389 0.033125752151351086 -0.13956907944132885 0.022637715415496914 -0.029125281861599756 -0.0046326704831285911 0.20883919220903646 0.14349771113622756 -0.089189925293127692 -0.1725472390651703 -0.083491822903354967
leaf_weight=26 24 20 25 22 25 27 33 24 35 34 33 23 21 21 20 30
leaf_count=26 24 20 25 22 25 27 33 24 35 34 33 23 21 21 20 30
internal_value=6.6044e-10 0.0124912 0.0029543 -0.00668731 -0.018583 -0.0942702 -0.0344036 -0.0606209 -0.0295593 -0.000666758 0.028493 0.0830433 -0.0343827 0.0271539 -0.0822445 -0.0270491
internal_weight=443 325 301 276 256 49 118 85 61 207 111 56 96 42 54 55
internal_count=443 325 301 276 256 49 118 85 61 207 111 56 96 42 54 55
is_linear=0
shrinkage=0.1


Tree=77
num_leaves=18
num_cat=0
split_feature=13 10 10 11 13 13 10 10 11 7 10 7 11 1 13 13 3
split_gain=19.8079 20.3549 29.5084 28.3147 15.7319 57.8343 39.9245 49.3599 49.471 27.399 36.9915 20.0125 19.2432 36.7633 10.6448 7.9395 6.13044
threshold=29.556088964511428 385.00000000000006 288.50000000000006 0.96500000000000008 22.599201740373072 23.406121982246741 42.500000000000007 95.000000000000014 1.3650000000000004 0.45000000000000007 117.50000000000001 1.1000000000000003 0.49500000000000005 1.0000000180025095e-35 25.994525542386572 24.784576610708303 2.5000000000000004
decision_type=2 2 2 2 2 2 2 2 2 2 2 2 2 2 2 2 2
left_child=1 2 4 -4 6 -6 -1 -8 12 10 -7 -11 -9 16 15 -12 -14
right_child=-2 -3 3 -5 5 9 7 8 -10 11 14 -13 13 -15 -16 -17 -18
leaf_value=-0.15818910240417436 0.094790276601201012 -0.092236210256814957 -0.013349599018692971 0.144914753563129 0.16106680333614351 -0.15327832945015119 0.090299089907391661 0.048853144262518203 -0.17364906222438037 0.11407308323929709 -0.020373992864042522 -0.015066832738618056 -0.13814025780429012 0.033031407376197551 -0.064268999993801118 0.067662702784651807 -0.062439347244799139
leaf_weight=21 21 25 20 26 23 23 37 35 23 24 20 24 23 37 20 21 20
leaf_count=21 21 25 20 26 23 23 37 35 23 24 20 24 23 37 20 21 20
internal_value=-6.81148e-11 -0.00471705 0.00079423 0.0761042 -0.00907545 0.0147312 -0.0279022 -0.0122677 -0.0397675 -0.0107666 -0.0452065 0.0495031 -0.0129912 -0.0400481 -0.00445808 0.024718 -0.102931
internal_weight=443 422 397 46 351 155 196 175 138 132 84 48 115 80 61 41 43
internal_count=443 422 397 46 351 155 196 175 138 132 84 48 115 80 61 41 43
is_linear=0
shrinkage=0.1


Tree=78
num_leaves=16
num_cat=0
split_feature=10 11 10 11 10 14 11 13 13 13 11 13 10 10 3
split_gain=19.0192 11.0797 19.0189 17.6445 32.6471 30.5632 74.4008 23.0974 24.558 43.5042 18.9691 34.7058 17.8922 20.9037 37.2825
threshold=37.500000000000007 0.22500000000000003 66.500000000000014 0.34500000000000003 95.000000000000014 65.500000000000014 0.9850000000000001 18.092570300581887 19.509105725623588 20.946956660364403 1.6500000000000001 21.969228019313011 262.50000000000006 191.50000000000003 2.5000000000000004
decision_type=2 2 2 2 2 2 2 2 2 2 2 2 2 2 2
left_child=-1 -2 -3 -4 -5 7 -7 -6 -9 -10 11 -11 13 14 -13
right_child=1 2 3 4 5 6 -8 8 9 10 -12 12 -14 -15 -16
leaf_value=0.088543179922777673 0.065948442334220522 -0.094876126945018777 -0.077977006753970846 0.10478629809001397 -0.10847290364595562 0.18084531959432823 -0.075701085238251836 0.078793269568788155 -0.11637386109870979 0.11821657860508333 -0.084504478975482619 -0.080471374502835369 -0.071948415718295355 0.072332826771496522 0.087459707036614431
leaf_weight=23 21 24 29 29 26 26 20 28 39 26 23 39 33 37 20
leaf_count=23 21 24 29 29 26 26 20 28 39 26 23 39 33 37 20
internal_value=7.64189e-10 -0.00484879 -0.00857496 -0.00305169 0.00322818 -0.00606263 0.0693034 -0.0188554 -0.00934495 -0.0207176 0.000240761 0.0128159 -0.00842769 0.0134076 -0.0235456
internal_weight=443 420 399 375 346 317 46 271 245 217 178 155 129 96 59
internal_count=443 420 399 375 346 317 46 271 245 217 178 155 129 96 59
is_linear=0
shrinkage=0.1


Tree=79
num_leaves=17
num_cat=0
split_feature=13 11 10 10 10 10 10 11 13 11 11 10 10 10 14 11
split_gain=16.5807 22.6431 63.6669 58.8221 92.8812 45.2305 39.5853 37.6274 28.9709 12.9929 41.5941 24.762 78.8669 24.2487 17.0188 15.2656
threshold=29.556088964511428 1.2150000000000001 42.500000000000007 316.00000000000006 274.50000000000006 180.50000000000003 330.00000000000006 1.0150000000000003 23.483455882352946 0.31500000000000006 0.46500000000000002 146.50000000000003 111.50000000000001 172.50000000000003 21.500000000000004 0.68500000000000016
decision_type=2 2 2 2 2 2 2 2 2 2 2 2 2 2 2 2
left_child=1 2 -1 4 7 -3 8 9 -7 14 -11 12 -12 -13 -4 -15
right_child=-2 5 3 -5 -6 6 -8 -9 -10 10 11 13 -14 15 -16 -17
leaf_value=-0.16744963862001896 0.086725384280795154 0.12495448713920809 -0.008326756488531829 -0.13683430016040804 0.21810757175087928 -0.14811266589571129 0.10020121179875874 -0.12495430881778401 0.012400976082553035 -0.096009608148000192 -0.040367939811328364 -0.091362681984901439 0.19948385615761466 0.086602299757625748 0.12056699334865524 -0.018882779798963491
leaf_weight=26 21 37 20 30 20 22 21 24 23 39 29 27 26 23 21 34
leaf_count=26 21 37 20 30 20 22 21 24 23 39 29 27 26 23 21 34
internal_value=-5.81288e-10 -0.00431572 -0.0174781 -0.00417006 0.0109627 0.0364494 -0.0131671 -0.00608622 -0.0660724 0.00694042 -0.00474954 0.0208558 0.0730165 -0.0132971 0.057692 0.0236814
internal_weight=443 422 319 293 263 103 66 243 45 219 178 139 55 84 41 57
internal_count=443 422 319 293 263 103 66 243 45 219 178 139 55 84 41 57
is_linear=0
shrinkage=0.1


Tree=80
num_leaves=18
num_cat=0
split_feature=10 13 13 14 9 13 11 11 11 14 10 11 10 14 13 10 13
split_gain=20.8856 11.6202 28.574 24.3624 27.0584 23.1087 27.5525 33.0917 69.25 40.0225 44.0134 43.1596 31.401 31.5481 17.4922 11.1778 6.14735
threshold=37.500000000000007 27.630930609501839 26.374424302519063 154.00000000000003 1.0000000180025095e-35 17.746598639455787 1.8150000000000002 1.0150000000000003 0.88500000000000012 20.500000000000004 127.50000000000001 0.49500000000000005 167.50000000000003 20.500000000000004 21.745954223563533 175.50000000000003 22.599201740373072
decision_type=2 2 2 2 2 2 2 2 2 2 2 2 2 2 2 2 2
left_child=-1 2 3 4 5 -2 7 8 9 14 -11 -12 -9 -14 -7 -3 -13
right_child=1 15 -4 -5 -6 6 -8 12 -10 10 11 16 13 -15 -16 -17 -18
leaf_value=0.092786056030055755 -0.086437376091877627 -0.10175583414409473 0.11137694912877949 -0.11054281493028005 -0.11219539264217021 -0.11627340203634016 0.11185383202025184 -0.14805665615460148 0.20388329062610866 0.14079513156955892 0.10209051456588965 -0.096376067238009511 0.069443853600667071 -0.089549557367960608 -0.010414074713716637 -0.0041989556203285852 -0.020570849338546398
leaf_weight=23 24 23 22 21 20 27 27 23 20 33 26 23 26 24 37 24 20
leaf_count=23 24 23 22 21 20 27 27 23 20 33 26 23 26 24 37 24 20
internal_value=-8.42185e-10 -0.00508114 0.000823269 -0.00610602 0.000539957 0.0078132 0.0157223 0.00570092 0.028094 0.0069146 0.0458091 0.000380969 -0.0513555 -0.00687298 -0.0550735 -0.0519396 -0.0611178
internal_weight=443 420 373 351 330 310 286 259 186 166 102 69 73 50 64 47 43
internal_count=443 420 373 351 330 310 286 259 186 166 102 69 73 50 64 47 43
is_linear=0
shrinkage=0.1


Tree=81
num_leaves=17
num_cat=0
split_feature=10 13 10 10 14 14 11 1 2 1 10 10 14 10 10 10
split_gain=16.9174 13.5734 75.3095 29.8271 25.6406 34.2415 31.3756 20.1007 14.9223 29.5741 121.039 55.0488 32.1446 15.8384 8.66964 6.71497
threshold=37.500000000000007 21.244537712537348 95.000000000000014 97.000000000000014 62.500000000000007 11.500000000000002 0.51500000000000012 1.5000000000000002 1.5000000000000002 1.5000000000000002 220.50000000000003 246.50000000000003 29.500000000000004 175.50000000000003 76.000000000000014 247.50000000000003
decision_type=2 2 2 2 2 2 2 2 2 2 2 2 2 2 2 2
left_child=-1 2 -2 14 5 -4 -7 -8 9 10 -5 12 -11 -10 -3 -15
right_child=1 3 4 8 -6 6 7 -9 13 11 -12 -13 -14 15 -16 -17
leaf_value=0.083507464014236699 0.17792518872022631 -0.051055177224093473 0.059701667527357741 0.18357922121841083 0.092174547314643862 0.041994601488113403 -0.15097705829888583 -0.030633813388767129 -0.11101335361599923 -0.0083763645030558113 -0.080384542519459506 0.10916710495948792 -0.15653359340848749 0.031915280900218272 -0.13430346101522447 -0.047140782787686304
leaf_weight=23 25 29 30 38 20 20 35 23 22 32 32 22 27 22 22 21
leaf_count=23 25 29 30 38 20 20 35 23 22 32 32 22 27 22 22 21
internal_value=-1.72849e-11 -0.00457303 0.0191751 -0.0181815 -0.0118308 -0.031091 -0.0660113 -0.103255 -0.00194066 0.0153042 0.0629101 -0.0258367 -0.0761771 -0.0420018 -0.0869662 -0.00669349
internal_weight=443 420 153 267 128 108 78 58 216 151 70 81 59 65 51 43
internal_count=443 420 153 267 128 108 78 58 216 151 70 81 59 65 51 43
is_linear=0
shrinkage=0.1


Tree=82
num_leaves=17
num_cat=0
split_feature=11 10 2 0 10 14 13 2 14 11 10 10 10 14 14 11
split_gain=17.4501 41.2873 37.7222 16.6361 14.3028 33.4806 23.6852 22.7873 24.2273 73.941 37.3221 31.3866 36.5536 17.6781 14.3408 19.3159
threshold=0.34500000000000003 47.500000000000007 1.5000000000000002 1.0000000180025095e-35 288.50000000000006 39.500000000000007 22.325832751674682 1.0000000180025095e-35 48.500000000000007 0.85500000000000009 119.00000000000001 156.50000000000003 220.50000000000003 20.500000000000004 34.500000000000007 1.1200000000000003
decision_type=2 2 2 2 2 2 2 2 2 2 2 2 2 2 2 2
left_child=2 -2 3 -1 7 6 -6 8 10 -10 -3 -12 13 -13 15 -9
right_child=1 4 -4 -5 5 -7 -8 14 9 -11 11 12 -14 -15 -16 -17
leaf_value=-0.043261998466082981 0.14436814788551558 0.12307784029028633 0.056891516731543981 -0.17069832940120253 0.055463973830143613 0.14991538364440202 -0.081141618960960352 -0.038141492859293254 0.066622202545404435 -0.18182222052760746 -0.076549843720027377 0.033109784547401509 -0.041636473795070371 0.15709475421387217 0.0039862673969999441 -0.15709883442946845
leaf_weight=21 21 33 22 20 30 20 22 39 25 23 35 23 34 23 31 21
leaf_count=21 21 33 22 20 30 20 22 39 25 23 35 23 34 23 31 21
internal_value=4.66502e-10 0.0080812 -0.0487437 -0.105426 0.000108981 0.0399599 -0.0023307 -0.00988846 0.00931139 -0.0524241 0.0293337 0.00243322 0.0369883 0.0951023 -0.051242 -0.0797766
internal_weight=443 380 63 41 359 72 52 287 196 48 148 115 80 46 91 60
internal_count=443 380 63 41 359 72 52 287 196 48 148 115 80 46 91 60
is_linear=0
shrinkage=0.1


Tree=83
num_leaves=18
num_cat=0
split_feature=13 11 10 11 10 10 14 13 11 13 10 14 10 7 3 1 2
split_gain=16.985 24.4274 68.1382 52.191 45.4444 74.9117 38.1898 38.1182 21.8777 16.5466 13.3781 35.6234 23.0448 20.8246 27.9731 18.0317 10.4196
threshold=29.386255879762377 1.2150000000000001 40.500000000000007 1.3650000000000004 316.00000000000006 274.50000000000006 13.500000000000002 22.668101204640106 1.0150000000000003 27.048397508229275 111.50000000000001 62.500000000000007 87.500000000000014 0.90000000000000013 2.5000000000000004 1.0000000180025095e-35 1.0000000180025095e-35
decision_type=2 2 2 2 2 2 2 2 2 2 2 2 2 2 2 2 2
left_child=1 2 -1 -3 5 8 -5 -8 9 10 12 13 16 14 15 -12 -4
right_child=-2 3 4 6 -6 -7 7 -9 -10 -11 11 -13 -14 -15 -16 -17 -18
leaf_value=-0.18414084785010504 0.081814928414920968 0.17045007827489272 -0.03271102458238602 0.11483158156985329 -0.12204444027505815 0.19389814704656602 -0.10136680932421434 0.069191612303256989 -0.098071649111807352 -0.084247169345617295 -0.061806467821200688 0.14865907817369414 -0.11241777851468041 -0.064607421855131783 0.11202018233136564 0.051973344958745518 0.065766924335843038
leaf_weight=23 24 23 22 21 30 20 38 20 24 20 30 21 21 30 29 26 21
leaf_count=23 24 23 22 21 30 20 38 20 24 20 30 21 21 30 29 26 21
internal_value=-4.90179e-10 -0.0046863 -0.0183825 0.0378795 -0.00541506 0.00783828 -0.000717004 -0.0425536 -0.00741253 0.00247756 0.01115 0.028892 -0.0265517 0.00702153 0.0323023 -0.00898013 0.0153829
internal_weight=443 419 317 102 294 264 79 58 244 220 200 136 64 115 85 56 43
internal_count=443 419 317 102 294 264 79 58 244 220 200 136 64 115 85 56 43
is_linear=0
shrinkage=0.1


Tree=84
num_leaves=16
num_cat=0
split_feature=1 13 11 14 10 14 3 3 7 11 11 14 13 14 10
split_gain=17.6126 43.0827 42.8887 140.616 52.0527 27.8946 53.3485 26.4085 39.8229 29.3766 31.1792 18.0302 18.6076 22.897 12.1801
threshold=1.5000000000000002 27.97794848456893 0.84500000000000008 49.500000000000007 50.000000000000007 13.500000000000002 2.5000000000000004 1.7500000000000002 0.45000000000000007 1.0150000000000003 0.54500000000000015 42.500000000000007 20.62757201646091 19.500000000000004 145.00000000000003
decision_type=2 2 2 2 2 2 2 2 2 2 2 2 2 2 2
left_child=1 2 4 5 -1 -4 -7 8 14 10 -9 12 -6 -14 -2
right_child=7 -3 3 -5 11 6 -8 9 -10 -11 -12 -13 13 -15 -16
leaf_value=-0.16976448673269023 -0.085333070429888636 0.1462823652702829 0.071977602353980472 0.28362515967871466 0.097371424438262535 -0.12258786482470377 0.076137394254857854 -0.11151715186424555 0.13681914361659439 -0.15398221944387144 0.039263648516498509 -0.067167201914957592 0.042278745273749037 -0.073925179044405626 0.0081639519647548082
leaf_weight=23 22 23 31 21 22 35 22 24 20 26 32 35 39 30 38
leaf_count=23 22 23 31 21 22 35 22 24 20 26 32 35 39 30 38
internal_value=1.13335e-09 0.0151396 0.00344858 0.0511182 -0.0314238 -0.00436644 -0.0458869 -0.0262607 0.0146161 -0.0661404 -0.0253567 -0.00617115 0.0172889 -0.0082447 -0.0261183
internal_weight=443 281 258 109 149 88 57 162 80 82 56 126 91 69 60
internal_count=443 281 258 109 149 88 57 162 80 82 56 126 91 69 60
is_linear=0
shrinkage=0.1


Tree=85
num_leaves=19
num_cat=0
split_feature=10 13 13 14 9 13 13 10 10 12 13 11 11 10 13 3 10 13
split_gain=21.1434 12.0264 22.8039 22.2104 24.8325 20.3166 22.7028 57.1819 65.3082 32.0332 43.2579 27.5593 22.377 21.9666 27.4073 7.37637 6.9025 1.17847
threshold=37.500000000000007 27.630930609501839 26.374424302519063 154.00000000000003 1.0000000180025095e-35 17.746598639455787 21.2812259890182 105.50000000000001 156.50000000000003 2.5000000000000004 19.509105725623588 1.2950000000000002 0.84500000000000008 189.50000000000003 22.593845965958916 2.5000000000000004 175.50000000000003 23.321073098911345
decision_type=2 2 2 2 2 2 2 2 2 2 2 2 2 2 2 2 2 2
left_child=-1 2 3 4 5 -2 7 -7 -9 -10 -11 12 13 14 -8 -16 -3 -13
right_child=1 16 -4 -5 -6 6 11 8 9 10 -12 17 -14 -15 15 -17 -18 -19
leaf_value=0.093356979346793642 -0.080356187264745443 -0.091929531097412115 0.099656799706545743 -0.10501350618544079 -0.10694910779595375 0.20380028113722803 -0.13816431093783607 -0.13305351625789294 -0.042490563616156579 0.20406521004624667 0.017888461855741649 -0.097177375592291365 0.079524930154806703 0.058129086898219197 0.038065201540788018 -0.044164172010496265 -0.015267118935783705 -0.062848516069352628
leaf_weight=23 24 23 22 21 20 20 21 22 20 24 26 20 38 31 24 20 24 20
leaf_count=23 24 23 22 21 20 20 21 22 20 24 26 20 38 31 24 20 24 20
internal_value=-2.61107e-10 -0.00511241 0.000894315 -0.00529593 0.00104974 0.00801741 0.0154334 0.0505507 0.0172356 0.0644693 0.107253 -0.00717091 0.014573 -0.0111372 -0.0441718 0.000688214 -0.0527828 -0.0800129
internal_weight=443 420 373 351 330 310 286 112 92 70 50 174 134 96 65 44 47 40
internal_count=443 420 373 351 330 310 286 112 92 70 50 174 134 96 65 44 47 40
is_linear=0
shrinkage=0.1


Tree=86
num_leaves=17
num_cat=0
split_feature=10 13 10 10 13 3 13 14 11 14 3 3 7 13 14 14
split_gain=17.1262 10.2602 40.3472 43.1261 24.5064 45.2145 23.0717 15.9462 19.364 15.728 12.0445 42.2556 20.1193 30.7651 14.014 21.585
threshold=37.500000000000007 21.969228019313011 95.000000000000014 133.50000000000003 18.362423955463733 1.0000000180025095e-35 22.593845965958916 22.500000000000004 0.76500000000000012 70.000000000000014 2.5000000000000004 1.7500000000000002 1.0000000180025095e-35 24.528634983405134 27.500000000000004 13.500000000000002
decision_type=2 2 2 2 2 2 2 2 2 2 2 2 2 2 2 2
left_child=-1 2 -2 -4 -5 -6 -3 -7 -9 10 11 14 13 -12 15 -8
right_child=1 6 3 4 5 7 9 8 -10 -11 12 -13 -14 -15 -16 -17
leaf_value=0.084021280446778174 0.11692942726996639 -0.099093656638456928 -0.12558029540456259 0.094775040348370865 -0.10242625406998046 0.096590913672532364 0.032535631604492667 0.070379785820841798 -0.065575269406492068 0.057876434479840103 0.054968909025192261 -0.16696944109031134 0.0766652581892137 -0.12043088525533677 0.058470579463502641 -0.09530390586171833
leaf_weight=23 31 31 26 30 34 28 25 20 22 32 20 21 29 20 23 28
leaf_count=23 31 31 26 30 34 28 25 20 22 32 20 21 29 20 23 28
internal_value=-8.87174e-11 -0.00460117 0.0125129 -0.00771777 0.0151511 -0.00781738 -0.0188754 0.0381355 -0.000834767 -0.00631593 -0.0186904 -0.0414088 0.0132471 -0.032731 -0.00671441 -0.0350022
internal_weight=443 420 191 160 134 104 229 70 42 198 166 97 69 40 76 53
internal_count=443 420 191 160 134 104 229 70 42 198 166 97 69 40 76 53
is_linear=0
shrinkage=0.1


Tree=87
num_leaves=17
num_cat=0
split_feature=12 1 11 3 2 7 11 11 3 13 11 0 14 14 1 11
split_gain=15.5675 33.5828 71.6547 57.0183 45.4973 73.4332 149.391 28.9918 27.6515 34.8268 19.3836 17.6796 17.527 7.94823 9.77537 4.09496
threshold=3.5000000000000004 1.5000000000000002 1.135 1.7500000000000002 1.0000000180025095e-35 0.90000000000000013 0.54500000000000015 0.31500000000000006 1.7500000000000002 21.969228019313011 1.0150000000000003 1.5000000000000002 31.500000000000004 30.500000000000004 1.5000000000000002 0.64500000000000013
decision_type=2 2 2 2 2 2 2 2 2 2 2 2 2 2 2 2
left_child=11 2 4 -4 5 6 -2 -6 9 -3 15 13 -9 14 -1 -10
right_child=1 8 3 -5 7 -7 -8 12 10 -11 -12 -13 -14 -15 -16 -17
leaf_value=-0.066671314066456211 -0.055558787480644557 0.12191203272058851 0.04263985505184302 0.26138066432692786 0.056603974671590895 -0.093417158864793334 0.29431411632551602 -0.033374696718277162 -0.067901757714294256 -0.038553347046438022 -0.15520402370464237 -0.093232889789523501 -0.13823968326406819 0.034411848802119498 0.01833700751885772 -0.0046762812137603766
leaf_weight=31 23 21 26 22 21 21 26 37 21 38 21 33 28 30 24 20
leaf_count=31 23 21 26 22 21 21 26 37 21 38 21 33 28 30 24 20
internal_value=-1.89208e-11 0.0112955 0.0360523 0.142896 0.00317733 0.0630365 0.130088 -0.0455452 -0.0304432 0.0185614 -0.0770766 -0.0311106 -0.0785473 -0.00699255 -0.0295768 -0.0370601
internal_weight=443 325 204 48 156 70 49 86 121 59 62 118 65 85 55 41
internal_count=443 325 204 48 156 70 49 86 121 59 62 118 65 85 55 41
is_linear=0
shrinkage=0.1


Tree=88
num_leaves=18
num_cat=0
split_feature=13 11 10 10 10 10 10 11 10 14 10 7 13 11 11 14 11
split_gain=15.5442 17.4645 59.9833 35.4714 35.1068 51.3231 29.522 22.5547 27.3033 21.316 36.5085 19.4984 18.6657 17.3712 15.4039 16.2088 0.414946
threshold=29.556088964511428 1.2150000000000001 40.500000000000007 180.50000000000003 316.00000000000006 274.50000000000006 330.00000000000006 0.85500000000000009 165.50000000000003 39.500000000000007 167.50000000000003 1.0000000180025095e-35 23.483455882352946 0.46500000000000002 0.52500000000000013 16.500000000000004 0.70500000000000007
decision_type=2 2 2 2 2 2 2 2 2 2 2 2 2 2 2 2 2
left_child=1 2 -1 -3 5 7 12 9 -9 11 -11 14 -5 -13 15 -4 -16
right_child=-2 3 4 6 -6 -7 -8 8 -10 10 -12 13 -14 -15 16 -17 -18
leaf_value=-0.17129969201658085 0.083971033280804047 0.11000026179527916 0.050050270143482428 -0.12385640913112597 -0.10619945039351782 0.16196712823584677 0.085587079326311752 -0.14462501834268157 0.0036428010022198712 0.11885059585747047 -0.032420090392783839 -0.024205844402313232 0.0049842413028945093 0.10456385113806888 -0.094672894775867475 -0.068725558556616315 -0.074546644943101079
leaf_weight=23 21 37 27 22 30 20 21 23 27 39 27 20 23 22 20 20 21
leaf_count=23 21 37 27 22 30 20 21 23 27 39 27 20 23 22 20 20 21
internal_value=5.87385e-10 -0.00417865 -0.0157383 0.0316227 -0.00365079 0.00791485 -0.0123163 -0.00460973 -0.0645604 0.0106838 0.0569671 -0.0128139 -0.0580045 0.0432449 -0.0395692 -0.000492636 -0.0843643
internal_weight=443 422 319 103 296 266 66 246 50 196 66 130 45 42 88 47 41
internal_count=443 422 319 103 296 266 66 246 50 196 66 130 45 42 88 47 41
is_linear=0
shrinkage=0.1


Tree=89
num_leaves=18
num_cat=0
split_feature=10 13 13 14 9 13 11 11 11 14 10 11 14 10 13 3 13
split_gain=19.7889 10.3767 19.2994 20.6606 21.3417 19.7912 22.262 21.9378 48.8215 26.6027 36.4258 36.0707 24.0083 30.1986 18.413 6.67828 4.54074
threshold=37.500000000000007 27.630930609501839 26.374424302519063 154.00000000000003 1.0000000180025095e-35 17.746598639455787 1.8150000000000002 1.0150000000000003 0.88500000000000012 20.500000000000004 127.50000000000001 0.49500000000000005 35.500000000000007 198.50000000000003 21.745954223563533 2.5000000000000004 22.247343466793208
decision_type=2 2 2 2 2 2 2 2 2 2 2 2 2 2 2 2 2
left_child=-1 2 3 4 5 -2 7 8 9 14 -11 -12 13 -9 -7 -3 -13
right_child=1 15 -4 -5 -6 6 -8 12 -10 10 11 16 -14 -15 -16 -17 -18
leaf_value=0.090316964491553936 -0.0797047551527309 -0.081668944767227886 0.091490910202264797 -0.1012367654414404 -0.099061500281095505 -0.10704872046976731 0.10124861032322602 -0.088372806211312618 0.17166327968239786 0.12440120256082579 0.089644661316504851 -0.094407560303807259 -0.13398203104734421 0.063271807352530546 0.0015611709894713117 -0.0054286798834800726 -0.029256920062977337
leaf_weight=23 24 27 22 21 20 27 27 24 20 33 26 20 20 29 37 20 23
leaf_count=23 24 27 22 21 20 27 27 24 20 33 26 20 20 29 37 20 23
internal_value=-4.54782e-10 -0.00494593 0.000633632 -0.00506113 0.00105914 0.00751854 0.014838 0.00582992 0.0240627 0.00627945 0.0379896 -0.00333767 -0.0406261 -0.00539745 -0.0442586 -0.0492263 -0.0595595
internal_weight=443 420 373 351 330 310 286 259 186 166 102 69 73 53 64 47 43
internal_count=443 420 373 351 330 310 286 259 186 166 102 69 73 53 64 47 43
is_linear=0
shrinkage=0.1


Tree=90
num_leaves=17
num_cat=0
split_feature=10 14 11 3 11 10 11 10 11 14 13 10 14 14 13 11
split_gain=16.029 11.0289 25.1679 34.7494 66.983 40.0547 54.1634 40.8446 30.3383 44.4746 52.2424 29.163 49.5842 43.4747 22.8144 2.6588
threshold=37.500000000000007 5.5000000000000009 2.0650000000000004 1.1000000000000003 1.3350000000000002 348.50000000000006 1.2550000000000001 270.00000000000006 0.9850000000000001 22.500000000000004 23.406121982246741 123.50000000000001 30.500000000000004 23.250000000000004 22.593845965958916 0.72500000000000009
decision_type=2 2 2 2 2 2 2 2 2 2 2 2 2 2 2 2
left_child=-1 -2 3 4 8 6 7 11 9 -3 -11 13 14 -5 -13 -14
right_child=1 2 -4 5 -6 -7 -8 -9 -10 10 -12 12 15 -15 -16 -17
leaf_value=0.081285271971769962 0.068018320053815848 -0.051635693262020749 -0.1032102910371927 0.037782727976640069 0.1906956554700931 0.10768943741208031 -0.14901377144787048 -0.13643076816806571 -0.081461689502386192 0.18734232006328447 -0.024268686994910242 -0.084109145068916785 0.097471776660531764 -0.12854736406694761 0.043628182255283553 0.14903529435396196
leaf_weight=23 20 33 26 30 24 21 36 24 29 28 20 29 20 33 27 20
leaf_count=23 20 33 26 30 24 21 36 24 29 28 20 29 20 33 27 20
internal_value=2.39663e-10 -0.00445134 -0.00807482 -0.00146112 0.0393324 -0.0242375 -0.036888 -0.0148305 0.00630768 0.0377313 0.0991711 0.00352425 0.0382181 -0.0493426 -0.0225215 0.123254
internal_weight=443 420 400 374 134 240 219 183 110 81 48 159 96 63 56 40
internal_count=443 420 400 374 134 240 219 183 110 81 48 159 96 63 56 40
is_linear=0
shrinkage=0.1


Tree=91
num_leaves=17
num_cat=0
split_feature=13 11 10 11 14 13 10 13 13 11 13 10 11 10 10 11
split_gain=16.3644 16.9258 60.6282 39.9291 27.3652 33.3623 27.2046 50.5748 30.0487 36.7527 27.3635 19.4753 29.4588 21.7258 76.5135 20.0272
threshold=29.556088964511428 1.2150000000000001 40.500000000000007 1.3650000000000004 13.500000000000002 22.668101204640106 316.00000000000006 18.362423955463733 19.621199242224126 0.36500000000000005 23.406121982246741 189.50000000000003 0.48500000000000004 111.50000000000001 146.50000000000003 0.77500000000000013
decision_type=2 2 2 2 2 2 2 2 2 2 2 2 2 2 2 2
left_child=1 2 -1 -3 -5 -6 7 -4 -9 10 -10 12 -11 -14 -15 -13
right_child=-2 3 6 4 5 -7 -8 8 9 11 -12 15 13 14 -16 -17
leaf_value=-0.17206284500982449 0.086157924078759704 0.14391976650804281 0.15560198621380897 0.094451213557095764 -0.093796945049574504 0.065767084360122685 -0.09378768548369408 -0.096453312004450717 0.17594649836421014 -0.14457318388989993 0.014330594309351661 0.086832533066626638 -0.086150377563067856 0.15512507158517838 -0.071336298254696104 -0.028973723415817533
leaf_weight=23 21 24 21 21 38 20 30 32 20 21 22 32 28 25 37 28
leaf_count=23 21 24 21 21 38 20 30 32 20 21 22 32 28 25 37 28
internal_value=-1.04274e-10 -0.00428748 -0.0156675 0.0309574 -0.00336034 -0.0387749 -0.00351513 0.00666598 -0.00609996 0.00747425 0.0912905 -0.0131122 -0.037924 -0.0130392 0.0199788 0.0327896
internal_weight=443 422 319 103 79 58 296 266 245 213 42 171 111 90 62 60
internal_count=443 422 319 103 79 58 296 266 245 213 42 171 111 90 62 60
is_linear=0
shrinkage=0.1


Tree=92
num_leaves=18
num_cat=0
split_feature=10 10 10 2 10 14 13 13 11 10 10 10 13 7 14 3 14
split_gain=18.5848 10.3425 21.4361 46.3517 16.1045 21.2092 14.1324 55.6359 30.494 24.9031 16.7717 26.7521 21.4636 18.4469 28.3257 8.47452 23.5116
threshold=37.500000000000007 288.50000000000006 318.50000000000006 1.0000000180025095e-35 262.50000000000006 88.500000000000014 19.897259225194741 20.541946546321181 1.6500000000000001 170.50000000000003 187.50000000000003 214.50000000000003 21.856512675973637 1.1000000000000003 11.500000000000002 1.0000000180025095e-35 23.250000000000004
decision_type=2 2 2 2 2 2 2 2 2 2 2 2 2 2 2 2 2
left_child=-1 4 -3 -4 5 6 9 -8 10 -2 12 -12 -9 14 -14 -16 -17
right_child=1 2 3 -5 -6 -7 7 8 -10 -11 11 -13 13 -15 15 16 -18
leaf_value=0.087526203238445788 -0.099926778452936571 0.11751926802098751 -0.078331248044516105 0.1090584727173502 -0.099204261153936393 -0.079130019868413615 0.16810277161144077 0.068459871775823938 -0.12002418614923954 0.040219068740095412 0.14889690838754177 0.0023268770765174519 0.057996627129614356 0.056588028158460348 -0.032237296027165872 -0.025829401044618519 -0.17071723582533499
leaf_weight=23 32 20 33 22 20 36 21 29 20 21 20 33 20 21 27 21 24
leaf_count=23 32 20 33 22 20 36 21 29 20 21 20 33 20 21 27 21 24
internal_value=-5.03398e-10 -0.0047931 0.0288632 -0.00337536 -0.0121097 -0.00675003 0.00226617 0.0127457 -0.00242874 -0.0443973 0.00963233 0.0576363 -0.00828465 -0.0279801 -0.0472838 -0.0765283 -0.103103
internal_weight=443 420 75 55 345 325 289 236 215 53 195 53 142 113 92 72 45
internal_count=443 420 75 55 345 325 289 236 215 53 195 53 142 113 92 72 45
is_linear=0
shrinkage=0.1


Tree=93
num_leaves=18
num_cat=0
split_feature=10 11 14 11 13 13 10 3 10 13 0 11 13 11 11 13 14
split_gain=15.0537 9.31257 25.9193 16.4102 17.0316 20.5277 26.4615 23.2231 22.7429 32.1893 46.4023 40.5381 28.3483 23.9402 19.373 12.8193 5.23811
threshold=37.500000000000007 1.6050000000000002 21.500000000000004 1.3650000000000004 18.362423955463733 20.701970870657536 314.00000000000006 0.40000000000000008 256.50000000000006 21.244537712537348 1.5000000000000002 0.72500000000000009 23.483455882352946 0.7350000000000001 0.59500000000000008 25.930507022606509 34.500000000000007
decision_type=2 2 2 2 2 2 2 2 2 2 2 2 2 2 2 2 2
left_child=-1 3 -3 4 -2 7 8 -6 9 -7 12 -12 13 -11 -14 -16 -9
right_child=1 2 -4 -5 5 6 -8 16 -10 10 11 -13 14 -15 15 -17 -18
leaf_value=0.078773592347684121 0.068408830439050994 0.1032344051671249 -0.03807180120050907 -0.079536487642795806 -0.15008769340813161 0.11434679601503456 0.10743544873866169 -0.051095839090645315 -0.10404628122394735 -0.16480788042147954 -0.011296198755502702 0.17716893869496528 0.053864161692785496 -0.02754244214544694 0.0051896760888073754 -0.10158355415544727 0.017564946115016938
leaf_weight=23 30 27 25 31 20 23 22 25 22 27 25 21 33 24 23 22 20
leaf_count=23 30 27 25 31 20 23 22 25 22 27 25 21 33 24 23 22 20
internal_value=1.02845e-09 -0.00431379 0.0352987 -0.00991121 -0.00350651 -0.0105341 0.00286732 -0.0604285 -0.00758949 0.00312793 -0.0114894 0.0747422 -0.0422387 -0.100212 -0.0043328 -0.0470106 -0.0205799
internal_weight=443 420 52 368 337 307 242 65 220 198 175 46 129 51 78 45 45
internal_count=443 420 52 368 337 307 242 65 220 198 175 46 129 51 78 45 45
is_linear=0
shrinkage=0.1


Tree=94
num_leaves=16
num_cat=0
split_feature=12 10 11 13 11 11 11 11 11 14 3 0 14 11 11
split_gain=15.2222 26.3954 23.5733 32.1931 29.758 34.7828 32.0482 26.3092 14.5666 16.5564 23.6035 14.075 6.60652 5.82472 1.51671
threshold=3.5000000000000004 45.500000000000007 1.6050000000000002 17.992570526047306 1.2950000000000002 1.1200000000000003 0.85500000000000009 0.72500000000000009 0.59500000000000008 41.500000000000007 0.40000000000000008 1.5000000000000002 17.500000000000004 1.0900000000000003 0.35500000000000004
decision_type=2 2 2 2 2 2 2 2 2 2 2 2 2 2 2
left_child=11 -2 3 -3 5 6 7 8 9 10 -5 12 -1 -14 -12
right_child=1 2 -4 4 -6 -7 -8 -9 -10 -11 14 -13 13 -15 -16
leaf_value=-0.041769679159753853 0.11209489364797871 0.11534862369298936 0.082873541163280606 0.1140161400830204 -0.11564403921365739 0.12133522570133209 -0.09964675381779671 0.077791978077342117 -0.079954854995012287 -0.055209300302501242 0.004532338678836823 -0.086192406059214577 0.043284326046705249 -0.026864693984389305 -0.034412559606134895
leaf_weight=36 24 20 33 22 27 20 38 36 30 35 20 33 29 20 20
leaf_count=36 24 20 33 22 27 20 38 36 30 35 20 33 29 20 20
internal_value=6.67483e-11 0.0111696 0.00312236 -0.00669775 -0.0165402 -0.0044325 -0.0169467 0.00233307 -0.0190569 -0.000222421 0.0308186 -0.0307636 -0.0092442 0.0146521 -0.0149401
internal_weight=443 325 301 268 248 221 201 163 127 97 62 118 85 49 40
internal_count=443 325 301 268 248 221 201 163 127 97 62 118 85 49 40
is_linear=0
shrinkage=0.1


Tree=95
num_leaves=18
num_cat=0
split_feature=13 14 11 10 0 13 11 11 11 10 11 2 1 14 3 10 10
split_gain=16.059 15.4565 81.9969 33.7274 17.8964 44.2721 29.8544 22.5598 20.2733 18.1751 17.4122 18.3265 29.0463 22.239 16.1642 6.23121 7.8028
threshold=29.556088964511428 95.500000000000014 0.66500000000000015 42.500000000000007 1.0000000180025095e-35 18.572332677629117 1.5450000000000002 0.76500000000000012 1.2950000000000002 156.50000000000003 0.33500000000000008 1.5000000000000002 1.5000000000000002 49.500000000000007 1.7500000000000002 224.50000000000003 151.50000000000003
decision_type=2 2 2 2 2 2 2 2 2 2 2 2 2 2 2 2 2
left_child=1 3 -3 -1 5 -5 10 9 -9 -6 -7 12 -12 14 -14 16 -13
right_child=-2 2 -4 4 7 6 -8 8 -10 -11 11 15 13 -15 -16 -17 -18
leaf_value=-0.13400985508092814 0.085349965060041069 -0.099773416966199888 0.17188302227854729 -0.10542110687699811 -0.058111750436100097 0.097155700978778667 0.11698272723344066 -0.13411725419573486 -0.0094153622334653686 0.063348289845245223 0.12820695679296146 -0.062364849990064454 0.080019880110217684 -0.092935160174965864 -0.019139559726629937 -0.08830879656597973 0.022854575301919665
leaf_weight=21 21 20 25 29 22 21 31 32 22 28 22 22 31 20 35 20 21
leaf_count=21 21 20 25 29 22 21 31 32 22 28 22 22 31 20 35 20 21
internal_value=4.16257e-10 -0.00424727 0.0511468 -0.0108593 -0.0035948 0.0108089 0.025924 -0.0384961 -0.0833128 0.00990587 0.0112218 0.000668567 0.0256721 -0.000557808 0.0274353 -0.0421945 -0.0207461
internal_weight=443 422 45 377 356 252 223 104 54 50 192 171 108 86 66 63 43
internal_count=443 422 45 377 356 252 223 104 54 50 192 171 108 86 66 63 43
is_linear=0
shrinkage=0.1


Tree=96
num_leaves=18
num_cat=0
split_feature=11 10 3 11 13 10 1 14 11 13 10 10 1 13 11 11 11
split_gain=14.7293 37.9955 30.4607 29.7825 13.2564 33.0816 39.2981 32.5253 26.2261 32.2083 26.9789 20.5327 20.0544 20.9926 16.3232 14.5395 7.60231
threshold=0.34500000000000003 47.500000000000007 1.1000000000000003 0.22500000000000003 24.388792641696259 127.50000000000001 1.5000000000000002 11.500000000000002 1.5750000000000004 18.362423955463733 314.00000000000006 175.50000000000003 1.0000000180025095e-35 21.244537712537348 0.85500000000000009 1.1200000000000003 0.82500000000000007
decision_type=2 2 2 2 2 2 2 2 2 2 2 2 2 2 2 2 2
left_child=2 -2 -1 -4 5 6 -3 -7 9 -9 12 14 13 -11 -6 -13 -14
right_child=1 4 3 -5 11 7 -8 8 -10 10 -12 15 16 -15 -16 -17 -18
leaf_value=-0.14311920734388489 0.13816554319290889 0.14730156024589258 0.092704058736562733 -0.075904165208339702 -0.028973112022504213 0.082121496340807745 -0.026686016381496477 0.10998925395309925 -0.11348052892301763 -0.16686813533306122 0.069365303963422775 -0.02933929453138262 -0.042085755690932279 -0.038261530896027886 -0.14243668413587982 0.076265736127441586 0.045105448272079234
leaf_weight=21 21 34 20 22 32 34 21 20 28 22 23 32 20 30 21 22 20
leaf_count=21 21 34 20 22 32 34 21 20 28 22 23 32 20 30 21 22 20
internal_value=4.49053e-10 0.00742451 -0.0447828 0.00438547 -0.000223294 0.0122982 0.0808699 -0.00684613 -0.0254038 -0.00713603 -0.0275056 -0.0297133 -0.0517234 -0.092672 -0.0739304 0.013685 0.00150985
internal_weight=443 380 63 42 359 252 55 197 163 135 115 107 92 52 53 54 40
internal_count=443 380 63 42 359 252 55 197 163 135 115 107 92 52 53 54 40
is_linear=0
shrinkage=0.1


Tree=97
num_leaves=17
num_cat=0
split_feature=13 11 10 13 1 11 10 11 10 10 13 13 10 10 11 10
split_gain=15.2149 14.221 38.9397 21.9868 20.0366 19.63 19.077 17.2525 34.5683 54.1906 20.8262 20.9381 36.1153 26.8556 10.4399 9.078
threshold=17.746598639455787 0.24500000000000002 47.500000000000007 20.241626650496311 1.5000000000000002 0.96500000000000008 352.50000000000006 0.85500000000000009 130.00000000000003 220.50000000000003 27.048397508229275 21.656266136560777 124.50000000000001 189.50000000000003 1.3650000000000004 178.50000000000003
decision_type=2 2 2 2 2 2 2 2 2 2 2 2 2 2 2 2
left_child=-1 -2 -3 4 5 -4 7 10 -9 15 11 -5 -13 -14 -11 -10
right_child=1 2 3 6 -6 -7 -8 8 9 14 -12 12 13 -15 -16 -17
leaf_value=-0.066416850266978147 -0.061118550701066858 0.14621351443231106 0.033913953661918642 -0.040212686516736686 -0.020153912876655036 0.166831261664629 0.078282191571982018 -0.14229054422716478 0.10359984118364414 -0.15159998171031475 -0.079647756119569146 0.14498920926341305 -0.061551745186249424 0.070145789161324509 -0.050647945489202234 0.017063210628650807
leaf_weight=32 30 20 25 38 24 20 23 28 22 20 24 27 30 32 21 27
leaf_count=32 30 20 25 38 24 20 23 28 22 20 24 27 30 32 21 27
internal_value=-2.04555e-10 0.00517114 0.0103908 0.002866 0.0536345 0.0929883 -0.00913067 -0.0166046 -0.0452529 -0.0150634 0.00578274 0.0219271 0.0484587 0.00642118 -0.0998928 0.0559164
internal_weight=443 411 381 361 69 45 292 269 118 90 151 127 89 62 41 49
internal_count=443 411 381 361 69 45 292 269 118 90 151 127 89 62 41 49
is_linear=0
shrinkage=0.1


Tree=98
num_leaves=18
num_cat=0
split_feature=13 11 10 10 10 11 14 3 11 11 13 7 13 14 10 14 14
split_gain=16.8341 12.7228 89.257 71.2814 47.5128 34.1752 39.9047 35.4678 34.6008 15.5266 38.1952 14.1812 33.5243 16.7949 18.9394 17.1992 12.5916
threshold=29.556088964511428 0.88500000000000012 95.000000000000014 40.500000000000007 145.00000000000003 1.0150000000000003 20.500000000000004 1.0000000180025095e-35 1.3150000000000002 0.76500000000000012 22.599201740373072 1.0000000180025095e-35 22.048309340898417 39.500000000000007 163.50000000000003 12.500000000000002 65.500000000000014
decision_type=2 2 2 2 2 2 2 2 2 2 2 2 2 2 2 2 2
left_child=1 3 -3 -1 -4 -6 7 -7 -8 11 -11 13 -13 14 15 -5 -15
right_child=-2 2 4 9 5 6 8 -9 -10 10 -12 12 -14 16 -16 -17 -18
leaf_value=-0.19484992426420963 0.087385560643105278 0.20989612866015661 -0.14604306478391996 0.078339046239852911 0.13313829958438875 -0.038619684529575433 -0.16554224883968183 0.13242994425473389 -0.0026299964170902971 -0.14629251816836389 0.032270226508378984 0.13902508705854416 -0.010876048648276845 0.097620470325152087 -0.086779938285288072 -0.045008691085072668 -0.01324799969792366
leaf_weight=21 21 21 22 20 20 22 22 27 32 23 25 25 37 21 38 26 20
leaf_count=21 21 21 22 20 20 22 22 27 32 23 25 25 37 21 38 26 20
internal_value=3.06937e-11 -0.00434857 0.017214 -0.0183305 -0.0106917 0.0135175 -0.00970984 0.0556322 -0.0690017 -0.00255648 -0.0532911 0.0104663 0.049568 -0.0089281 -0.0345367 0.00862076 0.0435383
internal_weight=443 422 166 256 145 123 103 49 54 235 48 187 62 125 84 46 41
internal_count=443 422 166 256 145 123 103 49 54 235 48 187 62 125 84 46 41
is_linear=0
shrinkage=0.1


Tree=99
num_leaves=18
num_cat=0
split_feature=13 11 13 11 14 13 10 12 13 11 13 14 13 14 14 14 13
split_gain=14.4461 38.8781 24.2755 17.8579 91.6034 41.6604 40.6989 28.3274 42.0224 19.4569 12.4848 31.4158 20.7451 17.1185 14.6887 19.3108 9.12592
threshold=26.894566538686366 0.72500000000000009 25.840542876203994 0.84500000000000008 70.000000000000014 18.572332677629117 42.500000000000007 2.5000000000000004 21.617293515967763 0.76500000000000012 21.969228019313011 22.500000000000004 19.621199242224126 49.500000000000007 19.500000000000004 39.500000000000007 23.483455882352946
decision_type=2 2 2 2 2 2 2 2 2 2 2 2 2 2 2 2 2
left_child=2 -2 3 6 5 -5 -1 -7 -9 10 11 12 -8 -13 -12 -16 -10
right_child=1 -3 -4 4 -6 7 9 8 16 -11 14 13 -14 -15 15 -17 -18
leaf_value=-0.15204797654989222 0.15532272967199487 -0.013443829367558162 -0.10241752988100053 -0.13125524365089156 0.21911502225058421 -0.05609337044613702 -0.09150270976774072 0.13607120855766183 -0.055080833383228472 -0.086722456008195892 0.04357425743205981 0.15298444149286852 0.047752974182367326 0.026485136151313784 -0.12964711234904827 0.0010533631134491701 0.034001043471305267
leaf_weight=21 21 39 25 22 21 35 23 34 23 25 22 23 20 20 20 26 23
leaf_count=21 21 39 25 22 21 35 23 34 23 25 22 23 20 20 20 26 23
internal_value=-4.94042e-10 0.0456245 -0.00714744 -0.000494497 0.0246337 -0.00517735 -0.0203457 0.0189419 0.0517698 -0.00489464 0.0083891 0.0337075 -0.0267326 0.0941476 -0.0236312 -0.0557729 -0.0105399
internal_weight=443 60 383 358 158 137 200 115 80 179 154 86 43 43 68 46 46
internal_count=443 60 383 358 158 137 200 115 80 179 154 86 43 43 68 46 46
is_linear=0
shrinkage=0.1


end of trees

feature_importances:
Column_10=373
Column_13=371
Column_11=351
Column_14=290
Column_3=69
Column_2=40
Column_7=36
Column_1=35
Column_12=28
Column_0=19
Column_6=8
Column_9=8

parameters:
[boosting: gbdt]
[objective: regression]
[metric: l2]
[tree_learner: serial]
[device_type: cpu]
[data_sample_strategy: bagging]
[data: ]
[valid: ]
[num_iterations: 100]
[learning_rate: 0.1]
[num_leaves: 31]
[num_threads: 1]
[seed: 42]
[deterministic: 0]
[force_col_wise: 0]
[force_row_wise: 0]
[histogram_pool_size: -1]
[max_depth: -1]
[min_data_in_leaf: 20]
[min_sum_hessian_in_leaf: 0.001]
[bagging_fraction: 1]
[pos_bagging_fraction: 1]
[neg_bagging_fraction: 1]
[bagging_freq: 0]
[bagging_seed: 400]
[bagging_by_query: 0]
[feature_fraction: 1]
[feature_fraction_bynode: 1]
[feature_fraction_seed: 30056]
[extra_trees: 0]
[extra_seed: 12879]
[early_stopping_round: 0]
[early_stopping_min_delta: 0]
[first_metric_only: 0]
[max_delta_step: 0]
[lambda_l1: 0]
[lambda_l2: 0]
[linear_lambda: 0]
[min_gain_to_split: 0]
[drop_rate: 0.1]
[max_drop: 50]
[skip_drop: 0.5]
[xgboost_dart_mode: 0]
[uniform_drop: 0]
[drop_seed: 17869]
[top_rate: 0.2]
[other_rate: 0.1]
[min_data_per_group: 100]
[max_cat_threshold: 32]
[cat_l2: 10]
[cat_smooth: 10]
[max_cat_to_onehot: 4]
[top_k: 20]
[monotone_constraints: ]
[monotone_constraints_method: basic]
[monotone_penalty: 0]
[feature_contri: ]
[forcedsplits_filename: ]
[refit_decay_rate: 0.9]
[cegb_tradeoff: 1]
[cegb_penalty_split: 0]
[cegb_penalty_feature_lazy: ]
[cegb_penalty_feature_coupled: ]
[path_smooth: 0]
[interaction_constraints: ]
[verbosity: -1]
[saved_feature_importance_type: 0]
[use_quantized_grad: 0]
[num_grad_quant_bins: 4]
[quant_train_renew_leaf: 0]
[stochastic_rounding: 1]
[linear_tree: 0]
[max_bin: 255]
[max_bin_by_feature: ]
[min_data_in_bin: 3]
[bin_construct_sample_cnt: 200000]
[data_random_seed: 175]
[is_enable_sparse: 1]
[enable_bundle: 1]
[use_missing: 1]
[zero_as_missing: 0]
[feature_pre_filter: 1]
[pre_partition: 0]
[two_round: 0]
[header: 0]
[label_column: ]
[weight_column: ]
[group_column: ]
[ignore_column: ]
[categorical_feature: ]
[forcedbins_filename: ]
[precise_float_parser: 0]
[parser_config_file: ]
[objective_seed: 16083]
[num_class: 1]
[is_unbalance: 0]
[scale_pos_weight: 1]
[sigmoid: 1]
[boost_from_average: 1]
[reg_sqrt: 0]
[alpha: 0.9]
[fair_c: 1]
[poisson_max_delta_step: 0.7]
[tweedie_variance_power: 1.5]
[lambdarank_truncation_level: 30]
[lambdarank_norm: 1]
[label_gain: ]
[lambdarank_position_bias_regularization: 0]
[eval_at: ]
[multi_error_top_k: 1]
[auc_mu_weights: ]
[num_machines: 1]
[local_listen_port: 12400]
[time_out: 120]
[machine_list_filename: ]
[machines: ]
[gpu_platform_id: -1]
[gpu_device_id: -1]
[gpu_use_dp: 0]
[num_gpu: 1]

end of parameters

pandas_categorical:null
