tree
version=v4
num_class=1
num_tree_per_iteration=1
label_index=0
max_feature_idx=1
objective=binary sigmoid:1
feature_names=Column_0 Column_1
feature_infos=[0.20000000000000001:822] [0.56999999999999995:317]
tree_sizes=2096 2101 1993 1787 1884 1791 1795 1792 1890 1895 2008 1999 2012 1899 1900 2010 2009 2008 2107 1908 2019 2104 1899 2119 2008 2013 1905 2119 1907 2010 1809 2011 2120 2005 1900 2120 1806 1920 1803 2015 2016 1909 1812 2021 2019 1909 1914 2023 2131 2024 1810 2023 1916 2013 1813 1804 2021 2015 1913 1814 1924 2229 2116 1921 2027 2027 1924 2016 2020 1920 1913 2241 1808 1817 2126 1914 2024 1912 2131 1822 2135 1926 2229 1710 2133 1922 1816 2125 1824 1911 2121 2020 2023 1923 2023 2031 2128 1922 2033 2023

Tree=0
num_leaves=19
num_cat=0
split_feature=0 1 0 1 0 1 0 1 0 0 1 1 1 1 1 0 1 1
split_gain=12.2665 4.75057 5.70062 7.06657 6.49436 3.53417 8.96837 2.97144 2.9237 3.04993 2.48793 6.67996 2.0248 3.83517 1.66341 1.41973 1.16342 0.214668
threshold=92.500000000000014 54.000000000000007 189.50000000000003 200.50000000000003 368.00000000000006 133.49500000000003 260.50000000000006 103.50000000000001 121.50000000000001 139.50000000000003 186.00000000000003 130.50000000000003 17.120000000000001 30.360000000000003 46.500000000000007 208.50000000000003 80.500000000000014 130.50000000000003
decision_type=2 2 2 2 2 2 2 2 2 2 2 2 2 2 2 2 2 2
left_child=10 12 3 8 5 7 -7 16 -3 -10 11 14 -2 -14 -1 -15 -4 -11
right_child=1 2 4 -5 -6 6 -8 -9 9 17 -12 -13 13 15 -16 -17 -18 -19
leaf_value=0.075039748058709874 -0.016473716260309905 -0.079030736239309438 0.011506351609192047 -0.15321061927795104 -0.079030736239309549 -0.089538303386535761 0.087114025191137895 0.13066237835788999 0.067688017957711941 -0.039619199029523572 -0.0096044443085595791 0.15894463662789923 -0.13537864290724513 -0.075069434289920953 0.0095699493643391972 -0.00065061957942908616 0.075987205230731103 -0.0096044443085595774
leaf_weight=6.8377787023782792 9.1087705790996569 5.1822021305561128 5.92783166468144 4.4660257697105399 5.1822021305561057 5.6751546412706357 5.8224205076694489 5.6875561773776999 5.4643323272466651 5.2116553038358671 4.3900677859783164 6.4037325382232657 6.4672889858484295 5.0178846269845945 8.9739062488079053 5.2411084771156311 5.3000148236751556 4.3900677859783173
leaf_count=22 38 25 23 25 25 28 18 15 18 23 18 15 35 24 35 21 17 18
internal_value=7.54813e-08 -0.0187137 -0.0028977 -0.0393526 0.0239203 0.0426974 -8.08198e-05 0.0717743 -0.0142397 0.00804617 0.0591855 0.0727794 -0.0544101 -0.0750694 0.0378824 -0.0370504 0.041944 -0.025896
internal_weight=110.75 84.1445 58.3095 24.7143 33.5952 28.413 11.4976 16.9154 20.2483 15.0661 26.6055 22.2154 25.8351 16.7263 15.8117 10.259 11.2278 9.60172
internal_count=443 353 235 109 126 101 46 55 84 59 90 72 118 80 57 45 40 41
is_linear=0
shrinkage=1


Tree=1
num_leaves=19
num_cat=0
split_feature=0 1 0 1 0 1 0 1 0 0 1 1 1 1 1 0 1 1
split_gain=9.95733 3.85379 4.62712 5.77148 5.27049 2.86869 7.27962 2.42923 2.37236 2.47301 2.02308 5.4765 1.64847 3.13592 1.35078 1.15254 0.944956 0.174032
threshold=92.500000000000014 54.000000000000007 189.50000000000003 200.50000000000003 368.00000000000006 133.49500000000003 260.50000000000006 103.50000000000001 121.50000000000001 139.50000000000003 186.00000000000003 130.50000000000003 17.120000000000001 30.360000000000003 46.500000000000007 208.50000000000003 80.500000000000014 130.50000000000003
decision_type=2 2 2 2 2 2 2 2 2 2 2 2 2 2 2 2 2 2
left_child=10 12 3 8 5 7 -7 16 -3 -10 11 14 -2 -14 -1 -15 -4 -11
right_child=1 2 4 -5 -6 6 -8 -9 9 17 -12 -13 13 15 -16 -17 -18 -19
leaf_value=0.067634349926656442 -0.01482746208453356 -0.071242965425052956 0.010356010229582381 -0.13873046415728005 -0.071242965425053054 -0.080752152777994302 0.078556902512418203 0.11811733785766006 0.060991536665956872 -0.035671858383544017 -0.0086442775029512836 0.14398907778176914 -0.12242069063859727 -0.067661319294067032 0.0086130886048236474 -0.0005856305839110576 0.068490851171200892 -0.0086442775029512819
leaf_weight=6.8281616568565431 9.1081524789333361 5.1741186380386415 5.927635490894323 4.4399197101593009 5.1741186380386344 5.6637952476739866 5.811388224363327 5.6633497774600974 5.4580783247947684 5.2096108347177488 4.3899666368961325 6.3634572625160208 6.437747091054919 5.0108218789100629 8.9737007915973646 5.2411079406738281 5.2923712730407715 4.3899666368961334
leaf_count=22 38 25 23 25 25 28 18 15 18 23 18 15 35 24 35 21 17 18
internal_value=4.03699e-07 -0.0168732 -0.00261343 -0.0354844 0.0215714 0.0385057 -7.31144e-05 0.0647268 -0.0128267 0.00724628 0.0533766 0.0656601 -0.0490457 -0.0677198 0.0341168 -0.0333701 0.0377777 -0.0233119
internal_weight=110.557 84.0022 58.2044 24.6717 33.5327 28.3585 11.4752 16.8834 20.2318 15.0577 26.5553 22.1653 25.7978 16.6897 15.8019 10.2519 11.22 9.59958
internal_count=443 353 235 109 126 101 46 55 84 59 90 72 118 80 57 45 40 41
is_linear=0
shrinkage=0.1


Tree=2
num_leaves=18
num_cat=0
split_feature=0 1 0 1 0 0 0 0 0 0 1 1 0 1 1 1 1
split_gain=8.11336 3.13451 3.76943 4.77921 4.29105 2.52121 4.74464 2.64082 1.93067 2.0087 1.65584 4.58035 1.5706 2.18655 3.96848 1.1015 0.14129
threshold=92.500000000000014 54.000000000000007 189.50000000000003 200.50000000000003 368.00000000000006 211.50000000000003 288.50000000000006 246.50000000000003 121.50000000000001 139.50000000000003 186.00000000000003 130.50000000000003 145.00000000000003 36.150000000000006 17.120000000000001 46.500000000000007 130.50000000000003
decision_type=2 2 2 2 2 2 2 2 2 2 2 2 2 2 2 2 2
left_child=10 12 3 8 5 -4 7 -7 -3 -10 11 15 -2 14 -14 -1 -11
right_child=1 2 4 -5 -6 6 -8 -9 9 16 -12 -13 13 -15 -16 -17 -18
leaf_value=0.061106339874148707 -0.0027614799580617769 -0.064393834801529576 0.090599228380103369 -0.12688787519931427 -0.064393834801529659 -0.078183222868088764 0.068716705360571159 0.017443976513093151 0.055065038967782413 -0.032139223879018901 -0.0077803432068652648 0.13186023965427404 -0.029090350822644703 -0.014129102374323872 -0.14376386084276424 0.0077522609460261007 -0.0077803432068652631
leaf_weight=6.8030994236469331 6.7156845331192043 5.1530554294586244 6.2994482964277294 4.3722020983695975 5.1530554294586173 5.1505015939474124 10.193229675292967 6.573710098862648 5.4417743831872931 5.2042763829231244 4.3897022306919089 6.2590351700782767 6.225488483905794 6.9027430564165106 5.8571588844060898 8.9731649160385114 4.3897022306919098
leaf_count=22 28 25 19 25 25 25 32 25 18 23 18 15 27 29 34 35 18
internal_value=1.64946e-06 -0.0152604 -0.00236546 -0.0320983 0.0195186 0.0348429 0.0188176 -0.0245655 -0.0115702 0.00653354 0.0483042 0.059477 -0.0443259 -0.0590285 -0.0846792 0.0307598 -0.0209939
internal_weight=110.057 83.632 57.931 24.561 33.3699 28.2169 21.9174 11.7242 20.1888 15.0358 26.425 22.0353 25.7011 18.9854 12.0826 15.7763 9.59398
internal_count=443 353 235 109 126 101 82 50 84 59 90 72 118 90 61 57 41
is_linear=0
shrinkage=0.1


Tree=3
num_leaves=16
num_cat=0
split_feature=0 1 1 0 1 0 1 0 0 1 1 0 1 1 1
split_gain=6.62785 2.55573 3.4101 8.53235 8.16915 4.25433 3.60818 1.79881 2.07444 1.36154 3.88583 1.29073 1.81373 3.36281 0.900864
threshold=92.500000000000014 54.000000000000007 140.50000000000003 246.50000000000003 115.80000000000001 167.50000000000003 95.280000000000015 249.50000000000003 191.50000000000003 186.00000000000003 130.50000000000003 145.00000000000003 36.150000000000006 17.120000000000001 46.500000000000007
decision_type=2 2 2 2 2 2 2 2 2 2 2 2 2 2 2
left_child=9 11 4 5 6 -4 7 8 -3 10 14 -2 13 -13 -1
right_child=1 2 3 -5 -6 -7 -8 -9 -10 -11 -12 12 -14 -15 -16
leaf_value=0.055302038793334479 -0.0024857493248294916 -0.0017866906808437493 -0.035216976778063305 0.043672139724643455 0.10780304277862834 -0.14719184302632657 -0.067563626602466051 -0.025940039480442729 0.080850748260849814 -0.007002937365775121 0.12171327143750565 -0.02619964436239211 -0.012721150038073363 -0.13237225709908743 0.006977669672045112
leaf_weight=6.7672798186540666 6.7146104276180294 6.3678756058216148 8.3758017867803591 9.0983099639415723 7.8018548041582099 5.70357422530651 7.4587912559509268 7.0144202858209601 5.8086612373590469 4.3893242776393881 6.1103694140911093 6.2213394939899462 6.9001898765563956 5.7314147353172302 8.9723972380161268
leaf_count=22 28 26 39 32 22 33 35 30 18 18 15 27 29 34 35
internal_value=-4.06664e-07 -0.0138211 -0.00214689 -0.0318042 0.0178054 -0.0805781 -0.00854192 0.0143976 0.0376344 0.0438206 0.0540303 -0.0401347 -0.0535437 -0.07711 0.0277547
internal_weight=109.436 83.1968 57.6293 23.1777 34.4516 14.0794 26.6497 19.191 12.1765 26.2394 21.85 25.5676 18.8529 11.9528 15.7397
internal_count=443 353 235 104 131 72 109 74 44 90 72 118 90 61 57
is_linear=0
shrinkage=0.1


Tree=4
num_leaves=17
num_cat=0
split_feature=0 0 1 0 1 1 0 1 0 1 1 0 1 1 1 1
split_gain=5.42238 2.24397 4.47018 3.44622 4.77584 4.80847 3.35982 4.37985 9.06545 6.07728 3.15175 1.1397 2.13402 1.12314 3.32997 0.738242
threshold=92.500000000000014 165.50000000000003 36.150000000000006 146.50000000000003 75.500000000000014 174.25000000000003 368.00000000000006 133.49500000000003 246.50000000000003 103.50000000000001 17.120000000000001 270.00000000000006 68.500000000000014 186.00000000000003 130.50000000000003 46.500000000000007
decision_type=2 2 2 2 2 2 2 2 2 2 2 2 2 2 2 2
left_child=13 3 10 4 -2 -6 7 9 -9 11 -3 12 -4 14 15 -1
right_child=1 2 6 -5 5 -7 -8 8 -10 -11 -12 -13 -14 -15 -16 -17
leaf_value=0.050106907864448824 0.030159313645788582 -0.0091520093459097306 0.033354678810991988 -0.10687581189571349 -0.12480520440731363 0.014564348161651678 -0.062909022788964472 -0.11065600965661403 0.049874361921583066 0.12030177867916732 -0.11810743725506796 0.049256066871953254 -0.050289666149933493 -0.0063033273749114041 0.11300372956299026 0.0062805814894686153
leaf_weight=6.7243059575557771 10.278322190046316 5.7233256697654706 7.1097902804613167 5.532846972346305 5.9164226651191694 4.2565872371196747 5.2853564172983161 6.4466694295406324 7.7431064397096634 7.7485982328653327 4.9521329998970032 6.4518864303827277 5.341926634311676 4.388870656490325 5.93243584036827 8.9714764058589918
leaf_count=22 39 24 26 30 32 18 26 36 26 20 30 22 24 18 15 35
internal_value=-2.00241e-06 -0.0125167 -0.00138153 -0.0368588 -0.0179166 -0.0664902 0.0121141 0.0218228 -0.0230575 0.0457173 -0.0596943 0.015145 -0.00252969 0.0398201 0.0491796 0.0250564
internal_weight=108.804 82.787 56.8028 25.9842 20.4513 10.173 46.1273 40.842 14.1898 26.6522 10.6755 18.9036 12.4517 26.0171 21.6282 15.6958
internal_count=443 353 234 119 89 50 180 154 62 92 54 72 50 90 72 57
is_linear=0
shrinkage=0.1


Tree=5
num_leaves=16
num_cat=0
split_feature=0 1 1 1 0 1 1 0 0 1 1 0 1 1 1
split_gain=4.4436 2.05385 2.38961 5.87796 5.81717 3.49863 2.84168 1.58716 1.59525 1.1238 1.14413 1.65069 0.928472 2.87347 0.343773
threshold=92.500000000000014 54.000000000000007 140.50000000000003 115.80000000000001 246.50000000000003 200.50000000000003 95.280000000000015 249.50000000000003 191.50000000000003 38.500000000000007 28.390000000000004 183.50000000000003 186.00000000000003 130.50000000000003 48.500000000000007
decision_type=2 2 2 2 2 2 2 2 2 2 2 2 2 2 2
left_child=12 9 3 6 5 -4 7 8 -3 10 11 -2 13 14 -1
right_child=1 2 4 -5 -6 -7 -8 -9 -10 -11 -12 -13 -14 -15 -16
leaf_value=0.039444755842072556 -0.0042251446239594398 0.0012728701545857181 -0.023314814221000953 0.093319073207820485 0.036443685339194364 -0.12521106670590174 -0.058926758665367097 -0.023964234635302402 0.073864255837100976 -0.069767254427153633 0.016677813670231547 -0.075453583816427319 -0.0056736797019524806 0.10536529142698248 0.0095636254547516418
leaf_weight=6.8411823362112107 6.8134858459234291 6.3486873805522972 7.893919840455057 7.618111550807952 9.0357919186353666 5.8792800605297089 7.4064752012491217 6.978556975722312 5.7866249233484268 6.8285929262638083 5.3504201620817176 6.2271188199520111 4.3883702456951132 5.7365171313285819 8.8062063306570035
leaf_count=23 29 26 36 22 32 36 35 30 18 33 23 33 18 15 34
internal_value=-3.50879e-06 -0.0113668 -0.000845571 0.0158984 -0.0259064 -0.0668106 -0.00634115 0.0140354 0.0358875 -0.0351245 -0.0222616 -0.038238 0.036225 0.0448233 0.0226279
internal_weight=107.939 82.1671 56.9474 34.1385 22.809 13.7732 26.5203 19.1139 12.1353 25.2196 18.391 13.0406 25.7723 21.3839 15.6474
internal_count=443 353 235 131 104 72 109 74 44 118 85 62 90 72 57
is_linear=0
shrinkage=0.1


Tree=6
num_leaves=16
num_cat=0
split_feature=0 1 0 0 0 1 1 1 1 1 1 0 1 1 1
split_gain=3.64113 1.66854 2.10469 2.03304 2.24465 7.90158 4.58041 3.79372 1.89444 0.956144 1.39292 0.920714 0.768171 2.49168 0.282309
threshold=92.500000000000014 54.000000000000007 130.00000000000003 368.00000000000006 288.50000000000006 200.50000000000003 102.50000000000001 75.500000000000014 135.50000000000003 17.120000000000001 30.360000000000003 208.50000000000003 186.00000000000003 130.50000000000003 48.500000000000007
decision_type=2 2 2 2 2 2 2 2 2 2 2 2 2 2 2
left_child=12 9 -3 4 5 6 7 -4 -8 -2 -11 -12 13 14 -1
right_child=1 2 3 -5 -6 -7 8 -9 -10 10 11 -13 -14 -15 -16
leaf_value=0.035736943700920558 -0.0057974643039486731 -0.04890368043708325 0.03064043460891885 -0.052948251757680365 0.055545611605316493 -0.09991005640462168 0.095238842210742469 -0.086012398890984887 0.026722340742013143 -0.085170431249625256 -0.054902782240750583 0.0052826293003012713 -0.0051069534272840545 0.098543290647031018 0.0086091707031574743
leaf_weight=6.7982043176889482 9.0710479617118853 7.8288512825965872 5.8953132629394549 5.0750223994255057 9.9906678497791273 6.2484959959983817 7.559241563081744 5.2890850156545639 8.6568204760551435 5.8777956962585476 4.9541923701763135 5.2199680358171463 4.3878452181816092 5.5310868918895713 8.8043550550937635
leaf_count=23 38 38 21 25 32 37 22 26 34 35 24 21 18 15 34
internal_value=-1.77335e-06 -0.0103051 -0.000777296 0.00695702 0.0139236 0.00156571 0.0247066 -0.0245245 0.0586618 -0.0317489 -0.0464142 -0.024024 0.0329678 0.0408731 0.020429
internal_weight=107.188 81.6665 56.5435 48.7146 43.6396 33.649 27.4005 11.1844 16.2161 25.123 16.052 10.1742 25.5215 21.1336 15.6026
internal_count=443 353 235 197 172 140 103 47 56 118 80 45 90 72 57
is_linear=0
shrinkage=0.1


Tree=7
num_leaves=16
num_cat=0
split_feature=0 1 0 1 1 0 0 1 0 1 1 0 0 0 0
split_gain=2.98568 1.36369 1.75748 1.59477 4.88719 3.88114 4.19468 1.78053 1.6755 0.924326 0.979304 1.34052 0.78803 1.17038 1.11138
threshold=92.500000000000014 54.000000000000007 121.50000000000001 140.50000000000003 115.80000000000001 246.50000000000003 167.50000000000003 95.280000000000015 249.50000000000003 38.500000000000007 28.390000000000004 183.50000000000003 40.500000000000007 63.500000000000007 79.000000000000014
decision_type=2 2 2 2 2 2 2 2 2 2 2 2 2 2 2
left_child=12 9 -3 4 7 6 -5 8 -4 10 11 -2 -1 -14 -15
right_child=1 2 3 5 -6 -7 -8 -9 -10 -11 -12 -13 13 14 -16
leaf_value=0.0006916019962371077 -0.0014082758774052948 -0.054610359451505934 0.041733849997452332 0.0022370084492063101 0.092483450868564854 0.032278617321168872 -0.12047748212653886 -0.045811546492545464 -0.02252594481418102 -0.060340288469661954 0.019077796278674911 -0.066087173926631812 0.072555249327625568 -0.011522950199750645 0.050848178252838418
leaf_weight=6.7260062247514751 6.779931798577314 5.4604171663522711 9.7769827097654431 5.8621666133403796 7.05637402832508 8.9605908989906293 5.3074898570775986 6.742818444967269 6.936179816722869 6.7739672362804404 5.3081716299056998 6.0761945247650146 7.0966214388608959 5.5016364604234678 5.9429522454738617
leaf_count=26 29 28 34 27 20 32 33 31 30 33 23 33 22 22 20
internal_value=-3.06101e-07 -0.00935788 -0.000709287 0.00510247 0.0195162 -0.0167451 -0.0560733 -0.00243485 0.0150652 -0.0288144 -0.0170575 -0.0319775 0.0300129 0.0406495 0.0208652
internal_weight=106.309 81.0413 56.103 50.6426 30.5124 20.1302 11.1697 23.456 16.7132 24.9383 18.1643 12.8561 25.2672 18.5412 11.4446
internal_count=443 353 235 207 115 92 60 95 64 118 85 62 90 64 42
is_linear=0
shrinkage=0.1


Tree=8
num_leaves=17
num_cat=0
split_feature=0 0 0 1 1 1 1 0 0 1 1 1 1 0 0 0
split_gain=2.43518 1.19069 2.9557 3.57887 4.37724 2.59428 3.317 4.66268 2.74897 2.58617 1.2218 0.98852 1.17066 0.646525 0.974993 0.907048
threshold=92.500000000000014 165.50000000000003 146.50000000000003 75.500000000000014 174.25000000000003 78.90000000000002 138.00000000000003 246.50000000000003 213.50000000000003 115.80000000000001 91.90000000000002 55.500000000000007 37.850000000000009 40.500000000000007 63.500000000000007 79.000000000000014
decision_type=2 2 2 2 2 2 2 2 2 2 2 2 2 2 2 2
left_child=13 2 3 -2 -5 8 9 -8 -3 10 -7 12 -10 -1 -15 -16
right_child=1 5 -4 4 -6 6 7 -9 11 -11 -12 -13 -14 14 15 -17
leaf_value=0.00062251428395945709 0.032707507921381489 0.01757305517044434 -0.09264626805693621 -0.10773342670954239 0.027060621133361742 0.053095442516838426 -0.085945149327122758 0.029147828045554436 -0.063507123236031873 0.10211929424685198 -0.013596753261099999 -0.094287218136792139 0.0057141395858357298 0.066226621017432027 -0.010354304583015821 0.046051362170683639
leaf_weight=6.7252843081951168 10.20924928784371 9.079602777957918 5.3228875845670691 5.7894217967987043 4.1260920017957687 5.5417513698339516 5.8092033416032782 8.9322778135538083 6.1787061989307386 5.8992347717285147 5.4468082785606384 4.0944315195083609 4.041045606136322 7.0023248344659832 5.5098633468151075 5.9076696336269379
leaf_count=26 39 38 30 32 18 19 35 32 34 16 23 21 16 22 22 20
internal_value=-4.34268e-06 -0.00849242 -0.0263791 -0.00885181 -0.0516423 -0.000219995 0.0184542 -0.0162071 -0.0254682 0.0487102 0.0200375 -0.0527696 -0.036136 0.0271596 0.0368486 0.0188312
internal_weight=105.616 80.4707 25.4477 20.1248 9.91551 55.0231 31.6293 14.7415 23.3938 16.8878 10.9886 14.3142 10.2198 25.1451 18.4199 11.4175
internal_count=443 353 119 89 50 234 125 67 109 58 42 71 50 90 64 42
is_linear=0
shrinkage=0.1


Tree=9
num_leaves=17
num_cat=0
split_feature=0 1 0 0 1 1 1 0 1 1 0 1 1 1 0 0
split_gain=2.14084 1.72141 1.52043 1.97085 3.02742 1.5624 2.91697 3.43351 3.55027 2.91915 2.54907 1.07259 1.14521 1.70342 0.887842 0.858782
threshold=47.500000000000007 54.000000000000007 368.00000000000006 328.00000000000006 255.00000000000003 75.500000000000014 102.50000000000001 153.50000000000003 174.25000000000003 171.50000000000003 198.50000000000003 17.120000000000001 28.390000000000004 38.500000000000007 178.50000000000003 198.50000000000003
decision_type=2 2 2 2 2 2 2 2 2 2 2 2 2 2 2 2
left_child=-1 11 3 4 5 -3 15 8 -8 10 -9 14 -13 -14 -2 -7
right_child=1 2 -4 -5 -6 6 7 9 -10 -11 -12 12 13 -15 -16 -17
leaf_value=0.042682611339340593 -0.026734601171729717 0.046706840674411255 -0.048668349542863913 0.071320584401025053 -0.076243817423904375 -0.071373740686454995 -0.067584162163069811 0.11491390002020022 0.040173895504841052 -0.010244528339737213 0.024278162330952893 -0.08244408230545193 0.01454988815283364 -0.05585213866005774 0.03113659271889915 -0.010886765658089367
leaf_weight=10.562588527798651 5.6577753424644488 9.5765751749277097 5.0072293281555167 4.6360144168138495 4.3894647210836402 5.6446104943752271 7.5270008146762866 6.5372499823570269 5.148987278342247 6.6335261017084113 5.9067345857620239 4.6425133347511318 6.0997387021779996 7.8721970021724701 4.9883460402488708 4.0181537419557571
leaf_count=36 24 33 25 14 25 29 37 19 20 31 22 28 26 38 20 16
internal_value=-9.61969e-06 -0.0047923 0.00427166 0.00868836 0.00344546 0.0103051 0.00188804 0.0165278 -0.0238128 0.0433321 0.0718922 -0.0249351 -0.0394143 -0.0251167 0.000381522 -0.0462209
internal_weight=104.849 94.2861 65.0255 60.0183 55.3823 50.9928 41.4163 31.7535 12.676 19.0775 12.444 29.2606 18.6144 13.9719 10.6461 9.66276
internal_count=443 407 271 246 232 207 174 129 57 72 41 136 92 64 44 45
is_linear=0
shrinkage=0.1


Tree=10
num_leaves=18
num_cat=0
split_feature=0 1 0 0 0 0 1 0 1 0 0 0 1 0 0 0 0
split_gain=2.03594 0.92999 1.86865 1.7806 1.47925 2.15885 5.42405 2.55896 2.28919 2.03549 2.27282 1.39766 0.782702 0.743928 0.654055 0.730344 0.652979
threshold=92.500000000000014 36.150000000000006 260.50000000000006 119.00000000000001 368.00000000000006 288.50000000000006 200.50000000000003 247.50000000000003 168.50000000000003 184.50000000000003 139.50000000000003 167.50000000000003 17.120000000000001 40.500000000000007 63.500000000000007 79.000000000000014 211.50000000000003
decision_type=2 2 2 2 2 2 2 2 2 2 2 2 2 2 2 2 2
left_child=13 2 12 -3 5 6 7 8 9 10 -5 -12 -2 -1 -15 -16 -11
right_child=1 3 -4 4 -6 -7 -8 -9 -10 16 11 -13 -14 14 15 -17 -18
leaf_value=-0.0037193459982733362 0.0090664287888481392 -0.055347904588505692 -0.096681175142483311 0.036525583445695814 -0.048354590083108391 0.048666856064900038 -0.089182589974817053 -0.053141931322464468 0.089529261930142101 0.063442954851763766 -0.085119770473671252 -0.0028328769899736003 -0.041151758935397534 0.059585100367576672 -0.0054349647755226535 0.045108317382998912 0.018029390708453847
leaf_weight=6.6774068772792843 7.3820099085569399 5.7737785875797263 3.2807156145572653 5.3070930093526902 5.1275601834058753 10.418636620044706 6.1219390183687201 5.0725832879543296 4.4870193749666205 6.4345536231994611 4.4848921298980695 3.8242353200912476 5.355163186788559 6.8985965549945858 5.5492980331182462 5.89689801633358 6.233150988817215
leaf_count=26 30 31 20 20 26 34 39 23 15 21 24 16 30 22 22 20 24
internal_value=-9.49349e-06 -0.00785651 -0.0293815 -0.00240842 0.00290634 0.00792396 -0.00219115 0.0126667 0.0235152 0.0122457 -0.014596 -0.0472476 -0.0120471 0.0248602 0.035263 0.0206041 0.0410972
internal_weight=104.326 79.3033 16.0179 63.2854 57.5117 52.3841 41.9655 35.8435 30.7709 26.2839 13.6162 8.30913 12.7372 25.0222 18.3448 11.4462 12.6677
internal_count=443 353 80 273 242 216 182 143 120 105 60 40 60 90 64 42 45
is_linear=0
shrinkage=0.1


Tree=11
num_leaves=18
num_cat=0
split_feature=0 0 0 1 0 0 1 1 0 0 1 1 1 0 1 0 0
split_gain=1.66287 2.83458 1.26744 0.779301 1.29257 1.16361 1.49287 1.29021 1.022 1.39374 1.82318 1.60297 3.23262 1.51434 1.11525 1.5386 0.597041
threshold=92.500000000000014 37.500000000000007 63.500000000000007 46.500000000000007 119.00000000000001 211.50000000000003 15.300000000000002 22.345000000000002 368.00000000000006 328.00000000000006 218.30000000000004 102.50000000000001 70.000000000000014 204.00000000000003 135.50000000000003 237.50000000000003 79.000000000000014
decision_type=2 2 2 2 2 2 2 2 2 2 2 2 2 2 2 2 2
left_child=1 -1 -3 5 -5 6 -2 -7 9 10 11 12 -6 -14 -13 -16 -4
right_child=3 2 16 4 8 7 -8 -9 -10 -11 -12 14 13 -15 15 -17 -18
leaf_value=-0.042152895337660888 -0.050097717863865271 0.070237842123232724 -0.0048885376199600313 -0.047147741378626089 0.030977318582582306 -0.0089466020966367556 0.02348167818877947 -0.08601853655116809 -0.039738138162526977 0.060937938319648735 -0.052181979866996124 0.056367084915841942 -0.095959646533924262 -0.011394359922515203 -0.017749999314990796 0.057087352398988045 0.040875078836171197
leaf_weight=5.3283245861530331 4.347469165921213 8.1508498787879962 5.5524496883153898 5.5388779640197745 8.5776333957910555 3.9404479786753637 7.5396309494972229 4.8398474603891373 4.9201552271842948 4.5236599594354621 5.3256908580660811 8.6824175417423266 4.4865459054708463 4.0104566365480423 7.6163487955927831 4.2971774488687515 5.8588988929986954
leaf_count=23 20 25 22 30 32 19 34 28 25 14 32 29 24 16 36 14 20
internal_value=-1.91516e-05 0.0225079 0.0401201 -0.00714866 -0.00120545 -0.0238214 -0.00342851 -0.05143 0.00364711 0.00813916 0.00258418 0.0103268 -0.0123289 -0.0560461 0.029109 0.00924364 0.0186078
internal_weight=103.537 24.8905 19.5622 78.6464 57.979 20.6674 11.8871 8.7803 52.4401 47.5199 42.9963 37.6706 17.0746 8.497 20.5959 11.9135 11.4113
internal_count=443 90 67 353 252 101 54 47 222 197 183 151 72 40 79 50 42
is_linear=0
shrinkage=0.1


Tree=12
num_leaves=18
num_cat=0
split_feature=0 1 1 1 0 0 1 0 1 1 1 1 1 1 0 0 1
split_gain=1.49534 1.13166 1.19344 0.96949 0.931619 1.56545 2.51378 1.6136 3.16629 1.60297 1.32564 1.14528 0.586845 1.90371 0.783927 0.507009 0.456846
threshold=47.500000000000007 54.000000000000007 65.000000000000014 38.500000000000007 81.500000000000014 124.50000000000001 80.500000000000014 246.50000000000003 200.50000000000003 209.50000000000003 115.80000000000001 140.50000000000003 28.390000000000004 17.120000000000001 178.50000000000003 172.50000000000003 148.50000000000003
decision_type=2 2 2 2 2 2 2 2 2 2 2 2 2 2 2 2 2
left_child=-1 3 -3 12 -4 16 -7 8 10 11 -8 -9 13 14 -2 -12 -6
right_child=1 2 4 -5 5 6 7 9 -10 -11 15 -13 -14 -15 -16 -17 -18
leaf_value=0.03602696733403745 -0.022399488714872958 0.049682527113219334 -0.038797870990953255 -0.050591736259609471 0.022076692202570393 -0.070294064535909195 -0.034241417824279988 0.029009137428461357 -0.090022510731506453 0.076487897001929733 0.047000984531256687 -0.035835591477436486 0.017115566652034522 -0.074974742603624384 0.032028034500317687 0.0036147844116678225 0.066329263070488531
leaf_weight=10.352372139692305 5.6518458127975517 5.1229451298713675 5.7709075435996047 7.7997057288885108 5.8390274792909604 5.1397141069173804 5.4987870305776658 8.4375691115856188 4.3840095251798621 4.7235494256019583 5.5878412872552854 4.0221054404973975 6.0034835189580908 4.4251232072710982 4.9762803167104721 5.1999814808368683 3.8851176500320435
leaf_count=36 24 17 25 38 25 26 26 31 32 15 20 17 26 28 20 22 15
internal_value=-1.48617e-05 -0.00404997 0.00340104 -0.0204751 -0.000652699 0.00352298 -0.00467233 0.00423765 -0.0145866 0.0268824 0.00571909 0.00807662 -0.00931946 -0.0198622 0.00308446 0.0260878 0.0397571
internal_weight=102.82 92.468 63.6116 28.8564 58.4886 52.7177 42.9936 37.8538 20.6706 17.1832 16.2866 12.4597 21.0567 15.0532 10.6281 10.7878 9.72415
internal_count=443 407 271 136 254 229 189 163 100 63 68 48 98 72 44 42 40
is_linear=0
shrinkage=0.1


Tree=13
num_leaves=17
num_cat=0
split_feature=0 0 0 1 0 0 0 0 1 0 1 1 1 0 0 0
split_gain=1.26723 2.55043 0.98994 0.63143 1.66551 1.44873 0.98704 1.35213 3.94119 0.907195 3.18328 2.81242 3.70746 0.785363 0.410214 0.237879
threshold=92.500000000000014 37.500000000000007 63.500000000000007 36.150000000000006 198.50000000000003 116.50000000000001 368.00000000000006 288.50000000000006 218.30000000000004 153.50000000000003 105.50000000000001 108.50000000000001 65.000000000000014 198.50000000000003 79.000000000000014 153.50000000000003
decision_type=2 2 2 2 2 2 2 2 2 2 2 2 2 2 2 2
left_child=1 -1 -3 4 15 -5 7 8 9 10 -7 12 -11 -13 -4 -2
right_child=3 2 14 5 -6 6 -8 -9 -10 11 -12 13 -14 -15 -16 -17
leaf_value=-0.041507667872141024 0.017537757469911673 0.063675077974948965 -0.0016988842248463138 -0.058870967158981519 -0.062743802821785308 0.025790783673372099 -0.040046646490771776 0.039189428791025618 -0.094291276626146336 0.03195456180204051 -0.086286624536309531 0.075303313058276519 -0.067784476730027729 0.02467479729406992 0.036273299607542102 -0.01489181932409377
leaf_weight=5.3324834406375912 5.145850718021391 7.9534366875886944 5.5703231245279294 4.1434320360422126 6.5426196902990332 6.793908089399336 5.0166863948106757 10.141728013753889 4.1284145787358275 8.7085918337106722 4.0418222993612289 7.0566985681653005 6.5150157213211051 5.4151271879673004 5.8148556053638458 4.0359098017215729
leaf_count=23 21 25 22 23 39 28 26 34 30 33 22 24 32 21 20 20
internal_value=-2.27028e-05 0.0197218 0.0366053 -0.00629306 -0.0241895 -0.00175136 0.00234202 0.00636939 -0.00143312 0.00851615 -0.0160151 0.0181139 -0.0107292 0.053321 0.017695 0.0032831
internal_weight=102.357 24.6711 19.3386 77.6858 15.7244 61.9614 57.818 52.8013 42.6596 38.5312 10.8357 27.6954 15.2236 12.4718 11.3852 9.18176
internal_count=443 90 67 353 80 273 250 224 190 160 50 110 65 45 42 41
is_linear=0
shrinkage=0.1


Tree=14
num_leaves=17
num_cat=0
split_feature=0 1 1 1 1 0 1 0 0 0 0 0 1 0 1 1
split_gain=1.16701 1.07835 1.46826 1.4424 1.19369 1.88311 2.31181 1.80515 3.37047 1.88228 1.19155 1.80588 1.79009 1.03886 3.65655 2.42937
threshold=47.500000000000007 9.7500000000000018 14.410000000000002 54.000000000000007 95.280000000000015 249.50000000000003 75.500000000000014 133.50000000000003 93.500000000000014 168.50000000000003 270.00000000000006 211.50000000000003 37.850000000000009 260.50000000000006 156.00000000000003 199.00000000000003
decision_type=2 2 2 2 2 2 2 2 2 2 2 2 2 2 2 2
left_child=-1 -2 -3 10 5 6 -5 8 -6 -9 11 12 -4 14 -11 -15
right_child=1 2 3 4 7 -7 -8 9 -10 13 -12 -13 -14 15 -16 -17
leaf_value=0.032065038653472239 -0.061248989830405137 0.056330597417695263 0.0061622169405904969 0.078310938902305005 0.002701531529373421 -0.021688103530517491 -0.0017211406814225498 0.047479737777160809 -0.10920860957094294 0.025305679436687406 0.018956423332657846 -0.10540195012395633 -0.068415774379290584 -0.026555794430208498 -0.088203371647360973 0.069993434205762955
leaf_weight=10.193967118859289 3.1342317312955847 4.1738916635513297 8.252344943583017 8.078412279486658 6.9411142989993078 6.6365885138511649 6.524228870868682 8.0615943521261233 4.3954620808362961 5.8188768774271029 4.4734910055994979 3.3027799129486075 5.2763000577688208 6.310927748680113 5.5399300381541252 4.4394188076257706
leaf_count=36 15 15 37 25 27 30 28 35 28 22 22 20 27 27 35 14
internal_value=-2.68233e-05 -0.00360766 -0.00155993 -0.0044347 0.00319865 0.0224803 0.0425539 -0.00666773 -0.0406887 0.00611556 -0.0269162 -0.0391083 -0.0229239 -0.00896694 -0.0300551 0.0133148
internal_weight=101.554 91.3596 88.2254 84.0515 62.7466 21.2392 14.6026 41.5073 11.3366 30.1707 21.3049 16.8314 13.5286 22.1092 11.3588 10.7503
internal_count=443 407 392 377 271 83 53 188 55 133 106 84 64 98 57 41
is_linear=0
shrinkage=0.1


Tree=15
num_leaves=18
num_cat=0
split_feature=0 1 1 1 0 0 1 0 1 1 0 0 0 0 1 0 0
split_gain=0.953748 0.876111 1.1884 1.3325 0.957867 0.750077 2.60087 3.54556 1.92906 2.03031 1.79364 2.60776 1.34702 2.1048 1.01292 0.284676 0.242653
threshold=47.500000000000007 9.7500000000000018 14.410000000000002 23.500000000000004 368.00000000000006 260.50000000000006 200.50000000000003 151.50000000000003 168.50000000000003 133.49500000000003 220.50000000000003 184.50000000000003 145.00000000000003 114.50000000000001 159.55000000000004 84.500000000000014 314.00000000000006
decision_type=2 2 2 2 2 2 2 2 2 2 2 2 2 2 2 2 2
left_child=-1 -2 -3 -4 5 6 8 -8 9 10 11 12 13 15 16 -5 -7
right_child=1 2 3 4 -6 14 7 -9 -10 -11 -12 -13 -14 -15 -16 -17 -18
leaf_value=0.029083063102966034 -0.055325814773988249 0.05059274306944006 -0.053061314468745929 -0.0057423309897576581 -0.042090289896338604 0.019245775624527766 0.00048981605845363019 -0.13589817177473903 0.05738870972458239 -0.056177869020862692 -0.049968290658737056 0.062081495064671581 -0.040736591353663691 0.047804636216761766 0.05987049079302488 -0.041179096391997821 -0.011557223595431834
leaf_weight=10.119344979524611 3.123354658484458 4.1820261627435675 5.1983759403228751 5.3592069298028999 5.2377148270606986 5.2610577493906003 4.5555810108780852 3.277228832244873 6.2448539659380904 5.9780168682336798 4.8975720778107634 8.64500744640827 6.5208760648965827 8.6576339900493604 4.8194753378629676 3.9288634806871414 4.9764837324619293
leaf_count=36 15 15 29 21 28 21 22 28 23 30 24 31 33 33 15 19 20
internal_value=-3.82831e-05 -0.00328149 -0.00142883 -0.00403248 -0.000779903 0.00217916 -0.00297838 -0.0565746 0.00537902 -0.00200479 0.00651546 0.01487 -0.00181164 0.0123324 0.0220683 -0.0207321 0.00427239
internal_weight=100.983 90.8633 87.74 83.5579 78.3596 73.1219 58.0648 7.83281 50.232 43.9872 38.0092 33.1116 24.4666 17.9457 15.057 9.28807 10.2375
internal_count=443 407 392 377 348 320 264 50 214 191 161 137 106 73 56 40 41
is_linear=0
shrinkage=0.1


Tree=16
num_leaves=18
num_cat=0
split_feature=0 0 0 0 1 0 0 1 0 1 0 0 0 0 1 1 0
split_gain=1.06432 5.24434 0.759939 1.36092 1.08795 2.48136 2.60934 2.08225 2.04035 1.66638 2.82738 1.59554 0.883201 0.8323 3.91007 2.36014 0.474818
threshold=37.500000000000007 47.500000000000007 66.500000000000014 84.500000000000014 72.500000000000014 247.50000000000003 178.50000000000003 38.500000000000007 135.50000000000003 95.280000000000015 133.50000000000003 168.50000000000003 284.50000000000006 246.50000000000003 143.00000000000003 209.50000000000003 211.50000000000003
decision_type=2 2 2 2 2 2 2 2 2 2 2 2 2 2 2 2 2
left_child=-1 -2 -3 -4 5 6 8 -7 -5 12 -11 -12 -6 14 -13 -15 -8
right_child=1 2 3 4 9 7 16 -9 -10 10 11 13 -14 15 -16 -17 -18
leaf_value=-0.043580750840773085 0.10503615315872897 -0.042489592161057091 0.042199925404737659 -0.0029248204862684841 0.017136210871096427 -0.020012861598236134 0.053932844635541072 -0.12303899246939567 -0.084831802056741637 -0.072676446337573794 0.044239434874874667 0.032334734764385427 0.07360952171612796 -0.023366314018930023 -0.10058713078040223 0.066674436998520034 0.011993853399407282
leaf_weight=5.3188374340534201 4.7295409440994254 4.620712846517562 6.7619611620903006 8.3568492233753258 7.8596711903810483 4.2619787678122512 5.5685080885887128 3.6347565352916718 4.7814291417598715 5.3775549679994574 8.0175419971346873 4.6064167171716708 4.275922566652298 8.2603006958961469 4.2593666389584541 4.4954071491956702 5.2397021800279617
leaf_count=23 13 20 23 35 32 23 22 21 27 32 35 17 15 35 31 15 24
internal_value=-4.8551e-05 0.00238596 -0.00298579 -0.000857273 -0.00454294 -0.0188235 -0.0027933 -0.0674343 -0.0327333 0.00510113 -0.00596587 0.00613776 0.0370343 -0.00799086 -0.0315246 0.00836613 0.0336013
internal_weight=100.426 95.1076 90.3781 85.7574 78.9954 31.8432 23.9465 7.89674 13.1383 47.1522 35.0166 29.639 12.1356 21.6215 8.86578 12.7557 10.8082
internal_count=443 420 407 387 364 152 108 44 62 212 165 133 47 98 48 50 46
is_linear=0
shrinkage=0.1


Tree=17
num_leaves=18
num_cat=0
split_feature=0 0 1 0 1 1 1 0 1 1 1 1 0 1 0 1 1
split_gain=0.857212 2.29837 0.780682 1.03889 0.72676 0.900762 1.72998 0.76716 0.578243 3.09981 2.01525 1.73553 1.39662 4.58272 0.953748 1.72755 0.905084
threshold=37.500000000000007 50.000000000000007 54.000000000000007 92.500000000000014 17.120000000000001 30.360000000000003 38.500000000000007 178.50000000000003 140.50000000000003 159.55000000000004 115.80000000000001 95.280000000000015 260.50000000000006 200.50000000000003 249.50000000000003 75.500000000000014 255.00000000000003
decision_type=2 2 2 2 2 2 2 2 2 2 2 2 2 2 2 2 2
left_child=-1 -2 4 -4 7 -6 -7 -3 10 -10 11 14 13 -11 15 -5 -15
right_child=1 2 3 8 5 6 -8 -9 9 12 -12 -13 -14 16 -16 -17 -18
leaf_value=-0.038997507244093121 0.06795514487134996 -0.019795980853412026 0.035479974889934519 0.061136856335097058 -0.058753840086737591 0.041215534281887969 -0.039457938255837349 0.034249086371462172 -0.10786569503695509 0.037280790734488027 0.057585811990360863 -0.04725323688145102 0.042141432924684766 -0.13310810120513231 -0.019203026802351301 -0.01714867464986454 -0.046639090845162941
leaf_weight=5.3478827178478232 5.0262098759412757 5.601117357611658 9.360231086611746 6.7626939862966626 6.0951575711369541 4.0795369893312436 7.6291929483413696 4.9455435276031494 2.9934110566973713 6.4228436201810855 6.4483031928539267 7.030009724199771 5.8373994380235663 2.5160029679536819 6.5609405338764182 4.8335433602333069 2.3329434767365456
leaf_count=23 16 24 33 22 39 15 38 20 18 26 22 35 20 22 30 22 18
internal_value=-4.8471e-05 0.00215629 -0.00154101 0.00482278 -0.0152556 -0.0275786 -0.0113498 0.00554685 -0.000723585 -0.0139857 0.00770373 -0.00506685 0.00243953 -0.0181212 0.0112667 0.0285059 -0.0915058
internal_weight=99.823 94.4751 89.4489 61.0983 28.3505 17.8039 11.7087 10.5467 51.7381 20.1026 31.6355 25.1872 17.1092 11.2718 18.1572 11.5962 4.84895
internal_count=443 420 404 268 136 92 53 44 235 104 131 109 86 66 74 44 40
is_linear=0
shrinkage=0.1


Tree=18
num_leaves=19
num_cat=0
split_feature=1 0 1 1 1 1 1 0 0 0 0 0 0 0 1 0 0 0
split_gain=0.774306 2.44014 1.77505 2.17686 1.60991 1.40606 3.02957 3.64547 1.31354 1.97958 3.36776 1.27626 2.49912 1.09986 0.933809 0.570418 2.41351 0.404518
threshold=72.500000000000014 247.50000000000003 95.280000000000015 103.50000000000001 38.500000000000007 186.00000000000003 209.50000000000003 256.50000000000006 295.00000000000006 153.50000000000003 76.000000000000014 178.50000000000003 135.50000000000003 95.000000000000014 37.850000000000009 284.50000000000006 163.50000000000003 211.50000000000003
decision_type=2 2 2 2 2 2 2 2 2 2 2 2 2 2 2 2 2 2
left_child=1 11 15 -4 -3 8 -7 13 9 10 -5 12 14 -8 -1 16 -2 -13
right_child=2 4 3 5 -6 6 7 -9 -10 -11 -12 17 -14 -15 -16 -17 -18 -19
leaf_value=0.02594874533390917 0.062208073367252474 -0.019403537083874881 -0.072483651756270917 0.062030819344813082 -0.11082380754038744 -0.094483581545048018 0.0039476022163617945 0.084488484253521109 -0.03575969006936907 0.059250047318617487 -0.048762018761021098 0.048382904843320348 -0.077539723275641598 -0.073679996990425226 -0.022117765930291033 0.068307733381435712 -0.038264725445661132 0.0095115212343309403
leaf_weight=9.4485327452421277 6.4187531769275648 4.2186815813183776 4.0604887977242461 4.8109508678317123 3.5448866933584213 3.9992630928754798 3.643346965312956 3.9325070232152939 3.778645619750022 10.528582602739332 6.3845435008406639 5.5076334774494153 4.6596078127622595 3.6573903784155846 7.0631925463676444 4.2675317823886862 3.8099919408559799 5.2094051837921143
leaf_count=35 23 23 22 16 21 23 14 12 17 37 33 22 27 32 30 15 17 24
internal_value=-5.30674e-05 -0.0108706 0.00718122 -0.00266156 -0.0611465 0.00429831 -0.0197411 0.00686868 0.0186568 0.0281219 -0.00115189 0.00136964 -0.0128641 -0.0349409 0.00538742 0.0375969 0.0247841 0.0294881
internal_weight=98.9439 39.6519 59.292 44.7957 7.76357 40.7352 15.2325 11.2332 25.5027 21.7241 11.1955 31.8884 21.1713 7.30074 16.5117 14.4963 10.2287 10.717
internal_count=443 182 261 206 44 184 81 58 103 86 49 138 92 46 65 55 40 46
is_linear=0
shrinkage=0.1


Tree=19
num_leaves=17
num_cat=0
split_feature=0 0 1 1 1 1 1 0 0 0 1 1 1 1 0 1
split_gain=0.76098 3.78239 0.63729 1.65899 1.62282 0.908498 0.704723 2.00863 2.19282 1.84214 0.877209 2.07001 1.77192 0.678119 0.651362 0.446929
threshold=37.500000000000007 47.500000000000007 43.500000000000007 49.500000000000007 59.300000000000004 17.120000000000001 75.500000000000014 81.500000000000014 105.50000000000001 138.00000000000003 140.50000000000003 102.50000000000001 209.50000000000003 13.250000000000002 211.50000000000003 170.50000000000003
decision_type=2 2 2 2 2 2 2 2 2 2 2 2 2 2 2 2
left_child=-1 -2 5 -4 -5 13 -6 -8 -9 -10 11 -11 15 -3 -7 -12
right_child=1 2 3 4 6 14 7 8 9 10 12 -13 -14 -15 -16 -17
leaf_value=-0.036762063663804349 0.093268456013089349 -0.018247344485988276 0.062230779438392253 -0.065296590628038623 0.029227393158227161 -0.017664117441115127 -0.060686668822911849 0.067022326600144982 -0.057130665167466857 -0.016172758349609555 -0.019150059705245047 0.050631801689223689 0.028150612978662379 0.03288412286817162 -0.066431852654969564 -0.063544146934805021
leaf_weight=5.3402579724788657 4.3341814428567877 5.9315974265337008 4.3437123596668235 3.7682778388261786 8.3918407559394819 7.0969050005078298 5.2366511821746817 5.0230516865849486 5.4455242753028861 8.5474108308553713 4.7132699787616712 10.141856968402861 6.411670207977294 4.6093029975891113 4.4599143490195274 4.3705253526568413
leaf_count=23 13 26 17 19 33 35 24 19 32 38 22 36 36 18 29 23
internal_value=-5.419e-05 0.00205761 -0.00240976 0.00248609 -0.00169624 -0.0171196 0.00241592 -0.00209396 0.00477741 -0.003112 0.00549301 0.0200792 -0.0120996 0.00411132 -0.0364842 -0.0405096
internal_weight=98.166 92.8257 88.4915 66.3938 62.0501 22.0977 58.2818 49.89 44.6533 39.6303 34.1847 18.6893 15.4955 10.5409 11.5568 9.0838
internal_count=443 420 407 299 282 108 263 230 206 187 155 74 81 44 64 45
is_linear=0
shrinkage=0.1


Tree=20
num_leaves=18
num_cat=0
split_feature=0 0 1 1 1 0 0 0 0 0 0 1 1 0 0 1 1
split_gain=0.801128 2.66762 0.759638 0.843524 1.06927 0.924403 0.644315 3.47835 2.00362 3.34449 1.31562 1.42535 2.46886 2.41381 0.813993 0.617994 1.18385
threshold=33.000000000000007 47.500000000000007 9.7500000000000018 14.410000000000002 23.500000000000004 368.00000000000006 246.50000000000003 213.50000000000003 189.50000000000003 168.50000000000003 153.50000000000003 75.500000000000014 174.25000000000003 92.500000000000014 119.00000000000001 148.50000000000003 91.90000000000002
decision_type=2 2 2 2 2 2 2 2 2 2 2 2 2 2 2 2 2
left_child=-1 -2 -3 -4 -5 6 7 8 9 10 11 14 13 -13 -6 16 -8
right_child=1 2 3 4 5 -7 15 -9 -10 -11 -12 12 -14 -15 -16 -17 -18
leaf_value=-0.042019124146735157 0.071776595416884664 -0.050810998901868222 0.043463683655376173 -0.047266684973985951 0.0051090233389996373 -0.040685696662018163 0.028996239489204503 -0.080313646960724433 0.052472102159883162 -0.081291461719741526 0.054955172247750574 0.0022559359641335253 0.028818969454068123 -0.089905037929218654 0.060344165941811578 0.044604268935796346 -0.036438997619928713
leaf_weight=4.3444577157497397 5.1629380583763114 3.098866030573844 4.1682158261537543 5.0405749157071105 6.3361495435237902 5.1323456391692153 7.9020248576998728 5.1651217564940444 7.787718065083026 4.7965930104255667 5.0548541322350493 5.4204578474164027 7.1755773425102225 5.9740341380238533 4.6086171716451645 6.3444367051124564 4.2529113367199898
leaf_count=19 17 15 15 29 25 28 32 33 31 28 23 21 33 37 17 22 18
internal_value=-4.19826e-05 0.00191012 -0.00217693 -0.000407186 -0.002665 0.000295052 0.003265 -0.00240684 0.00612686 -0.00304148 0.00781581 -0.000257502 -0.0171284 -0.0460633 0.0283674 0.0193059 0.00610099
internal_weight=97.7659 93.4214 88.2585 85.1596 80.9914 75.9508 70.8185 52.3191 47.154 39.3663 34.5697 29.5148 18.5701 11.3945 10.9448 18.4994 12.1549
internal_count=443 424 407 392 377 348 320 248 215 184 156 133 91 58 42 72 50
is_linear=0
shrinkage=0.1


Tree=21
num_leaves=19
num_cat=0
split_feature=1 0 1 1 1 1 1 0 0 0 0 0 0 1 0 0 0 1
split_gain=0.717096 1.90614 1.60804 1.59768 1.54425 1.2852 2.03562 2.98807 1.27396 1.98056 1.0946 1.50198 2.62967 0.906438 0.879068 0.449368 1.97335 0.276957
threshold=72.500000000000014 247.50000000000003 95.280000000000015 103.50000000000001 38.500000000000007 186.00000000000003 209.50000000000003 256.50000000000006 178.50000000000003 135.50000000000003 295.00000000000006 153.50000000000003 79.000000000000014 37.850000000000009 95.000000000000014 284.50000000000006 163.50000000000003 36.150000000000006
decision_type=2 2 2 2 2 2 2 2 2 2 2 2 2 2 2 2 2 2
left_child=1 8 15 -4 -3 10 -7 14 9 13 11 12 -5 -1 -8 16 -2 -10
right_child=2 4 3 5 -6 6 7 -9 17 -11 -12 -13 -14 -15 -16 -17 -18 -19
leaf_value=0.022708389162798541 0.058599663172657239 -0.01417590140935047 -0.06307099355198123 0.049819547688768777 -0.10460351314794628 -0.081704947326742092 -0.00078902874131751139 0.074438301988288949 0.013676552619512642 -0.072169149370820737 -0.032135882988337604 0.053612702368797296 -0.048725848678125738 -0.024901469032764301 -0.071014118076396612 0.063335107743777097 -0.032424059646040157 0.046065270714502525
leaf_weight=9.3247140198946088 6.371888190507887 4.1409883350133887 3.9660175442695609 5.383944779634481 3.4718107730150223 3.9128935709595671 3.5881595611572248 3.7659309804439545 5.7636904269456846 4.5727983191609374 3.787803277373313 10.285172164440153 5.447925366461277 7.0015941560268393 3.5422690808773041 4.236778959631919 3.8034065365791321 4.8716497123241425
leaf_count=35 23 23 22 19 21 23 14 12 29 27 17 37 30 30 32 15 17 17
internal_value=-4.38981e-05 -0.010505 0.00700562 -0.00255113 -0.0554153 0.00349263 -0.0198359 0.00238128 0.000336951 -0.0140014 0.0173646 0.0262436 0.000255811 0.00229074 -0.0356756 0.0359702 0.0245761 0.0285126
internal_weight=97.2394 39.1472 58.0922 43.6801 7.6128 39.7141 14.8093 10.8964 31.5344 20.8991 24.9048 21.117 10.8319 16.3263 7.13043 14.4121 10.1753 10.6353
internal_count=443 182 261 206 44 184 81 58 138 92 103 86 49 65 46 55 40 46
is_linear=0
shrinkage=0.1


Tree=22
num_leaves=17
num_cat=0
split_feature=0 0 0 0 0 0 1 0 0 1 0 0 1 1 1 0
split_gain=0.696876 1.94038 1.73052 1.76735 1.6442 1.11563 0.911086 1.04428 0.902482 0.813912 2.76428 2.36825 1.61125 0.720965 1.2899 0.347056
threshold=247.50000000000003 281.50000000000006 234.50000000000003 198.50000000000003 184.50000000000003 168.50000000000003 80.500000000000014 352.50000000000006 37.500000000000007 153.50000000000003 72.000000000000014 105.50000000000001 200.50000000000003 77.950000000000017 43.500000000000007 213.50000000000003
decision_type=2 2 2 2 2 2 2 2 2 2 2 2 2 2 2 2
left_child=2 -2 3 4 5 8 -3 -8 -1 10 -10 -12 -11 14 -13 -5
right_child=1 6 -4 15 -6 -7 7 -9 9 12 11 13 -14 -15 -16 -17
leaf_value=-0.032281816477076793 -0.066691353039322124 -0.029145341448816517 0.060003750012522818 -0.02413830568149479 0.063565980164443189 -0.0419735336527432 0.04145125900484805 -0.021118820866961822 0.053223890913181485 0.069665522375131669 -0.063538606844590548 -0.014507067461621719 -0.0046051102048261282 -0.020493727243943671 0.055563253271025896 -0.064238266242979944
leaf_weight=5.3460810631513587 5.5533743947744396 6.4067016169428852 5.2616817876696578 5.0473725572228414 4.6830138936638823 5.2563147991895667 7.1161795407533628 4.26667320728302 8.1635861992835981 6.0519632846117002 6.9087937995791462 5.0382243394851702 5.6460528671741486 6.4169382601976386 5.489803858101368 3.7706641182303429
leaf_count=23 28 37 20 24 19 29 24 20 27 22 34 24 32 34 21 25
internal_value=-4.68001e-05 -0.0150889 0.00475787 0.000471651 0.0067125 0.00181087 0.00101981 0.0179979 0.00650182 0.0112448 0.00299704 -0.0141923 0.0338188 0.0059271 0.0220309 -0.0412854
internal_weight=96.4234 23.3429 73.0805 67.8188 59.0008 54.3178 17.7896 11.3829 49.0614 43.7154 32.0173 23.8538 11.698 16.945 10.528 8.81804
internal_count=443 109 334 314 265 246 81 44 217 194 140 113 54 79 45 49
is_linear=0
shrinkage=0.1


Tree=23
num_leaves=19
num_cat=0
split_feature=0 0 0 0 1 0 0 0 0 0 0 1 0 0 1 1 0 1
split_gain=0.577564 1.93688 1.05953 0.847876 0.439291 0.948633 1.03083 2.16524 1.71132 1.30045 1.39063 0.787803 1.42879 0.507649 0.590733 0.450647 1.52977 1.4136
threshold=33.000000000000007 47.500000000000007 66.500000000000014 92.500000000000014 15.300000000000002 114.50000000000001 198.50000000000003 246.50000000000003 216.50000000000003 184.50000000000003 168.50000000000003 72.500000000000014 312.50000000000006 368.00000000000006 172.50000000000003 77.950000000000017 153.50000000000003 174.25000000000003
decision_type=2 2 2 2 2 2 2 2 2 2 2 2 2 2 2 2 2 2
left_child=-1 -2 -3 -4 -5 -6 9 8 -8 10 15 12 -9 14 -13 -7 17 -17
right_child=1 2 3 4 5 6 7 11 -10 -11 -12 13 -14 -15 -16 16 -18 -19
leaf_value=-0.035651370447110128 0.063172904644435285 -0.048812729582211639 0.028750094954484596 -0.0272752189862089 -0.048028647059356 0.036960035381374046 -0.013911295919299044 0.016750032849119401 -0.097595965901528234 0.06633955546560226 -0.046522043221514014 0.043854915951638929 -0.074327875317446668 -0.012218444172181596 -0.00029656944694355454 -0.059606923164325622 0.056534917582610658 0.030158202869635428
leaf_weight=4.3469805419445029 4.8469957858324042 4.5397745221853247 9.5956513434648496 6.6997696459293357 3.9319197013974181 7.8992797359824278 6.0592933893203718 4.1851384639740017 4.0952149033546448 4.4884251579642287 3.9474865123629561 8.5772100389003771 2.9271118268370628 4.0436689704656592 4.6860136836767188 4.1414378434419614 3.8502768278121948 3.0436185821890831
leaf_count=19 17 20 34 31 24 33 30 19 28 18 23 29 21 20 19 24 17 17
internal_value=-3.62969e-05 0.00165463 -0.00178413 0.000814087 -0.00287949 -0.000398376 0.00262497 -0.00885293 -0.0476605 0.0171235 0.00746956 0.0072849 -0.0207339 0.0187992 0.0282558 0.0187257 0.0056733 -0.0215821
internal_weight=95.9053 91.5583 86.7113 82.1715 72.5759 65.8761 61.9442 34.5737 10.1545 27.3705 22.8821 24.4191 7.11225 17.3069 13.2632 18.9346 11.0353 7.18506
internal_count=443 424 407 387 353 322 298 166 58 132 114 108 40 68 48 91 58 41
is_linear=0
shrinkage=0.1


Tree=24
num_leaves=18
num_cat=0
split_feature=0 1 0 1 1 1 0 1 0 1 1 1 0 0 0 0 1
split_gain=0.611064 1.79788 1.72925 1.62585 1.93676 1.84145 2.01276 1.20957 1.61664 1.12546 1.73704 1.3623 1.08371 2.54994 1.64649 0.292857 0.269818
threshold=247.50000000000003 209.50000000000003 226.50000000000003 186.00000000000003 227.15000000000003 167.50000000000003 72.000000000000014 15.300000000000002 105.50000000000001 105.50000000000001 72.500000000000014 38.500000000000007 141.50000000000003 167.50000000000003 198.50000000000003 54.000000000000007 74.500000000000014
decision_type=2 2 2 2 2 2 2 2 2 2 2 2 2 2 2 2 2
left_child=2 9 3 5 -5 6 15 -8 -9 10 11 -2 16 -14 -15 -1 -10
right_child=1 -3 -4 4 -6 -7 7 8 12 -11 -12 -13 13 14 -16 -17 -18
leaf_value=0.022581118345097712 -0.0062654212202655274 0.045709058783806322 0.055280335727296792 -0.099741440553323249 -0.0034571832081299707 0.067699669901391882 -0.057245412108313715 -0.050529794562985432 0.046862751395398097 -0.066839198876047737 0.026152043515188558 -0.092791615971731259 -0.07419775612115545 0.044092037505288895 -0.02428693077296145 0.053051448506105187 0.013740227131184037
leaf_weight=8.0868577212095243 4.0335607901215607 4.1097027957439414 6.1323239356279364 3.3719237037003023 5.4914065003395081 4.4519991129636756 4.8649453073739997 6.1500413641333571 5.6739099174737948 5.2075406536459914 6.3361483216285706 3.315104752779007 4.4630969092249897 7.6175039261579496 6.5487050861120224 5.171398162841796 4.3409763276576996
leaf_count=31 23 15 25 25 32 16 24 30 21 25 25 21 27 32 32 17 22
internal_value=-3.55728e-05 -0.0142335 0.0044774 -0.000226316 -0.0400871 0.00593201 0.000735427 -0.0105409 -0.00401066 -0.027273 -0.0122167 -0.0452988 0.00597722 -0.00828418 0.012482 0.0344661 0.0325057
internal_weight=95.3671 23.0021 72.3651 66.2328 8.86333 57.3694 52.9174 39.6592 34.7942 18.8924 13.6848 7.34867 28.6442 18.6293 14.1662 13.2583 10.0149
internal_count=443 109 334 309 57 252 236 188 164 94 69 44 134 91 64 48 43
is_linear=0
shrinkage=0.1


Tree=25
num_leaves=18
num_cat=0
split_feature=1 1 0 0 1 0 0 0 0 1 1 1 1 0 1 0 1
split_gain=0.504206 1.44742 2.28497 1.08166 1.04135 1.07284 1.64954 1.20351 1.15297 1.59384 1.28515 0.916087 0.845434 0.734081 0.553523 0.517907 0.431679
threshold=186.00000000000003 209.50000000000003 256.50000000000006 72.000000000000014 168.50000000000003 165.50000000000003 139.50000000000003 105.50000000000001 198.50000000000003 36.150000000000006 55.500000000000007 60.500000000000007 81.500000000000014 95.000000000000014 96.500000000000014 42.500000000000007 105.50000000000001
decision_type=2 2 2 2 2 2 2 2 2 2 2 2 2 2 2 2 2
left_child=3 -2 13 15 5 6 7 -5 14 -10 -11 -9 -12 -3 -7 -1 -14
right_child=1 2 -4 4 -6 8 -8 11 9 10 12 -13 16 -15 -16 -17 -18
leaf_value=0.0053595776284423883 -0.070475360329277689 -0.00040414467221700856 0.066173551870616687 -0.040457767184067128 0.045059039919942673 0.014592502665053575 -0.075717966344331908 -0.019659843931924523 -0.051355336669794131 0.04713984841867995 -0.039622058558775222 0.038676761276794411 0.025950172903423236 -0.065590964159734297 0.062924883845580357 0.045174574400846712 -0.01093876486254901
leaf_weight=5.5372040867805463 3.7740534394979468 3.568870544433592 3.6117707192897797 7.3128462359309259 4.364909127354621 5.8512091264128667 4.673996575176715 4.9551559686660749 6.0074231624603298 5.8197188377380398 5.4938424900174168 5.8934973701834679 6.2867909222841245 3.3482696339488029 3.9821180552244186 7.9688704609870911 6.4033268019556999
leaf_count=22 23 14 12 35 16 27 29 22 39 23 28 26 24 32 15 28 28
internal_value=-3.92475e-05 -0.0173413 0.00170437 0.00303299 -0.00216806 -0.00545687 -0.0227384 -0.00910374 0.00444747 -0.00528975 0.00623913 0.0120313 -0.00685101 -0.0319581 0.0341653 0.0288513 0.00733632
internal_weight=94.8539 14.303 10.5289 80.5509 67.0448 62.6799 22.8355 18.1615 39.8444 30.0111 24.0037 10.8487 18.184 6.91714 9.83333 13.5061 12.6901
internal_count=443 81 58 362 312 296 112 83 184 142 103 48 80 46 42 50 52
is_linear=0
shrinkage=0.1


Tree=26
num_leaves=17
num_cat=0
split_feature=0 0 0 0 1 1 0 0 1 1 1 0 1 1 0 1
split_gain=0.5417 1.63198 1.54605 1.40917 0.979471 1.19443 2.30098 1.4981 1.89558 1.65322 1.94431 0.643592 0.397191 0.491824 0.385769 0.102771
threshold=247.50000000000003 281.50000000000006 226.50000000000003 198.50000000000003 186.00000000000003 138.00000000000003 175.50000000000003 145.00000000000003 95.280000000000015 73.250000000000014 37.850000000000009 316.00000000000006 135.50000000000003 82.500000000000014 83.500000000000014 54.000000000000007
decision_type=2 2 2 2 2 2 2 2 2 2 2 2 2 2 2 2
left_child=2 -2 3 4 5 6 7 8 9 10 -1 -3 13 -13 -6 -5
right_child=1 11 -4 15 14 -7 -8 -9 -10 -11 -12 12 -14 -15 -16 -17
leaf_value=0.029095685958775735 -0.060831383314162636 0.03009797054157546 0.052371595867514997 -0.05366210069115708 -0.051113648142661228 0.043433502868000386 0.061999444398671555 -0.051238836036384718 -0.048940620649135236 0.060889355320559439 -0.038916338012832431 -0.0032351637472911561 0.01557565274266675 -0.053426654521598976 -0.0070907625211366846 -0.030348831640395597
leaf_weight=9.7958185374736875 5.5144325196743038 5.4470880702137974 6.1028000190854064 3.3293303027749053 3.6838230043649656 8.945730119943617 5.6983127146959296 6.1714386641979209 5.638882875442504 6.0013780742883673 7.3626058846712104 4.7300664857029897 3.714612439274787 3.3244761377573013 4.3305183500051498 4.376453623175621
leaf_count=37 28 22 25 19 17 37 22 37 29 21 33 28 15 16 32 25
internal_value=-4.11146e-05 -0.0134868 0.0042372 -0.000258978 0.00511134 0.0103511 0.003074 -0.00652778 0.00305361 0.015713 -8.79801e-05 0.00167781 -0.0114758 -0.0239515 -0.0273261 -0.0404215
internal_weight=94.1678 22.7307 71.4371 65.3343 57.6285 49.6142 40.6684 34.9701 28.7987 23.1598 17.1584 17.2162 11.7692 8.05454 8.01434 7.70578
internal_count=443 109 334 309 265 216 179 157 120 91 70 81 59 44 49 44
is_linear=0
shrinkage=0.1


Tree=27
num_leaves=19
num_cat=0
split_feature=0 0 0 0 1 1 1 0 1 0 1 0 1 0 0 0 1 1
split_gain=0.50302 1.42823 1.24952 0.903342 1.09497 0.378758 1.23286 1.93293 1.12197 1.00735 2.06257 0.650279 1.0163 1.3519 0.935848 0.505122 0.382086 0.377026
threshold=33.000000000000007 47.500000000000007 66.500000000000014 117.50000000000001 15.300000000000002 49.500000000000007 36.150000000000006 204.00000000000003 78.90000000000002 368.00000000000006 95.280000000000015 168.50000000000003 133.49500000000003 260.50000000000006 145.00000000000003 216.50000000000003 65.000000000000014 115.80000000000001
decision_type=2 2 2 2 2 2 2 2 2 2 2 2 2 2 2 2 2 2
left_child=-1 -2 -3 17 -5 6 7 -6 16 10 -10 14 -13 15 -12 -14 -7 -4
right_child=1 2 3 4 5 8 -8 -9 9 -11 11 12 13 -15 -16 -17 -18 -19
leaf_value=-0.033443466110906338 0.055926043387159841 -0.05278489301050393 0.034425202033949678 -0.049105572672623887 0.032343961526577619 -0.016628923704753374 0.046104282644764731 -0.070682477744118608 0.060092848871330998 -0.048378590749114991 -0.017591112070705458 0.015733156272886878 -0.094972625288902532 0.0060496004079750587 0.047476333015500596 -0.036477887493037264 -0.057057466808925976 0.0031131233382300791
leaf_weight=4.3003777563571921 4.5862563624978057 4.4768252447247496 10.104180812835695 4.9343111217021933 4.0812505111098272 5.0782658234238607 6.5066063478589058 3.2882356643676758 6.3469190299510947 3.3847789019346228 3.9903682321310061 6.6975330039858845 2.9668348133563978 4.6899450868368149 4.9555011317133904 2.9383370652794838 4.3316855281591415 6.2081608101725569
leaf_count=19 17 20 39 25 19 23 27 27 22 18 23 27 23 18 25 18 24 29
internal_value=-3.50363e-05 0.00156902 -0.00136456 0.00149496 -0.00384506 -7.61892e-05 0.014382 -0.013626 -0.00449712 0.00354518 0.00893871 -0.00343513 -0.0147581 -0.0340327 0.0184525 -0.0658664 -0.0352394 0.0225084
internal_weight=93.8664 89.566 84.9797 80.5029 64.1906 59.2563 13.8761 7.36949 45.3802 35.9702 32.5854 26.2385 17.2926 10.5951 8.94587 5.90517 9.40995 16.3123
internal_count=443 424 407 387 319 294 73 46 221 174 156 134 86 59 48 41 47 68
is_linear=0
shrinkage=0.1


Tree=28
num_leaves=17
num_cat=0
split_feature=0 0 1 1 1 1 1 0 1 0 1 0 1 0 1 0
split_gain=0.409948 0.59845 0.894369 0.426843 1.07419 0.307009 0.993697 1.61591 0.910377 0.823601 1.68306 0.544119 1.19896 0.847495 0.31539 0.29126
threshold=37.500000000000007 117.50000000000001 15.300000000000002 75.500000000000014 153.50000000000003 49.500000000000007 36.150000000000006 204.00000000000003 78.90000000000002 368.00000000000006 95.280000000000015 198.50000000000003 148.50000000000003 153.50000000000003 65.000000000000014 81.500000000000014
decision_type=2 2 2 2 2 2 2 2 2 2 2 2 2 2 2 2
left_child=-1 3 -3 15 -5 6 7 -4 14 10 -10 13 -13 -12 -7 -2
right_child=1 2 5 4 -6 8 -8 -9 9 -11 11 12 -14 -15 -16 -17
leaf_value=-0.027033792481404896 0.045413628964577762 -0.044571839171312855 0.028925395818200823 -0.025885875346290985 0.03166768765156424 -0.014937113737447251 0.041210272867748726 -0.066116659131326846 0.054428994084685128 -0.043994918961935948 -0.018874741740608006 -0.054884379266226427 0.0079457887673555043 0.031777757074738587 -0.051719918594153362 0.013344350755328147
leaf_weight=5.3063036650419226 5.5743109285831469 4.8947285041213027 4.1058458313345891 6.5623214319348318 6.4110847041010857 5.0875745341181737 6.5489571020007133 3.170086495578289 6.3086671829223624 3.351630523800849 5.6540854275226611 5.1996902748942357 7.3026929385960102 7.9445198550820351 4.3024214059114456 5.7568549066781998
leaf_count=23 19 25 19 32 27 23 27 27 22 18 34 24 37 39 24 23
internal_value=-3.9066e-05 0.00158545 -0.00349653 0.0149406 0.00255544 -8.74823e-05 0.0129514 -0.0124839 -0.00407987 0.00319628 0.00807654 -0.00312695 -0.018185 0.0107172 -0.0317907 0.0291207
internal_weight=93.4818 88.1755 63.8709 24.3046 12.9734 58.9762 13.8249 7.27593 45.1513 35.7613 32.4097 26.101 12.5024 13.5986 9.39 11.3312
internal_count=443 420 319 101 59 294 73 46 221 174 156 134 61 73 47 42
is_linear=0
shrinkage=0.1


Tree=29
num_leaves=18
num_cat=0
split_feature=1 1 1 1 1 0 0 1 1 1 0 0 1 0 1 0 0
split_gain=0.361729 1.2449 1.20154 0.950564 1.0569 0.917603 2.07798 1.39181 0.598913 1.17339 2.4892 0.959998 0.968705 0.782086 0.580716 0.386058 1.39024
threshold=72.500000000000014 49.500000000000007 43.500000000000007 95.280000000000015 103.50000000000001 114.50000000000001 178.50000000000003 17.120000000000001 186.00000000000003 209.50000000000003 260.50000000000006 107.50000000000001 140.50000000000003 95.000000000000014 59.300000000000004 284.50000000000006 163.50000000000003
decision_type=2 2 2 2 2 2 2 2 2 2 2 2 2 2 2 2 2
left_child=1 2 5 15 -5 -1 -7 -8 11 -10 13 -6 -13 -11 -3 16 -2
right_child=3 14 -4 4 8 6 7 -9 9 10 -12 12 -14 -15 -16 -17 -18
leaf_value=0.022607234811489189 0.045916058966415568 -0.064463549673067486 0.051309429686397748 -0.052619699907318275 0.043026798916827591 -0.076278199920326376 0.044402538598169616 -0.027857742497977261 -0.062327662060621986 0.0018226679768722246 0.074326855166667358 0.021758242343854081 -0.026465756607388882 -0.065556052461894429 -0.016337165996366292 0.054018700571062006 -0.030959389516720434
leaf_weight=7.6542835533618989 6.2931653857231122 4.4711753427982313 4.4070357233285895 3.8215106278657904 7.0932408049702671 4.572018437087535 4.7849444001913053 6.0177641659975052 3.6815801523625842 3.5555643886327726 3.3422964513301849 8.8751444891095179 7.8496501818299285 3.3418478965759277 5.7081182450056076 3.9678397178649893 3.7566697597503662
leaf_count=29 23 23 17 22 28 27 20 39 23 14 11 37 38 33 27 15 17
internal_value=-3.66574e-05 -0.00760968 0.00347141 0.00508874 -0.00250636 -0.0056833 -0.0197677 0.00414918 0.00256815 -0.0139096 0.0034986 0.0121992 -0.00087531 -0.0308228 -0.0374763 0.0276073 0.0171797
internal_weight=93.1938 37.6153 27.436 55.5785 41.5608 23.029 15.3747 10.8027 37.7393 13.9213 10.2397 23.818 16.7248 6.89741 10.1793 14.0177 10.0498
internal_count=443 182 132 261 206 115 86 59 184 81 58 103 75 47 50 55 40
is_linear=0
shrinkage=0.1


Tree=30
num_leaves=16
num_cat=0
split_feature=0 0 0 0 0 1 0 1 1 0 0 0 0 0 0
split_gain=0.406107 1.59943 1.31859 0.978182 0.77193 0.747288 1.42186 0.903033 1.58905 2.18678 0.856072 0.428952 0.440306 0.269612 0.0787585
threshold=247.50000000000003 226.50000000000003 281.50000000000006 198.50000000000003 178.50000000000003 59.300000000000004 114.50000000000001 78.90000000000002 102.50000000000001 133.50000000000003 84.500000000000014 316.00000000000006 382.50000000000006 145.00000000000003 211.50000000000003
decision_type=2 2 2 2 2 2 2 2 2 2 2 2 2 2 2
left_child=1 3 -2 4 5 6 -1 -7 -9 10 -10 -4 -13 -8 -5
right_child=2 -3 11 14 -6 7 13 8 9 -11 -12 12 -14 -15 -16
leaf_value=0.0073856588672519445 -0.05455635778228092 0.052805045146516585 0.025529373012743908 -0.025251854827322059 0.036062960848125804 0.041480923811252034 -0.035088009080699312 -0.051641923199829021 0.0039868945315081009 0.051691872034521816 -0.049436058041202643 -0.025975845595445263 0.013675496457952827 -0.074274113763147465 -0.045777986671936471
leaf_weight=9.618422135710718 5.4501186460256603 6.0572852268815032 5.3196996822953251 3.9884100109338751 6.4660048261284819 6.4944579601287833 4.2488012462854376 4.88936569541693 9.354072220623495 8.3606216609477979 4.4154121726751319 6.485172361135481 4.929051898419857 2.9924037382006645 3.5183052569627762
leaf_count=38 28 25 22 20 29 23 20 27 39 39 29 31 28 21 24
internal_value=-3.81299e-05 0.00367951 -0.0118365 -0.000944965 0.00353575 -0.000639473 -0.0178119 0.00799934 -4.83701e-05 0.0113506 -0.0131441 0.0020771 -0.00885304 -0.0512815 -0.0348722
internal_weight=92.5876 70.4036 22.184 64.3463 56.8396 50.3736 16.8596 33.5139 27.0195 22.1301 13.7695 16.7339 11.4142 7.2412 7.50672
internal_count=443 334 109 309 265 236 79 157 134 107 68 81 59 41 44
is_linear=0
shrinkage=0.1


Tree=31
num_leaves=18
num_cat=0
split_feature=0 0 0 0 0 0 0 1 0 0 1 0 0 0 0 1 0
split_gain=0.396509 0.444997 1.16778 1.07368 0.932825 0.535374 1.04749 0.696028 1.17684 1.9479 0.746918 1.40989 0.540066 0.348433 0.354979 0.285801 0.0673671
threshold=37.500000000000007 247.50000000000003 226.50000000000003 281.50000000000006 198.50000000000003 184.50000000000003 168.50000000000003 174.25000000000003 72.000000000000014 89.500000000000014 33.500000000000007 149.50000000000003 119.00000000000001 316.00000000000006 382.50000000000006 239.00000000000003 211.50000000000003
decision_type=2 2 2 2 2 2 2 2 2 2 2 2 2 2 2 2 2
left_child=-1 2 4 -3 5 6 7 8 -2 -10 -11 12 -12 -5 -15 -9 -6
right_child=1 3 -4 13 16 -7 -8 15 9 10 11 -13 -14 14 -16 -17 -18
leaf_value=-0.026669887393262499 0.03351702230668506 -0.049298649510534864 0.047595564174878958 0.02308008103408107 -0.022718705587352641 0.039614034620819583 -0.040085067030701658 0.052071380347794287 -0.076585204751447228 0.03299156483157796 -0.051685392828033319 0.041656293317455031 -0.0077330687791938614 -0.023274947570804796 0.012251476001481756 0.015109210115914002 -0.041766601409137433
leaf_weight=5.2724021822214118 8.6932011246681196 5.4293336719274548 6.0486674830317488 5.2970546409487751 3.9897275865077964 4.3986876606941214 5.0103176720440379 4.2988137528300268 3.6610453277826336 5.7996837720274952 5.0182692036032659 4.0319262742996207 6.3120755478739738 6.5124268010258657 4.9505676329135895 4.0749365836381912 3.4730542078614235
leaf_count=23 33 28 25 22 20 19 29 19 17 25 30 18 30 31 28 22 24
internal_value=-4.14484e-05 0.0015723 0.00575705 -0.0106505 0.00145038 0.006256 0.00312741 0.00829591 0.00185287 -0.00923616 0.00241532 -0.00912807 -0.0271998 0.00186943 -0.00793201 0.0340844 -0.0315833
internal_weight=92.2722 86.9998 64.8104 22.1894 58.7617 51.299 46.9003 41.89 33.5162 24.823 21.162 15.3623 11.3303 16.76 11.463 8.37375 7.46278
internal_count=443 420 311 109 286 242 223 194 153 120 103 78 60 81 59 41 44
is_linear=0
shrinkage=0.1


Tree=32
num_leaves=19
num_cat=0
split_feature=1 1 1 1 1 0 1 0 0 0 1 0 1 0 0 0 1 0
split_gain=0.388341 0.667681 1.26181 1.96937 1.07072 0.516687 1.29834 1.35777 1.61888 1.16659 1.47408 0.817154 0.751544 0.473845 0.411417 0.276647 0.0454367 0.0076381
threshold=9.7500000000000018 17.120000000000001 30.360000000000003 38.500000000000007 54.000000000000007 247.50000000000003 200.50000000000003 189.50000000000003 139.50000000000003 114.50000000000001 138.00000000000003 312.50000000000006 88.500000000000014 95.000000000000014 368.00000000000006 167.50000000000003 24.500000000000004 175.50000000000003
decision_type=2 2 2 2 2 2 2 2 2 2 2 2 2 2 2 2 2 2
left_child=-1 -2 16 -4 17 6 7 8 9 10 12 -7 -6 -8 -13 -10 -3 -5
right_child=1 2 3 4 5 11 13 -9 15 -11 -12 14 -14 -15 -16 -17 -18 -19
leaf_value=-0.03300747314764417 0.030775633843553862 -0.054652456606615912 0.064747560235470056 -0.034575911754805448 0.009827960123780774 -0.042732002702385058 -0.0071940210523986333 0.047520994580303393 -0.016121378212901792 0.053319179656562243 0.04951998399219977 0.019197865001186986 -0.044740225884706296 -0.059219940922232366 -0.020201180111768073 -0.05288907236242333 -0.037191598075625623 -0.040964977804655779
leaf_weight=3.4388550594449034 7.046655297279357 2.8626282028853884 4.717875897884368 4.4076701775193206 4.8714376986026817 5.8888364285230663 3.6953528821468344 9.6064585745334607 4.3297008499503118 6.7000290900468817 4.6634663268923751 6.6100275665521604 5.2374867498874664 3.326575368642807 4.4244491681456566 3.8805279061198235 3.1087407916784286 3.2514927163720131
leaf_count=17 29 21 17 23 19 28 15 37 21 26 21 25 26 36 25 20 20 17
internal_value=-3.6369e-05 0.00124292 -0.00130795 0.00218701 -0.00197632 0.00230078 0.00776512 0.0148437 0.00426803 0.0187089 0.00301134 -0.0126525 -0.0184441 -0.0318408 0.00340019 -0.0334995 -0.0455622 -0.0372882
internal_weight=92.0683 88.6294 81.5828 75.6114 70.8935 63.2343 46.311 39.2891 29.6826 21.4724 14.7724 16.9233 10.1089 7.02193 11.0345 8.21023 5.97137 7.65916
internal_count=443 426 397 356 339 299 221 170 133 92 66 78 45 51 50 41 41 40
is_linear=0
shrinkage=0.1


Tree=33
num_leaves=18
num_cat=0
split_feature=0 0 1 0 1 1 0 1 1 1 1 1 0 0 1 0 0
split_gain=0.347343 0.367613 0.570833 1.0363 0.521608 0.885585 1.49258 1.52124 1.39546 0.947881 0.864392 0.724763 0.4823 0.84077 0.307541 0.492919 0.701711
threshold=37.500000000000007 117.50000000000001 23.500000000000004 234.50000000000003 49.500000000000007 102.50000000000001 206.50000000000003 75.500000000000014 140.50000000000003 78.90000000000002 251.00000000000003 36.150000000000006 270.00000000000006 189.50000000000003 29.250000000000004 87.500000000000014 67.500000000000014
decision_type=2 2 2 2 2 2 2 2 2 2 2 2 2 2 2 2 2
left_child=-1 14 3 -3 11 6 7 -6 -7 -8 12 -4 13 -10 -2 16 -16
right_child=1 2 4 -5 5 8 9 -9 10 -11 -12 -13 -14 -15 15 -17 -18
leaf_value=-0.024987929910174862 0.032921598036831326 -0.06241144103862542 -0.01127481076739402 0.0118649508607296 -0.012455759533925619 0.037684811205944323 -0.029898178795959462 -0.10389008416609707 -0.036373933247776262 0.029567760959080792 0.032526469951666137 0.041768168531718344 -0.053277030152296768 0.025606748812847659 -0.0024073940103574495 -0.018278718211011371 0.045827774061830001
leaf_weight=5.2578979432582846 5.451604604721072 4.08948791027069 4.2672929652035219 3.4741372317075729 3.8446649685502079 9.8538254201412219 4.8780522719025594 3.4546227231621742 5.1502445712685603 5.9501324668526649 3.6947643011808387 6.4992789477109909 3.6226831376552573 3.8059053830802441 7.4935194626450556 5.7855121418833724 5.0475251823663712
leaf_count=23 20 25 27 19 18 39 26 22 31 23 24 27 17 21 32 32 17
internal_value=-3.39656e-05 0.00148526 -0.00253621 -0.0282947 0.00100473 -0.00379774 -0.0207807 -0.05573 0.00798523 0.0027786 -0.00999815 0.0207448 -0.0224889 -0.0100353 0.0120699 0.00586718 0.0170063
internal_weight=91.6212 86.3633 62.5851 7.56363 55.0215 44.2549 18.1275 7.29929 26.1274 10.8282 16.2736 10.7666 12.5788 8.95615 23.7782 18.3266 12.541
internal_count=443 420 319 44 275 221 89 40 132 49 93 54 69 52 101 81 49
is_linear=0
shrinkage=0.1


Tree=34
num_leaves=17
num_cat=0
split_feature=1 1 1 1 0 0 1 0 1 0 0 0 1 1 0 0
split_gain=0.302214 1.11426 1.16379 0.925471 0.9227 1.15594 2.44021 1.04211 3.24814 1.04701 0.571149 1.4799 1.05456 0.389172 0.263426 1.24217
threshold=72.500000000000014 49.500000000000007 43.500000000000007 95.280000000000015 81.500000000000014 168.50000000000003 170.50000000000003 246.50000000000003 135.50000000000003 320.00000000000006 114.50000000000001 178.50000000000003 17.120000000000001 59.300000000000004 284.50000000000006 163.50000000000003
decision_type=2 2 2 2 2 2 2 2 2 2 2 2 2 2 2 2
left_child=1 2 10 14 -5 6 -6 8 -7 -9 -1 -12 -13 -3 15 -2
right_child=3 13 -4 4 5 7 -8 9 -10 -11 11 12 -14 -15 -16 -17
leaf_value=0.016855208267221915 0.045635473862404685 -0.057931347560972506 0.05049814950355197 -0.033170898635941033 -0.019624653683876586 0.029136663446616525 0.066244586584698714 0.031240402153970601 -0.10544809211956262 -0.029133991898785808 -0.065957494324875285 0.037895309236988653 -0.025297937888154931 -0.018106125251115844 0.048924522119037445 -0.027553736238331034
leaf_weight=7.5169136524200502 6.2173480838537198 4.3752875998616201 4.4139248728752127 8.0744962394237501 6.0702785402536374 3.4293887168169048 7.2763933837413788 7.1393987610936147 3.758731584995985 4.8060244098305702 4.3647200539708129 4.8048713803291303 5.8631450980901718 5.5869745910167694 3.9323864728212348 3.6982909142971039
leaf_count=29 23 23 17 38 35 15 35 27 33 23 27 20 39 27 15 17
internal_value=-3.60764e-05 -0.00701839 0.00354051 0.00470317 -0.0029184 0.00460229 0.0271899 -0.0111538 -0.0412389 0.00694986 -0.0056511 -0.0169051 0.00316428 -0.0355968 0.0270233 0.0183377
internal_weight=91.3286 36.9258 26.9636 54.4027 40.5547 32.4802 13.3467 19.1335 7.18812 11.9454 22.5497 15.0327 10.668 9.96226 13.848 9.91564
internal_count=443 182 132 261 206 168 70 98 48 50 115 86 59 50 55 40
is_linear=0
shrinkage=0.1


Tree=35
num_leaves=19
num_cat=0
split_feature=0 1 1 1 0 0 1 1 0 1 1 1 0 0 0 1 0 1
split_gain=0.335428 1.11634 0.954795 0.931427 0.81248 1.86972 1.80601 1.88458 1.3121 4.17073 0.848368 2.48661 0.781508 0.671619 1.07919 0.454423 0.40315 0.0424814
threshold=247.50000000000003 209.50000000000003 200.50000000000003 168.50000000000003 72.000000000000014 89.500000000000014 124.50000000000001 102.50000000000001 206.50000000000003 75.500000000000014 57.400000000000013 33.500000000000007 146.50000000000003 330.00000000000006 295.00000000000006 93.500000000000014 95.000000000000014 86.060000000000016
decision_type=2 2 2 2 2 2 2 2 2 2 2 2 2 2 2 2 2 2
left_child=2 13 3 4 15 -6 7 8 9 10 11 12 -7 14 -2 -1 -4 -15
right_child=1 -3 16 -5 5 6 -8 -9 -10 -11 -12 -13 -14 17 -16 -17 -18 -19
leaf_value=0.010783912766661607 -0.012457950932788731 0.038447519583732957 -0.0091624359856611447 0.044327532064733333 -0.071505334959405392 0.051949215091956595 -0.054431788786106799 0.068060457708892227 0.034778908192719234 -0.10389531372620148 0.048234880599728858 -0.067517125131732705 -0.0070652747784821978 0.0078568960155982262 -0.078886052378386751 0.049969190211394426 -0.057615794269991728 -0.0069002893746853318
leaf_weight=7.8056589290499669 6.4124853238463455 3.808194935321807 3.6558851301670066 6.1251583769917479 3.6714980900287619 5.1178376525640576 4.8008992820978156 4.9626680910587302 8.5045353695750219 3.9893609061837187 4.2585861980915061 4.1231228485703459 3.9960844963788986 4.1946875378489485 3.9534612745046616 4.7667719796299934 3.2381956689059734 3.6464667990803719
leaf_count=30 30 15 15 25 17 19 29 19 37 27 15 24 23 25 22 18 36 17
internal_value=-4.24006e-05 -0.0107901 0.00338599 0.00730426 0.00325452 -0.00322684 0.0030792 0.0109787 0.00153279 -0.0116272 0.00941179 -0.00307827 0.0260738 -0.0210887 -0.0377929 0.0256408 -0.0319213 0.000994184
internal_weight=91.0316 22.0153 69.0163 62.1222 55.997 43.4246 39.7531 34.9522 29.9895 21.485 17.4956 13.237 9.11392 18.2071 10.3659 12.5724 6.89408 7.84115
internal_count=443 109 334 283 258 210 193 164 145 108 81 66 42 94 52 48 51 42
is_linear=0
shrinkage=0.1


Tree=36
num_leaves=16
num_cat=0
split_feature=1 1 0 0 1 0 0 1 0 0 1 1 1 1 0
split_gain=0.324198 0.916493 0.719828 1.34017 1.11807 0.592046 1.20707 1.28267 0.970814 1.03818 1.00353 0.786764 1.44232 0.8162 0.289053
threshold=171.50000000000003 146.00000000000003 151.50000000000003 89.500000000000014 209.50000000000003 237.50000000000003 330.00000000000006 55.500000000000007 165.50000000000003 135.50000000000003 88.500000000000014 95.280000000000015 68.500000000000014 37.850000000000009 198.50000000000003
decision_type=2 2 2 2 2 2 2 2 2 2 2 2 2 2 2
left_child=1 5 3 -2 -4 8 7 -7 9 11 14 12 13 -1 -10
right_child=2 -3 4 -5 -6 6 -8 -9 10 -11 -12 -13 -14 -15 -16
leaf_value=0.011617147725645122 -0.029337571994865832 0.039391100716785282 -0.078917119287301954 0.051434368481040896 -0.003992073221491782 -0.0027723288873368404 0.016099779958444856 -0.069771861821331452 0.025867587557256794 -0.046495411150842388 0.062106275725584505 -0.030882842796709015 0.047560659875209271 -0.037842326040255357 -0.0055440850553217453
leaf_weight=8.7896237522363716 4.4110724851489085 6.2627324461936942 3.275245223194359 3.8445191383361816 5.082045141607523 5.762524504214527 7.2810897156596175 5.6678541600704193 5.3690294846892375 5.0785234197974196 5.0178411602973929 5.5198422521352759 7.2989708930253974 5.3780701532959929 6.4474518373608589
leaf_count=35 20 28 20 20 35 30 38 28 25 32 20 29 26 25 32
internal_value=-4.44918e-05 0.00279403 -0.0126667 0.00827685 -0.0333554 -0.000595929 -0.0157234 -0.0359946 0.00519265 -0.00501671 0.0246388 0.00278907 0.0114473 -0.00715772 0.00872837
internal_weight=90.4864 73.8736 16.6129 8.25559 8.35729 67.6108 18.7115 11.4304 48.8994 32.065 16.8343 26.9865 21.4667 14.1677 11.8165
internal_count=443 348 95 40 55 320 96 58 224 147 77 115 86 60 57
is_linear=0
shrinkage=0.1


Tree=37
num_leaves=17
num_cat=0
split_feature=0 0 0 0 1 0 1 0 1 1 0 0 0 0 0 0
split_gain=0.330021 0.296116 0.568607 0.645835 0.29613 0.973713 0.814039 0.633921 0.387507 1.12044 1.10207 1.06606 1.85727 1.38246 0.903328 1.34704
threshold=37.500000000000007 50.000000000000007 66.500000000000014 92.500000000000014 15.300000000000002 105.50000000000001 38.500000000000007 211.50000000000003 140.50000000000003 118.50000000000001 139.50000000000003 206.50000000000003 247.50000000000003 330.00000000000006 246.50000000000003 167.50000000000003
decision_type=2 2 2 2 2 2 2 2 2 2 2 2 2 2 2 2
left_child=-1 -2 -3 -4 -5 -6 7 -7 9 10 -8 -12 -13 -14 15 -10
right_child=1 2 3 4 5 6 8 -9 14 -11 11 12 13 -15 -16 -17
leaf_value=-0.024440623829982168 0.028979346119820816 -0.036994456419074485 0.026805867066221352 -0.021714132913768881 -0.063355375850841236 0.053298501100560863 0.033060536192933733 0.00053754886598870327 -0.0052987571998940747 0.048843957564842923 -0.047368003605079555 0.046544740693042187 -0.06394666897080277 0.010902109314547655 0.010828967333835426 -0.085050326765109235
leaf_weight=5.2213366478681555 3.7383073940873137 3.9133988022804251 9.2924573421478254 6.4331115633249274 2.2763352021574965 5.2693340107798559 6.5175419896841076 4.0104361027479172 5.5407471656799334 4.8629217892885199 6.6061816886067417 5.6129291802644721 4.8029262572526914 5.075203150510788 7.7505956292152396 3.4283067956566811
leaf_count=23 16 17 34 31 15 24 28 28 34 19 38 20 26 25 32 33
internal_value=-3.70085e-05 0.00145974 0.000195783 0.00207423 -0.00129619 0.000830826 0.00328739 0.0304968 -0.0017427 0.00446649 -0.00307521 -0.0137334 0.000610134 -0.0254907 -0.0141753 -0.0357828
internal_weight=90.3521 85.1307 81.3924 77.479 68.1866 61.7535 59.4771 9.27977 50.1974 33.4777 28.6148 22.0972 15.4911 9.87813 16.7196 8.96905
internal_count=443 420 404 387 353 322 307 52 255 156 137 109 71 51 99 67
is_linear=0
shrinkage=0.1


Tree=38
num_leaves=16
num_cat=0
split_feature=1 1 0 0 1 0 0 1 0 1 0 0 0 0 0
split_gain=0.300336 1.42687 0.772538 0.690202 0.515331 0.796896 1.03899 0.66201 0.800639 0.956764 2.87741 0.87762 0.819015 0.895071 0.254232
threshold=36.150000000000006 40.180000000000007 198.50000000000003 124.50000000000001 72.500000000000014 119.00000000000001 213.50000000000003 95.280000000000015 81.500000000000014 179.00000000000003 151.50000000000003 260.50000000000006 156.50000000000003 208.50000000000003 208.50000000000003
decision_type=2 2 2 2 2 2 2 2 2 2 2 2 2 2 2
left_child=2 -2 3 -1 5 -3 -7 14 -9 12 -11 -12 -10 -14 -6
right_child=1 4 -4 -5 7 6 -8 8 9 10 11 -13 13 -15 -16
leaf_value=-0.017636015931519939 0.067894390687444947 -0.051207459515351321 -0.042689783459050099 0.029957190642120608 0.010347043825321194 0.024302708963517661 -0.039347140914304246 -0.03029343683375782 -0.040580279091860898 0.089747947937492412 -0.045947306882412497 0.022687546994157228 0.034231083574008024 -0.017060586239310904 0.03765597774212278
leaf_weight=7.3221042752265948 3.2222787737846366 4.5965070575475684 5.5324025638401499 5.2189793884754181 7.1172123253345472 6.3531587794423086 4.3006202355027199 8.0318935438990575 5.674364283680922 4.570162929594515 3.6619884595274925 3.7923612147569656 5.8639429956674567 8.104309178888796 6.5427665561437607
leaf_count=31 11 22 39 26 30 28 25 38 35 20 35 15 26 37 25
internal_value=-3.93625e-05 0.00285981 -0.0115619 0.00216993 -0.000194576 -0.0164058 -0.00139088 0.00443869 -0.00209508 0.00505702 0.0272729 -0.0110297 -0.00854277 0.00447192 0.0234273
internal_weight=89.9051 71.8316 18.0735 12.5411 68.6093 15.2503 10.6538 53.359 39.699 31.6671 12.0245 7.45435 19.6426 13.9683 13.66
internal_count=443 347 96 57 336 75 53 261 206 168 70 50 98 63 55
is_linear=0
shrinkage=0.1


Tree=39
num_leaves=18
num_cat=0
split_feature=1 1 1 1 1 1 1 0 0 0 0 0 1 0 1 0 0
split_gain=0.319154 0.47676 1.11108 1.42468 0.754715 0.480229 0.724043 0.755623 1.1801 0.770262 0.523757 0.508148 1.19071 0.818936 0.450205 0.345426 0.00637566
threshold=9.7500000000000018 17.120000000000001 30.360000000000003 38.500000000000007 54.000000000000007 171.50000000000003 146.00000000000003 237.50000000000003 330.00000000000006 189.50000000000003 76.000000000000014 167.50000000000003 211.50000000000003 89.500000000000014 102.50000000000001 180.50000000000003 183.50000000000003
decision_type=2 2 2 2 2 2 2 2 2 2 2 2 2 2 2 2 2
left_child=-1 -2 15 -4 16 6 7 9 -9 10 -6 13 -13 -7 -12 -3 -5
right_child=1 2 3 4 5 11 -8 8 -10 -11 14 12 -14 -15 -16 -17 -18
leaf_value=-0.030136812216350062 0.026237668302281816 -0.019084971066972743 0.055939637791703051 -0.028956760636058815 0.024496423197757092 -0.0289013973582628 0.039331700398915606 -0.048421853977820284 0.014112833313833343 0.045491010632964672 -0.024949802792125653 -0.082250465830494668 0.0016080288280851019 0.030227349843020935 0.011383313618716639 -0.067906077397474077 -0.034904222824992469
leaf_weight=3.3898770213127127 6.9605358466505995 2.933458946645259 4.6335514560341826 4.4041393324732772 7.5600692704320016 4.3651687726378459 6.213614009320735 6.2416120991110784 5.8424047976732254 5.4494076520204535 7.4321523159742338 2.8680358417332164 4.1335837654769421 5.0547280684113503 6.3023664131760597 2.8643226772546768 3.0511723682284355
leaf_count=17 29 15 17 24 28 20 28 30 28 22 39 18 29 28 29 26 16
internal_value=-3.84673e-05 0.00114366 -0.00105758 0.00226467 -0.00134402 0.00230057 0.00763781 0.00256586 -0.0181875 0.011943 0.00335793 -0.0123386 -0.0327425 0.00282716 -0.00827761 -0.0432044 -0.0313908
internal_weight=89.7002 86.3103 79.3498 73.552 68.9185 61.4631 45.0416 38.828 12.084 26.744 21.2946 16.4215 7.00162 9.4199 13.7345 5.79778 7.45531
internal_count=443 426 397 356 339 299 204 176 58 118 96 95 47 48 68 41 40
is_linear=0
shrinkage=0.1


Tree=40
num_leaves=18
num_cat=0
split_feature=0 0 0 0 1 0 1 0 0 0 0 0 1 1 0 0 0
split_gain=0.265385 0.277363 0.466266 0.586113 0.29381 1.45008 0.523458 0.71694 3.0424 1.09661 2.55378 1.41305 1.01945 0.739391 0.396861 0.332822 0.0761086
threshold=37.500000000000007 50.000000000000007 66.500000000000014 92.500000000000014 11.000000000000002 114.50000000000001 23.500000000000004 168.50000000000003 189.50000000000003 213.50000000000003 246.50000000000003 316.00000000000006 105.50000000000001 135.50000000000003 135.50000000000003 146.50000000000003 281.50000000000006
decision_type=2 2 2 2 2 2 2 2 2 2 2 2 2 2 2 2 2
left_child=-1 -2 -3 -4 -5 -6 -7 12 -9 -10 -11 16 14 -13 -8 -14 -12
right_child=1 2 3 4 5 6 7 8 9 10 11 13 15 -15 -16 -17 -18
leaf_value=-0.021984444453441748 0.028090343084054833 -0.033437034217405709 0.025485062312191838 0.024573325973414124 -0.061367157943260808 -0.031257927386805558 0.058340908247402318 -0.084867417145854607 0.041426010554174268 -0.072691075474022537 0.027587346563078888 -0.036247898195092249 -0.027873837532446273 0.019783307957682312 0.018705549750428745 0.015908026498490879 0.043980491219548112
leaf_weight=5.1893685758113852 3.6991636827588072 3.9457421153783789 9.2028424441814405 4.0851765871047965 4.0007510110735884 4.6814679950475684 5.6492188796401042 4.1560027785599223 6.8834363892674437 4.425160180777314 6.6798467263579386 6.6394043117761594 3.9839150086045256 3.6497708484530449 4.5697322189807892 3.0775878131389618 4.9166502729058266
leaf_count=23 16 17 34 18 26 30 21 28 31 33 28 37 24 15 25 17 20
internal_value=-3.61503e-05 0.00131582 8.61798e-05 0.00181297 -0.00141932 -0.00309646 0.00083404 0.0035841 -0.00420799 0.00589077 -0.00340596 0.0106031 0.020426 -0.0163725 0.0406167 -0.00879255 0.0345377
internal_weight=89.4352 84.2459 80.5467 76.601 67.3981 63.3129 59.3122 54.6307 37.3503 33.1943 26.3108 21.8857 17.2805 10.2892 10.219 7.0615 11.5965
internal_count=443 420 404 387 353 335 309 279 192 164 133 100 87 52 46 41 48
is_linear=0
shrinkage=0.1


Tree=41
num_leaves=17
num_cat=0
split_feature=1 0 1 1 1 0 0 0 1 1 1 0 0 1 0 1
split_gain=0.269781 0.876618 0.638013 0.864261 0.58092 0.563679 1.60402 1.06535 0.561221 0.777121 1.30548 0.480097 1.45239 0.95865 0.316468 0.313704
threshold=186.00000000000003 135.50000000000003 102.50000000000001 90.500000000000014 251.00000000000003 198.50000000000003 153.50000000000003 93.500000000000014 72.500000000000014 49.500000000000007 43.500000000000007 114.50000000000001 178.50000000000003 17.120000000000001 246.50000000000003 59.300000000000004
decision_type=2 2 2 2 2 2 2 2 2 2 2 2 2 2 2 2
left_child=2 -2 3 8 -3 6 7 -4 9 10 11 -1 -13 -14 -10 -11
right_child=1 4 5 -5 -6 -7 -8 -9 14 15 -12 12 13 -15 -16 -17
leaf_value=0.013684311457533502 -0.0455089023115006 -0.015327187058481566 0.029985494584968065 -0.046126232414865444 0.039499454572354806 -0.0059136406941520149 0.069202584784359117 -0.034721687871668599 0.0065987261337431538 -0.050874236157855746 0.052591511999760157 -0.066475757479992501 0.035469182188423286 -0.025398892164646317 0.041461524842368813 -0.014515630611185742
leaf_weight=7.3679306581616464 5.1339918375015241 4.6420708503574133 6.1542705819010788 4.4564993306994429 3.3109554350376129 8.0974085330963117 5.6815897971391669 4.3378402963280678 7.008977644145487 4.2177989110350591 4.3831753879785529 4.30072297155857 4.7915211766958219 5.6252220310270786 4.1428023129701614 5.4256540909409523
leaf_count=29 28 32 25 27 21 36 21 26 29 23 17 27 20 39 16 27
internal_value=-3.53221e-05 -0.0132965 0.00224848 -0.00402844 0.00749791 0.0156242 0.0264072 0.00323307 -5.90488e-05 -0.00611453 0.00274008 -0.00715368 -0.0175857 0.00259937 0.01955 -0.030418
internal_weight=89.0784 13.087 75.9914 51.7203 7.95303 24.2711 16.1737 10.4921 47.2638 36.112 26.4686 22.0854 14.7175 10.4167 11.1518 9.64345
internal_count=443 81 362 254 53 108 72 51 227 182 132 115 86 59 45 50
is_linear=0
shrinkage=0.1


Tree=42
num_leaves=16
num_cat=0
split_feature=1 0 0 1 0 0 1 0 1 0 0 0 0 1 1
split_gain=0.219074 0.713311 0.542911 0.77367 0.768693 0.940338 0.819422 0.559212 1.18648 0.913083 1.07518 0.85471 1.05588 0.469803 0.254668
threshold=186.00000000000003 135.50000000000003 72.000000000000014 15.300000000000002 103.50000000000001 141.50000000000003 78.90000000000002 189.50000000000003 102.50000000000001 216.50000000000003 262.50000000000006 295.00000000000006 330.00000000000006 251.00000000000003 93.500000000000014
decision_type=2 2 2 2 2 2 2 2 2 2 2 2 2 2 2
left_child=2 -2 14 -4 -5 6 -6 8 -7 -9 -11 -12 -13 -3 -1
right_child=1 13 3 4 5 7 -8 9 -10 10 11 12 -14 -15 -16
leaf_value=0.0095775810636671843 -0.041125004999872275 -0.013811032145369093 -0.033411294948836628 -0.031439613113072792 0.055481179381991624 -0.059762916019337177 0.00028283295752854696 0.035235111817184882 0.0093204444729758015 -0.042015103144492319 0.044125764434892072 -0.05141070302516209 0.015266009559172043 0.035478531907250331 0.038673818822401743
leaf_weight=7.6946153938770276 5.1142091751098615 4.6367955449968576 6.8798958361148825 6.0855363607406607 6.3269782885909063 4.4744799733161909 4.6777818985283375 7.7961181402206448 5.5943573862314224 5.6793338693678406 4.7584829479455939 3.5493736974894983 7.1781634315848351 3.3172261863946915 4.9390328973531723
leaf_count=30 28 32 34 30 23 32 26 34 24 32 19 20 38 21 20
internal_value=-3.28546e-05 -0.0119887 0.00203289 -0.00176111 0.00211893 0.0062005 0.0320181 -0.00107888 -0.0213794 0.00597888 -0.00479746 0.00885171 -0.00679503 0.00674519 0.0209525
internal_weight=88.7024 13.0682 75.6342 63.0005 56.1206 50.0351 11.0048 39.0303 10.0688 28.9615 21.1654 15.486 10.7275 7.95402 12.6336
internal_count=443 81 362 312 278 248 49 199 56 143 109 77 58 53 50
is_linear=0
shrinkage=0.1


Tree=43
num_leaves=18
num_cat=0
split_feature=1 1 1 1 1 0 0 1 1 1 1 0 0 0 1 1 0
split_gain=0.265568 0.462906 0.81703 1.18118 0.770507 0.416771 0.993893 0.670806 0.559747 0.643302 0.408068 0.385778 0.304818 0.966146 0.915118 1.30082 0.0107334
threshold=9.7500000000000018 17.120000000000001 30.360000000000003 38.500000000000007 54.000000000000007 247.50000000000003 226.50000000000003 186.00000000000003 103.50000000000001 174.25000000000003 239.00000000000003 163.50000000000003 139.50000000000003 189.50000000000003 138.00000000000003 95.280000000000015 183.50000000000003
decision_type=2 2 2 2 2 2 2 2 2 2 2 2 2 2 2 2 2
left_child=-1 -2 11 -4 16 6 7 12 -7 -10 -9 -3 14 -14 15 -6 -5
right_child=1 2 3 4 5 8 -8 10 9 -11 -12 -13 13 -15 -16 -17 -18
leaf_value=-0.027619528474409124 0.025862539430988481 -0.011255359313146586 0.050865329358054684 -0.028973990367389086 0.026704408273344533 -0.03446031911863072 0.054853360354042036 -0.049910830658009019 0.026969073780648164 -0.023588572501488103 -0.0040963067309635641 -0.063913609340352784 -0.026848754706033463 0.029478566692042626 0.054740051941341683 -0.034915739850278897 -0.036734444553847612
leaf_weight=3.3566989451646796 6.9119998887181273 2.733425833284854 4.5774282887578002 4.3372221142053595 9.4691676795482653 6.4458375051617649 3.9778439216315737 3.3784072306007138 5.365156449377535 4.7404888048768044 4.5793871730566025 2.8333561159670353 7.2861838042736036 5.2315429449081421 4.7754979804158202 5.367996282875537 3.0253957062959671
leaf_count=17 29 13 17 24 36 35 16 28 21 22 29 28 38 23 22 29 16
internal_value=-3.12537e-05 0.00105776 -0.00113683 0.00169578 -0.00161504 0.0020953 0.00717709 0.0024463 -0.0114342 0.00325283 -0.0235464 -0.0380571 0.00888397 -0.00330783 0.0166654 0.00441061 -0.0321629
internal_weight=88.393 85.0363 78.1243 72.5576 67.9801 60.6175 44.066 40.0882 16.5515 10.1056 7.95779 5.56678 32.1304 12.5177 19.6127 14.8372 7.36262
internal_count=443 426 397 356 339 299 221 205 78 43 57 41 148 61 87 65 40
is_linear=0
shrinkage=0.1


Tree=44
num_leaves=18
num_cat=0
split_feature=0 0 0 0 0 0 0 1 0 0 1 0 0 0 1 0 1
split_gain=0.254713 0.865292 1.36115 0.57777 0.310975 0.527664 0.364811 1.18868 0.970804 0.723021 0.648382 1.11379 1.94481 0.639634 0.859505 0.63013 0.235852
threshold=33.000000000000007 47.500000000000007 66.500000000000014 92.500000000000014 420.50000000000006 348.50000000000006 246.50000000000003 80.500000000000014 216.50000000000003 206.50000000000003 29.250000000000004 119.00000000000001 168.50000000000003 153.50000000000003 105.50000000000001 189.50000000000003 165.50000000000003
decision_type=2 2 2 2 2 2 2 2 2 2 2 2 2 2 2 2 2
left_child=-1 -2 -3 -4 5 6 8 -8 9 10 -5 -12 13 14 -13 -14 -9
right_child=1 2 3 4 -6 -7 7 16 -10 -11 11 12 15 -15 -16 -17 -18
leaf_value=-0.02430079712939117 0.046115447526490841 -0.055395419857856024 0.025587931838914793 0.021802849042288241 0.02907319722332545 -0.037933975131397027 -0.025669390279949911 0.043576783912252587 -0.045834760375317779 0.039865611394074497 -0.053814895485297082 0.030755132738040897 -0.072907146514035889 0.051211771885205273 -0.029198527466856718 -0.01208351342824295 0.013475193567505811
leaf_weight=4.1210258007049552 4.0742251947522155 4.369416154921054 9.1359523534774763 7.3067849874496451 3.2203825861215583 4.0001430399715892 5.4726298339664963 6.4908165335655195 5.1818222869187585 4.1199848409742108 5.1008442267775562 5.6171401068568247 3.7620471436530343 4.3808124661445609 4.1636722311377525 3.1124428734183311 4.3455415964126587
leaf_count=19 17 20 34 36 16 23 33 23 34 20 34 25 26 22 26 17 18
internal_value=-2.88104e-05 0.00116403 -0.00113154 0.00201258 -0.00123726 -0.0027853 -0.000404458 0.01232 -0.00525931 0.000337976 -0.00453149 -0.0118935 -0.00172833 0.0194562 0.00523298 -0.0453691 0.0315056
internal_weight=87.9757 83.8547 79.7804 75.411 66.2751 63.0547 59.0545 16.309 42.7456 37.5637 33.4437 26.137 21.0361 14.1616 9.78081 6.87449 10.8364
internal_count=443 424 407 387 353 337 314 74 240 206 186 150 116 73 51 43 41
is_linear=0
shrinkage=0.1


Tree=45
num_leaves=17
num_cat=0
split_feature=1 1 1 0 0 0 1 1 1 1 1 1 0 0 1 0
split_gain=0.238113 0.36553 1.07525 0.57095 0.691539 1.77327 0.914905 0.855642 0.483399 0.413609 0.31446 0.287185 1.75043 1.28662 0.984851 1.88996
threshold=9.7500000000000018 17.120000000000001 26.400000000000002 368.00000000000006 246.50000000000003 213.50000000000003 37.850000000000009 54.000000000000007 186.00000000000003 108.50000000000001 239.00000000000003 127.80000000000001 107.50000000000001 84.500000000000014 102.50000000000001 135.50000000000003
decision_type=2 2 2 2 2 2 2 2 2 2 2 2 2 2 2 2
left_child=-1 -2 -3 4 5 6 -4 -8 11 -6 -10 13 -13 -9 15 -15
right_child=1 2 3 -5 9 -7 7 8 10 -11 -12 12 -14 14 -16 -17
leaf_value=-0.026191008591270128 0.023058690935649679 -0.060272942796500521 0.045257163885172723 -0.03217208622067038 0.036121646845781653 -0.063652683372931187 -0.036911181493937816 -0.033116265729194676 -0.042260020325760379 0.0046361399240161163 -0.00097547280885455345 0.069451328743669147 -0.012918599100444192 0.045134902478513012 0.058864155076687089 -0.046426700333929309
leaf_weight=3.3452393263578406 6.9049393609166136 2.9397272914648047 4.7354518324136725 4.7465339079499236 8.9102954193949717 4.2785386163741341 5.7661592736840239 6.6141877472400727 3.1626320686191312 7.8461997509002677 4.4283078461885452 4.6202931553125364 5.8420722484588623 4.7465357482433301 4.508704185485839 4.2936655580997467
leaf_count=17 29 24 19 28 38 32 31 29 25 32 26 19 30 20 19 25
internal_value=-2.53352e-05 0.00101244 -0.000953331 0.0013874 0.00367105 -0.00192775 0.00349309 -0.0010035 0.00441431 0.0213786 -0.018176 0.0100136 0.0234568 0.0030381 0.0206876 0.0016475
internal_weight=87.6895 84.3442 77.4393 74.4996 69.753 52.9965 48.718 43.9826 38.2164 16.7565 7.59094 30.6255 10.4624 20.1631 13.5489 9.0402
internal_count=443 426 397 373 345 275 243 224 193 70 51 142 49 93 64 45
is_linear=0
shrinkage=0.1


Tree=46
num_leaves=17
num_cat=0
split_feature=0 0 0 0 0 0 0 0 0 0 0 0 1 1 0 1
split_gain=0.243394 1.34976 1.06228 1.02377 0.892813 1.14079 0.399581 0.516556 0.491651 0.702404 0.364646 0.558248 0.339078 0.265994 0.122154 0.101991
threshold=247.50000000000003 226.50000000000003 281.50000000000006 198.50000000000003 165.50000000000003 141.50000000000003 130.00000000000003 117.50000000000001 66.500000000000014 45.500000000000007 316.00000000000006 420.50000000000006 45.20000000000001 115.80000000000001 348.50000000000006 54.000000000000007
decision_type=2 2 2 2 2 2 2 2 2 2 2 2 2 2 2 2
left_child=1 3 -2 4 5 6 7 8 9 -1 -4 14 -6 -10 -12 -5
right_child=2 -3 10 15 12 -7 -8 -9 13 -11 11 -13 -14 -15 -16 -17
leaf_value=0.0090898849572077327 -0.04816773714064003 0.04912795620320385 0.025505153521333868 -0.051915844429310833 0.053771177702328136 -0.04819013801851102 0.029999567841534788 -0.030556995778085062 0.026389134025844509 -0.039262532514210621 -0.008566097877827375 0.028223958997256118 0.016191875281343467 -0.0007537612277188487 -0.033567769931365114 -0.027258195329664409
leaf_weight=7.3787757977843302 5.2897461950778988 5.7847708612680426 5.1241949275136021 2.9405134655535212 3.6689831763505918 4.9840209260582915 4.7000751942396155 5.0614303126931182 9.5638559646904451 5.0677351579070091 3.8627342060208303 3.2266341522336006 6.9479195084422827 5.7999822795391074 3.955192044377327 3.905422355979681
leaf_count=33 28 25 22 19 17 37 21 27 39 23 20 16 39 29 23 25
internal_value=-2.01218e-05 0.00299578 -0.00926853 -0.00145056 0.00323574 -0.00323651 0.00272673 -0.0011728 0.00417507 -0.0105973 0.00345767 -0.0067714 0.0291785 0.0161425 -0.0212148 -0.0378493
internal_weight=87.262 65.8035 21.4585 60.0187 53.1728 42.5559 37.5719 32.8718 27.8103 12.4465 16.1688 11.0446 10.6169 15.3638 7.81793 6.84594
internal_count=443 334 109 309 265 209 172 151 124 56 81 59 56 68 43 44
is_linear=0
shrinkage=0.1


Tree=47
num_leaves=18
num_cat=0
split_feature=1 1 0 0 0 0 0 0 0 0 0 0 0 0 0 1 0
split_gain=0.245156 0.934215 0.595616 0.640355 1.06104 0.330982 0.448892 0.648545 0.508191 0.401272 0.900305 0.999481 0.872114 0.462489 0.468276 0.398988 0.281594
threshold=36.150000000000006 40.180000000000007 114.50000000000001 178.50000000000003 204.00000000000003 37.500000000000007 92.500000000000014 119.00000000000001 76.000000000000014 168.50000000000003 206.50000000000003 247.50000000000003 153.50000000000003 288.50000000000006 368.00000000000006 105.50000000000001 187.50000000000003
decision_type=2 2 2 2 2 2 2 2 2 2 2 2 2 2 2 2 2
left_child=2 -2 -1 -4 -5 -3 8 -8 -7 12 16 -12 15 -13 -15 -9 -11
right_child=1 5 3 4 -6 6 7 9 -10 10 11 13 -14 14 -16 -17 -18
leaf_value=0.015117821256600545 0.056541018849468251 -0.026921092354089661 -0.057265213345834211 0.043491443027808045 -0.034290973562229668 0.00152105538758526 -0.038212740350900033 0.017739057140898001 0.042372945372043058 -0.057266799822800474 0.033614302385378929 -0.035103194993325447 0.053512746202417541 0.015091930743378374 -0.025061587043188699 -0.024614163560672149 -0.015992865939469334
leaf_weight=5.9480464309453991 3.0734832137823096 4.2294584959745398 3.8296626396477205 2.687525101006031 5.0475317984819412 7.1257716640830022 4.5570146217942229 4.8709533140063268 5.3174604326486588 3.4536433834582558 7.8275494072586325 4.9889497384429005 4.2239754647016516 8.1807888597249967 4.5031056404113761 4.0935287624597549 3.1704447492957115
leaf_count=23 11 20 24 11 38 31 31 23 19 24 38 26 21 33 26 26 18
internal_value=-2.12478e-05 0.00263925 -0.0105971 -0.023823 -0.00726568 0.000149622 0.00198702 -0.0022526 0.0189786 0.00136382 -0.00466576 0.00386655 0.0160507 -0.00930915 0.000836409 -0.00160106 -0.0375121
internal_weight=87.1289 69.6161 17.5128 11.5647 7.73506 66.5426 62.3132 49.87 12.4432 45.3129 32.1245 25.5004 13.1885 17.6728 12.6839 8.96448 6.62409
internal_count=443 347 96 73 49 336 316 266 50 235 165 123 70 85 59 49 42
is_linear=0
shrinkage=0.1


Tree=48
num_leaves=19
num_cat=0
split_feature=1 1 1 1 0 1 0 0 0 0 1 1 0 0 0 1 1 0
split_gain=0.249071 0.29019 0.703332 2.03005 1.27939 0.571286 0.354618 0.671444 0.582667 0.582953 0.828803 0.925309 0.871352 0.538004 0.535949 0.360023 0.360011 0.00308669
threshold=9.7500000000000018 17.120000000000001 36.150000000000006 38.500000000000007 151.50000000000003 54.000000000000007 247.50000000000003 189.50000000000003 146.50000000000003 130.00000000000003 95.280000000000015 138.00000000000003 76.000000000000014 312.50000000000006 168.50000000000003 124.50000000000001 98.500000000000014 183.50000000000003
decision_type=2 2 2 2 2 2 2 2 2 2 2 2 2 2 2 2 2 2
left_child=-1 -2 4 -4 -3 17 7 8 9 10 -7 -12 -13 -8 -10 -15 -9 -5
right_child=1 2 3 5 -6 6 13 16 14 -11 11 12 -14 15 -16 -17 -18 -19
leaf_value=-0.026833268383638087 0.020818140998177748 0.0082498896582067407 0.089152433901174222 -0.025780806226407601 -0.076149548609640572 0.025250024941345955 -0.034936383131256028 0.048591714356777976 -0.00087045121291601593 0.039689686977624809 -0.052494501438665478 -0.027569183617992234 0.03571058805020362 -0.014011348417668133 -0.054260491593479968 0.022966500066988044 0.0094284651284762128 -0.029976917723362514
leaf_weight=3.3319374546408644 6.8178231567144385 3.9242192804813376 2.5954784005880347 4.2715659067034712 3.3118732012808323 8.3186440989375168 5.7493492290377644 5.0951655805110914 4.3705638051033011 4.6313256844878188 4.3981529213488093 4.3923759609460813 4.3124519512057304 5.7038411200046522 3.2997132800519466 4.8905106112360954 4.3522375877946615 2.9733470529317856
leaf_count=17 29 16 8 24 34 32 28 18 26 22 25 23 22 30 23 20 30 16
internal_value=-2.26236e-05 0.00104839 -0.000711443 0.00238388 -0.0303787 -0.000989525 0.00223805 0.00698758 0.000386693 0.00751888 0.000563594 -0.015109 0.0037802 -0.0103075 -0.0238386 0.00305818 0.03055 -0.0275029
internal_weight=86.7406 83.4086 76.5908 69.3547 7.23609 66.7592 59.5143 43.1706 33.7232 26.053 21.4216 13.103 8.70483 16.3437 7.67028 10.5944 9.4474 7.24491
internal_count=443 426 397 347 50 339 299 221 173 124 102 70 45 78 49 50 48 40
is_linear=0
shrinkage=0.1


Tree=49
num_leaves=18
num_cat=0
split_feature=1 1 1 1 1 1 0 0 1 1 1 0 0 0 0 0 1
split_gain=0.226791 2.49108 1.18881 0.857984 0.6243 0.367703 0.830339 0.708179 1.32883 0.946941 0.756213 0.358621 0.355763 0.594545 1.07966 0.34849 0.312156
threshold=102.50000000000001 105.50000000000001 118.50000000000001 140.50000000000003 90.500000000000014 72.500000000000014 60.500000000000007 247.50000000000003 54.000000000000007 29.250000000000004 38.500000000000007 246.50000000000003 105.50000000000001 246.50000000000003 167.50000000000003 167.50000000000003 15.300000000000002
decision_type=2 2 2 2 2 2 2 2 2 2 2 2 2 2 2 2 2
left_child=4 -2 -3 -4 5 6 -1 8 9 16 -9 -7 -5 14 -14 -11 -8
right_child=1 2 3 12 -6 11 7 10 -10 15 -12 -13 13 -15 -16 -17 -18
leaf_value=-0.048792816271016802 0.10109091736787024 -0.052859830711654038 0.035952520094834052 0.015467287257310608 -0.040813557723752378 0.0011347355958496485 1.0426330820826684e-05 0.00085592670447901204 0.052595634784036595 -0.048860429771270406 -0.068512653500116857 0.038676524518391306 -0.0033314952928410095 0.0083744796836243401 -0.077706370846583647 -0.0062518384473565407 0.033596947957117512
leaf_weight=4.0085021853446952 2.5603793635964385 3.9377871677279463 7.0974253267049816 6.7083224952220943 4.3006996922194949 6.8575837016105634 6.787059187889108 3.5155219361186019 5.1231269240379325 4.6483913064002982 2.8419132009148598 4.0456711947917938 5.4065107703208941 7.5847526863217345 3.0544893555343151 3.2697779834270477 4.6721202097833157
leaf_count=19 8 21 29 32 27 29 31 23 18 26 21 16 34 32 33 17 27
internal_value=-2.15696e-05 0.0059908 -0.0012154 0.00559715 -0.00438638 -0.000963536 -0.0059758 -0.000413789 0.0073031 -0.00467168 -0.0301534 0.0150647 -0.00387127 -0.0119562 -0.0301814 -0.0312654 0.0137043
internal_weight=86.42 36.3497 33.7893 29.8515 50.0704 45.7697 34.8664 30.8579 24.5005 19.3773 6.35744 10.9033 22.7541 16.0458 8.461 7.91817 11.4592
internal_count=443 189 181 160 254 227 182 163 119 101 44 45 131 99 67 43 58
is_linear=0
shrinkage=0.1


Tree=50
num_leaves=16
num_cat=0
split_feature=1 1 0 0 0 0 0 0 1 1 1 0 1 0 1
split_gain=0.20312 0.346508 0.420443 0.537832 1.83665 0.572095 1.68041 0.796785 1.68971 0.865766 0.83872 1.15432 0.632586 0.530157 0.335948
threshold=15.300000000000002 20.500000000000004 368.00000000000006 246.50000000000003 213.50000000000003 189.50000000000003 168.50000000000003 119.00000000000001 70.000000000000014 70.000000000000014 95.280000000000015 81.500000000000014 170.50000000000003 295.00000000000006 114.50000000000001
decision_type=2 2 2 2 2 2 2 2 2 2 2 2 2 2 2
left_child=-1 -2 3 4 5 6 7 8 -3 -9 -10 -12 -11 -5 -15
right_child=1 2 -4 13 -6 -7 -8 9 10 12 11 -13 -14 14 -16
leaf_value=-0.015206533673942858 0.034001832894602575 -0.048863156597433323 -0.028825936505106693 0.035467546546618878 -0.066319714487655682 0.02959873294516796 -0.064326045758196157 0.059169339642084567 0.043698783285629164 -0.014867164741029013 -0.028050670512904857 0.035497994280406592 0.036272497599781614 0.018902886112579509 -0.021573372317405054
leaf_weight=7.9914130717515937 3.1539556197822085 6.7744734138250378 4.6891246214509001 8.4077522009611148 4.192644825205206 6.7806005068123332 3.8900495357811442 4.5711088851094237 5.1857265532016781 5.7673663347959501 7.6487477272748929 4.5638362914323807 4.166063204407692 4.3357731774449331 3.8905475065112114
leaf_count=38 16 33 29 35 33 33 28 21 19 31 38 25 24 23 17
internal_value=-2.24333e-05 0.00153288 0.000164992 0.00210219 -0.00277749 0.00262111 -0.00167618 0.00462496 -0.00649316 0.023154 0.0100047 -0.00430257 0.00658072 0.0178086 -0.000239913
internal_weight=86.0092 78.0178 74.8638 70.1747 53.5406 49.348 42.5674 38.6773 24.1728 14.5045 17.3983 12.2126 9.93343 16.6341 8.22632
internal_count=443 405 389 360 285 252 219 191 115 76 82 63 55 75 40
is_linear=0
shrinkage=0.1


Tree=51
num_leaves=18
num_cat=0
split_feature=1 1 1 1 1 0 1 1 1 1 0 0 1 0 0 0 0
split_gain=0.210921 2.03384 0.940264 0.803645 0.518858 0.314887 0.535711 0.275551 0.837944 1.42851 0.343699 1.12078 0.760808 0.33795 0.30296 0.222547 0.387392
threshold=102.50000000000001 105.50000000000001 118.50000000000001 140.50000000000003 90.500000000000014 105.50000000000001 181.50000000000003 72.500000000000014 49.500000000000007 43.500000000000007 114.50000000000001 178.50000000000003 17.120000000000001 191.50000000000003 246.50000000000003 167.50000000000003 295.00000000000006
decision_type=2 2 2 2 2 2 2 2 2 2 2 2 2 2 2 2 2
left_child=4 -2 -3 -4 7 -5 -7 8 9 10 -1 -12 -13 -10 -9 -8 -17
right_child=1 2 3 5 -6 6 15 14 13 -11 11 12 -14 -15 -16 16 -18
leaf_value=0.010906971103049756 0.092241393856777001 -0.046535539454079095 0.034809472354721267 0.014373133197046323 -0.03765213861738434 -0.032451062310897824 0.026262282512448366 1.1746686317130806e-05 -0.04863954129583796 0.056141980283792393 -0.059921857409024296 0.030981572957512346 -0.024333607872540242 -0.0099520976166432157 0.034695108143700491 -0.033838458407672529 0.017449797703356935
leaf_weight=7.2122339978814187 2.5309398472309104 3.9519818797707549 7.0717334523797062 6.6977467611432102 4.2513456046581259 6.8964922353625289 3.1034245118498784 6.8215828835964185 5.0807489380240423 4.3344622626900664 4.1039915457367888 4.774417430162428 5.188766960054636 4.0640506148338318 3.9925367832183838 2.7945633344352245 3.1134570464491844
leaf_count=29 8 21 29 32 27 37 20 29 27 17 27 20 39 23 16 29 13
internal_value=-2.14384e-05 0.00579228 -0.000713861 0.00538797 -0.0042408 -0.00381596 -0.0114741 -0.00112396 -0.00546118 0.0038162 -0.00684218 -0.0159422 0.00217376 -0.0314464 0.0128167 0.00457956 -0.00681015
internal_weight=85.9845 36.1603 33.6294 29.6774 49.8241 22.6057 15.9079 45.5728 34.7587 25.6139 21.2794 14.0672 9.96318 9.1448 10.8141 9.01144 5.90802
internal_count=443 189 181 160 254 131 99 227 182 132 115 86 59 50 45 62 42
is_linear=0
shrinkage=0.1


Tree=52
num_leaves=17
num_cat=0
split_feature=0 0 0 0 0 0 1 1 1 1 1 0 0 1 0 1
split_gain=0.21956 0.968408 0.98836 0.90007 0.969714 0.80861 0.54332 0.767947 0.585902 0.817794 0.864278 0.243046 0.503333 0.203668 0.10934 0.0889847
threshold=247.50000000000003 226.50000000000003 198.50000000000003 165.50000000000003 141.50000000000003 281.50000000000006 200.50000000000003 138.00000000000003 95.280000000000015 73.250000000000014 37.850000000000009 316.00000000000006 420.50000000000006 102.50000000000001 348.50000000000006 54.000000000000007
decision_type=2 2 2 2 2 2 2 2 2 2 2 2 2 2 2 2
left_child=1 2 3 4 6 -2 7 8 9 10 -1 -7 14 -5 -13 -4
right_child=5 -3 15 13 -6 11 -8 -9 -10 -11 -12 12 -14 -15 -16 -17
leaf_value=0.016189468532021727 -0.042988282706090571 0.042558419328688507 -0.050633830806976692 0.016693903770489949 -0.04487568053064897 0.0207187797724325 -0.029597862999555864 0.040965458743687733 -0.029604789080026495 0.040271137861519896 -0.030503310659870272 -0.0079313485162716812 0.027200303699056988 0.044812260195057289 -0.031892986261345672 -0.027248944469370651
leaf_weight=9.1890374422073453 5.227969944477084 5.6127930209040633 2.8347364217042914 5.3772523850202543 4.8442748226225367 4.9599393568933001 4.5731033608317366 5.5855954736471167 5.2920024916529647 5.6406225711107245 6.9718819782137862 3.7787740156054479 3.2104177996516228 4.9447777178138494 3.839111689478159 3.8199952319264412
leaf_count=37 28 25 19 28 37 22 25 27 29 21 33 20 16 28 23 25
internal_value=-2.10665e-05 0.00286397 -0.000907556 0.00370121 -0.00278745 -0.00890097 0.0026857 0.00720344 0.000243077 0.00748821 -0.00395397 0.00238638 -0.00601084 0.030164 -0.0200071 -0.0372103
internal_weight=85.7023 64.6861 59.0733 52.4185 42.0965 21.0162 37.2522 32.6791 27.0935 21.8015 16.1609 15.7882 10.8283 10.322 7.61789 6.65473
internal_count=443 334 309 265 209 109 172 147 120 91 70 81 59 56 43 44
is_linear=0
shrinkage=0.1


Tree=53
num_leaves=18
num_cat=0
split_feature=1 1 0 0 1 1 1 0 0 1 1 0 0 1 0 0 1
split_gain=0.221222 0.287957 0.648792 0.536741 0.40551 0.339196 0.573385 0.258733 0.946136 0.614025 0.53796 0.473666 0.821334 0.4391 1.34579 0.233323 0.111674
threshold=15.300000000000002 38.500000000000007 124.50000000000001 211.50000000000003 46.500000000000007 50.500000000000007 59.300000000000004 198.50000000000003 246.50000000000003 124.50000000000001 186.00000000000003 153.50000000000003 124.50000000000001 130.50000000000003 84.500000000000014 83.500000000000014 86.060000000000016
decision_type=2 2 2 2 2 2 2 2 2 2 2 2 2 2 2 2 2
left_child=-1 2 -2 -4 -3 -6 -7 10 -9 16 11 12 13 14 -8 -12 -10
right_child=1 4 3 -5 5 6 7 8 9 -11 15 -13 -14 -15 -16 -17 -18
leaf_value=-0.015918034484943801 -0.01554070986484511 -0.035550696521937923 0.058372023269100674 0.0050909749632365876 0.034692163113399892 -0.039099183881670614 -0.026148994491107538 -0.043902398494165162 -0.0045693885547347683 0.0224620816308632 -0.035465770442007077 0.036790052099305935 -0.033623682516208522 0.041116978040638456 0.046790602028117814 0.00023994869558896395 -0.028159614984168219
leaf_weight=7.9383659884333602 4.2000348865985853 3.2251755967736235 4.0404494404792786 3.5535145960748196 2.8215332031249991 3.6669161170721045 5.930174753069883 5.2166732195764807 4.3834099173545855 9.1417000070214254 3.471237674355506 6.758810579776763 4.1124763116240493 4.9761312976479521 4.4112795144319534 3.8710440155118704 3.7010578289628029
leaf_count=38 18 19 20 28 12 20 26 35 24 37 17 32 23 24 20 32 18
internal_value=-1.91058e-05 0.00160982 0.015997 0.0334397 -0.000973355 0.000812006 -0.00079082 0.0017188 -0.00659153 0.00470747 0.00728102 0.0139877 0.00605583 0.016709 0.00496432 -0.0166408 -0.015369
internal_weight=85.42 77.4816 11.794 7.59396 65.6876 62.4624 59.6409 55.974 22.4428 17.2262 33.5312 26.1889 19.4301 15.3176 10.3415 7.34228 8.08447
internal_count=443 405 66 48 339 320 308 288 114 79 174 125 93 70 46 49 42
is_linear=0
shrinkage=0.1


Tree=54
num_leaves=16
num_cat=0
split_feature=0 0 0 1 0 0 1 0 0 0 1 1 0 0 0
split_gain=0.238281 0.869609 0.458889 0.452311 0.52879 0.594612 0.670466 0.541856 1.34617 1.11768 0.867405 1.13284 0.800051 0.465347 0.221038
threshold=47.500000000000007 66.500000000000014 83.500000000000014 251.00000000000003 385.00000000000006 103.50000000000001 23.500000000000004 246.50000000000003 213.50000000000003 295.00000000000006 75.500000000000014 102.50000000000001 153.50000000000003 183.50000000000003 145.00000000000003
decision_type=2 2 2 2 2 2 2 2 2 2 2 2 2 2 2
left_child=-1 -2 -3 4 5 -4 13 8 10 -9 14 -12 -13 -7 -8
right_child=1 2 3 -5 -6 6 7 9 -10 -11 11 12 -14 -15 -16
leaf_value=0.01636912866985506 -0.045016961379040051 0.02908466198236058 -0.03366324401325748 0.030364938535012903 -0.040156175783669902 -0.0032749463314082402 0.042607832172881166 0.048584506436752169 -0.055816058852151164 -0.0044147655347540633 -0.056707434818348737 -0.022850980025356502 0.029392113741419635 -0.05242107484548536 0.014456730154233636
leaf_weight=8.0392082184553129 4.3762144893407813 5.3451167345046988 5.1512032076716414 4.2153448946773997 3.698416255414485 4.3044561333954325 5.3643140792846733 7.7535049840807906 3.9529049284756175 8.173649098724125 3.7175139226019374 5.2129477933049184 6.6972185466438532 3.48768275603652 5.8101636543869972
leaf_count=36 20 20 27 27 25 23 21 31 29 39 25 32 36 22 30
internal_value=-1.57495e-05 -0.00172065 0.000879003 -0.00135322 -0.00346463 -0.00118875 0.00188211 0.00641468 -0.00133845 0.0213858 0.00669616 -0.00851606 0.00652589 -0.0252723 0.0279707
internal_weight=85.2999 77.2607 72.8844 67.5393 63.324 59.6256 54.4744 46.6822 30.7551 15.9272 26.8022 15.6277 11.9102 7.79214 11.1745
internal_count=443 407 387 367 340 315 288 243 173 70 144 93 68 45 51
is_linear=0
shrinkage=0.1


Tree=55
num_leaves=16
num_cat=0
split_feature=0 0 0 0 0 0 1 1 1 1 1 1 1 1 1
split_gain=0.216228 0.96891 0.811811 0.637243 0.561321 0.844714 0.4252 0.587887 0.43865 0.703184 0.656225 0.259447 0.693067 0.142927 0.115079
threshold=247.50000000000003 226.50000000000003 281.50000000000006 198.50000000000003 165.50000000000003 141.50000000000003 200.50000000000003 138.00000000000003 95.280000000000015 74.500000000000014 37.850000000000009 105.50000000000001 72.500000000000014 54.000000000000007 48.500000000000007
decision_type=2 2 2 2 2 2 2 2 2 2 2 2 2 2 2
left_child=1 3 -2 4 5 6 7 8 9 10 -1 12 -4 -5 -6
right_child=2 -3 11 13 14 -7 -8 -9 -10 -11 -12 -13 -14 -15 -16
leaf_value=0.01494827616741147 -0.043123718601189832 0.042731197887586725 -0.016723903627456509 -0.047491496784533307 0.037667356621497783 -0.042124376416836924 -0.025881921922272774 0.036597959891502961 -0.02528393615425599 0.039599841911952094 -0.0249298560315762 -0.013620070320016921 0.03731270560298363 -0.017642125796580321 0.01567594193970832
leaf_weight=9.1856129318475812 5.1933419331908253 5.56620193645358 4.3493869565427286 2.7797664385288945 3.7683148309588415 4.736527442932128 4.5558500438928595 5.481422744691371 5.2439386397600165 5.0579175353050223 7.4923490285873404 6.1019117310643187 5.2248838990926743 3.7930267620831728 6.4566064458340406
leaf_count=37 28 25 32 19 18 37 25 27 29 19 35 28 21 25 38
internal_value=-1.61456e-05 0.00286157 -0.00885736 -0.000928652 0.00278112 -0.00236141 0.00272647 0.00674158 0.000675736 0.00693869 -0.00296644 0.0024947 0.012765 -0.030266 0.0237807
internal_weight=84.9871 64.1175 20.8695 58.5513 51.9785 41.7536 37.0171 32.4612 26.9798 21.7359 16.678 15.6762 9.57427 6.57279 10.2249
internal_count=443 334 109 309 265 209 172 147 120 91 72 81 53 44 56
is_linear=0
shrinkage=0.1


Tree=56
num_leaves=18
num_cat=0
split_feature=0 0 0 0 1 0 1 1 0 1 1 0 1 1 0 0 1
split_gain=0.19108 1.41915 0.727051 0.407278 0.433355 0.446561 0.566908 0.865071 0.817919 1.36848 2.50088 0.767331 2.42419 1.71397 0.812829 0.767128 0.682825
threshold=37.500000000000007 47.500000000000007 66.500000000000014 83.500000000000014 251.00000000000003 385.00000000000006 78.90000000000002 65.000000000000014 246.50000000000003 121.50000000000001 168.50000000000003 167.50000000000003 33.500000000000007 36.150000000000006 198.50000000000003 297.50000000000006 100.30000000000001
decision_type=2 2 2 2 2 2 2 2 2 2 2 2 2 2 2 2 2
left_child=-1 -2 -3 -4 5 6 7 11 9 16 -11 12 -5 14 -13 -10 -8
right_child=1 2 3 4 -6 -7 8 -9 15 10 -12 13 -14 -15 -16 -17 -18
leaf_value=-0.019220389952445738 0.067654552632689324 -0.041001129463420646 0.027541410155898605 0.01426069350611639 0.029841117630255765 -0.037257643710736608 -0.0026361733076663493 -0.054632002136521418 0.057225541713215901 -0.083825341853933741 0.015394509680113418 0.012765602016760372 -0.088105199292101574 0.041511322261808592 -0.055653597682741564 0.0052226975934895267 0.053016380054073914
leaf_weight=4.8820819705724707 3.0855153650045386 4.3958266004919997 5.3109953105449668 5.8339070007205063 4.207976669073104 3.6492615826427928 4.520583521574741 3.9700229093432418 5.316490173339842 4.613903380930422 5.6526193227618933 3.0586017593741399 3.8336549028754234 7.9884199872612953 4.0166130922734737 6.0816789120435715 4.3033569976687431
leaf_count=23 13 20 20 27 27 25 25 22 19 32 38 15 25 34 33 25 20
internal_value=-1.52677e-05 0.0011591 -0.00151402 0.000884859 -0.00122668 -0.00330712 -0.00121395 -0.0113007 0.00828146 -0.00437451 -0.0291961 -0.00434486 -0.0263323 0.00976629 -0.0260761 0.0294786 0.0245051
internal_weight=84.7215 79.8394 76.7539 72.3581 67.0471 62.8391 59.1899 28.7012 30.4886 19.0905 10.2665 24.7312 9.66756 15.0636 7.07521 11.3982 8.82394
internal_count=443 420 407 387 367 340 315 156 159 115 70 134 52 82 48 44 45
is_linear=0
shrinkage=0.1


Tree=57
num_leaves=18
num_cat=0
split_feature=1 0 1 0 0 1 1 1 0 0 0 0 0 1 0 0 0
split_gain=0.228577 0.793406 0.953675 1.13452 0.653426 0.823843 0.607112 0.652007 0.776112 1.92856 0.563525 1.28435 0.81399 0.753749 3.4067 0.51867 0.239155
threshold=171.50000000000003 72.000000000000014 153.50000000000003 105.50000000000001 151.50000000000003 209.50000000000003 15.300000000000002 49.500000000000007 180.50000000000003 270.00000000000006 237.50000000000003 330.00000000000006 204.00000000000003 102.50000000000001 135.50000000000003 95.000000000000014 50.000000000000007
decision_type=2 2 2 2 2 2 2 2 2 2 2 2 2 2 2 2 2
left_child=1 16 3 -3 15 -6 -5 8 -8 -10 12 -12 13 14 -9 -2 -1
right_child=4 2 -4 6 5 -7 7 10 9 -11 11 -13 -14 -15 -16 -17 -18
leaf_value=0.013241217716756681 -0.014092640932121071 -0.044894351043000116 0.047366655646265361 -0.031430811094496532 -0.073426645390946094 -0.0059495283449993754 0.053129801512281964 0.040254462183414462 -0.042522358171526345 0.057113254882715958 -0.0509294234990662 0.013949039304906369 0.049081529284604929 0.024188208851926862 -0.097901002665363515 0.037312723234534939 0.041791326344035783
leaf_weight=6.5770835578441602 4.3339724764227849 6.5178913138806811 3.6005997136235228 5.543174870312213 2.9313355945050716 4.7274169195443392 5.032731927931307 3.7393781840801292 4.2704665511846542 3.5640036389231682 6.5698434785008413 5.6973198652267456 3.663395717740058 5.2560130879282951 3.4147000201046467 3.5875341221690178 5.2970267757773399
leaf_count=29 21 34 16 29 20 35 23 16 29 22 34 29 14 27 27 19 19
internal_value=-1.22224e-05 0.00246641 -0.00244258 -0.00580933 -0.0109485 -0.0317759 -0.000360214 0.00381932 0.0224874 0.00280319 -0.00465633 -0.0207975 0.00766248 -0.00456422 -0.0256883 0.00918809 0.0259774
internal_weight=84.3239 68.7436 56.8695 53.2689 15.5803 7.65875 46.751 41.2079 12.8672 7.83447 28.3407 12.2672 16.0735 12.4101 7.15408 7.92151 11.8741
internal_count=443 348 300 284 95 55 250 221 74 51 147 63 84 70 43 40 48
is_linear=0
shrinkage=0.1


Tree=58
num_leaves=17
num_cat=0
split_feature=0 0 0 0 0 0 1 0 0 1 0 0 1 1 1 1
split_gain=0.208107 0.905397 0.746787 0.512555 0.49853 0.669366 0.383496 0.449138 0.526411 0.558508 0.4385 0.395695 0.194728 0.606243 0.108722 0.0550256
threshold=247.50000000000003 226.50000000000003 281.50000000000006 198.50000000000003 165.50000000000003 141.50000000000003 200.50000000000003 123.50000000000001 72.000000000000014 45.20000000000001 42.500000000000007 103.50000000000001 105.50000000000001 72.500000000000014 102.50000000000001 62.500000000000007
decision_type=2 2 2 2 2 2 2 2 2 2 2 2 2 2 2 2
left_child=1 3 -2 4 5 6 7 8 10 -10 -1 -11 13 -4 -6 -5
right_child=2 -3 12 15 14 -7 -8 -9 9 11 -12 -13 -14 -15 -16 -17
leaf_value=-0.0069923708821124893 -0.041783678488900779 0.041602093051295863 -0.016559713675289224 -0.017929549271903572 0.012485940732756662 -0.038305098393721274 -0.025048908410312088 0.030817720787919674 -0.040273500555047734 -0.019163115026316291 0.031118466286152453 0.02303264530641486 -0.01175529896942225 0.034269018939310836 0.033166993734276756 -0.036461194712060913
leaf_weight=5.1729375720024127 5.1368494331836727 5.4990059882402411 4.301595523953436 3.0996190514415494 5.3767868950963003 4.6182281374931327 4.559348262846469 5.9209275618195525 4.8915029987692824 4.473746679723261 7.2508704662322998 4.416239358484745 6.0906738787889472 5.1629689484834671 4.8213809859007597 3.3168292939662933
leaf_count=24 28 25 32 20 28 37 25 25 23 23 29 23 28 21 28 24
internal_value=-1.68578e-05 0.00282445 -0.00872495 -0.00085725 0.0024632 -0.00242557 0.00209119 0.00594291 0.000322594 -0.0131344 0.0152501 0.00179829 0.00219212 0.0111676 0.0222633 -0.027509
internal_weight=84.1095 63.4174 20.6921 57.9184 51.502 41.3038 36.6856 32.1262 26.2053 13.7815 12.4238 8.88999 15.5552 9.46456 10.1982 6.41645
internal_count=443 334 109 309 265 209 172 147 122 69 53 46 81 53 56 44
is_linear=0
shrinkage=0.1


Tree=59
num_leaves=16
num_cat=0
split_feature=0 1 0 1 1 1 1 1 1 0 0 0 0 1 0
split_gain=0.260549 0.465888 0.665342 0.799702 0.445034 1.14177 0.586909 0.344794 0.783533 0.644959 1.06543 0.843665 1.4078 0.894555 0.890996
threshold=420.50000000000006 255.00000000000003 320.00000000000006 209.50000000000003 23.500000000000004 14.410000000000002 38.500000000000007 171.50000000000003 138.00000000000003 50.000000000000007 81.500000000000014 165.50000000000003 237.50000000000003 88.500000000000014 124.50000000000001
decision_type=2 2 2 2 2 2 2 2 2 2 2 2 2 2 2
left_child=1 2 3 4 5 -1 -6 8 9 -8 -11 14 13 -13 -12
right_child=-2 -3 -4 -5 6 -7 7 -9 -10 10 11 12 -14 -15 -16
leaf_value=0.0067585846492056699 0.028068186327052699 -0.033135969208629643 -0.031912149215707612 0.04550735735881762 0.030291347785916418 -0.060839009674919634 -0.041519080263702962 -0.022750934413576132 0.033221930088910244 0.048762575165514854 -0.0042923853884831087 0.0074556518976734406 -0.028290213997665473 0.068316051767026473 -0.063446470888637294
leaf_weight=6.8420791774988157 3.1784811541438094 4.3030315376818171 5.7876546643674365 4.2311740145087233 7.5008107442408791 3.9362314082682133 3.8421554714441291 5.7544637937098733 7.2668443471193305 4.1987423896789577 6.5955002568662184 5.9310906529426592 6.2387354746460906 4.07404625415802 4.1474617160856724
leaf_count=31 16 30 34 25 37 27 18 34 36 15 34 27 32 18 29
internal_value=-1.46544e-05 -0.00112142 0.000682967 0.00335659 0.000667732 -0.017928 0.00427585 0.000214643 0.00333927 -0.00286018 0.00190271 -0.00538798 0.00899094 0.0322377 -0.0271296
internal_weight=83.8285 80.65 76.347 70.5593 66.3282 10.7783 55.5499 48.049 42.2946 35.0277 31.1856 26.9868 16.2439 10.0051 10.743
internal_count=443 427 397 363 338 58 280 243 209 173 155 140 77 45 63
is_linear=0
shrinkage=0.1


Tree=60
num_leaves=17
num_cat=0
split_feature=0 1 0 1 1 0 1 1 1 1 1 0 0 1 0 0
split_gain=0.209594 0.379818 0.539401 0.650568 0.362227 1.12238 0.475671 0.280262 0.710025 0.675976 0.376909 0.556079 0.76759 0.561485 0.502861 0.0101725
threshold=420.50000000000006 255.00000000000003 320.00000000000006 209.50000000000003 23.500000000000004 114.50000000000001 38.500000000000007 46.500000000000007 49.500000000000007 59.300000000000004 171.50000000000003 76.000000000000014 121.50000000000001 88.500000000000014 189.50000000000003 186.50000000000003
decision_type=2 2 2 2 2 2 2 2 2 2 2 2 2 2 2 2
left_child=1 2 3 4 5 -1 -6 -8 -9 -10 11 -11 -13 -14 -15 -7
right_child=-2 -3 -4 -5 6 15 7 8 9 10 -12 12 13 14 -16 -17
leaf_value=0.023059380160099077 0.025092851452438954 -0.029998323269686794 -0.028728009978080889 0.041130259006756285 0.027300086627365234 -0.046766928330622792 -0.029173187084554721 0.053843684508723115 -0.040820489095684559 0.031346034375383115 -0.020473916748118458 -0.032963940035229553 -0.015384125827764876 0.0024458805887241711 0.041004580026448786 -0.038795068478056999
leaf_weight=4.3407101035118085 3.1986884325742713 4.2791074141859999 5.7862929180264464 4.2142402157187453 7.4909338839352122 3.2237553521990776 3.0417112186551085 2.5124315023422232 3.8504064343869677 7.421617589890956 5.7549706324934951 5.4658742025494602 6.2702405303716686 7.104065112769602 6.4558566436171532 3.1793352551758289
leaf_count=17 16 30 34 25 37 21 18 9 23 30 34 32 31 38 28 20
internal_value=-1.045e-05 -0.00100928 0.000620507 0.00303524 0.000606913 -0.0161967 0.00386753 0.000201237 0.00219405 -0.000872043 0.00312607 0.00727726 0.000215704 0.00936115 0.0208036 -0.0428086
internal_weight=83.5902 80.3915 76.1124 70.3261 66.1119 10.7438 55.3681 47.8772 44.8355 42.323 38.4726 32.7177 25.296 19.8302 13.5599 6.40309
internal_count=443 427 397 363 338 58 280 243 225 216 193 159 129 97 66 41
is_linear=0
shrinkage=0.1


Tree=61
num_leaves=20
num_cat=0
split_feature=0 0 0 0 1 1 0 0 0 0 0 0 0 0 0 1 0 1 1
split_gain=0.168935 0.796559 1.015 0.374352 0.543888 0.926925 0.620461 0.696813 0.4603 1.06217 0.722667 1.06634 1.48143 0.521934 0.354516 0.288878 0.284546 0.522846 0.0208236
threshold=33.000000000000007 47.500000000000007 66.500000000000014 95.000000000000014 15.300000000000002 24.500000000000004 119.00000000000001 385.00000000000006 260.50000000000006 216.50000000000003 206.50000000000003 168.50000000000003 189.50000000000003 295.00000000000006 328.00000000000006 82.500000000000014 153.50000000000003 105.50000000000001 86.060000000000016
decision_type=2 2 2 2 2 2 2 2 2 2 2 2 2 2 2 2 2 2 2
left_child=-1 -2 -3 15 -5 -6 -7 8 9 10 11 16 -13 -10 -15 -4 17 -8 -11
right_child=1 2 3 4 5 6 7 -9 13 18 -12 12 -14 14 -16 -17 -18 -19 -20
leaf_value=-0.020388257269988455 0.04525190507533472 -0.048390593993707681 0.0020861708670510959 -0.031040900901576626 0.050895166640705661 -0.039130403484714714 0.027397143196194542 -0.042213971431722633 0.046479687323929465 -0.032905390327056604 0.047097465201889802 -0.074309363006955093 0.016127322011737288 -0.016116461223888764 0.023735465659580787 0.036128196550499606 0.03842103526516509 -0.020709785667878525 -0.044420551500198149
leaf_weight=3.878364384174346 3.867243990302085 4.3122372776269904 4.8634810075163823 5.606404796242713 3.5748462770134202 4.0903841964900485 5.3026038520038217 3.3975225239992133 4.8202421441674224 3.1070577912032595 3.8568245209753504 3.7760153003036967 3.4812078289687634 4.0753600150346738 4.935672327876091 5.1139060109853745 4.1506788432598105 3.9363270178437233 3.1753688286989927
leaf_count=19 17 20 21 30 24 27 25 22 19 19 19 28 19 21 21 21 23 26 22
internal_value=-9.13672e-06 0.000985756 -0.00127935 0.00157139 -0.00135297 0.00163629 -0.00174327 0.00144174 0.00476603 -0.00204201 0.00736319 -5.91687e-05 -0.0309279 0.0199196 0.0057119 0.0195344 0.0166718 0.00690077 -0.0387256
internal_weight=83.3217 79.4434 75.5761 71.2639 61.2865 55.6801 52.1053 48.0149 44.6174 30.7861 24.5037 20.6468 7.25722 13.8313 9.01103 9.97739 13.3896 9.23893 6.28243
internal_count=443 424 407 387 345 315 291 264 242 181 140 121 47 61 42 42 74 51 41
is_linear=0
shrinkage=0.1


Tree=62
num_leaves=19
num_cat=0
split_feature=0 0 1 1 0 0 0 0 1 1 1 1 0 1 0 0 1 1
split_gain=0.213033 0.3609 1.32253 1.35227 0.941988 0.81442 0.600662 0.435303 0.557364 0.592353 0.861247 0.55514 0.932293 2.60116 2.59665 2.60505 1.10996 0.0572992
threshold=420.50000000000006 247.50000000000003 80.500000000000014 172.50000000000003 226.50000000000003 284.50000000000006 198.50000000000003 175.50000000000003 23.500000000000004 46.500000000000007 68.500000000000014 78.90000000000002 81.500000000000014 158.00000000000003 105.50000000000001 133.50000000000003 170.50000000000003 62.500000000000007
decision_type=2 2 2 2 2 2 2 2 2 2 2 2 2 2 2 2 2 2
left_child=1 4 5 -4 6 -3 7 8 -1 -10 -11 -12 13 -13 -14 -16 -17 -8
right_child=-2 2 3 -5 -6 -7 17 -9 9 10 11 12 14 -15 15 16 -18 -19
leaf_value=-0.028875210993573638 0.025307402997729541 -0.013592319348892738 0.029476666764561996 -0.042283888572273241 0.042028246554067589 -0.090498870389024988 -0.020479897734543482 0.027051417094451465 0.032614941820124373 -0.042853911400878415 0.036988377639448594 0.014365936157812346 0.080888328172080692 -0.10224895863790098 -0.088546308815057706 -0.015300647706796717 0.059406116378540021 -0.039492546067206986
leaf_weight=6.2319582588970652 3.1961927711963645 2.6099421828985241 7.755113519728182 3.9704267308115959 5.5011187233030787 2.9147145301103592 3.0684233903884879 6.2449027244001618 5.8659751489758483 4.4362194873392573 4.4438327997922924 5.1738387197256106 4.1212642639875403 3.0346623808145523 3.1798372864723197 4.40987381339073 3.6224794778972864 3.2790587972849607
leaf_count=34 16 15 31 20 25 27 20 32 25 25 17 22 17 20 25 27 21 24
internal_value=-8.0783e-06 -0.00102122 -0.0138285 0.00517757 0.00250722 -0.0541669 -0.00129949 0.00232685 -0.00114131 0.00337281 -0.00191785 0.00457121 -0.00154793 -0.0287463 0.0130123 -0.0119369 0.0183911 -0.0303017
internal_weight=83.0598 79.8636 17.2502 11.7255 62.6134 5.52466 57.1123 50.7648 44.5199 38.288 32.422 27.9858 23.542 8.2085 15.3335 11.2122 8.03235 6.34748
internal_count=443 427 93 51 334 42 309 265 233 199 174 149 132 42 90 73 48 44
is_linear=0
shrinkage=0.1


Tree=63
num_leaves=17
num_cat=0
split_feature=0 1 0 1 1 0 0 0 1 1 0 1 0 0 1 0
split_gain=0.171704 0.339116 0.748747 0.710912 0.642587 0.722506 1.85901 1.14343 0.749548 0.602984 0.583826 1.01241 0.389436 0.364501 0.358278 0.113202
threshold=420.50000000000006 36.150000000000006 198.50000000000003 49.500000000000007 74.500000000000014 47.500000000000007 81.500000000000014 105.50000000000001 105.50000000000001 88.500000000000014 153.50000000000003 171.50000000000003 124.50000000000001 135.50000000000003 209.50000000000003 246.50000000000003
decision_type=2 2 2 2 2 2 2 2 2 2 2 2 2 2 2 2
left_child=1 2 12 -3 13 -6 -7 -8 9 -9 -10 15 -1 -5 -13 -12
right_child=-2 3 -4 4 5 6 7 8 10 -11 11 14 -14 -15 -16 -17
leaf_value=-0.016398702138021314 0.022646330736976854 0.030201263823199098 -0.050871304846935694 -0.004675113767761154 0.041084419848994358 -0.059716214565587282 0.054731398582491833 -0.0033893658352412426 -0.041258866925154181 0.043200097850201596 0.0096106562427610807 -0.059786325292914624 0.020294253265817269 -0.0436619726798382 -0.012429006145977337 0.031608031863903617
leaf_weight=7.0212323814630526 3.2136079221963874 8.0089158490300161 4.0871515311300746 4.5615500733256322 4.5488641858100882 4.7560021951794615 4.3720774799585334 5.266197703778742 4.8658286593854454 5.8794972561299801 5.4252840355038661 2.7068703379482022 4.9188617616891861 5.0561849474906921 3.898014547303319 4.1130172610282898
leaf_count=31 16 35 37 21 21 24 19 25 36 28 27 18 26 32 31 16
internal_value=-1.51078e-05 -0.000931312 -0.0139284 0.00235127 -0.00167129 0.00326012 -0.000907659 0.00674956 0.000225468 0.0211872 -0.0108951 -0.00174299 -0.00128261 -0.0251711 -0.0318374 0.0190962
internal_weight=82.6992 79.4856 16.0272 63.4583 55.4494 45.8317 41.2828 36.5268 32.1547 11.1457 21.009 16.1432 11.9401 9.61774 6.60488 9.5383
internal_count=443 427 94 333 298 245 224 200 181 53 128 92 57 53 49 43
is_linear=0
shrinkage=0.1


Tree=64
num_leaves=18
num_cat=0
split_feature=0 1 1 0 1 0 0 1 0 0 0 1 0 0 0 1 0
split_gain=0.197358 0.296832 0.347624 1.08585 0.831761 0.394539 0.609298 0.830501 0.752178 0.465566 0.739425 0.994729 0.584986 0.347605 0.343727 0.300063 0.213028
threshold=37.500000000000007 11.000000000000002 43.500000000000007 124.50000000000001 49.500000000000007 92.500000000000014 130.00000000000003 105.50000000000001 146.50000000000003 189.50000000000003 247.50000000000003 209.50000000000003 330.00000000000006 168.50000000000003 234.50000000000003 98.500000000000014 67.500000000000014
decision_type=2 2 2 2 2 2 2 2 2 2 2 2 2 2 2 2 2
left_child=-1 -2 3 -3 -4 16 7 -7 -8 13 15 12 -12 -10 -5 -11 -6
right_child=1 2 4 14 5 6 8 -9 9 10 11 -13 -14 -15 -16 -17 -18
leaf_value=-0.019797129995761956 0.024789941836831458 -0.051977391648416339 0.045072051909480687 -0.010563063972824072 0.0040335690120496563 -0.0016225445593607642 0.037987968504311048 -0.075625643044186536 -0.0086977006492271608 0.039822100581298051 -0.04746907300877027 0.034418383773984047 -0.0035563836099091611 -0.052942937101007219 0.02800536831474458 0.0031103900376942459 0.031943540174263048
leaf_weight=4.7528143972158423 4.9892254695296279 5.0038122609257689 4.3529440015554419 5.5177904833108169 6.1446970701217634 3.4886673688888541 4.5999528914690009 2.6825895458459854 4.1746873669326297 5.1636168360710162 6.0713281258940679 3.5862374305725089 6.0632707960903645 3.0898507665842772 3.9756426475942135 3.9140083584934473 4.9279891550540924
leaf_count=23 23 25 17 36 28 19 23 22 29 20 32 15 32 23 27 30 19
internal_value=-1.52556e-05 0.00119406 -0.000424001 -0.0142807 0.00302406 -0.000371282 -0.00472093 -0.033791 0.00017227 -0.005253 0.00126899 -0.0118525 -0.0255273 -0.0275167 0.00558855 0.0239931 0.0164551
internal_weight=82.4991 77.7463 72.7571 14.4972 58.2598 53.9069 42.8342 6.17126 36.663 32.063 24.7985 15.7208 12.1346 7.26454 9.49343 9.07763 11.0727
internal_count=443 420 397 88 309 292 245 41 204 181 129 79 64 52 63 50 47
is_linear=0
shrinkage=0.1


Tree=65
num_leaves=18
num_cat=0
split_feature=0 1 1 0 0 1 1 1 1 1 0 0 0 0 0 0 0
split_gain=0.159801 0.240067 0.288826 0.669961 0.604692 0.468648 0.621388 0.44972 0.538403 0.87804 0.774903 0.723652 0.273982 0.925198 0.753766 0.623911 0.234367
threshold=37.500000000000007 11.000000000000002 179.00000000000003 151.50000000000003 260.50000000000006 140.50000000000003 124.50000000000001 105.50000000000001 88.500000000000014 75.500000000000014 81.500000000000014 123.50000000000001 151.50000000000003 191.50000000000003 213.50000000000003 270.00000000000006 189.50000000000003
decision_type=2 2 2 2 2 2 2 2 2 2 2 2 2 2 2 2 2
left_child=-1 -2 5 -4 -5 6 7 8 9 10 -3 -12 -13 -14 -15 -16 -7
right_child=1 2 3 4 -6 16 -8 -9 -10 -11 11 12 13 14 15 -17 -18
leaf_value=-0.017811834770943943 0.022278172005391592 0.041689930775703377 0.038171141548902249 -0.039821149550812451 0.019920443797277983 -0.043451211402380931 0.034589151371111924 -0.031321559854356133 0.024804662186091248 -0.040862239105950431 -0.036500675288929377 0.030289209768686178 -0.048364302644506224 0.049979094763534154 -0.034738153133095577 0.017657285436625449 -0.0085319288306238347
leaf_weight=4.7542206794023505 4.9961696416139594 4.1961041539907482 5.8472818434238416 3.1789608374238014 3.6276619285345078 3.9196047335863105 4.751982018351554 5.1234591528773299 7.2754089832305899 5.738614320755004 5.5797301083803204 3.3641168139874962 3.2966723628342178 3.5835176594555369 3.8660570681095106 5.5141842141747475 3.771473616361618
leaf_count=23 23 15 29 35 15 27 20 28 36 29 28 15 23 15 27 37 18
internal_value=-1.5004e-05 0.0010749 -0.000383566 0.0133455 -0.00798123 -0.00327992 0.0001101 -0.0033365 4.39661e-05 -0.00508265 0.00190111 -0.00472308 0.00431205 -0.00106236 0.0109665 -0.00393744 -0.0263278
internal_weight=82.3852 77.631 72.6348 12.6539 6.80662 59.9809 52.2898 47.5379 42.4144 35.139 29.4004 25.2043 19.6245 16.2604 12.9638 9.38024 7.69108
internal_count=443 420 397 79 50 318 273 253 225 189 160 145 117 102 79 64 45
is_linear=0
shrinkage=0.1


Tree=66
num_leaves=17
num_cat=0
split_feature=0 0 0 0 0 0 1 1 0 1 1 0 0 1 1 1
split_gain=0.168037 0.870377 0.649633 0.585231 0.41754 0.534603 0.440845 0.597616 0.565186 0.766068 0.703982 0.531269 0.205826 0.35055 0.102049 0.0558474
threshold=247.50000000000003 226.50000000000003 281.50000000000006 198.50000000000003 165.50000000000003 141.50000000000003 200.50000000000003 138.00000000000003 89.500000000000014 33.500000000000007 74.500000000000014 65.500000000000014 320.00000000000006 95.280000000000015 102.50000000000001 75.500000000000014
decision_type=2 2 2 2 2 2 2 2 2 2 2 2 2 2 2 2
left_child=1 3 -2 4 5 6 7 8 11 -10 -11 -1 -4 -14 -6 -5
right_child=2 -3 12 15 14 -7 -8 -9 9 10 -12 -13 13 -15 -16 -17
leaf_value=0.0012633397697656007 -0.039483541805326837 0.040614571740016314 0.017368929610106314 -0.038840736497374316 0.011333895537057711 -0.034730169213961666 -0.028070796861289035 0.037134533953784472 0.045674412437156489 -0.035581197771974098 0.022969949924851241 -0.040055324073720186 0.011562247073245805 -0.026647107316399195 0.031648047428528177 -0.019903466111210126
leaf_weight=8.0489651113748604 4.9323668032884624 5.4818706586956969 5.6685058064758769 3.3237852510064831 5.2877656221389753 4.4540620371699324 4.2896308526396743 5.1839982867240897 4.9548746049404135 3.8140375912189466 4.448625423014164 5.0732994005084029 5.0373320989310724 4.5880543664097786 4.6455012019723654 2.9301328640431166
leaf_count=34 28 25 28 22 28 37 25 27 19 20 24 23 30 23 28 22
internal_value=-1.19747e-05 0.00257236 -0.00792568 -0.00112162 0.00247202 -0.00205761 0.00200583 0.00609853 -9.73471e-06 0.0145857 -0.00405721 -0.0147112 0.0022519 -0.00665069 0.0208342 -0.0299681
internal_weight=82.1628 61.9365 20.2263 56.4547 50.2008 40.2675 35.8134 31.5238 26.3398 13.2175 8.26266 13.1223 15.2939 9.62539 9.93327 6.25392
internal_count=443 334 109 309 265 209 172 147 120 63 44 57 81 53 56 44
is_linear=0
shrinkage=0.1


Tree=67
num_leaves=18
num_cat=0
split_feature=1 1 1 0 0 0 0 0 0 0 0 0 1 0 0 1 1
split_gain=0.174118 0.440619 0.729832 0.943222 0.539684 0.58009 0.743096 0.556515 0.35539 0.260124 1.10211 1.07935 0.685873 0.473555 0.845103 0.845195 0.180774
threshold=9.7500000000000018 17.120000000000001 36.150000000000006 151.50000000000003 385.00000000000006 260.50000000000006 216.50000000000003 189.50000000000003 295.00000000000006 87.500000000000014 168.50000000000003 114.50000000000001 159.55000000000004 153.50000000000003 124.50000000000001 156.00000000000003 88.500000000000014
decision_type=2 2 2 2 2 2 2 2 2 2 2 2 2 2 2 2 2
left_child=-1 -2 3 -3 5 6 7 9 -7 12 11 -11 16 14 -13 -16 -4
right_child=1 2 4 -5 -6 8 -8 -9 -10 10 -12 13 -14 -15 15 -17 -18
leaf_value=-0.02272639729490827 0.025819959215294383 7.8961089730731544e-05 0.033676665157524814 -0.074578220901846376 -0.038020717747917342 0.044421201929941784 -0.034141947334423231 0.031358155781467729 0.010315105115218786 -0.045573031791505555 -0.060121472845934359 0.04177581886521825 -0.025798618758984961 0.044051341593581157 -0.050613738601808449 0.0220479828399795 0.0083380347884208089
leaf_weight=3.2408138811588278 6.5208039730787268 3.9050656408071509 5.9004466906189901 2.9864737913012505 3.2133071422576895 4.7603867053985587 5.9523420091718426 6.1675921492278567 8.5293009839951974 3.7983301095664563 3.4380609244108191 3.6236515268683416 4.1884634345769873 3.914543278515338 3.6229902468621731 2.8681192845106125 5.3854063227772713
leaf_count=17 29 16 22 34 20 19 37 32 38 27 26 17 22 21 24 18 24
internal_value=-9.94406e-06 0.00092461 -0.00132214 -0.032274 0.00194127 0.00400741 -0.00103118 0.0035621 0.022532 -0.00110406 -0.00828177 0.00171552 0.00875997 0.0145185 0.00308897 -0.0185079 0.0215855
internal_weight=82.0161 78.7753 72.2545 6.89154 65.3629 62.1496 48.8599 42.9076 13.2897 36.74 21.2657 17.8276 15.4743 14.0293 10.1148 6.49111 11.2859
internal_count=443 426 397 50 347 327 270 233 57 201 133 107 68 80 59 42 46
is_linear=0
shrinkage=0.1


Tree=68
num_leaves=18
num_cat=0
split_feature=0 1 0 0 0 0 0 0 0 0 0 1 0 0 0 1 1
split_gain=0.163801 0.243465 0.885681 1.14961 0.520066 0.89574 0.463606 0.559419 0.849646 0.382815 0.352744 0.48956 0.986009 0.457243 0.316164 0.24027 0.182516
threshold=37.500000000000007 209.50000000000003 260.50000000000006 95.000000000000014 247.50000000000003 226.50000000000003 198.50000000000003 165.50000000000003 139.50000000000003 330.00000000000006 89.500000000000014 91.90000000000002 117.50000000000001 63.500000000000007 385.00000000000006 103.50000000000001 102.50000000000001
decision_type=2 2 2 2 2 2 2 2 2 2 2 2 2 2 2 2 2
left_child=-1 4 3 -3 5 6 7 8 10 15 13 12 -12 -2 -11 -6 -9
right_child=1 2 -4 -5 9 -7 -8 16 -10 14 11 -13 -14 -15 -16 -17 -18
leaf_value=-0.018094559806633336 0.013532478930102527 0.040146803030828918 0.060795426642489429 -0.051341580725633135 -0.042909964310830162 0.042881789506071806 -0.026331913300016892 0.012033566163517594 -0.044898774202944983 0.019801040189183557 0.031266878819960917 0.036916163984412859 -0.032756126073734453 -0.02677227618524923 -0.022203247855366797 -0.010204931474695566 0.039799994254155396
leaf_weight=4.7215264141559592 4.8780102655291611 2.6777605265378934 2.9969682544469833 2.8197705913335085 5.5613928176462668 5.3274014405906192 6.0071415156126013 5.2365735322236997 4.2013583332300177 3.9908258803188792 4.8887645751237851 5.6167897619307032 4.7357477843761444 6.6545137017965317 3.2522613182663918 3.7684222310781479 4.3205718696117401
leaf_count=23 22 10 11 33 36 22 38 28 34 19 21 32 23 30 23 16 22
internal_value=-1.51886e-05 0.00109436 0.0170621 -0.00677903 -0.0008875 0.00404003 -0.000406212 0.00343614 -0.00308953 -0.0163088 0.00347119 0.0134557 -0.000235684 -0.00972423 0.000940447 -0.0297 0.0245861
internal_weight=81.6558 76.9343 8.4945 5.49753 68.4398 51.8669 46.5395 40.5323 30.9752 16.5729 26.7738 15.2413 9.62451 11.5325 7.24309 9.32982 9.55715
internal_count=443 420 54 43 366 272 250 212 162 94 128 76 44 52 42 52 50
is_linear=0
shrinkage=0.1


Tree=69
num_leaves=17
num_cat=0
split_feature=0 0 1 1 0 0 0 0 1 1 1 0 0 1 1 1
split_gain=0.156416 0.298731 1.00505 1.16934 0.680127 0.642087 0.44232 0.334228 0.469543 0.499154 0.741366 0.673215 1.66568 1.26671 0.883362 0.0435179
threshold=420.50000000000006 247.50000000000003 80.500000000000014 172.50000000000003 284.50000000000006 226.50000000000003 198.50000000000003 175.50000000000003 23.500000000000004 48.500000000000007 73.250000000000014 47.500000000000007 81.500000000000014 170.50000000000003 105.50000000000001 62.500000000000007
decision_type=2 2 2 2 2 2 2 2 2 2 2 2 2 2 2 2
left_child=1 5 4 -4 -3 6 7 8 -1 -10 -11 -12 -13 14 -14 -8
right_child=-2 2 3 -5 -6 -7 15 -9 9 10 11 12 13 -15 -16 -17
leaf_value=-0.026232039040990109 0.021683458895117656 -0.011647704139122471 0.02656029311047697 -0.041179290982810063 -0.083572038601166021 0.035147993649566979 -0.017331873471650553 0.024223993775998216 0.027960001453459501 -0.037447389243750136 0.040067745270802792 -0.054755019163009067 0.015653846927232273 0.045726476600988303 -0.045081222001822255 -0.034140245156782843
leaf_weight=6.2203732058405867 3.1920096054673186 2.5377449393272427 7.6117962226271612 3.8308558985590935 2.7280750684440136 5.4326867684721938 2.9499745387583962 6.0866437721997491 6.7943396866321555 4.9475734196603325 4.4761395975947407 4.7543822303414371 5.5354949198663252 6.7497114706784478 4.2206893265247345 3.2235130816698074
leaf_count=34 16 15 31 20 27 25 20 32 29 28 21 24 30 38 29 24
internal_value=-1.40426e-05 -0.000900837 -0.0127558 0.00388193 -0.0489097 0.00232564 -0.000860871 0.00226988 -0.000788033 0.00343497 -0.00199559 0.00481967 -0.00260146 0.0124209 -0.0106212 -0.0261084
internal_weight=81.292 78.1 16.7085 11.4427 5.26582 61.3915 55.9588 49.7853 43.6987 37.4783 30.684 25.7364 21.2603 16.5059 9.75618 6.17349
internal_count=443 427 93 51 42 334 309 265 233 199 170 142 121 97 59 44
is_linear=0
shrinkage=0.1


Tree=70
num_leaves=17
num_cat=0
split_feature=0 0 1 0 0 1 1 1 1 0 0 0 0 1 0 1
split_gain=0.171164 0.199475 0.464179 1.12197 0.557868 0.535058 0.583969 0.735708 0.633735 1.03733 1.0996 0.672107 1.03247 0.535886 0.500232 0.225845
threshold=37.500000000000007 72.000000000000014 179.00000000000003 151.50000000000003 105.50000000000001 140.50000000000003 115.80000000000001 95.280000000000015 15.300000000000002 133.50000000000003 191.50000000000003 216.50000000000003 270.00000000000006 55.500000000000007 260.50000000000006 105.50000000000001
decision_type=2 2 2 2 2 2 2 2 2 2 2 2 2 2 2 2
left_child=-1 15 4 -4 -3 6 7 8 -6 -10 -11 -12 -13 -14 -5 -2
right_child=1 2 3 14 5 -7 -8 -9 9 10 11 12 13 -15 -16 -17
leaf_value=-0.018524856680636553 0.028621774763356818 -0.031311902801940954 0.056682534074896367 -0.03799197515275321 -0.026696511079694552 -0.02797403204553707 0.036921497022696585 -0.034746314768754512 0.049943533900610328 -0.039353852560166283 0.042882998449657955 -0.045580565815492101 0.048475058657428328 -0.002879722067876898 0.017216590636200426 -0.003159630777589028
leaf_weight=4.7057368010282508 5.2152723744511587 6.7936756163835517 4.4646769762039167 3.042699096724391 5.3430105857551089 6.2984360158443442 4.5958252921700469 5.474181603640317 5.4668304696679142 5.1164514087140587 5.3462870754301575 3.4803999084979287 3.5806509070098382 4.6978858485817909 3.5630389079451561 3.9140560999512672
leaf_count=23 20 35 22 35 29 36 21 34 21 35 23 25 23 26 15 20
internal_value=-1.4585e-05 0.00112562 -0.000756914 0.0179591 -0.00444405 -0.000749082 0.00322931 -0.000792006 0.00483511 0.0109197 0.00131933 0.0134853 0.000119489 0.0193324 -0.00821328 0.014996
internal_weight=81.0991 76.3934 67.264 11.0704 56.1936 49.4 43.1015 38.5057 33.0315 27.6885 22.2217 17.1052 11.7589 8.27854 6.60574 9.12933
internal_count=443 420 380 72 308 273 237 216 182 153 132 97 74 49 50 40
is_linear=0
shrinkage=0.1


Tree=71
num_leaves=20
num_cat=0
split_feature=1 0 1 0 1 0 0 1 0 1 1 0 1 1 0 0 1 1 0
split_gain=0.151436 0.492427 0.589767 0.835059 0.620489 0.721669 0.672184 0.785895 0.727191 0.646749 0.709732 0.865458 0.463347 0.466667 0.457458 1.21008 0.452524 0.21173 0.0627825
threshold=171.50000000000003 72.000000000000014 148.50000000000003 93.500000000000014 105.50000000000001 237.50000000000003 117.50000000000001 88.500000000000014 167.50000000000003 65.000000000000014 48.500000000000007 186.50000000000003 16.500000000000004 36.150000000000006 83.500000000000014 151.50000000000003 209.50000000000003 76.500000000000014 130.00000000000003
decision_type=2 2 2 2 2 2 2 2 2 2 2 2 2 2 2 2 2 2 2
left_child=1 17 3 -3 6 -6 -5 8 18 10 11 -10 -13 -14 -2 -16 -17 -1 -8
right_child=14 2 -4 4 5 -7 7 -9 9 -11 -12 12 13 -15 15 16 -18 -19 -20
leaf_value=0.0071966471840490091 -0.041183321825621025 -0.044209147320048853 0.033303064816442823 0.044553204001222736 -0.0003894408795075639 -0.062983642695370406 -0.025817357170664568 0.033346143547396498 0.050320493075750462 -0.025512218658488642 0.047564472059985388 0.014314600100340811 -0.065296604489175833 -0.0058895613091622164 0.044191772935462059 -0.055515447372885031 -0.0042256963039378238 0.034375262592601166 -0.045257807079882056
leaf_weight=5.6964030936360341 3.4272685870528212 4.8999327868223181 4.3714019656181327 3.7682570144534102 4.3427848555147639 3.1985056102275848 3.2344495132565525 5.8613065741956225 2.5826339274644878 6.0969962403178206 4.2807256430387488 3.1938928887248021 2.5013591796159744 2.8052555099129677 4.0669253394007665 2.7925746832042933 4.4796250816434622 5.7694150879979134 3.4153353683650494
leaf_count=24 19 24 22 16 27 17 16 29 13 35 18 15 29 14 21 20 35 24 25
internal_value=-1.35419e-05 0.0020341 -0.00192532 -0.00499414 -0.000750663 -0.0269377 0.00448205 3.72579e-05 -0.00690792 0.00204508 0.0129809 -0.000376542 -0.0157794 -0.033892 -0.00916827 0.000508335 -0.0239213 0.0208725 -0.035802
internal_weight=80.785 66.0187 54.5528 50.1814 45.2815 7.54129 37.7402 33.972 28.1106 21.4609 15.3639 11.0831 8.50051 5.30661 14.7664 11.3391 7.2722 11.4658 6.64978
internal_count=443 348 300 278 254 44 210 194 165 124 89 71 58 43 95 76 55 48 41
is_linear=0
shrinkage=0.1


Tree=72
num_leaves=16
num_cat=0
split_feature=0 0 1 1 0 1 0 0 0 1 1 1 1 1 1
split_gain=0.161753 0.179754 0.557681 0.562835 0.447864 1.66677 0.536097 0.513742 1.26413 1.01152 0.702419 0.653607 0.301061 0.510178 0.254435
threshold=37.500000000000007 95.000000000000014 15.300000000000002 29.250000000000004 133.50000000000003 95.280000000000015 385.00000000000006 246.50000000000003 168.50000000000003 124.50000000000001 118.50000000000001 78.90000000000002 172.50000000000003 103.50000000000001 93.500000000000014
decision_type=2 2 2 2 2 2 2 2 2 2 2 2 2 2 2
left_child=-1 14 -3 -4 5 -5 7 8 10 11 -6 -10 13 -9 -2
right_child=1 2 3 4 6 -7 -8 12 9 -11 -12 -13 -14 -15 -16
leaf_value=-0.018068158106364172 -0.0015608396549450464 -0.031863609772711854 0.034407064203036963 0.013839825326559042 -0.0025193868982035621 -0.083007436106246946 -0.036751875040170225 0.01081502506292345 -0.030206835649643722 -0.071316723877893035 0.052215866592111117 0.024637334914750026 -0.003974100058588368 0.052806320148581498 0.023069454850894591
leaf_weight=4.6749302148818961 8.7669443786144274 5.4866362102329722 4.7671403903514138 4.5295600667595854 4.9564794190228003 2.9243571907281876 3.2139377668499938 7.4547793231904524 5.2580884099006635 3.442273353226482 4.4491434209048748 3.703509733080864 4.1855396777391425 4.7286685928702354 8.0407645106315595
leaf_count=23 38 30 36 20 30 26 21 38 29 37 24 17 20 17 37
internal_value=-1.46976e-05 0.00109716 -0.00149795 0.00160957 -0.00159129 -0.0241558 0.00247211 0.00577406 -0.0042756 -0.0252403 0.023372 -0.00754169 0.0191639 0.0271128 0.0102222
internal_weight=80.5828 75.9078 59.1001 53.6135 48.8463 7.45392 41.3924 38.1785 21.8095 12.4039 9.40562 8.9616 16.369 12.1834 16.8077
internal_count=443 420 345 315 279 46 233 212 137 83 54 46 75 55 75
is_linear=0
shrinkage=0.1


Tree=73
num_leaves=16
num_cat=0
split_feature=0 1 0 0 1 0 0 0 0 0 1 0 0 1 0
split_gain=0.164417 0.276643 0.520299 0.504214 1.56111 0.559005 0.741973 0.545437 1.34533 0.690127 0.316438 0.384443 0.595467 0.522716 0.263464
threshold=420.50000000000006 255.00000000000003 320.00000000000006 246.50000000000003 124.50000000000001 216.50000000000003 206.50000000000003 141.50000000000003 165.50000000000003 183.50000000000003 174.25000000000003 72.000000000000014 119.00000000000001 46.500000000000007 42.500000000000007
decision_type=2 2 2 2 2 2 2 2 2 2 2 2 2 2 2
left_child=1 2 3 5 -5 6 7 10 -9 -10 11 14 13 -13 -1
right_child=-2 -3 -4 4 -6 -7 -8 8 9 -11 -12 12 -14 -15 -16
leaf_value=-0.0022160854555492845 0.022297204704041798 -0.026470320903569919 -0.029264917680562261 -0.010288870861882918 0.06424858527050277 -0.034740005233405362 0.044748773789556516 -0.070262999297225695 0.023969729301971839 -0.026480809877341312 0.03042876444145895 0.0023989840823331748 0.016022037122616975 -0.041987669802071734 0.028341675335192343
leaf_weight=4.7818053364753741 3.170892044901847 4.0220753848552695 5.4470234513282767 6.4876463674008829 4.9566222503781319 4.5243289023637763 3.7508463682606807 3.6380687355995169 5.7042852547019702 5.1678705960512161 4.4476169049739829 4.7899674996733683 6.5773753076791754 5.9473706744611263 6.8824804797768593
leaf_count=22 16 30 34 38 18 32 18 34 32 32 21 20 30 38 28
internal_value=-1.96493e-05 -0.000937173 0.000467637 0.00286141 0.021994 -0.00103382 0.00191656 -0.00143488 -0.0176249 -1.09661e-05 0.00559307 0.00178136 -0.00767222 -0.0221866 0.0158144
internal_weight=80.2963 77.1254 73.1033 67.6563 11.4443 56.212 51.6877 47.9368 14.5102 10.8722 33.4266 28.979 17.3147 10.7373 11.6643
internal_count=443 427 397 363 56 307 275 257 98 64 159 138 88 58 50
is_linear=0
shrinkage=0.1


Tree=74
num_leaves=19
num_cat=0
split_feature=1 1 0 1 0 0 0 0 0 0 1 1 0 0 0 0 0 0
split_gain=0.148571 0.470651 0.855186 0.440936 0.469044 0.807525 2.11629 0.808063 0.597645 0.90232 0.683635 0.632758 0.476422 0.433585 0.394781 0.357015 0.204169 0.145289
threshold=171.50000000000003 209.50000000000003 256.50000000000006 135.50000000000003 42.500000000000007 72.000000000000014 89.500000000000014 117.50000000000001 165.50000000000003 237.50000000000003 88.500000000000014 95.280000000000015 206.50000000000003 288.50000000000006 135.50000000000003 95.000000000000014 189.50000000000003 352.50000000000006
decision_type=2 2 2 2 2 2 2 2 2 2 2 2 2 2 2 2 2 2
left_child=3 -2 15 4 -1 -6 -7 -8 14 10 12 13 -10 -11 -9 -3 -5 -15
right_child=1 2 -4 16 5 6 7 8 9 11 -12 -13 -14 17 -16 -17 -18 -19
leaf_value=-0.035091500334985093 -0.031123163051600886 0.0056839074255223719 0.048243465247504946 0.0093186774173461082 0.035698518268587762 -0.08253845423431648 0.037869667885551413 -0.0081523546785258073 -0.010017764654155201 -0.022337814139158182 0.058197871466249732 -0.051006074438176952 0.032795566228039634 0.031473451108049791 -0.051084118648885457 -0.044719410893477494 0.041202460975857794 0.0013569437765448807
leaf_weight=3.7847186401486388 5.8392177121713749 3.0636245608329755 3.0511328727006912 4.4031733199954015 6.0638912990689269 3.128958858549594 5.6532219611108294 5.3645275458693487 5.8517491742968577 5.564104747027157 3.8596937879919997 3.3611359074711791 4.6761768199503422 3.0788407810032368 3.5654926672577858 2.596173302270472 3.6927528642117977 3.3391432203352451
leaf_count=18 37 14 12 27 23 16 26 27 32 31 18 18 25 19 30 32 16 22
internal_value=-1.70313e-05 -0.00915617 0.00556901 0.00201663 -0.00107031 0.00133612 -0.00305589 0.00255627 -0.00260746 0.00420664 0.022197 -0.0126633 0.00899858 -0.00190761 -0.0252937 -0.0174363 0.0238617 0.0158045
internal_weight=79.9377 14.5501 8.71093 65.3876 57.2917 53.5069 47.443 44.3141 38.6609 29.7308 14.3876 15.3432 10.5279 11.9821 8.93002 5.6598 8.09593 6.41798
internal_count=443 95 58 348 305 287 264 248 222 165 75 90 57 72 57 46 43 41
is_linear=0
shrinkage=0.1


Tree=75
num_leaves=17
num_cat=0
split_feature=0 0 0 1 1 0 0 0 0 1 1 0 1 1 1 0
split_gain=0.147905 0.752459 0.402194 0.441497 0.527373 0.510411 0.509301 0.365163 1.37147 0.625126 0.906924 0.522626 0.504773 0.317634 0.38262 0.0312695
threshold=66.500000000000014 45.500000000000007 95.000000000000014 15.300000000000002 26.400000000000002 119.00000000000001 385.00000000000006 246.50000000000003 213.50000000000003 70.000000000000014 102.50000000000001 172.50000000000003 176.50000000000003 172.50000000000003 103.50000000000001 83.500000000000014
decision_type=2 2 2 2 2 2 2 2 2 2 2 2 2 2 2 2
left_child=1 -1 15 -4 -5 -6 7 8 9 -7 -11 12 -12 14 -9 -2
right_child=2 -3 3 4 5 6 -8 13 -10 10 11 -13 -14 -15 -16 -17
leaf_value=0.011033119591850341 0.026222225903188946 -0.040557653482148237 -0.028485759509424908 0.038562868920481927 -0.036483608691586199 0.02959870117381725 -0.036665242150544453 0.010547885620170698 -0.059027721293058215 -0.047260619497931394 0.047054508362658259 -0.023899120074247472 -0.0053100394250857512 -0.0077178348790175365 0.04709683101564071 0.014834420698794249
leaf_weight=6.7959369271993619 4.9549541473388654 4.8408647030591965 5.439466066658496 3.567331012338399 3.795661434531211 7.7389091402292314 3.2177217602729788 7.5004554428160208 3.7106916839256874 3.8422552347183219 4.1747131794691068 3.2848353367298841 3.2928754389286041 4.0902355760335913 4.6339075937867165 4.6969258114695549
leaf_count=33 20 23 30 26 27 37 22 39 32 26 20 24 25 20 17 22
internal_value=-1.14119e-05 -0.0104284 0.0017728 -0.00135807 0.00143401 -0.00125359 0.0016862 0.00460571 -0.00273036 0.00662336 -0.00555944 0.009342 0.0239641 0.0163818 0.0245053 0.0206805
internal_weight=79.5777 11.6368 67.9409 58.2891 52.8496 49.2823 45.4866 42.2689 26.0443 22.3336 14.5947 10.7524 7.46759 16.2246 12.1344 9.65188
internal_count=443 56 387 345 315 289 262 240 164 132 95 69 45 76 56 42
is_linear=0
shrinkage=0.1


Tree=76
num_leaves=18
num_cat=0
split_feature=0 0 0 0 0 1 1 1 1 0 0 0 1 1 1 1 1
split_gain=0.172491 0.831086 0.571679 0.483062 0.324112 0.435163 0.487186 0.628833 0.529377 0.651178 1.93992 2.0202 0.826801 0.818129 0.270394 0.439346 0.0922501
threshold=247.50000000000003 226.50000000000003 281.50000000000006 198.50000000000003 175.50000000000003 23.500000000000004 46.500000000000007 68.500000000000014 78.90000000000002 81.500000000000014 105.50000000000001 133.50000000000003 170.50000000000003 153.50000000000003 105.50000000000001 72.500000000000014 75.500000000000014
decision_type=2 2 2 2 2 2 2 2 2 2 2 2 2 2 2 2 2
left_child=1 3 -2 4 5 -1 -7 -8 -9 13 -11 -12 -13 -10 15 -4 -5
right_child=2 -3 14 16 -6 6 7 8 9 10 11 12 -14 -15 -16 -17 -18
leaf_value=-0.025627414395683792 -0.038596287412788505 0.04033496479259005 -0.01218523414349029 -0.03963305651225113 0.024056354693519539 0.029993501240332239 -0.037522506596724979 0.036086526484101711 0.0025408271396532268 0.070680015365920987 -0.083203757648246335 -0.015095135640563393 0.050949281126426264 -0.062319595441463309 -0.015268736729369306 0.032478842946016315 -0.014616270005697547
leaf_weight=6.0611564368009558 4.6926429197192219 5.3298456892371169 3.9941137768328172 3.1686541549861422 5.9769121892750254 5.7617221660912028 4.2255458608269718 4.3103373050689724 4.5517130494117763 3.9039090238511553 2.8819243460893613 4.1526144370436668 3.4873928334563971 3.3954806849360466 5.8245423063635817 4.9094585850834846 2.7561525320634246
leaf_count=34 28 25 32 22 32 25 25 17 20 17 25 27 21 22 28 21 22
internal_value=-1.01031e-05 0.00264271 -0.0082009 -0.00103441 0.00224507 -0.000805679 0.00329702 -0.00167947 0.00399659 -0.00218578 0.0104768 -0.0118601 0.0150518 -0.0251711 0.00148362 0.0124427 -0.0279955
internal_weight=79.3841 59.9634 19.4208 54.6335 48.7087 42.7318 36.6706 30.9089 26.6834 22.373 14.4258 10.5219 7.64001 7.94719 14.7281 8.90357 5.92481
internal_count=443 334 109 309 265 233 199 174 149 132 90 73 48 42 81 53 44
is_linear=0
shrinkage=0.1


Tree=77
num_leaves=17
num_cat=0
split_feature=1 1 0 1 1 1 1 1 1 1 0 1 1 1 0 0
split_gain=0.162184 0.321236 0.649645 0.459995 0.28948 0.240595 0.406311 0.7246 0.457837 0.249677 0.499954 0.820339 1.42926 0.210497 0.207735 0.203092
threshold=11.000000000000002 36.150000000000006 124.50000000000001 49.500000000000007 24.500000000000004 72.500000000000014 95.280000000000015 114.50000000000001 140.50000000000003 179.00000000000003 83.500000000000014 200.50000000000003 259.50000000000006 59.300000000000004 208.50000000000003 198.50000000000003
decision_type=2 2 2 2 2 2 2 2 2 2 2 2 2 2 2 2
left_child=-1 2 -2 -3 -4 13 14 -8 -9 15 -11 -12 -13 -5 -7 -10
right_child=1 3 4 5 -6 6 7 8 9 10 11 12 -14 -15 -16 -17
leaf_value=0.017316780422326289 -0.046824409033799121 0.02399549247165737 0.019613033969181185 -0.035825635012499392 -0.022749102916298364 0.0041464693350413643 -0.035965812933930821 0.022726249003086743 -0.0066441370495823595 -0.032484477103060183 0.05960030792965753 -0.050236975602670278 0.041460499840957614 -0.0035591557834987945 0.029905269457667971 -0.039868022257637553
leaf_weight=5.0564563758671275 4.3836529254913312 7.9876928515732279 4.030765688046813 3.5464712344109994 2.68940344825387 6.535992316901682 6.0455851629376403 7.8350756168365505 4.5827195793390301 3.0341974571347228 2.8033744990825635 3.4218056304380298 3.3776392806321383 4.7029410116374493 6.0094176605343819 3.0740950740873814
leaf_count=24 21 36 29 23 22 30 39 36 29 17 14 32 22 27 25 17
internal_value=-1.08699e-05 -0.0011939 -0.016876 0.00157197 0.00265976 -0.00168644 0.00109356 -0.00455672 0.00219385 -0.00573333 0.00290061 0.0140812 -0.00468605 -0.0174307 0.0164853 -0.019983
internal_weight=79.1173 74.0608 11.1038 62.957 6.72017 54.9693 46.7199 34.1745 28.1289 20.2938 12.637 9.60282 6.79944 8.24941 12.5454 7.65681
internal_count=443 419 72 347 51 311 261 206 167 131 85 68 54 50 55 46
is_linear=0
shrinkage=0.1


Tree=78
num_leaves=19
num_cat=0
split_feature=0 0 1 1 0 0 1 1 0 0 0 0 1 1 1 0 1 0
split_gain=0.151673 0.649148 0.622631 0.521308 0.500687 0.419949 0.304192 0.409048 0.387551 0.705589 0.560919 0.285945 0.831464 0.113798 0.108686 0.0774971 0.0749994 0.0280813
threshold=247.50000000000003 226.50000000000003 209.50000000000003 82.500000000000014 288.50000000000006 198.50000000000003 186.00000000000003 91.90000000000002 167.50000000000003 117.50000000000001 66.500000000000014 153.50000000000003 115.80000000000001 246.30000000000004 153.50000000000003 130.00000000000003 75.500000000000014 339.00000000000006
decision_type=2 2 2 2 2 2 2 2 2 2 2 2 2 2 2 2 2 2
left_child=1 5 3 4 -2 6 7 8 9 10 -1 12 -9 -8 -14 -11 -7 -5
right_child=2 -3 -4 17 -6 16 13 11 -10 15 -12 -13 14 -15 -16 -17 -18 -19
leaf_value=-0.018808533336907813 -0.030702228269419225 0.035919210348184932 0.031460654252871999 -0.038966036975648294 0.021562873678186972 -0.036456159314792 -0.030282018077355512 0.044027345074029944 0.023786957943030273 -0.023850422498701472 0.021134079025288924 0.036877769906270771 -0.024284350656325011 -0.0040062060097392415 0.0012533600915687795 -0.04549617326745984 -0.013841858282123299 -0.027137282603350604
leaf_weight=6.0896949246525827 2.8941748365759912 5.2928119786083689 3.3570828437805167 4.4991988837718946 4.998588440939784 3.1610595695674411 3.4284249953925601 4.1150323934853095 4.6296820119023314 3.1633260920643798 8.3183387517929059 5.3236947841942301 3.7687759064137936 3.1743409335613251 2.9876013994216919 3.4666219763457775 2.7357431948184967 3.6231409832835197
leaf_count=27 18 25 15 22 35 22 27 22 23 16 35 27 23 22 17 26 22 19
internal_value=-8.61702e-06 0.00248788 -0.00769639 -0.0159045 0.00239793 -0.000767053 0.00229873 0.00544507 -0.00240678 -0.00817105 0.00425195 0.0178895 0.00859099 -0.0176497 -0.0129918 -0.0351684 -0.0259646 -0.0336896
internal_weight=79.0273 59.6551 19.3722 16.0151 7.89276 54.3623 48.4655 41.8628 25.6677 21.038 14.408 16.1951 10.8714 6.60277 6.75638 6.62995 5.8968 8.12234
internal_count=443 334 109 94 53 309 265 216 127 104 62 89 62 49 40 42 44 41
is_linear=0
shrinkage=0.1


Tree=79
num_leaves=16
num_cat=0
split_feature=0 0 0 1 1 1 1 1 1 1 1 0 0 0 0
split_gain=0.163832 0.75873 0.302181 0.481482 0.407559 0.405102 1.49216 0.57207 0.378492 0.351694 0.408814 0.331763 0.317783 0.309395 0.268544
threshold=47.500000000000007 66.500000000000014 83.500000000000014 259.50000000000006 199.00000000000003 159.55000000000004 133.49500000000003 102.50000000000001 75.500000000000014 60.500000000000007 38.500000000000007 241.50000000000003 191.50000000000003 214.50000000000003 183.50000000000003
decision_type=2 2 2 2 2 2 2 2 2 2 2 2 2 2 2
left_child=-1 -2 -3 4 5 6 7 8 9 10 11 14 -12 -10 -4
right_child=1 2 3 -5 -6 -7 -8 -9 13 -11 12 -13 -14 -15 -16
leaf_value=0.01412819123362025 -0.042327929128214106 0.024986934057214298 0.0084519959882011393 0.03599568751659038 -0.033652784270020143 0.02351953234396973 -0.062835709520427566 0.026786868928164884 -0.040232539933647088 0.025326480105522416 -0.045149209044180384 0.032311817699677788 -0.0040511823979102945 -0.0036565652647683349 -0.024427456798048062
leaf_weight=7.4280343875288954 4.2744057029485694 4.9177554175257674 7.7333624064922386 3.3708232138305894 4.0070555461570612 6.1718255672603837 3.9202873148024073 7.4582458212971678 4.4132745303213579 5.3417180255055419 3.3442868776619425 3.7125594690442076 4.3012052848935127 4.8589822500944138 3.6596081256866455
leaf_count=36 20 20 39 22 35 31 26 37 30 28 23 24 23 23 26
internal_value=-6.79027e-06 -0.00147555 0.00112253 -0.000761454 -0.00286425 -0.000617677 -0.00367389 0.00150046 -0.00354683 0.00223535 -0.00318623 0.00635045 -0.0220283 -0.0210655 -0.00210942
internal_weight=78.9134 71.4854 67.211 62.2932 58.9224 54.9154 48.7435 44.8232 37.365 28.0927 22.751 15.1055 7.64549 9.27226 11.393
internal_count=443 407 387 367 345 310 279 253 216 163 135 89 46 53 65
is_linear=0
shrinkage=0.1


Tree=80
num_leaves=19
num_cat=0
split_feature=0 0 1 1 0 0 1 1 0 0 0 0 1 1 1 0 1 0
split_gain=0.148784 0.534003 0.520513 0.380985 0.402188 0.314525 0.270494 0.415211 0.648457 0.515734 0.723206 0.613104 0.431526 0.721583 0.177413 0.0817542 0.0638714 0.0103745
threshold=247.50000000000003 226.50000000000003 209.50000000000003 82.500000000000014 288.50000000000006 198.50000000000003 186.00000000000003 130.50000000000003 107.50000000000001 178.50000000000003 145.00000000000003 89.500000000000014 33.500000000000007 74.500000000000014 60.500000000000007 83.500000000000014 75.500000000000014 325.50000000000006
decision_type=2 2 2 2 2 2 2 2 2 2 2 2 2 2 2 2 2 2
left_child=1 5 3 4 -2 6 7 9 -9 10 11 14 -13 -14 -1 -8 -7 -5
right_child=2 -3 -4 17 -6 16 15 8 -10 -11 -12 12 13 -15 -16 -17 -18 -19
leaf_value=-0.0026255531075465711 -0.029296057935264914 0.032894034343781325 0.028338173389314325 -0.026858376915295825 0.01753509094872303 -0.032049788610374469 -0.028788205962540239 0.053671133659539141 -0.0014273203788176371 0.03269401349780874 -0.042692480561932207 0.040455054927926677 -0.029440645806686812 0.031392574983156084 -0.027068684978984677 -0.0064023161104178883 -0.01112318807677018 -0.034013738584966313
leaf_weight=6.1477513834834152 2.8818310126662317 5.2599145211279383 3.3334035426378241 4.1846967935562116 5.0427367985248566 3.1459294334053984 3.0167334079742423 4.0730183571577054 4.4914528466761112 4.2275308147072783 4.2701082155108443 4.8912635892629606 3.7035255134105682 4.117884811013937 5.7436696887016296 3.55259108543396 2.7191606741398573 3.9285730049014091
leaf_count=27 18 25 15 20 35 22 17 19 25 20 38 19 20 22 26 32 22 21
internal_value=-7.58789e-06 0.00247574 -0.0076174 -0.0150906 0.000504578 -0.000481671 0.0021771 0.00515057 0.0247759 7.28592e-05 -0.00470327 0.00188986 0.0171571 0.00258736 -0.0144318 -0.0166823 -0.0223478 -0.0303231
internal_weight=78.7318 59.3605 19.3712 16.0378 7.92457 54.1006 48.2355 41.6662 8.56447 33.1017 28.8742 24.6041 12.7127 7.82141 11.8914 6.56932 5.86509 8.11327
internal_count=443 334 109 94 53 309 265 216 44 172 152 114 61 42 53 49 44 41
is_linear=0
shrinkage=0.1


Tree=81
num_leaves=17
num_cat=0
split_feature=0 0 0 1 0 0 0 1 0 0 0 1 1 1 1 0
split_gain=0.147358 0.601918 0.26249 0.27971 0.426987 0.356204 0.536428 0.940226 0.520058 1.19784 0.902023 0.730795 0.249317 0.689427 0.125916 0.117533
threshold=47.500000000000007 66.500000000000014 83.500000000000014 251.00000000000003 385.00000000000006 103.50000000000001 116.50000000000001 23.500000000000004 246.50000000000003 213.50000000000003 295.00000000000006 70.000000000000014 140.50000000000003 102.50000000000001 46.500000000000007 198.50000000000003
decision_type=2 2 2 2 2 2 2 2 2 2 2 2 2 2 2 2
left_child=-1 -2 -3 4 5 -4 -7 15 9 11 -10 14 13 -13 -9 -8
right_child=1 2 3 -5 -6 6 7 8 10 -11 -12 12 -14 -15 -16 -17
leaf_value=0.013460322698637311 -0.037760281907013721 0.023277254934196127 -0.025894199330134423 0.025233823585975004 -0.036603121471819475 0.04388021945622031 -0.051131458604421524 0.016131907113024643 0.045747071401989366 -0.057603813801589299 -0.003826176548451347 -0.027512777952515055 -0.027112994019160563 0.028451753340809391 0.040064280354187708 -0.022801310313793614
leaf_weight=7.3660957515239707 4.2785217389464369 4.8726000338792792 4.9816525578498831 3.8617573380470267 3.4644753523170939 2.9011674001812926 3.1181341521441928 4.6518045626580768 7.0651273727416974 3.5399170964956275 7.6392107233405113 4.3557152226567251 5.0436923261731854 4.4501574672758579 4.1683717183768749 2.7611732743680477
leaf_count=36 20 20 27 27 25 15 22 23 31 29 39 29 39 22 20 19
internal_value=-3.77528e-06 -0.00139763 0.000928774 -0.000827533 -0.00255856 -0.000401369 0.00215417 -0.000432824 0.0049406 -0.00350405 0.0199927 0.00494371 -0.0093846 0.000769595 0.0274422 -0.0378264
internal_weight=78.5196 71.1535 66.875 62.0024 58.1406 54.6761 49.6945 46.7933 40.914 26.2097 14.7043 22.6697 13.8496 8.80587 8.82018 5.87931
internal_count=443 407 387 367 340 315 288 273 232 162 70 133 90 51 43 41
is_linear=0
shrinkage=0.1


Tree=82
num_leaves=20
num_cat=0
split_feature=1 1 1 0 0 1 0 0 1 0 0 1 1 1 0 0 0 1 0
split_gain=0.153241 0.437115 0.502589 0.424923 0.926303 0.402082 0.908354 0.452721 0.333341 0.588024 0.502866 1.31086 0.700979 0.648417 0.26957 0.261238 0.180129 0.143416 0.047327
threshold=171.50000000000003 135.50000000000003 95.280000000000015 138.00000000000003 241.50000000000003 209.50000000000003 260.50000000000006 95.000000000000014 72.500000000000014 60.500000000000007 247.50000000000003 54.000000000000007 29.250000000000004 38.500000000000007 116.50000000000001 189.50000000000003 224.50000000000003 16.500000000000004 153.50000000000003
decision_type=2 2 2 2 2 2 2 2 2 2 2 2 2 2 2 2 2 2 2
left_child=1 2 8 -4 -5 -2 7 -7 9 -1 11 12 14 -12 -11 -3 -10 -16 -14
right_child=5 15 3 4 -6 6 -8 -9 16 10 13 -13 18 -15 17 -17 -18 -19 -20
leaf_value=-0.038009981756033179 -0.030155688406518374 0.0074316555148984127 -0.045177466279812846 0.026000054253955098 -0.044759454037099584 0.0081202841815988785 0.050803202397112585 -0.048666406349419392 0.027174009483983769 0.034456993347166252 0.0064569976630310146 0.056960525079480441 -0.033645071591827412 -0.061838904160123255 -0.011374312458982461 0.043977856997771257 0.0024559530884780988 0.018167574049786184 -0.017359713680461918
leaf_weight=3.8928660154342642 5.62908144108951 4.2825655154883853 4.1526225097477418 4.1817712523043156 3.3179313242435455 2.9592077732086164 2.80865179002285 2.6711457259953022 7.6832492053508741 4.0201148539781659 3.1990721337497225 4.7252290695905677 3.9779150225222102 2.4585104770958424 3.7219207100570202 3.6002051085233688 4.7838309928774834 2.9424846284091473 3.2362853325903416
leaf_count=19 37 27 26 24 18 14 11 33 33 15 23 18 23 21 21 16 22 22 20
internal_value=-3.69238e-06 0.00206831 -0.00101999 -0.0195143 -0.00530455 -0.00945585 0.00435159 -0.0188204 0.00380741 -0.00157159 0.00344404 0.0101122 -0.00225567 -0.0232211 0.0140057 0.024123 0.0176893 0.00166909 -0.0263395
internal_weight=78.2447 64.1766 56.2938 11.6523 7.4997 14.0681 8.43901 5.63035 44.6415 32.1744 28.2815 22.6239 17.8987 5.65758 10.6845 7.88277 12.4671 6.66441 7.2142
internal_count=443 348 305 68 42 95 58 47 237 182 163 119 101 44 58 43 55 43 43
is_linear=0
shrinkage=0.1


Tree=83
num_leaves=15
num_cat=0
split_feature=0 0 0 1 0 0 0 0 0 1 1 1 0 1
split_gain=0.154336 0.462621 0.237288 0.444532 1.31377 0.247352 1.85782 0.463245 0.866893 0.312577 0.297993 0.394306 0.257121 1.10344
threshold=47.500000000000007 66.500000000000014 92.500000000000014 11.000000000000002 114.50000000000001 168.50000000000003 189.50000000000003 237.50000000000003 260.50000000000006 72.500000000000014 49.500000000000007 103.50000000000001 133.50000000000003 102.50000000000001
decision_type=2 2 2 2 2 2 2 2 2 2 2 2 2 2
left_child=-1 -2 -3 -4 -5 12 -7 9 -9 -8 -10 -12 -6 -14
right_child=1 2 3 4 5 6 7 8 10 -11 11 -13 13 -15
leaf_value=0.013774031492960574 -0.033195979586472517 0.016610020745961802 0.031446284575409204 -0.063339988065467867 -0.0049247628817514532 -0.064557106016100221 0.039165288929356376 -0.04616823711872442 0.030475380544798689 0.0024203924503328877 -0.022435446131375741 0.012411412882611036 -0.022885235974055586 0.04833617941416949
leaf_weight=7.3640232160687438 4.3073017299175254 8.14484705775976 3.8005950376391402 3.4834312461316577 6.295769825577735 4.4927891995757809 5.2041002474725264 3.9460220299661186 3.8056680597364929 4.1701759835705161 5.3204285763204089 8.3329915702342969 3.5077789574861509 5.7268755957484245
leaf_count=36 20 34 18 26 36 34 28 25 25 33 33 37 28 30
internal_value=-1.67485e-06 -0.00143981 0.000625418 -0.00161593 -0.00393063 0.000142949 -0.00448715 0.00428111 -0.00383757 0.0228192 0.00572981 -0.00116762 0.0106587 0.0212828
internal_weight=77.9028 70.5388 66.2315 58.0866 54.286 50.8026 35.2722 30.7794 21.4051 9.37428 17.4591 13.6534 15.5304 9.23465
internal_count=443 407 387 353 335 309 215 181 120 61 95 70 94 58
is_linear=0
shrinkage=0.1


Tree=84
num_leaves=19
num_cat=0
split_feature=1 1 1 1 1 0 1 1 0 1 0 1 0 1 0 0 0 0
split_gain=0.155789 0.272832 0.597185 0.754555 0.190598 0.28377 0.282501 0.260572 0.693965 1.128 0.49604 0.329664 0.374909 0.533677 0.569889 0.673215 0.136614 0.084578
threshold=9.7500000000000018 17.120000000000001 30.360000000000003 38.500000000000007 54.000000000000007 172.50000000000003 65.000000000000014 74.500000000000014 368.00000000000006 95.280000000000015 201.00000000000003 114.50000000000001 63.500000000000007 148.50000000000003 246.50000000000003 156.50000000000003 124.50000000000001 105.50000000000001
decision_type=2 2 2 2 2 2 2 2 2 2 2 2 2 2 2 2 2 2
left_child=-1 -2 16 -4 5 -5 -6 -8 9 10 -9 -11 -13 -14 15 17 -3 -15
right_child=1 2 3 4 6 -7 7 8 -10 11 -12 12 13 14 -16 -17 -18 -19
leaf_value=-0.021670527593484697 0.020992072410177025 -0.054208978540673525 0.042792839799262093 0.0018752942320618424 0.0243650911172381 -0.040113499469200543 -0.025964728574788088 0.014126077289452822 -0.045338719230817157 -0.02734495288583326 0.0592860673424212 0.029617650123952566 -0.028536740295451377 0.019478036923362942 0.032683655216152976 -0.048352615567796325 -0.020420896740839536 -0.0021780737211556564
leaf_weight=3.1828614585101596 6.2084065973758689 2.0436639636754981 4.1750780120491973 3.5111418999731532 4.6386376544833174 2.9718555361032486 3.9849849045276633 5.6692532338201982 3.0437017232179633 5.5304389186203506 4.2598356753587723 3.5746410489082363 6.8235988095402744 3.4183814823627454 5.0253330096602431 2.9904945036396384 2.8872645702213049 3.8172867670655251
leaf_count=17 29 10 17 22 21 18 24 26 18 35 16 19 39 17 22 36 31 26
internal_value=-4.26944e-06 0.000920459 -0.000902282 0.00170349 -0.00119142 -0.0173727 0.000796264 -0.00147486 0.000735451 0.00414675 0.0335009 -0.00520085 -0.000426271 -0.00529131 0.00510881 -0.00844199 -0.0344246 0.00805303
internal_weight=77.7569 74.574 68.3656 63.4347 59.2596 6.483 52.7766 48.138 44.153 41.1093 9.92909 31.1802 25.6497 22.0751 15.2515 10.2262 4.93093 7.23567
internal_count=443 426 397 356 339 40 299 278 254 236 42 194 159 140 101 79 41 43
is_linear=0
shrinkage=0.1


Tree=85
num_leaves=17
num_cat=0
split_feature=1 0 1 1 1 0 0 1 0 0 1 1 0 0 1 0
split_gain=0.167667 0.439291 0.576994 0.813977 0.370748 0.352795 0.310023 0.598625 0.277492 0.447657 0.408476 0.536952 0.687516 0.404491 0.243371 0.208822
threshold=171.50000000000003 72.000000000000014 153.50000000000003 133.49500000000003 15.300000000000002 151.50000000000003 105.50000000000001 24.500000000000004 316.00000000000006 262.50000000000006 54.000000000000007 75.500000000000014 165.50000000000003 172.50000000000003 209.50000000000003 50.000000000000007
decision_type=2 2 2 2 2 2 2 2 2 2 2 2 2 2 2 2
left_child=1 15 3 4 -3 -2 -6 -8 9 10 13 -12 -13 -9 -7 -1
right_child=5 2 -4 -5 6 14 7 8 -10 -11 11 12 -14 -15 -16 -17
leaf_value=0.0077949709084615924 0.0055381094601439267 -0.023249436491176154 0.038871006807197621 -0.050643469389860363 -0.021496940229107316 -0.05030994568524854 0.04679715592559644 0.0066561792229705976 -0.018580733283179076 0.034461890004295344 0.036146389043185505 -0.041398733619999149 0.015932544908128631 -0.04104804305728605 -0.011233225368726845 0.035249166322921688
leaf_weight=6.1562589854001981 7.1040589511394483 6.3378310166299334 3.2901129461824885 3.5307228229939929 4.627492416650056 2.6095745377242565 3.2672568764537564 3.2550846710801222 5.4991214908659449 4.5949011370539656 5.026368483901023 3.2563657984137517 5.8483323156833649 3.9155113138258457 4.0945174964144826 5.0375692546367645
leaf_count=29 40 34 16 23 24 20 23 20 35 22 21 25 30 27 35 19
internal_value=-7.84003e-07 0.00216644 -0.00167171 -0.00438515 -0.000805674 -0.00998969 0.00281467 0.00606026 0.00182089 0.00615316 4.67953e-05 0.0099111 -0.00457243 -0.0193928 -0.0264439 0.0201502
internal_weight=77.4511 63.6429 52.4491 49.159 45.6283 13.8082 39.2904 34.6629 31.3957 25.8966 21.3017 14.1311 9.1047 7.1706 6.70409 11.1938
internal_count=443 348 300 284 261 95 227 203 180 145 123 76 55 47 55 48
is_linear=0
shrinkage=0.1


Tree=86
num_leaves=16
num_cat=0
split_feature=0 1 0 1 0 0 1 0 1 1 1 0 1 0 1
split_gain=0.169633 0.379183 0.499513 0.450539 0.338981 0.390957 0.630502 1.18212 0.520769 0.772365 0.315263 0.27722 0.267793 0.254316 0.247523
threshold=382.50000000000006 255.00000000000003 320.00000000000006 179.00000000000003 72.000000000000014 119.00000000000001 23.500000000000004 135.50000000000003 55.500000000000007 88.500000000000014 46.500000000000007 157.50000000000003 135.50000000000003 42.500000000000007 43.500000000000007
decision_type=2 2 2 2 2 2 2 2 2 2 2 2 2 2 2
left_child=1 2 3 4 13 10 -7 -8 14 -10 -6 -5 -11 -1 -9
right_child=-2 -3 -4 11 5 6 7 8 9 12 -12 -13 -14 -15 -16
leaf_value=-0.0026865084277852432 0.019095452262350307 -0.031912713492771611 -0.033794816895454133 0.0095831034929514738 -0.0021136150288190267 -0.029867766120224005 0.055701472955504316 0.0035749004709589314 -0.042662717686576847 0.015496398892970949 -0.037090622140564231 0.049422235405431107 -0.014487483775058039 0.027638215166897198 0.037769694121705763
leaf_weight=4.7010162323713285 4.38715861365199 3.7982452660799018 3.9916514866054049 4.1654707938432685 4.7303504198789579 5.6360627785325041 4.2142722979187992 4.737014442682268 5.4081978835165527 7.0043472647666913 5.660810474306345 3.0079028178006411 5.1826579011976719 6.7171335369348526 3.8271546326577663
leaf_count=22 28 30 22 24 20 39 17 32 32 38 38 25 28 28 20
internal_value=-1.04517e-06 -0.00115214 0.000541529 0.00265037 -0.000282284 -0.00408056 0.000850311 0.00655029 -0.00136797 -0.0112116 -0.0211681 0.0262882 0.00274542 0.0151531 0.0188559
internal_weight=77.1694 72.7823 68.984 64.9924 57.819 46.4009 36.0097 30.3736 26.1594 17.5952 10.3912 7.17337 12.187 11.4181 8.56417
internal_count=443 415 385 363 314 264 206 167 150 98 58 49 66 50 52
is_linear=0
shrinkage=0.1


Tree=87
num_leaves=19
num_cat=0
split_feature=1 1 0 0 0 0 0 0 0 1 0 0 0 1 1 1 0 1
split_gain=0.155193 0.422888 0.408645 0.759343 1.74685 0.611615 0.435785 0.790629 0.475137 0.442635 0.341684 1.10941 0.340969 0.330474 0.298491 0.302572 0.256516 0.211311
threshold=171.50000000000003 135.50000000000003 42.500000000000007 72.000000000000014 89.500000000000014 117.50000000000001 165.50000000000003 237.50000000000003 262.50000000000006 78.90000000000002 83.500000000000014 151.50000000000003 135.50000000000003 45.20000000000001 82.500000000000014 48.500000000000007 189.50000000000003 209.50000000000003
decision_type=2 2 2 2 2 2 2 2 2 2 2 2 2 2 2 2 2 2
left_child=1 2 -1 -4 -5 -6 12 9 -9 13 -2 -12 -7 -8 15 -10 -3 -13
right_child=10 16 3 4 5 6 7 8 14 -11 11 17 -14 -15 -16 -17 -18 -19
leaf_value=-0.032733183045977894 -0.037833217400861513 0.0071962559980363258 0.035096194012260412 -0.07544708110201935 0.033367488686715081 -0.0060471501037582861 0.023764283811864878 -0.047051778753276853 -0.011925147269795313 0.046456730539242819 0.0423444011046165 -0.047721554140467963 -0.047024902721809342 -0.01481301705273784 -0.023321433729373557 0.028867399847862081 0.043780930144774834 -0.011192391050245658
leaf_weight=3.7717684954404822 3.2730206772685042 4.1650650016963473 5.9101312160491934 3.1020406186580649 5.5093879438936701 5.1437070816755277 5.5374580193310994 3.124394327402114 3.4885487370192987 4.5278197564184657 3.7954522967338544 2.5899220025166869 3.3550323061645031 3.7073178738355637 4.5439410209655762 3.7977913841605186 3.5500913932919502 4.0755592230707407
leaf_count=18 19 27 23 16 26 27 34 19 25 22 21 20 30 19 23 23 16 35
internal_value=4.3041e-07 0.0020931 -0.000955396 0.00136082 -0.00298891 0.00227062 -0.00233167 0.00355329 -0.0123673 0.0208403 -0.00963474 -0.000811993 -0.0222239 0.00829411 -0.00320705 0.00933677 0.0240305 -0.0253861
internal_weight=76.9684 63.2345 55.5193 51.7476 45.8374 42.7354 37.226 28.7273 14.9547 13.7726 13.734 10.4609 8.49874 9.24478 11.8303 7.28634 7.71516 6.66548
internal_count=443 348 305 287 264 248 222 165 90 75 95 76 57 53 71 48 43 55
is_linear=0
shrinkage=0.1


Tree=88
num_leaves=16
num_cat=0
split_feature=0 1 1 0 0 0 0 0 0 1 0 0 0 0 0
split_gain=0.126723 0.310669 0.441542 0.663765 0.411342 0.402168 0.617793 0.448406 0.826539 0.465391 0.482189 0.321939 0.274958 0.179299 0.213756
threshold=382.50000000000006 255.00000000000003 209.50000000000003 295.00000000000006 246.50000000000003 216.50000000000003 206.50000000000003 168.50000000000003 153.50000000000003 156.00000000000003 72.000000000000014 189.50000000000003 50.000000000000007 105.50000000000001 127.50000000000001
decision_type=2 2 2 2 2 2 2 2 2 2 2 2 2 2 2
left_child=1 2 3 4 5 6 7 8 9 10 12 -9 -1 -12 -15
right_child=-2 -3 -4 -5 -6 -7 -8 11 -10 -11 13 -13 -14 14 -16
leaf_value=0.0049947341851911912 0.016439132851206628 -0.028941266551238454 0.034447250155999747 -0.031165909777644097 0.024809802918303078 -0.030370478325929651 0.041516559799214189 -0.037804327372523934 0.049872663698920294 -0.034866568340121078 -0.020481725728967011 0.0025569400044497515 0.037263310555410933 0.011580545059890993 -0.017938703537752027
leaf_weight=5.9312867075204903 4.4202645085752001 3.7724373638629904 3.6357324393466106 6.7023525051772586 6.9962940923869601 4.2840197924524537 3.5876171430572859 5.1907610706984979 3.4381911754608145 3.7424475587904444 6.6912359409034279 3.1912530995905399 4.7596129179000854 6.5241249091923219 3.9311595186591148
leaf_count=27 28 30 25 39 34 29 17 34 22 25 35 19 18 35 26
internal_value=1.79552e-06 -0.00100206 0.000534234 -0.00136353 0.00206452 -0.00103919 0.00163504 -0.00166172 0.00331128 -0.00175799 0.0026931 -0.0224377 0.0193608 -0.00769923 0.000481385
internal_weight=76.7988 72.3785 68.6061 64.9704 58.268 51.2717 46.9877 43.4001 35.0181 31.5799 27.8374 8.38201 10.6909 17.1465 10.4553
internal_count=443 415 385 360 321 287 258 241 188 166 141 53 45 96 61
is_linear=0
shrinkage=0.1


Tree=89
num_leaves=17
num_cat=0
split_feature=1 0 0 0 1 0 1 0 1 1 0 1 0 0 1 1
split_gain=0.124233 0.518845 0.495249 0.220289 0.657729 0.566705 0.293975 0.454272 1.81203 0.870017 1.24333 0.280776 0.270283 0.22619 0.122499 0.0341117
threshold=200.50000000000003 260.50000000000006 95.000000000000014 247.50000000000003 168.50000000000003 303.50000000000006 11.000000000000002 81.500000000000014 133.49500000000003 82.500000000000014 123.50000000000001 45.20000000000001 145.00000000000003 60.500000000000007 82.500000000000014 27.635000000000002
decision_type=2 2 2 2 2 2 2 2 2 2 2 2 2 2 2 2
left_child=3 2 -2 4 6 -5 -1 13 9 10 -9 15 -11 -8 -7 -12
right_child=1 -3 -4 5 -6 14 7 8 -10 12 11 -13 -14 -15 -16 -17
leaf_value=0.024923437200442704 0.0008418104793256649 0.023027940847256338 -0.056272793577802377 -0.032536976947518698 0.039610152624235929 0.018833517540046578 0.0036301315305312895 -0.050164842209815069 -0.079961324137457046 0.048343691249140577 0.012521385011023048 -0.0083562710024736725 0.011855976481480715 0.031932305597045095 -0.004137647655078523 0.027199550425175363
leaf_weight=4.6277217902243128 3.0281250178813917 3.0017894953489304 3.0447205360978842 6.1578444913029662 4.8631005566567174 4.340583633631466 6.9232924953103048 5.8054946660995581 3.1407190747559062 3.5065248310565931 2.9422668609768134 7.2494534961879253 4.8217161744832993 4.7688899859786034 4.9906362146139145 3.4279163964092731
leaf_count=22 15 13 40 36 25 31 32 32 25 19 21 39 29 19 25 20
internal_value=3.63907e-06 -0.0109823 -0.0277935 0.00147914 0.00459316 -0.00899077 0.000986365 -0.0016148 -0.0079686 0.00017848 -0.0114147 0.00510297 0.0272188 0.0151737 0.0065478 0.02042
internal_weight=76.6408 9.07464 6.07285 67.5662 52.0771 15.4891 47.214 42.5863 30.8941 27.7534 19.4251 13.6196 8.32824 11.6922 9.33122 6.37018
internal_count=443 68 55 375 283 92 258 236 185 160 112 80 48 51 56 41
is_linear=0
shrinkage=0.1


Tree=90
num_leaves=19
num_cat=0
split_feature=1 1 0 0 0 0 0 0 0 0 1 1 0 0 0 0 1 1
split_gain=0.121066 0.437045 0.343667 0.459499 1.35469 0.558552 0.368028 0.580741 0.415542 0.395353 0.356143 0.32888 0.411678 0.319752 0.222529 0.206359 0.200643 0.23663
threshold=171.50000000000003 135.50000000000003 42.500000000000007 72.000000000000014 89.500000000000014 117.50000000000001 165.50000000000003 237.50000000000003 206.50000000000003 262.50000000000006 45.20000000000001 209.50000000000003 256.50000000000006 135.50000000000003 95.000000000000014 189.50000000000003 82.500000000000014 48.500000000000007
decision_type=2 2 2 2 2 2 2 2 2 2 2 2 2 2 2 2 2 2
left_child=1 2 -1 -4 -5 -6 13 8 10 -9 -8 -2 14 -7 -13 -3 17 -11
right_child=11 15 3 4 5 6 7 9 -10 16 -12 12 -14 -15 -16 -17 -18 -19
leaf_value=-0.030353614917341405 -0.027512541325773417 0.0089660836540649009 0.027545006254429502 -0.066385044793460316 0.031846451959544365 -0.0049084738475333629 0.02654881178024019 -0.042203785783878407 0.03906723311204334 -0.01071942170142103 -0.015551072046999549 0.0062983995065373126 0.035323127976121783 -0.044661695557145061 -0.035076677644450854 0.042024246336994621 -0.018512063807258974 0.025325923587198852
leaf_weight=3.779018208384513 5.4684099992737165 4.05915917828679 5.7457435801625243 3.0909262523055068 5.5226041413843623 5.1461482942104322 3.6875032782554644 3.1035606525838366 5.581204079091548 3.4748428612947446 4.4154274091124535 2.9068490266799909 2.7893471717834473 3.3343074098229408 2.3514024261385202 3.5307287089526653 4.5881144627928734 3.8271850198507309
leaf_count=18 37 27 23 16 26 27 19 19 29 25 27 14 12 30 32 16 23 23
internal_value=-2.82055e-06 0.00184263 -0.0012459 0.000889263 -0.00245684 0.00217281 -0.0022374 0.00317449 0.0180703 -0.0104203 0.00360786 -0.00858924 0.0042693 -0.0205385 -0.0122038 0.0243444 -0.00212418 0.00817289
internal_weight=76.4025 62.8865 55.2966 51.5176 45.7718 42.6809 37.1583 28.6778 13.6841 14.9937 8.10293 13.516 8.0476 8.48046 5.25825 7.58989 11.8901 7.30203
internal_count=443 348 305 287 264 248 222 165 75 90 46 95 58 57 46 43 71 48
is_linear=0
shrinkage=0.1


Tree=91
num_leaves=18
num_cat=0
split_feature=1 1 1 0 1 0 0 0 0 0 0 0 1 1 1 1 1
split_gain=0.126027 0.50179 0.444365 0.634298 0.319925 0.612449 1.44733 0.986046 0.479562 1.02286 0.976673 0.774429 0.346007 0.274702 0.209496 0.137558 0.115104
threshold=36.150000000000006 49.500000000000007 17.120000000000001 178.50000000000003 72.500000000000014 47.500000000000007 81.500000000000014 105.50000000000001 246.50000000000003 198.50000000000003 133.50000000000003 146.50000000000003 172.50000000000003 26.400000000000002 103.50000000000001 59.300000000000004 156.00000000000003
decision_type=2 2 2 2 2 2 2 2 2 2 2 2 2 2 2 2 2
left_child=2 -2 3 -1 15 -6 -7 -8 9 10 -9 -12 14 -4 -10 -3 -13
right_child=1 4 13 -5 5 6 7 8 12 -11 11 16 -14 -15 -16 -17 -18
leaf_value=-0.019226923304129291 0.025824141686178817 -0.035527474019020608 -0.052367117389394507 0.033380136697117042 0.038028289867145425 -0.055704934022403042 0.051124740503698411 -0.044345530473201306 0.0080482096736881406 -0.05735468214145293 0.055617518430541107 0.0083492203320433382 -0.010152535145464795 -0.010973746918660114 0.037250691275966898 -0.0086604849976301048 -0.018126996485516852
leaf_weight=4.7152592688798887 7.7573097050189963 3.3240995947271577 2.6760572865605345 4.4596638679504395 4.2328308746218672 4.4575309082865706 4.0593394488096228 3.5644498653709915 4.8260981068015081 3.9161813193932167 3.3752888143062574 3.7822923697531223 4.6673936545848838 3.9991993419826031 5.0035465210676193 4.4659763351082802 2.9017704697325826
leaf_count=26 36 23 24 20 21 24 19 28 23 33 16 25 24 26 21 27 27
internal_value=-2.72962e-06 0.00208193 -0.00793804 0.00634384 -0.00142105 0.00183224 -0.00194574 0.00469297 -0.0011903 -0.0123133 0.000633933 0.016572 0.0122674 -0.027568 0.022913 -0.0201249 -0.00314497
internal_weight=76.1843 60.3341 15.8502 9.17492 52.5768 44.7867 40.5539 36.0964 32.037 17.54 13.6238 10.0594 14.497 6.67526 9.82964 7.79008 6.68406
internal_count=443 347 96 46 311 261 240 216 197 129 96 68 68 50 44 50 52
is_linear=0
shrinkage=0.1


Tree=92
num_leaves=18
num_cat=0
split_feature=0 0 0 0 1 1 0 0 0 1 0 0 0 1 1 1 1
split_gain=0.161365 0.678752 0.529605 0.452069 0.22522 0.441326 0.194139 0.757886 0.219018 1.01065 1.19243 0.336611 1.25083 0.259528 0.653605 0.551792 0.135126
threshold=247.50000000000003 226.50000000000003 281.50000000000006 198.50000000000003 140.50000000000003 72.500000000000014 66.500000000000014 47.500000000000007 92.500000000000014 11.000000000000002 114.50000000000001 184.50000000000003 168.50000000000003 105.50000000000001 60.500000000000007 181.50000000000003 54.000000000000007
decision_type=2 2 2 2 2 2 2 2 2 2 2 2 2 2 2 2 2
left_child=1 3 -2 6 5 -4 7 -1 -8 -10 -11 12 13 14 -12 -15 -5
right_child=2 -3 4 16 -6 -7 8 -9 9 10 11 -13 -14 15 -16 -17 -18
leaf_value=0.010790504663515865 -0.038148030706643354 0.037346187900561177 -0.017378429169047676 -0.045428847375663967 -0.019052403354788097 0.025089571551514284 0.02085441741369768 -0.042719197678582094 0.063816425609811697 -0.059534123511195781 -0.0050143993033120674 0.034600703433957651 -0.057649598809053015 -0.034762019401207732 0.047920612606938855 0.027240158138921996 -0.014158854230828853
leaf_weight=7.2024758085608465 4.4571964330971268 5.1295358650386325 3.9357540197670442 2.4081907980144015 3.9379705116152754 6.4691142812371254 7.8625237867236129 4.1848356649279594 2.4037682563066509 3.3549041189253357 4.6280938424170071 3.1805219799280158 3.1797815859317771 3.0243176929652682 4.7026739083230495 2.7319788970053196 3.2427331889048219
leaf_count=36 28 25 32 19 20 29 34 20 11 26 29 18 26 20 24 21 25
internal_value=-1.88563e-06 0.00263832 -0.00803993 -0.000778421 0.0013165 0.00902559 0.00247017 -0.0088743 0.00615389 0.00190545 -0.00409479 0.00457731 -0.000650199 0.0113631 0.0216647 -0.00533535 -0.0274848
internal_weight=76.0364 57.2363 18.8 52.1068 14.3428 10.4049 46.4559 11.3873 35.0686 27.206 24.8023 21.4474 18.2668 15.0871 9.33077 5.7563 5.65092
internal_count=443 334 109 309 81 61 265 56 209 175 164 138 120 94 53 41 44
is_linear=0
shrinkage=0.1


Tree=93
num_leaves=17
num_cat=0
split_feature=1 1 0 1 1 1 1 0 1 1 0 0 1 1 0 0
split_gain=0.140753 0.193051 0.495865 0.391614 0.653628 0.314826 0.580271 0.698286 0.477874 0.440828 0.884165 1.1582 0.410317 0.417214 0.368427 0.189857
threshold=9.7500000000000018 17.120000000000001 385.00000000000006 30.360000000000003 38.500000000000007 74.500000000000014 95.280000000000015 208.50000000000003 114.50000000000001 140.50000000000003 76.000000000000014 111.50000000000001 181.50000000000003 236.00000000000003 213.50000000000003 119.00000000000001
decision_type=2 2 2 2 2 2 2 2 2 2 2 2 2 2 2 2
left_child=-1 -2 3 -3 -5 14 7 -7 -8 -10 -11 -12 -13 -14 15 -6
right_child=1 2 -4 4 5 6 8 -9 9 10 11 12 13 -15 -16 -17
leaf_value=-0.020691941256620605 0.018015779360529428 -0.026374492834228182 -0.039040548171531804 0.042546969452648499 -0.017318805307970444 0.0037157582949694026 -0.028495370535503457 0.057142035238715264 0.024167195659354854 -0.053562972928579533 0.064486644782837083 -0.028141978425032591 0.032796902836670576 -0.017677876509084655 -0.038871174166795648 0.010404915172844566
leaf_weight=3.1515231095254412 6.038667380809783 4.7377260234206906 3.2038203515112391 3.997851349413394 4.5598930120468122 5.8926067762076837 5.489434182643893 4.1829904764890671 7.6187582314014461 3.0526176542043713 2.7202706933021537 5.4241976626217348 3.4759080400690436 3.0964381936937571 3.809483651071786 5.3899670168757439
leaf_count=17 29 38 24 16 24 28 36 16 36 21 13 34 27 30 25 29
internal_value=-2.35794e-06 0.000894645 -0.00065653 0.00128168 0.00351343 0.000661248 0.00505815 0.0258962 -0.00174148 0.00404325 -0.00458502 0.00557417 -0.0077845 0.00901665 -0.0124257 -0.00230051
internal_weight=75.8422 72.6906 66.652 63.4481 58.7104 54.7126 40.9532 10.0756 30.8776 25.3882 17.7694 14.7168 11.9965 6.57235 13.7593 9.94986
internal_count=443 426 397 373 335 319 241 44 197 161 125 104 91 57 78 53
is_linear=0
shrinkage=0.1


Tree=94
num_leaves=18
num_cat=0
split_feature=0 0 0 0 1 1 0 0 0 0 1 1 0 1 1 1 1
split_gain=0.124704 0.560219 0.453022 0.412347 0.216789 0.451689 0.423726 0.42283 0.60604 0.542804 0.648763 0.593727 0.170515 0.122553 0.117154 0.108313 0.0110888
threshold=247.50000000000003 226.50000000000003 303.50000000000006 198.50000000000003 186.00000000000003 130.50000000000003 107.50000000000001 178.50000000000003 145.00000000000003 84.500000000000014 60.500000000000007 60.500000000000007 385.00000000000006 103.50000000000001 246.30000000000004 54.000000000000007 108.50000000000001
decision_type=2 2 2 2 2 2 2 2 2 2 2 2 2 2 2 2 2
left_child=1 3 13 4 5 7 -7 8 9 10 -1 -11 16 -2 -6 -5 -4
right_child=2 -3 12 15 14 6 -8 -9 -10 11 -12 -13 -14 -15 -16 -17 -18
leaf_value=0.0084499783125410646 -0.038829735673987648 0.033996177161498137 0.01781954056004131 -0.042579247535078038 -0.028401085508217051 0.050285208747839927 0.0045086046389453838 0.029680290818573513 -0.040716803019703381 -0.0045831806218313122 -0.04092647422733707 0.03797565938965175 -0.011818647598919596 -0.01269926916426997 -0.00073503677085557913 -0.014455484761267113 0.010153998824142542
leaf_weight=5.4858535602688878 3.8690283484756973 5.0862846206873646 3.830090703442691 2.3798553906381121 3.2034961581230155 3.8229005187749845 4.2925879545509815 4.0900982879102221 4.0108944438397875 7.1840605661272985 5.1676773130893707 6.0288822092115879 3.8494416400790215 3.3480240553617477 2.9310379754751921 3.2253405284136534 3.7200012132525444
leaf_count=24 26 25 23 19 27 19 25 20 38 35 25 30 26 17 22 25 17
internal_value=2.07846e-06 0.00232616 -0.00710241 -0.000782179 0.00232427 0.0050036 0.0260722 -0.000345039 -0.00475028 0.00129409 -0.0155009 0.0148358 0.0053097 -0.0267077 -0.0151824 -0.0263963 0.0140427
internal_weight=75.5256 56.909 18.6166 51.8227 46.2175 40.083 8.11549 31.9675 27.8774 23.8665 10.6535 13.2129 11.3995 7.21705 6.13453 5.6052 7.55009
internal_count=443 334 109 309 265 216 44 172 152 114 49 65 66 43 49 44 40
is_linear=0
shrinkage=0.1


Tree=95
num_leaves=18
num_cat=0
split_feature=1 1 1 1 1 0 0 0 0 0 0 0 1 0 0 1 1
split_gain=0.124406 0.160122 0.393734 0.526193 0.230701 0.607397 1.05774 0.662946 0.699608 0.770937 0.610755 0.672922 0.22334 0.233051 0.220019 0.118605 0.102966
threshold=9.7500000000000018 17.120000000000001 36.150000000000006 49.500000000000007 72.500000000000014 47.500000000000007 81.500000000000014 105.50000000000001 133.50000000000003 146.50000000000003 246.50000000000003 198.50000000000003 172.50000000000003 320.00000000000006 138.00000000000003 59.300000000000004 156.00000000000003
decision_type=2 2 2 2 2 2 2 2 2 2 2 2 2 2 2 2 2
left_child=-1 -2 14 -4 15 -6 -7 -8 -9 -10 11 16 13 -12 -3 -5 -11
right_child=1 2 3 4 5 6 7 8 9 10 12 -13 -14 -15 -16 -17 -18
leaf_value=-0.01949008810999802 0.016506266984149406 -0.0052031152129835279 0.026395541838859622 -0.032032032800187848 0.037424294366561826 -0.048906997200142494 0.041653968032419823 -0.04400401991707726 0.048408694220214342 0.0092522586786167715 0.037196878016078731 -0.054090042643421744 -0.0071382851712458138 0.0058526000455263382 -0.041817501896094733 -0.0068789333588928263 -0.015881480884624807
leaf_weight=3.1372272297739974 5.9912401735782614 3.2302312925457946 7.6962878853082648 3.2789781074970952 4.1797402501106253 4.3978278785943976 3.9591089189052573 3.4868806302547481 3.3632621765136745 3.7711198404431361 4.2060190290212613 3.8653968637809157 4.6616470515727988 5.4403595253825188 3.3362153675407171 4.3771570734679699 2.8708198377862573
leaf_count=17 29 14 36 23 21 24 19 28 16 25 17 33 24 27 36 27 27
internal_value=3.90725e-06 0.000851989 -0.000566448 0.0019959 -0.00162524 0.00115062 -0.00263761 0.0030743 -0.00174928 0.00347941 -0.00260992 -0.0209169 0.0108341 0.0195193 -0.0238058 -0.0176515 -0.0016112
internal_weight=75.2495 72.1123 66.1211 59.5546 51.8583 44.2022 40.0224 35.6246 31.6655 28.1786 24.8154 10.5073 14.308 9.64638 6.56645 7.65614 6.64194
internal_count=443 426 397 347 311 261 240 216 197 169 153 85 68 44 50 50 52
is_linear=0
shrinkage=0.1


Tree=96
num_leaves=19
num_cat=0
split_feature=0 0 0 0 1 1 0 0 1 1 1 1 0 0 1 0 0 1
split_gain=0.149963 0.595421 0.49901 0.226429 0.547749 0.524093 0.392839 0.395055 0.27601 0.61381 0.557111 0.330032 0.247608 0.448415 0.152261 0.0933031 0.0457234 0.0282676
threshold=33.000000000000007 47.500000000000007 66.500000000000014 95.000000000000014 15.300000000000002 24.500000000000004 119.00000000000001 385.00000000000006 49.500000000000007 78.90000000000002 105.50000000000001 127.80000000000001 167.50000000000003 260.50000000000006 168.50000000000003 193.50000000000003 258.50000000000006 90.500000000000014
decision_type=2 2 2 2 2 2 2 2 2 2 2 2 2 2 2 2 2 2
left_child=-1 -2 -3 17 -5 -6 -7 8 15 -10 16 -12 -13 14 -14 -8 -11 -4
right_child=1 2 3 4 5 6 7 -9 9 10 11 12 13 -15 -16 -17 -18 -19
leaf_value=-0.020090765624769552 0.040660390990010675 -0.034557632660327846 0.020821731478088312 -0.032161123211862847 0.040430608522440639 -0.033280200965879116 0.0075280065435403961 -0.03271583424021729 -0.028640584710702213 0.021811688966839018 -0.031576410361639405 0.022625237230378809 -0.05008088506381695 0.014212684286048716 -0.012460775937299802 0.029699591973074063 0.036744841735122047 0.0094963738423320433
leaf_weight=3.5387161746621123 3.5947808921337119 4.183458372950553 5.015164799988268 5.2089595049619666 3.2999258264899245 3.4499479569494715 3.1041453741490832 3.0781428180634967 5.9575112909078625 4.8696771524846572 3.3263060078024891 4.553478203713893 1.9564793780446033 5.1546982228755951 2.390156714245677 4.8848900124430656 3.541573241353035 3.931537002325058
leaf_count=19 17 20 22 30 24 27 16 22 40 26 20 29 14 22 31 29 15 20
internal_value=3.87204e-06 0.000998395 -0.00110121 0.00109524 -0.00131387 0.00192785 -0.000818304 0.00179729 0.00447064 0.000290118 0.00697252 -0.00325138 0.00345221 -0.00573639 -0.0293941 0.0210848 0.0280993 0.0158449
internal_weight=75.0395 71.5008 67.9061 63.7226 54.7759 49.5669 46.267 42.8171 39.7389 31.7499 25.7924 17.3811 14.0548 9.50133 4.34664 7.98904 8.41125 8.9467
internal_count=443 424 407 387 345 315 291 264 242 197 157 116 96 67 45 45 41 42
is_linear=0
shrinkage=0.1


Tree=97
num_leaves=17
num_cat=0
split_feature=1 1 1 1 1 1 0 1 1 0 1 0 1 0 1 0
split_gain=0.291377 0.64409 0.290738 0.365179 0.36518 0.245093 0.193857 0.18205 0.547162 0.43798 0.410728 0.465639 0.81039 1.03041 0.397382 0.232066
threshold=6.0750000000000011 13.250000000000002 17.120000000000001 36.150000000000006 49.500000000000007 59.300000000000004 138.00000000000003 95.280000000000015 114.50000000000001 133.50000000000003 140.50000000000003 81.500000000000014 179.00000000000003 151.50000000000003 218.30000000000004 288.50000000000006
decision_type=2 2 2 2 2 2 2 2 2 2 2 2 2 2 2 2
left_child=-1 -2 -3 6 -5 -6 -4 9 -9 -7 -10 -12 -13 -14 -15 -11
right_child=1 2 3 4 5 7 -8 8 10 15 11 12 13 14 -16 -17
leaf_value=0.035331832168578735 -0.045121187898514867 0.028458537564858617 -0.0055674049096045104 0.022211843910957423 -0.02766170829220262 0.027067786516486437 -0.039976405673901531 -0.031821923661454365 0.021958931802719024 -0.019482862583765637 -0.038774772754048177 -0.02803937791849714 0.061161186970828986 0.023161732483921893 -0.029904055646951012 0.012897507822433853
leaf_weight=2.2642415240406981 3.1777112819254389 3.6327495723962775 3.2305145114660254 7.6844760105013838 3.2673843204975119 7.473546855151656 3.3200350143015385 5.7111865207552936 7.5793792903423336 5.1800667494535428 3.4569531157612827 5.6439216546714297 3.6822408623993379 2.5132737271487713 3.2180784586817026 3.8646112121641636
leaf_count=10 18 18 14 36 23 30 36 39 36 30 23 38 20 18 32 22
internal_value=5.31821e-06 -0.00109589 0.000918256 -0.000601621 0.00187442 -0.00115486 -0.023007 0.000637407 -0.00378594 0.00915436 0.00235032 -0.00567698 0.00192172 0.0198849 -0.00663401 -0.00564737
internal_weight=74.9004 72.6361 69.4584 65.8257 59.2751 51.5906 6.55055 48.3233 31.805 16.5182 26.0938 18.5145 15.0575 9.41359 5.73135 9.04468
internal_count=443 433 415 397 347 311 50 288 206 82 167 131 108 70 50 52
is_linear=0
shrinkage=0.1


Tree=98
num_leaves=18
num_cat=0
split_feature=0 0 0 0 0 1 1 1 1 1 1 0 0 1 1 1 1
split_gain=0.145859 0.599725 0.443368 0.266432 0.253976 0.179621 0.193587 0.259938 0.584109 0.56315 0.616178 0.294305 0.197806 0.16475 0.414767 0.128187 0.126734
threshold=247.50000000000003 226.50000000000003 281.50000000000006 198.50000000000003 165.50000000000003 23.500000000000004 48.500000000000007 73.250000000000014 84.500000000000014 138.00000000000003 172.50000000000003 89.500000000000014 103.50000000000001 105.50000000000001 72.500000000000014 75.500000000000014 45.20000000000001
decision_type=2 2 2 2 2 2 2 2 2 2 2 2 2 2 2 2 2
left_child=1 3 -2 4 5 -1 -7 -8 -9 11 -11 -10 -12 14 -4 -5 -6
right_child=2 -3 13 15 16 6 7 8 9 10 12 -13 -14 -15 -16 -17 -18
leaf_value=-0.018921175325280884 -0.035557144914868992 0.03537330239729309 -0.014877871642748397 -0.035375515473198733 0.031961132440109306 0.017141127809169675 -0.025551668225437016 0.038910508623042815 -0.046984176745722021 0.042924142595101793 -0.025486464860419635 -0.0067478368834044582 0.0081659317683478935 -0.012466387051290998 0.029639092049006412 -0.0048192292201059903 0.0074836289106656783
leaf_weight=5.2924226000905028 4.3659146912395981 5.0598374158143988 3.7884805500507337 3.0096264593303195 3.4439585059881193 6.0059861391782787 4.2001745831221369 3.5165742672979858 3.6777340397238758 3.5618346780538541 3.3954441994428635 3.5946536734700203 3.5969874784350395 5.5397527441382399 4.6763404905796051 2.5245586270466447 5.4825457883998752
leaf_count=29 28 25 32 22 17 27 26 14 19 23 21 26 24 28 21 22 39
internal_value=5.11797e-06 0.0025273 -0.00773318 -0.000712216 0.00179371 -0.00187307 0.000986762 -0.00281159 0.00166347 -0.00568406 0.00906966 -0.0270958 -0.00817528 0.000940925 0.00971526 -0.0214365 0.0169274
internal_weight=74.7328 56.3623 18.3705 51.3025 45.7683 36.8418 31.5494 25.5434 21.3432 17.8267 10.5543 7.27239 6.99243 14.0046 8.46482 5.53419 8.9265
internal_count=443 334 109 309 265 209 180 153 127 113 68 45 45 81 53 44 56
is_linear=0
shrinkage=0.1


Tree=99
num_leaves=18
num_cat=0
split_feature=0 0 0 0 1 0 1 0 0 0 0 0 0 1 1 1 1
split_gain=0.135524 0.844904 0.376691 0.172854 0.39548 1.16266 0.274005 0.300779 1.31208 0.596616 0.533596 1.18444 0.705571 0.526752 0.313725 0.326744 0.139832
threshold=37.500000000000007 47.500000000000007 66.500000000000014 92.500000000000014 11.000000000000002 114.50000000000001 23.500000000000004 168.50000000000003 189.50000000000003 216.50000000000003 260.50000000000006 246.50000000000003 295.00000000000006 105.50000000000001 135.50000000000003 82.500000000000014 60.500000000000007
decision_type=2 2 2 2 2 2 2 2 2 2 2 2 2 2 2 2 2
left_child=-1 -2 -3 -4 -5 -6 -7 13 -9 -10 11 -11 -12 16 15 -14 -8
right_child=1 2 3 4 5 6 7 8 9 10 12 -13 14 -15 -16 -17 -18
leaf_value=-0.017132039527228169 0.056093758956475261 -0.030214323792346311 0.014940077081543138 0.030305389454594142 -0.060726808876347509 -0.025321867056106132 0.01650682033547737 -0.061801582360474117 0.03088211653095185 -0.07993683172792411 0.039632061143515307 0.014557087111829041 7.3946574715745209e-05 -0.0087770262425871503 0.012635994569966192 -0.044143739199707377 0.042182905793904851
leaf_weight=4.3446577116847029 2.683805286884307 4.1746172904968253 7.605744130909442 3.7341713532805434 3.3110834844410411 3.7872217055410138 3.9165591280907375 3.3661497728899148 6.4744488727301386 2.5735996551811722 4.3547160997986785 2.7374292686581612 3.4182570092380029 5.7305764742195597 4.4872413352131844 3.2696383744478226 4.6266236193478107
leaf_count=23 13 20 34 18 26 30 22 28 38 26 19 16 26 41 21 18 24
internal_value=7.52289e-06 0.0010675 -0.00111814 0.000797914 -0.00113014 -0.00338523 0.00050999 0.00268618 -0.00289293 0.00436656 -0.00387078 -0.0312324 0.00548658 0.0146785 -0.00781919 -0.0215436 0.0304119
internal_weight=74.5965 70.2519 67.5681 63.3935 55.7877 52.0535 48.7425 44.9552 30.6815 27.3153 20.8409 5.31103 15.5299 14.2738 11.1751 6.6879 8.54318
internal_count=443 420 407 387 353 335 309 279 192 164 126 42 84 87 65 44 46
is_linear=0
shrinkage=0.1


end of trees

feature_importances:
Column_0=900
Column_1=758

parameters:
[boosting: gbdt]
[objective: binary]
[metric: binary_logloss]
[tree_learner: serial]
[device_type: cpu]
[data_sample_strategy: bagging]
[data: ]
[valid: ]
[num_iterations: 100]
[learning_rate: 0.1]
[num_leaves: 31]
[num_threads: 1]
[seed: 42]
[deterministic: 0]
[force_col_wise: 0]
[force_row_wise: 0]
[histogram_pool_size: -1]
[max_depth: -1]
[min_data_in_leaf: 20]
[min_sum_hessian_in_leaf: 0.001]
[bagging_fraction: 1]
[pos_bagging_fraction: 1]
[neg_bagging_fraction: 1]
[bagging_freq: 0]
[bagging_seed: 400]
[bagging_by_query: 0]
[feature_fraction: 1]
[feature_fraction_bynode: 1]
[feature_fraction_seed: 30056]
[extra_trees: 0]
[extra_seed: 12879]
[early_stopping_round: 0]
[early_stopping_min_delta: 0]
[first_metric_only: 0]
[max_delta_step: 0]
[lambda_l1: 0]
[lambda_l2: 0]
[linear_lambda: 0]
[min_gain_to_split: 0]
[drop_rate: 0.1]
[max_drop: 50]
[skip_drop: 0.5]
[xgboost_dart_mode: 0]
[uniform_drop: 0]
[drop_seed: 17869]
[top_rate: 0.2]
[other_rate: 0.1]
[min_data_per_group: 100]
[max_cat_threshold: 32]
[cat_l2: 10]
[cat_smooth: 10]
[max_cat_to_onehot: 4]
[top_k: 20]
[monotone_constraints: ]
[monotone_constraints_method: basic]
[monotone_penalty: 0]
[feature_contri: ]
[forcedsplits_filename: ]
[refit_decay_rate: 0.9]
[cegb_tradeoff: 1]
[cegb_penalty_split: 0]
[cegb_penalty_feature_lazy: ]
[cegb_penalty_feature_coupled: ]
[path_smooth: 0]
[interaction_constraints: ]
[verbosity: -1]
[saved_feature_importance_type: 0]
[use_quantized_grad: 0]
[num_grad_quant_bins: 4]
[quant_train_renew_leaf: 0]
[stochastic_rounding: 1]
[linear_tree: 0]
[max_bin: 255]
[max_bin_by_feature: ]
[min_data_in_bin: 3]
[bin_construct_sample_cnt: 200000]
[data_random_seed: 175]
[is_enable_sparse: 1]
[enable_bundle: 1]
[use_missing: 1]
[zero_as_missing: 0]
[feature_pre_filter: 1]
[pre_partition: 0]
[two_round: 0]
[header: 0]
[label_column: ]
[weight_column: ]
[group_column: ]
[ignore_column: ]
[categorical_feature: ]
[forcedbins_filename: ]
[precise_float_parser: 0]
[parser_config_file: ]
[objective_seed: 16083]
[num_class: 1]
[is_unbalance: 0]
[scale_pos_weight: 1]
[sigmoid: 1]
[boost_from_average: 1]
[reg_sqrt: 0]
[alpha: 0.9]
[fair_c: 1]
[poisson_max_delta_step: 0.7]
[tweedie_variance_power: 1.5]
[lambdarank_truncation_level: 30]
[lambdarank_norm: 1]
[label_gain: ]
[lambdarank_position_bias_regularization: 0]
[eval_at: ]
[multi_error_top_k: 1]
[auc_mu_weights: ]
[num_machines: 1]
[local_listen_port: 12400]
[time_out: 120]
[machine_list_filename: ]
[machines: ]
[gpu_platform_id: -1]
[gpu_device_id: -1]
[gpu_use_dp: 0]
[num_gpu: 1]

end of parameters

pandas_categorical:null
