tree
version=v4
num_class=1
num_tree_per_iteration=1
label_index=0
max_feature_idx=16
objective=binary sigmoid:1
feature_names=Column_0 Column_1 Column_2 Column_3 Column_4 Column_5 Column_6 Column_7 Column_8 Column_9 Column_10 Column_11 Column_12 Column_13 Column_14 Column_15 Column_16
feature_infos=[0:4] [0:6] [0:4] [0:15] none none [0:0.20000000000000001] [0:4] none [0:1.2] [25:100] [0:1] [0:1] [0:1] [0:1] [0:1] [4.4000000000000004:285]
tree_sizes=1802 1687 1803 1801 1702 1706 1701 1815 1813 1925 1927 1720 1817 1829 1812 1919 1815 1925 1911 2041 2017 1911 2023 2046 1920 1917 2137 2123 1919 1925 2037 2020 1916 2121 2239 2025 1915 1811 2135 1929 1921 1823 2034 1925 1825 1829 1915 2130 1825 1935 2041 1939 2037 1922 1929 2137 2140 2039 2039 2147 2049 2155 1934 1945 1936 1934 1922 2031 2154 2139 2027 2029 1935 2038 2043 2153 1937 2153 1929 2150 1928 2044 2040 2147 1948 2031 1735 2155 1839 2242 1949 2145 2354 2041 2039 2019 1943 1938 2058 1940

Tree=0
num_leaves=16
num_cat=0
split_feature=10 16 16 3 14 1 3 11 1 10 14 3 16 16 2
split_gain=34.3274 33.378 6.05067 8.68555 5.79257 5.72455 5.57295 3.13741 2.84582 2.24237 2.20752 1.96703 2.51658 2.118 1.80386
threshold=52.500000000000007 88.000000000000014 60.70000000000001 1.0000000180025095e-35 1.0000000180025095e-35 1.5000000000000002 1.0000000180025095e-35 1.0000000180025095e-35 1.0000000180025095e-35 40.500000000000007 1.0000000180025095e-35 1.1000000000000003 116.70000000000002 95.250000000000014 1.0000000180025095e-35
decision_type=2 2 2 2 2 2 2 2 2 2 2 2 2 2 2
left_child=1 2 6 -4 -2 11 -1 -6 -5 -7 -8 -3 13 -13 -12
right_child=4 5 3 8 7 9 10 -9 -10 -11 14 12 -14 -15 -16
leaf_value=-0.039459223094241394 -0.013725482171135069 0.20000000729852785 0.046370691569132677 -0.049661626581950273 -0.078594241285605729 0.096804741585202275 0.11417323613698713 -0.15310450454742205 -0.13080424114572123 0.010928021903044777 0.066870236954423595 0.10332595018391111 0.065570408772130509 0.20000000729852793 -0.017782209759606635
leaf_weight=10.500633850693704 7.2399807572364834 5.3944954872131374 6.295056805014613 8.5220606774091738 11.108401834964752 7.4972840100526827 4.5072429329156849 11.503229200839996 8.7704913765192014 5.1150109171867371 5.8115041702985764 4.0015089809894544 4.3164836317300788 5.2259175032377243 4.4406989812850952
leaf_count=38 28 32 28 30 36 37 23 29 24 21 27 20 20 31 17
internal_value=8.02838e-09 0.034001 -0.0177822 -0.0542035 -0.0915738 0.114173 0.0162276 -0.1165 -0.0908158 0.0619768 0.0558461 0.148934 0.128595 0.158077 0.0302034
internal_weight=110.25 80.3984 48.8477 23.5876 29.8516 31.5507 25.2601 22.6116 17.2926 12.6123 14.7594 18.9384 13.5439 9.22743 10.2522
internal_count=441 348 187 82 93 161 105 65 54 58 67 103 71 51 44
is_linear=0
shrinkage=1


Tree=1
num_leaves=15
num_cat=0
split_feature=10 16 7 14 1 10 10 16 15 2 16 3 3 16
split_gain=27.8934 27.1924 5.72108 6.14342 9.64876 5.27209 5.08594 2.99767 2.8388 2.52152 2.18702 1.97467 0.743737 0.528545
threshold=52.500000000000007 89.15000000000002 1.5500000000000003 1.0000000180025095e-35 1.5000000000000002 69.500000000000014 47.500000000000007 60.70000000000001 1.0000000180025095e-35 1.5000000000000002 104.90000000000002 2.5000000000000004 1.7500000000000002 98.550000000000011
decision_type=2 2 2 2 2 2 2 2 2 2 2 2 2 2
left_child=1 2 3 7 9 10 8 -1 11 -5 12 -3 -2 -10
right_child=5 6 -4 4 -6 -7 -8 -9 13 -11 -12 -13 -14 -15
leaf_value=0.10214705117996073 -0.094742623668735537 0.13261070622787832 -0.10318599276923002 0.05998100232156392 -0.096330600216497281 -0.1370155388216158 0.032937734199623959 0.012428984320434978 0.13966655553858812 -0.019003102885770118 0.0023010591616562919 0.053451523998954191 -0.046833352528935397 0.18687942841746025
leaf_weight=6.3245322406291953 6.9838273674249702 7.1607724875211751 6.3442305475473395 8.28936810791493 12.194616988301275 11.157306119799612 7.2620292603969565 9.0575201064348203 3.8399792909622192 7.8880757540464392 5.5809598267078391 5.6281499564647675 6.0448920428752899 6.1989973336458206
leaf_count=32 21 39 19 38 37 29 32 37 21 30 22 26 21 37
internal_value=2.89431e-06 0.0306899 -0.0144403 -0.00157242 -0.0291628 -0.0826638 0.10583 0.0493177 0.129018 0.0214686 -0.0500775 0.0977743 -0.0725143 0.16882
internal_weight=109.955 80.1883 50.0983 43.7541 28.3721 29.767 30.0899 15.3821 22.8279 16.1774 18.6097 12.7889 13.0287 10.039
internal_count=441 348 193 174 105 93 155 69 123 68 64 65 42 58
is_linear=0
shrinkage=0.1


Tree=2
num_leaves=16
num_cat=0
split_feature=10 16 12 7 16 14 1 13 10 1 11 10 3 16 16
split_gain=22.7527 22.4711 4.90322 7.16086 6.69732 4.74963 4.61955 3.84771 3.19051 2.74231 2.67795 1.65483 1.60646 2.03168 1.6436
threshold=52.500000000000007 88.000000000000014 1.0000000180025095e-35 0.90000000000000013 55.650000000000006 1.0000000180025095e-35 1.5000000000000002 1.0000000180025095e-35 36.000000000000007 1.5000000000000002 1.0000000180025095e-35 40.500000000000007 1.1000000000000003 116.70000000000002 95.250000000000014
decision_type=2 2 2 2 2 2 2 2 2 2 2 2 2 2 2
left_child=1 2 -1 4 8 -2 12 -6 -4 -10 -7 -8 -3 14 -14
right_child=5 6 3 -5 7 10 11 -9 9 -11 -12 -13 13 -15 -16
leaf_value=-0.086362925159260362 -0.0043611145971974045 0.17263530433728055 0.0053551289008565671 -0.065950209877086774 -0.058194614534261425 -0.062557547795779961 0.077392001887775216 0.043625265748752216 0.15926166385811572 0.0487514032217546 -0.1317694069161357 0.003393410471768481 0.085990760350652284 0.050659741563816509 0.17189459476247204
leaf_weight=7.9710017293691626 7.2190999984741238 5.2543100267648724 4.1077118813991573 11.871984094381331 9.4408021718263608 11.025718316435814 7.4095373749732989 6.1155605912208548 5.1895263344049436 3.9581923186779022 11.340269565582275 5.1036965101957321 3.966568708419798 4.2885672450065604 5.0793532580137253
leaf_count=25 28 32 17 39 32 36 37 27 29 18 29 21 20 20 31
internal_value=1.15088e-05 0.0277943 -0.0146442 -0.000592702 0.0263381 -0.0748866 0.0941834 -0.0181669 0.0785684 0.111444 -0.0976502 0.0472106 0.125804 0.10735 0.134226
internal_weight=109.342 79.7568 48.6548 40.6838 28.8118 29.5851 31.102 15.5564 13.2554 9.14772 22.366 12.5132 18.5888 13.3345 9.04592
internal_count=441 348 187 162 123 93 161 59 64 47 65 58 103 71 51
is_linear=0
shrinkage=0.1


Tree=3
num_leaves=16
num_cat=0
split_feature=10 16 10 12 7 16 1 13 11 16 3 16 16 10 3
split_gain=18.6404 18.5558 4.44842 3.98801 5.82646 5.45315 3.9595 3.12403 2.84418 1.83564 1.43686 1.75563 1.48031 1.36286 0.607523
threshold=52.500000000000007 88.000000000000014 69.500000000000014 1.0000000180025095e-35 0.90000000000000013 55.650000000000006 1.5000000000000002 1.0000000180025095e-35 1.0000000180025095e-35 104.90000000000002 1.1000000000000003 116.70000000000002 95.250000000000014 40.500000000000007 1.7500000000000002
decision_type=2 2 2 2 2 2 2 2 2 2 2 2 2 2 2
left_child=1 3 9 -1 5 8 10 -7 -5 14 -3 12 -12 -8 -2
right_child=2 6 -4 4 -6 7 13 -9 -10 -11 11 -13 -14 -15 -16
leaf_value=-0.078025540324389353 -0.079151229476918591 0.1611323682107903 -0.1187025079170671 0.12089042970978976 -0.059628036013933128 -0.052533823445316187 0.07033916431261647 0.039269242243472016 0.027811207320779508 0.01001726946060354 0.078176498265223993 0.045809801810077558 0.16056045187948734 0.0030544862607629112 -0.035558603903961573
leaf_weight=7.9418108016252509 6.8636127859354072 5.0754435062408474 10.909225165843962 6.1300073266029376 11.820286348462103 9.4136470854282361 7.3408229500055331 6.1145502775907508 7.0681041330099106 5.5399018824100486 3.9287023246288282 4.2693554013967505 4.9029875099658966 5.1030303686857224 5.9843766838312149
leaf_count=25 21 32 29 33 39 32 37 27 31 22 20 20 31 21 21
internal_value=2.67331e-05 0.0252616 -0.0681131 -0.0132253 -0.000532963 0.0237834 0.086207 -0.0163845 0.0710429 -0.0380992 0.11596 0.0984606 0.123913 0.0427468 -0.0588465
internal_weight=108.406 79.1087 29.2971 48.4884 40.5466 28.7263 30.6203 15.5282 13.1981 18.3879 18.1765 13.101 8.83169 12.4439 12.848
internal_count=441 348 93 187 162 123 161 59 64 64 103 71 51 58 42
is_linear=0
shrinkage=0.1


Tree=4
num_leaves=15
num_cat=0
split_feature=10 16 14 10 7 13 1 15 11 3 2 3 3 16
split_gain=15.3061 15.4767 3.99218 3.788 3.77362 4.00921 6.72137 2.54098 2.38763 2.30999 2.19027 1.44398 0.500456 0.46621
threshold=52.500000000000007 89.15000000000002 1.0000000180025095e-35 47.500000000000007 1.5500000000000003 1.0000000180025095e-35 1.5000000000000002 1.0000000180025095e-35 1.0000000180025095e-35 1.0000000180025095e-35 1.5000000000000002 2.5000000000000004 1.7500000000000002 63.500000000000007
decision_type=2 2 2 2 2 2 2 2 2 2 2 2 2 2
left_child=1 4 -2 7 5 6 10 11 -4 -7 -1 -3 -9 -11
right_child=2 3 8 -5 -6 9 -8 12 -10 13 -12 -13 -14 -15
leaf_value=0.055573573173099071 0.0026581523362549249 0.1033160167715232 -0.050063987713514203 0.018102013841490228 -0.083481474880076331 0.10297631392260781 -0.079364397754103228 0.11318223318990828 -0.11625927488737067 0.037622692404583796 -0.018319326721450514 0.03423109839993544 0.16025107696886692 -0.0037279599754173917
leaf_weight=8.2297301590442711 7.1733420044183758 6.7135601937770879 10.837215378880501 7.1092309802770606 6.2484608590602866 4.3084686398506156 12.004560917615889 3.77592633664608 10.959244295954704 5.3370652794837934 7.8259151428937903 5.5074099451303482 5.6225214600563049 5.5743827968835831
leaf_count=38 28 39 36 32 19 22 37 22 29 25 30 26 36 22
internal_value=4.59357e-05 0.0230333 -0.0620508 0.0814245 -0.010836 -0.000347985 -0.0227634 0.102247 -0.0833469 0.0409781 0.0195564 0.0721827 0.141341 0.0164977
internal_weight=107.227 78.2572 28.9698 28.7286 49.5286 43.2801 28.0602 21.6194 21.7965 15.2199 16.0556 12.221 9.39845 10.9114
internal_count=441 348 93 155 193 174 105 123 65 69 68 65 58 47
is_linear=0
shrinkage=0.1


Tree=5
num_leaves=15
num_cat=0
split_feature=10 16 10 13 16 3 11 0 11 3 3 2 1 10
split_gain=12.8358 10.6808 6.83901 4.23298 5.87403 6.09755 4.16276 2.9776 3.16657 2.97531 7.7822 2.73971 1.84118 1.30714
threshold=69.500000000000014 88.000000000000014 47.500000000000007 1.0000000180025095e-35 55.650000000000006 1.1000000000000003 1.0000000180025095e-35 1.0000000180025095e-35 1.0000000180025095e-35 1.0000000180025095e-35 1.7500000000000002 1.5000000000000002 1.5000000000000002 43.000000000000007
decision_type=2 2 2 2 2 2 2 2 2 2 2 2 2 2
left_child=1 3 7 4 5 -1 -4 8 11 -5 -11 -3 13 -6
right_child=-2 2 6 9 12 -7 -8 -9 -10 10 -12 -13 -14 -15
leaf_value=-0.045637227873035695 -0.10483523651711979 -0.0013073841583145437 0.053729629590251786 0.078197172802976486 -0.015627715759740948 0.069644163847849549 -0.048136221766666952 0.15564645832157994 0.12750674561308331 -0.10133414483326418 0.055816271592567503 0.10372677874423984 -0.11269210131077845 -0.082189864226002746
leaf_weight=10.455295875668527 10.510353833436964 6.906598657369619 8.0952788591384905 6.384400591254237 5.8453549146652239 8.1760867983102781 7.9526310563087454 5.1560492366552344 5.9151404947042456 5.1329776346683493 8.1616494655609113 3.8776626735925674 7.4594395607709876 5.9569284617900848
leaf_count=37 29 32 38 31 22 38 28 34 36 16 38 24 20 18
internal_value=5.25232e-05 0.011599 0.0528205 -0.0155397 -0.0350803 0.00495218 0.00324944 0.0892193 0.0687095 0.0220869 -0.00485858 0.0364594 -0.0738028 -0.0492234
internal_weight=105.986 95.4755 37.9034 57.5721 37.8931 18.6314 16.0479 21.8555 16.6994 19.679 13.2946 10.7843 19.2617 11.8023
internal_count=441 412 192 220 135 75 66 126 92 85 54 56 60 40
is_linear=0
shrinkage=0.1


Tree=6
num_leaves=15
num_cat=0
split_feature=10 16 10 11 16 3 7 0 11 3 16 3 16 16
split_gain=10.6976 8.84439 8.92599 4.19545 4.06365 5.11589 4.4795 3.41952 3.77144 3.28122 3.02361 2.93546 2.23486 1.39081
threshold=69.500000000000014 84.300000000000026 47.500000000000007 1.0000000180025095e-35 55.650000000000006 1.1000000000000003 0.45000000000000007 1.0000000180025095e-35 1.0000000180025095e-35 1.0000000180025095e-35 32.650000000000006 2.5000000000000004 98.250000000000014 106.15000000000002
decision_type=2 2 2 2 2 2 2 2 2 2 2 2 2 2
left_child=1 4 7 13 5 6 -1 8 12 -6 -7 -11 -3 -4
right_child=-2 2 3 -5 9 10 -8 -9 -10 11 -12 -13 -14 -15
leaf_value=0.012970359317605928 -0.097080965349608764 -0.020992645808024783 0.0064326249546711178 -0.056595498644834596 0.012359560530208653 0.016812405180023231 -0.10309446606452999 0.15468337914976901 0.12762073175038449 -0.10658295022722011 0.11600443459294743 -0.028348502940597875 0.068512615333375715 0.087221964022703172
leaf_weight=9.0373673141002673 10.229628846049307 4.8231412768364006 4.9486850202083588 8.8500610440969467 7.5077827572822597 7.4975414425134641 5.261085405945777 5.571685552597045 6.2009259462356559 9.1542208194732666 5.2074913382530212 10.073812484741211 6.6167575269937515 3.7423222213983536
leaf_count=38 29 21 21 30 31 32 15 38 39 26 28 36 38 19
internal_value=5.79534e-05 0.010574 0.0457056 -0.00813108 -0.0160682 0.0112938 -0.0297354 0.0863885 0.0648183 -0.0437042 0.0574689 -0.0655949 0.0307766 0.0412203
internal_weight=104.723 94.4929 40.7536 17.5411 53.7393 27.0035 14.2985 23.2125 17.6408 26.7358 12.705 19.228 11.4399 8.69101
internal_count=441 412 206 70 206 113 53 136 98 93 60 62 59 40
is_linear=0
shrinkage=0.1


Tree=7
num_leaves=16
num_cat=0
split_feature=10 16 16 14 12 1 11 10 2 3 2 11 0 11 15
split_gain=8.9621 9.09615 3.7345 3.32708 3.26595 4.5618 4.02369 4.61296 4.30959 3.67786 2.70099 1.7968 1.771 0.972447 0.00512854
threshold=52.500000000000007 89.15000000000002 147.85000000000002 1.0000000180025095e-35 1.0000000180025095e-35 1.5000000000000002 1.0000000180025095e-35 37.500000000000007 1.5000000000000002 1.1000000000000003 1.5000000000000002 1.0000000180025095e-35 1.0000000180025095e-35 1.0000000180025095e-35 1.0000000180025095e-35
decision_type=2 2 2 2 2 2 2 2 2 2 2 2 2 2 2
left_child=1 4 10 -2 -1 6 8 -8 -6 -7 12 -5 13 -3 -12
right_child=3 2 -4 11 5 9 7 -9 -10 -11 14 -13 -14 -15 -16
leaf_value=-0.067231256822428753 0.0107851377635425 0.019434257387042686 -0.022898332272262113 -0.039657307057276936 0.12624338771957563 0.023658867515464203 -0.070584547167960643 0.050396015816139367 0.0086197225565305038 -0.075857139285260278 0.14469865782567037 -0.098561121665564022 0.11065965915795811 0.078546482010082269 0.13858665490858016
leaf_weight=7.7804913222789756 7.0598011761903789 7.8615359812975019 4.1258419454097739 10.501578941941261 6.5383565127849579 5.9402308017015448 6.2811560183763504 6.3259092718362808 5.9491239786148071 9.9080126732587797 2.6814842671155921 10.216722995042801 5.0791954472661009 4.3080361038446426 2.8131110444664955
leaf_count=25 28 38 19 36 36 25 21 29 25 32 19 29 34 24 21
internal_value=7.08967e-05 0.0179201 0.0646323 -0.0485021 -0.00784008 0.00344622 0.0299727 -0.00987953 0.0702066 -0.0385566 0.0805111 -0.0687043 0.061061 0.04036 0.141569
internal_weight=103.371 75.5925 26.8692 27.7781 48.7233 40.9428 25.0945 12.6071 12.4875 15.8482 22.7434 20.7183 17.2488 12.1696 5.4946
internal_count=441 348 155 93 193 168 111 50 61 57 136 65 96 62 40
is_linear=0
shrinkage=0.1


Tree=8
num_leaves=16
num_cat=0
split_feature=10 16 10 11 16 3 7 13 0 11 16 15 16 16 3
split_gain=8.18096 6.31315 6.60954 3.16088 3.12333 4.57136 3.80215 3.10799 2.99322 3.0749 2.4418 2.27126 1.16402 0.658292 0.633625
threshold=69.500000000000014 84.300000000000026 47.500000000000007 1.0000000180025095e-35 55.650000000000006 1.1000000000000003 0.45000000000000007 1.0000000180025095e-35 1.0000000180025095e-35 1.0000000180025095e-35 32.650000000000006 1.0000000180025095e-35 106.15000000000002 72.250000000000014 1.1000000000000003
decision_type=2 2 2 2 2 2 2 2 2 2 2 2 2 2 2
left_child=1 4 8 12 5 6 -1 13 9 11 -7 -3 -4 -6 -9
right_child=-2 2 3 -5 7 10 -8 14 -10 -11 -12 -13 -14 -15 -16
leaf_value=0.011282586632141843 -0.087053719701861543 -0.022178791688251487 0.0044238420170670915 -0.049187845230241653 -0.042441117626431706 0.018138128233120721 -0.096244111921418976 -0.019695536582680202 0.14339000360150608 0.1151355661965081 0.10766982721634036 0.068264795638377368 0.07882467182375591 -0.083316934552638805 0.029905093278218255
leaf_weight=8.9613854587078112 9.7453397214412671 5.3067717105150276 4.8899206072092056 8.6737248152494431 7.0463967472314843 7.4798311144113523 5.1947840899229041 5.1434035748243332 5.0793572440743437 5.762491099536418 5.1391091495752335 5.823594756424427 3.6894043236970901 8.9368029683828336 5.1585265398025513
leaf_count=38 29 25 21 30 24 32 15 20 38 39 28 34 19 27 22
internal_value=8.37136e-05 0.00928542 0.0397053 -0.00661874 -0.0132028 0.0108361 -0.0281757 -0.0376897 0.07608 0.0558411 0.0546002 0.0251428 0.0364188 -0.0652963 0.00514118
internal_weight=102.031 92.2855 39.2253 17.253 53.0602 26.7751 14.1562 26.2851 21.9722 16.8929 12.6189 11.1304 8.57932 15.9832 10.3019
internal_count=441 412 206 70 206 113 53 93 136 98 60 59 40 51 42
is_linear=0
shrinkage=0.1


Tree=9
num_leaves=17
num_cat=0
split_feature=10 16 10 13 16 16 3 3 0 16 11 16 11 1 16 10
split_gain=6.85302 5.34868 3.42296 2.83774 3.36523 4.48064 2.51223 5.16425 2.25028 2.55328 2.83486 2.88056 1.96803 1.57065 1.14274 0.597763
threshold=69.500000000000014 88.000000000000014 47.500000000000007 1.0000000180025095e-35 55.650000000000006 32.650000000000006 1.0000000180025095e-35 1.7500000000000002 1.0000000180025095e-35 129.65000000000001 1.0000000180025095e-35 98.550000000000011 1.0000000180025095e-35 1.5000000000000002 15.900000000000002 40.500000000000007
decision_type=2 2 2 2 2 2 2 2 2 2 2 2 2 2 2 2
left_child=1 3 8 4 5 14 -5 -8 9 10 11 -3 -4 15 -1 -6
right_child=-2 2 12 6 13 -7 7 -9 -10 -11 -12 -13 -14 -15 -16 -17
leaf_value=-0.062341667517062951 -0.081001323259238353 -0.022946229361152325 0.039329632115236504 0.072164311809474482 -0.011026269323224208 0.073573116283551107 -0.084251004155968201 0.045061428582582844 0.13279863409037976 -0.03114943140118287 0.13711332895310288 0.097127566761162326 -0.031584086023515187 -0.094774480620939044 -0.0014127309433409447 -0.056820638779129434
leaf_weight=6.0618002265691775 9.4422534853219968 4.1127217859029788 7.9334888756275159 6.305014073848727 5.5721959620714205 6.0700299739837638 5.0211524814367285 8.0231274962425214 4.1191193014383307 3.1221109703183165 4.1662656888365746 3.8854597955942154 7.7235261499881744 6.943703204393386 6.2540829926729202 5.8354573845863342
leaf_count=20 29 19 38 31 21 30 16 38 34 15 32 26 28 20 25 19
internal_value=9.46107e-05 0.00849543 0.0391329 -0.0106577 -0.0269821 0.00325537 0.0203363 -0.00471498 0.0671982 0.0495214 0.0702263 0.0353848 0.00434825 -0.0572765 -0.0314016 -0.0344519
internal_weight=100.592 91.1493 35.0627 56.0866 36.7373 18.3859 19.3493 13.0443 19.4057 15.2866 12.1644 7.99818 15.657 18.3514 12.3159 11.4077
internal_count=441 412 192 220 135 75 85 54 126 92 77 45 66 60 45 40
is_linear=0
shrinkage=0.1


Tree=10
num_leaves=17
num_cat=0
split_feature=10 16 10 0 15 7 16 11 3 12 3 11 16 2 1 16
split_gain=5.74554 4.51322 4.95015 2.59613 2.54351 3.76243 2.96909 2.30115 4.08621 2.70195 2.39165 2.16925 1.48295 1.62068 1.38301 0.921398
threshold=69.500000000000014 84.300000000000026 47.500000000000007 1.0000000180025095e-35 1.0000000180025095e-35 1.0000000180025095e-35 116.70000000000002 1.0000000180025095e-35 2.5000000000000004 1.0000000180025095e-35 1.0000000180025095e-35 1.0000000180025095e-35 74.40000000000002 1.5000000000000002 1.5000000000000002 106.15000000000002
decision_type=2 2 2 2 2 2 2 2 2 2 2 2 2 2 2 2
left_child=1 7 3 4 6 -6 -3 8 9 -1 -11 15 13 14 -9 -4
right_child=-2 2 11 -5 5 -7 -8 12 -10 10 -12 -13 -14 -15 -16 -17
leaf_value=-0.077538892969636647 -0.075421662993987323 0.063794330911404171 0.001591729718340461 0.13439739987963426 0.14710203273013103 0.010183977102453013 -0.058467182185790473 -0.067265298417526584 0.068224982584016991 0.052188124324304835 -0.03117735293731487 -0.041283309574356386 -0.071280319681912271 0.029803405512358806 -0.00075168903968335517 0.068169374767615906
leaf_weight=5.2463005483150509 9.142658516764639 4.3818725422024762 4.861690878868103 4.4822291359305373 4.6230715289711952 3.5467209368944168 3.6332240700721741 6.8440768718719536 8.1308133751153964 6.3073055297136289 7.5734688490629196 8.5557316988706589 7.249658688902854 5.1273066550493231 5.7545626759529114 3.6313247531652451
leaf_count=16 29 27 21 38 35 19 17 24 39 30 29 30 23 22 23 19
internal_value=0.000106507 0.00778336 0.034144 0.0670484 0.0483968 0.0876623 0.00837348 -0.0112507 0.00884067 -0.0164033 0.00670321 -0.00574384 -0.033178 -0.0175947 -0.0368845 0.0300581
internal_weight=99.092 89.9494 37.7159 20.6671 16.1849 8.16979 8.0151 52.2335 27.2579 19.1271 13.8808 17.0487 24.9756 17.7259 12.5986 8.49302
internal_count=441 412 206 136 98 54 44 206 114 75 59 70 92 69 47 40
is_linear=0
shrinkage=0.1


Tree=11
num_leaves=15
num_cat=0
split_feature=10 16 10 13 16 3 0 2 15 3 3 10 11 16
split_gain=4.81817 3.81377 2.46575 2.30372 2.68394 3.41195 1.9555 2.36526 2.3333 1.87945 3.83675 1.66346 1.26504 0.143922
threshold=69.500000000000014 88.000000000000014 47.500000000000007 1.0000000180025095e-35 67.200000000000017 1.0000000180025095e-35 1.0000000180025095e-35 1.5000000000000002 1.0000000180025095e-35 1.0000000180025095e-35 1.7500000000000002 40.500000000000007 1.0000000180025095e-35 81.600000000000009
decision_type=2 2 2 2 2 2 2 2 2 2 2 2 2 2
left_child=1 3 6 4 5 -1 7 8 -3 -5 -11 -7 -4 -6
right_child=-2 2 12 9 13 11 -8 -9 -10 10 -12 -13 -14 -15
leaf_value=-0.049685221734322299 -0.070239241182169121 -0.033019412509781375 0.032542792980430099 0.064038408957901652 -0.070282492139033328 -0.007355136726391211 0.12525993870695412 0.098554476209177067 0.065531669522256794 -0.072077627362921837 0.04010645160380269 0.062135080123361858 -0.024619679576176424 -0.049042776790846482
leaf_weight=9.5206224769353884 8.8510613366961461 5.0774810910224932 7.8541861772537214 6.2476999461650875 6.9712035208940488 6.7416504919528943 3.5490546002984038 4.9676556065678588 4.5599479749798775 4.9349101185798627 7.9756896197795868 7.0442004799842834 7.6350793540477753 5.8821911662817001
leaf_count=33 29 24 38 31 22 27 34 39 29 16 38 33 28 20
internal_value=0.000124206 0.00712488 0.0336746 -0.00902213 -0.0238762 -0.00364397 0.0586811 0.0425023 0.01361 0.0190138 -0.00277446 0.0281525 0.00436586 -0.0605624
internal_weight=97.8126 88.9616 33.6434 55.3182 36.1599 23.3065 18.1541 14.6051 9.63743 19.1583 12.9106 13.7859 15.4893 12.8534
internal_count=441 412 192 220 135 93 126 92 53 85 54 60 66 42
is_linear=0
shrinkage=0.1


Tree=12
num_leaves=16
num_cat=0
split_feature=10 16 10 7 0 11 10 7 1 16 16 3 16 10 15
split_gain=4.21779 4.89343 6.87278 2.49366 2.31976 2.5486 1.9464 3.70992 2.61155 1.77449 1.61532 1.2987 1.74752 1.05347 0.376279
threshold=47.500000000000007 84.300000000000026 40.500000000000007 0.90000000000000013 1.0000000180025095e-35 1.0000000180025095e-35 69.500000000000014 1.0000000180025095e-35 1.0000000180025095e-35 36.900000000000013 98.250000000000014 2.5000000000000004 106.65000000000002 37.500000000000007 1.0000000180025095e-35
decision_type=2 2 2 2 2 2 2 2 2 2 2 2 2 2 2
left_child=1 2 3 9 5 10 7 11 -9 -1 -3 12 14 -11 -2
right_child=6 4 -4 -5 -6 -7 -8 8 -10 13 -12 -13 -14 -15 -16
leaf_value=0.035619380306356765 0.025193347203701456 -0.030097066316838585 0.10409363518513548 -0.075200762948243113 0.12797314283812075 0.1005737672141373 -0.065398185675896101 0.092769193825721574 -0.014904245460571905 0.0034632990049407058 0.048689699417481608 -0.059416517775479454 -0.061265912990803473 -0.051540195003207806 -0.011623306773301657
leaf_weight=6.8252894878387513 6.1215468198061007 4.6584897488355654 4.9728011935949317 6.9948256611824027 3.906504198908805 5.0020171552896491 8.5706212595105153 4.867316469550131 4.1931684911251068 6.3842998594045621 5.8955599814653397 10.09021280705929 5.2846280485391608 7.6600092351436615 5.079444095492363
leaf_count=31 26 21 26 22 38 39 29 25 16 27 38 36 19 28 20
internal_value=0.000127645 0.0193479 -0.00420116 -0.0235279 0.0590798 0.0417791 -0.0226112 -0.0123208 0.0429382 -0.00620879 0.0139137 -0.0311603 -0.0138657 -0.0265366 0.00849767
internal_weight=96.5067 52.2998 32.8372 27.8644 19.4626 15.5561 44.2069 35.6363 9.06048 20.8696 10.554 26.5758 16.4856 14.0443 11.201
internal_count=441 270 134 108 136 98 171 142 41 86 59 101 65 55 46
is_linear=0
shrinkage=0.1


Tree=13
num_leaves=16
num_cat=0
split_feature=10 16 10 3 0 11 16 10 7 1 3 15 3 16 15
split_gain=3.46817 4.14617 5.57221 2.47279 2.1805 2.23424 1.75341 1.66535 3.01222 2.11791 1.65496 1.54119 1.06034 1.42346 0.303871
threshold=47.500000000000007 84.300000000000026 40.500000000000007 2.5000000000000004 1.0000000180025095e-35 1.0000000180025095e-35 36.900000000000013 69.500000000000014 1.0000000180025095e-35 1.0000000180025095e-35 1.0000000180025095e-35 1.0000000180025095e-35 2.5000000000000004 106.65000000000002 1.0000000180025095e-35
decision_type=2 2 2 2 2 2 2 2 2 2 2 2 2 2 2
left_child=1 2 3 6 5 11 -1 8 12 -10 -8 -3 13 14 -2
right_child=7 4 -4 -5 -6 -7 10 -9 9 -11 -12 -13 -14 -15 -16
leaf_value=0.00063279557800970262 0.022596567323153148 -0.025838106231591901 0.09364243177417321 0.029311039324758065 0.12485145688751149 0.095254422151741042 -0.020474721456054834 -0.06085700929168214 0.083615054850929404 -0.013452302025747249 -0.09155606353346965 0.050904767580805227 -0.053716599016798428 -0.055419009704387949 -0.010479932880562808
leaf_weight=7.2551924884319368 6.1414052248001116 5.2171813771128672 4.9747134000062934 7.1617312133312216 3.6185556575655928 4.7656461745500556 5.8208260834217054 8.3034573793411237 4.8603898137807828 4.1818000227212906 7.4905775040388107 5.2503577396273613 10.047058671712877 5.2592869549989691 5.0707353949546814
leaf_count=30 26 25 26 31 38 39 23 29 25 16 24 34 36 19 20
internal_value=0.000134787 0.0177202 -0.0038111 -0.0212951 0.0550717 0.0384959 -0.0389173 -0.0205339 -0.0111184 0.0387237 -0.0604735 0.0126549 -0.0281134 -0.0124962 0.00763759
internal_weight=95.4189 51.5548 32.703 27.7283 18.8517 15.2332 20.5666 43.8641 35.5607 9.04219 13.3114 10.4675 26.5185 16.4714 11.2121
internal_count=441 270 134 108 136 98 77 171 142 41 47 59 101 65 46
is_linear=0
shrinkage=0.1


Tree=14
num_leaves=16
num_cat=0
split_feature=10 16 10 7 0 16 11 16 16 7 1 3 11 16 3
split_gain=2.85016 3.50544 4.53052 2.25998 2.05614 2.14175 3.19981 2.51175 1.64866 2.83375 4.22703 1.80749 1.62365 1.31551 1.2881
threshold=47.500000000000007 84.300000000000026 40.500000000000007 0.90000000000000013 1.0000000180025095e-35 129.65000000000001 1.0000000180025095e-35 98.250000000000014 32.650000000000006 1.0000000180025095e-35 1.0000000180025095e-35 2.5000000000000004 1.0000000180025095e-35 74.40000000000002 1.7500000000000002
decision_type=2 2 2 2 2 2 2 2 2 2 2 2 2 2 2
left_child=1 2 3 13 5 6 7 -3 -2 11 -11 12 -10 14 -1
right_child=8 4 -4 -5 -6 -7 -8 -9 9 10 -12 -13 -14 -15 -16
leaf_value=-0.012452742338965079 -0.061017481383716946 -0.028552671185525319 0.084580346663181247 -0.068950863875008359 0.12213133633261686 -0.039907221566876344 0.13108771284999618 0.083265900143334834 0.030695082592275377 0.10668627679934171 -0.029910718745379247 -0.057786117631206814 -0.033195465548497081 -0.04374021199115341 0.046644732158644349
leaf_weight=8.6799894422292763 7.5847696289420119 4.6794033348560351 4.9577194750308982 6.8705344498157492 3.343360722064971 3.0160504579544059 3.7379574030637732 3.5199722275137901 7.1520793214440355 4.5481389835476858 4.5137633383274078 10.746955558657648 8.96146260201931 5.6968954205512992 6.413129895925521
leaf_count=35 26 21 26 22 38 15 35 27 32 25 17 38 33 20 31
internal_value=0.000141417 0.0162018 -0.00345015 -0.0192282 0.051236 0.0353848 0.0544078 0.0194508 -0.0186535 -0.00970862 0.0386469 -0.0260223 -0.00483731 -0.00279626 0.012658
internal_weight=94.4222 50.915 32.6183 27.6605 18.2967 14.9534 11.9373 8.19938 43.5072 35.9224 9.0619 26.8605 16.1135 20.79 15.0931
internal_count=441 270 134 108 136 98 83 48 171 145 42 103 65 86 66
is_linear=0
shrinkage=0.1


Tree=15
num_leaves=17
num_cat=0
split_feature=10 16 12 14 1 3 3 16 7 16 16 10 16 11 16 16
split_gain=2.68554 2.52491 2.26438 3.65326 3.32366 2.68566 2.53954 2.08166 2.38199 3.65956 2.7559 3.55614 1.41221 0.814121 0.617348 0.00140993
threshold=69.500000000000014 88.000000000000014 1.0000000180025095e-35 1.0000000180025095e-35 1.5000000000000002 1.0000000180025095e-35 1.1000000000000003 93.350000000000009 0.28750000000000003 98.550000000000011 132.25000000000003 47.500000000000007 114.25000000000001 1.0000000180025095e-35 60.70000000000001 107.15000000000002
decision_type=2 2 2 2 2 2 2 2 2 2 2 2 2 2 2 2
left_child=1 2 -1 5 6 -4 -5 -3 9 -9 11 15 -10 -8 -7 -11
right_child=-2 7 3 4 -6 14 13 8 12 10 -12 -13 -14 -15 -16 -17
leaf_value=-0.054846334637394904 -0.055377887370747281 0.087871672456494077 0.10261444517605744 -0.029533045382413577 -0.061490393705700766 0.036502210839364245 0.073951911509123655 -0.092103529802729706 0.10856962782495279 0.12724050274241128 -0.039467586662004596 0.0056398081230604781 0.015168017926869544 0.015146107045412444 -0.01231628901998001 0.12342770430371693
leaf_weight=8.5741621255874616 7.9635318517684928 4.8993445411324528 4.8474758863449088 9.5582506209611946 11.41663885116577 5.2550393939018232 4.5638532862067205 3.5767765939235749 3.7961049154400817 1.9458053633570691 5.2742668166756621 6.8896153271198273 2.8223155960440636 4.8625289648771286 5.1084902435541153 1.9336707927286623
leaf_count=29 29 33 27 36 38 26 23 18 30 20 25 29 17 20 21 20
internal_value=0.000159646 0.0053431 -0.00769715 0.00116592 -0.0188526 0.0411757 0.00678811 0.0280359 0.0168631 -0.000636409 0.0197557 0.0487608 0.0687401 0.0436174 0.0124381 0.12534
internal_weight=93.2879 85.3243 54.1864 45.6123 30.4013 15.211 18.9846 31.1379 26.2386 19.6201 16.0434 10.7691 6.61842 9.42638 10.3635 3.87948
internal_count=441 412 220 191 117 74 79 192 159 112 94 69 47 43 47 40
is_linear=0
shrinkage=0.1


Tree=16
num_leaves=16
num_cat=0
split_feature=10 16 12 14 1 3 7 16 16 10 16 16 16 1 16
split_gain=2.24626 2.09193 1.85712 2.98605 2.75182 2.23344 2.10075 2.31353 1.73835 2.25514 2.93379 1.8545 1.78942 2.6268 0.502953
threshold=69.500000000000014 88.000000000000014 1.0000000180025095e-35 1.0000000180025095e-35 1.5000000000000002 1.0000000180025095e-35 0.90000000000000013 55.650000000000006 93.350000000000009 37.500000000000007 102.55000000000001 129.65000000000001 107.15000000000002 1.5000000000000002 60.70000000000001
decision_type=2 2 2 2 2 2 2 2 2 2 2 2 2 2 2
left_child=1 2 -1 5 6 -4 7 -5 -3 10 -10 12 13 -11 -7
right_child=-2 8 3 4 -6 14 -8 -9 9 11 -12 -13 -14 -15 -16
leaf_value=-0.049937237625231445 -0.051417209294105093 0.081137579889805578 0.093964930073059783 0.070451799213461772 -0.056367356840995413 0.033037162771991459 -0.045359381506481555 -0.012801636364196834 -0.017107190751856155 0.047857601112037046 0.12773714084564933 -0.047819649278358724 0.061684424422109557 -0.064315709842819799 -0.011087428860235719
leaf_weight=8.480401009321211 7.7317364737391463 4.7816553488373783 4.7684507742524138 6.4930539354682022 11.219462409615515 5.2271026372909528 5.5889890342950812 6.8690647333860397 2.3202603347599533 4.0110766068100947 3.5195660516619682 5.8479318991303435 5.8197546787559977 4.3533448576927185 5.1072804778814316
leaf_count=29 29 33 27 33 38 26 20 26 16 26 37 26 36 18 21
internal_value=0.000172098 0.00489769 -0.0069906 0.00105397 -0.0171164 0.0373525 0.00612096 0.0276537 0.0257449 0.0155072 0.0701881 -0.000433594 0.019103 -0.0105241 0.0112307
internal_weight=92.1391 84.4074 53.7538 45.2734 30.1706 15.1028 18.9511 13.3621 30.6536 25.8719 5.83983 20.0321 14.1842 8.36442 10.3344
internal_count=441 412 220 191 117 74 79 59 192 159 53 106 80 44 47
is_linear=0
shrinkage=0.1


Tree=17
num_leaves=17
num_cat=0
split_feature=10 16 16 7 14 12 14 1 10 16 10 16 16 11 16 3
split_gain=1.99872 2.30896 3.89927 3.58521 2.25146 2.2388 2.35467 3.15041 1.78213 2.21604 1.54658 1.51876 1.8813 0.974646 0.593789 0.633672
threshold=52.500000000000007 89.15000000000002 93.350000000000009 1.5500000000000003 1.0000000180025095e-35 1.0000000180025095e-35 1.0000000180025095e-35 1.5000000000000002 37.500000000000007 103.00000000000001 36.000000000000007 129.65000000000001 107.15000000000002 1.0000000180025095e-35 64.500000000000014 1.0000000180025095e-35
decision_type=2 2 2 2 2 2 2 2 2 2 2 2 2 2 2 2
left_child=1 3 -3 5 -2 -1 10 14 9 -4 -7 12 -10 -6 15 -8
right_child=4 2 8 -5 13 6 7 -9 11 -11 -12 -13 -14 -15 -16 -17
leaf_value=-0.044337071412733742 0.025734794106344872 0.14369453032609569 -0.0021339453245794973 -0.076518926177552515 -0.021018499080168691 0.0087905391354102542 -0.011777088843510072 -0.048016245033733231 -0.013140582661793488 0.12420171488737825 0.085816383132446078 -0.050273491990262854 0.084233343244617717 -0.068274286505143694 0.059328838819655005 0.041822828150325356
leaf_weight=6.9696076661348334 6.4904923141002682 2.915848013013604 2.5642668046057251 5.877695530652999 9.2929707542061806 4.2643578797578794 4.48311799764633 8.6077000349760056 5.3534852601587755 3.0279023535549641 6.7061111927032471 4.2471037879586211 3.1525553204119205 8.2296526879072189 4.4699954763054857 4.3417397439479828
leaf_count=24 28 25 18 19 36 20 18 30 32 35 39 20 25 29 21 22
internal_value=0.000175818 0.00904974 0.0362763 -0.00361132 -0.0245768 0.00714421 0.0180591 -0.000882273 0.019203 0.066271 0.0558755 -0.00143607 0.0229487 -0.0432126 0.0296344 0.0145935
internal_weight=90.9946 66.9815 21.2612 45.7203 24.0131 39.8426 32.873 21.9026 18.3453 5.59217 10.9705 12.7531 8.50604 17.5226 13.2949 8.82486
internal_count=441 348 155 193 93 174 150 91 130 53 59 77 57 65 61 40
is_linear=0
shrinkage=0.1


Tree=18
num_leaves=17
num_cat=0
split_feature=10 15 3 16 12 7 1 2 16 16 3 3 11 16 16 16
split_gain=1.72469 1.65153 8.00845 2.31693 1.58864 2.49591 1.56896 2.57707 3.59285 2.70606 2.37394 2.96204 1.06087 0.986425 3.32134 0.872131
threshold=69.500000000000014 1.0000000180025095e-35 2.5000000000000004 93.65000000000002 1.0000000180025095e-35 0.90000000000000013 1.5000000000000002 1.0000000180025095e-35 65.40000000000002 78.15000000000002 2.5000000000000004 0.40000000000000008 1.0000000180025095e-35 55.650000000000006 78.800000000000011 95.250000000000014
decision_type=2 2 2 2 2 2 2 2 2 2 2 2 2 2 2 2
left_child=1 6 4 -4 -3 13 7 8 -1 -9 11 -8 -10 -6 -15 -11
right_child=-2 2 3 -5 5 -7 10 9 12 15 -12 -13 -14 14 -16 -17
leaf_value=-0.016617960058106455 -0.046071290931978266 -0.055518934602280606 0.058090454790899748 0.15862659780748189 0.065108526426568322 -0.056764370460474216 -0.053911652855390714 0.0246820938766323 0.12753474825057645 -0.084794585039091014 -0.075049003549390189 0.053997139807435694 0.050433531246038235 -0.06169467615476773 0.05722072971637298 -0.024743471829323099
leaf_weight=6.2045023590326327 7.3970591872930518 5.6298682391643551 5.592053256928919 3.8846758529543877 4.4616991430521038 4.8751551732420912 5.1199344322085398 7.758500590920451 3.4264208786189556 4.8092555701732618 7.2941184267401686 5.0555246099829674 3.7244074121117592 3.9906794428825361 5.7085991688072681 4.8649170398712158
leaf_count=26 29 22 31 37 23 20 20 36 29 17 27 25 20 14 37 28
internal_value=0.000183634 0.00433593 0.021167 0.099302 -0.0088526 0.0049488 -0.00757223 0.0060101 0.0390643 -0.019313 -0.0315094 -0.000298783 0.0873777 0.0261946 0.00829407 -0.0545963
internal_weight=89.7974 82.4003 34.1427 9.47673 24.666 19.0361 48.2576 30.788 13.3553 17.4327 17.4696 10.1755 7.15083 14.161 9.69928 9.67417
internal_count=441 412 184 68 116 94 228 156 75 81 72 45 49 74 51 45
is_linear=0
shrinkage=0.1


Tree=19
num_leaves=18
num_cat=0
split_feature=1 16 12 3 7 16 13 15 2 16 2 7 10 16 10 16 11
split_gain=1.57459 3.43518 2.11315 2.86214 3.56261 4.24935 3.66645 1.9685 2.79811 4.84235 1.80186 1.65053 2.47019 1.37154 1.12562 0.740964 0.607679
threshold=2.5000000000000004 15.100000000000001 1.0000000180025095e-35 1.0000000180025095e-35 0.90000000000000013 106.65000000000002 1.0000000180025095e-35 1.0000000180025095e-35 1.0000000180025095e-35 96.100000000000009 1.0000000180025095e-35 1.0000000180025095e-35 56.500000000000007 64.500000000000014 43.000000000000007 74.40000000000002 1.0000000180025095e-35
decision_type=2 2 2 2 2 2 2 2 2 2 2 2 2 2 2 2 2
left_child=1 -1 13 4 5 6 10 11 9 -9 -4 12 15 -3 -13 -5 -17
right_child=-2 2 3 7 -6 -7 -8 8 -10 -11 -12 14 -14 -15 -16 16 -18
leaf_value=0.084685257119954824 -0.059573575233026456 0.004550228250632996 0.096611536484500826 0.0066534660229685405 -0.046409856804630209 -0.028279221931433618 0.16666604019896408 -0.047714022936467489 0.081980908033636057 0.087691139186920841 0.0028168203417406096 -0.024039611388636639 -0.10070755389863756 -0.065790673704953381 0.050033842541611223 -0.014703661652419013 -0.06363174818862552
leaf_weight=4.8700571283698073 4.2008983120322219 4.3326466754078847 4.0560990720987373 6.3356271535158255 4.1716262511908999 4.305563509464263 3.9373759776353827 8.7764036506414431 4.9238297604024401 3.7780432291328898 4.1373586244881153 3.9997354783117753 4.953174076974391 7.6954834461212158 4.2116175442934036 5.6075266897678357 4.6377988159656525
leaf_count=25 16 17 22 29 18 25 28 38 36 27 20 20 15 36 21 29 19
internal_value=0.000185668 0.00314852 -0.00182379 0.00502609 0.0361211 0.0570678 0.0873598 -0.00854349 0.0180912 -0.00696619 0.0492491 -0.0241939 -0.0387399 -0.0404532 0.0139528 -0.0202285 -0.0368522
internal_weight=88.9309 84.73 79.8599 67.8318 20.608 16.4364 12.1308 47.2238 17.4783 12.5544 8.19346 29.7455 21.5341 12.0281 8.21135 16.581 10.2453
internal_count=441 425 400 347 113 95 70 234 101 65 42 133 92 53 41 77 48
is_linear=0
shrinkage=0.1


Tree=20
num_leaves=18
num_cat=0
split_feature=10 10 7 16 16 16 16 3 16 16 7 1 3 16 11 3 16
split_gain=1.54042 3.13105 3.94075 2.20449 2.66759 2.41703 3.11628 1.91655 2.81034 1.41722 2.12318 2.74749 1.66356 1.20868 1.10374 0.931981 0.00191407
threshold=47.500000000000007 43.000000000000007 1.5500000000000003 81.850000000000009 94.15000000000002 98.90000000000002 147.85000000000002 1.7500000000000002 63.500000000000007 32.650000000000006 1.0000000180025095e-35 1.0000000180025095e-35 2.5000000000000004 75.950000000000017 1.0000000180025095e-35 1.0000000180025095e-35 111.55000000000003
decision_type=2 2 2 2 2 2 2 2 2 2 2 2 2 2 2 2 2
left_child=1 2 3 7 -5 -6 16 15 -9 -2 12 -12 14 -3 -11 -1 -7
right_child=9 13 -4 4 5 6 -8 8 -10 10 11 -13 -14 -15 -16 -17 -18
leaf_value=-0.0030677137075924977 -0.054162140521813042 0.12636922549786739 -0.064280409875796016 0.12387804258731785 -0.059873985242232579 0.12202991875715037 -0.040529129076417425 0.087899076816182392 -0.025254824099124162 0.030359595070742058 0.093597321770982927 -0.020147107484109989 -0.051594122355648725 0.038833471809208021 -0.023541505848917305 -0.056588925398666147 0.11713838968901552
leaf_weight=7.8196463063359278 7.233836129307746 2.8289009928703299 7.2993763945996752 3.5952312685549241 2.5587624572217464 1.6680842079222205 1.9543084576725958 4.669961638748644 4.1414322555065155 6.9276193156838408 4.333663843572138 4.1641855686903 10.016869515180588 3.5655087120831013 8.4120766371488571 5.571802593767643 1.5371024049818514
leaf_count=34 26 17 36 29 14 21 10 27 16 32 25 17 38 26 33 20 20
internal_value=0.000173414 0.0124955 0.00230222 0.016803 0.0527309 0.0195899 0.0589987 -0.00150416 0.0347158 -0.0139846 -0.00539964 0.0378593 -0.0198972 0.0775595 0.000800978 -0.0253364 0.119684
internal_weight=88.2984 47.2101 40.8157 33.5163 11.3135 7.71826 5.1595 22.2028 8.81139 41.0883 33.8544 8.49785 25.3566 6.39441 15.3397 13.3914 3.20519
internal_count=441 270 227 191 94 65 51 97 43 171 145 42 103 43 65 54 41
is_linear=0
shrinkage=0.1


Tree=21
num_leaves=17
num_cat=0
split_feature=10 16 16 7 16 16 10 16 16 2 16 1 10 10 16 15
split_gain=1.37535 1.55418 1.28523 1.72465 3.51718 1.82897 2.74073 1.62297 1.23711 1.00721 1.75919 4.5488 2.00859 2.24061 1.72853 0.00841839
threshold=69.500000000000014 88.000000000000014 93.350000000000009 0.28750000000000003 98.050000000000011 132.25000000000003 47.500000000000007 116.70000000000002 15.100000000000001 1.5000000000000002 64.500000000000014 1.0000000180025095e-35 36.000000000000007 47.500000000000007 64.500000000000014 1.0000000180025095e-35
decision_type=2 2 2 2 2 2 2 2 2 2 2 2 2 2 2 2
left_child=1 8 -3 4 -4 6 15 -5 -1 10 12 -12 -10 -14 -11 -6
right_child=-2 2 3 7 5 -7 -8 -9 9 14 11 -13 13 -15 -16 -17
leaf_value=0.03934100817929969 -0.041930755137126491 0.072477947943355811 -0.096196040049005976 0.10146121440709743 0.1237593605694895 -0.03026950978439152 0.006788409032266531 -0.0034431764621589062 -0.069964137435920754 0.0025876662142849355 0.101493628925999 -0.020233558201212157 0.052488200629284602 -0.032873338952633689 -0.066366399274804838 0.11360358095169082
leaf_weight=5.2898313552141181 7.1216492801904669 4.3709569200873402 3.2468724437058034 3.6813046522438517 1.6022360399365407 5.0729046799242488 6.6733689531683922 2.4604319259524345 5.8391256630420747 6.9525474980473501 4.9900259897112829 7.9779240563511848 5.0724410936236364 7.8087298348546028 7.6197304055094719 1.6637676768004894
leaf_count=25 29 33 14 32 18 25 29 15 21 31 27 33 27 30 26 26
internal_value=0.000187383 0.00392173 0.0225411 0.0135958 -0.00182305 0.018588 0.0435242 0.0594356 -0.00647031 -0.0117088 -0.00170256 0.0266067 -0.021313 0.000740948 -0.0334679 0.118586
internal_weight=87.4438 80.3222 28.7718 24.4009 18.2591 15.0123 9.93937 6.14174 51.5504 46.2605 31.6882 12.968 18.7203 12.8812 14.5723 3.266
internal_count=441 412 192 159 112 98 73 47 220 195 138 60 78 57 57 44
is_linear=0
shrinkage=0.1


Tree=22
num_leaves=18
num_cat=0
split_feature=1 12 16 13 3 10 7 16 16 11 3 15 16 10 1 11 16
split_gain=1.37882 1.83496 2.31506 1.0201 2.23015 1.82327 1.50205 1.38487 2.40422 1.32516 1.31099 2.44874 1.75894 1.46844 0.94803 0.588819 0.356071
threshold=2.5000000000000004 1.0000000180025095e-35 62.900000000000006 1.0000000180025095e-35 1.0000000180025095e-35 56.500000000000007 0.90000000000000013 40.900000000000006 70.90000000000002 1.0000000180025095e-35 0.40000000000000008 1.0000000180025095e-35 74.40000000000002 40.500000000000007 1.5000000000000002 1.0000000180025095e-35 70.90000000000002
decision_type=2 2 2 2 2 2 2 2 2 2 2 2 2 2 2 2 2
left_child=1 2 -1 5 16 6 10 -6 -9 -8 13 12 -12 -3 -10 -7 -5
right_child=-2 3 -4 4 7 15 9 8 14 -11 11 -13 -14 -15 -16 -17 -18
leaf_value=0.02815963716740379 -0.056725772079751095 0.016127232993893039 -0.065086464919844572 0.053231542543793892 0.062160405034404134 -0.012152815031608401 0.01120074760783391 -0.079644343134465334 -0.0050239018660283756 -0.057073638156394574 0.034416540953607168 0.074357069808742182 -0.045431603515277683 0.098331374562596552 0.06032829268688758 -0.05760625172865657 0.1013067788957754
leaf_weight=4.0336562916636449 4.0564401820302001 4.3724742680788058 7.8331072926521301 3.0084248334169414 3.6407883539795902 5.9034641087055189 6.6789350211620313 3.4219645559787741 6.371154919266699 4.9495804719626904 4.4710001498460752 4.1779897883534423 7.2039613053202629 4.3200230970978737 3.4066206775605679 5.5101718306541443 3.157638181000948
leaf_count=17 16 26 37 17 20 24 36 13 40 21 21 29 32 26 21 21 24
internal_value=0.000192817 0.00299277 -0.033391 0.00910882 0.0263974 0.000750534 0.0117455 0.00755798 -0.00750261 -0.0178597 0.025771 0.00865782 -0.0148533 0.0569813 0.0177451 -0.0340964 0.0778509
internal_weight=86.5174 82.461 11.8668 70.5942 23.0066 47.5876 36.174 16.8405 13.1997 11.6285 24.5454 15.853 11.675 8.6925 9.77778 11.4136 6.16606
internal_count=441 425 54 371 135 236 191 94 74 57 134 82 53 52 61 45 41
is_linear=0
shrinkage=0.1


Tree=23
num_leaves=18
num_cat=0
split_feature=1 16 16 12 3 7 16 13 10 15 16 2 11 16 16 14 11
split_gain=1.13928 2.35197 1.93718 1.50516 1.71753 2.84926 2.80409 1.88963 4.03615 1.46077 3.89533 1.52167 1.57944 1.39408 1.08 0.519292 0.100023
threshold=2.5000000000000004 15.100000000000001 32.650000000000006 1.0000000180025095e-35 1.0000000180025095e-35 1.0000000180025095e-35 83.300000000000011 1.0000000180025095e-35 56.500000000000007 1.0000000180025095e-35 82.550000000000011 1.0000000180025095e-35 1.0000000180025095e-35 84.300000000000026 104.30000000000003 1.0000000180025095e-35 1.0000000180025095e-35
decision_type=2 2 2 2 2 2 2 2 2 2 2 2 2 2 2 2 2
left_child=1 -1 16 15 7 9 -7 8 13 11 -11 12 -6 -5 -8 -4 -3
right_child=-2 2 3 4 5 6 14 -9 -10 10 -12 -13 -14 -15 -16 -17 -18
leaf_value=0.070894178603394128 -0.052053995238478271 -0.031374375526392093 -0.055257951198244372 0.019464770171087463 0.029465857781867597 0.099952461583786581 -0.029688660912299936 0.088853590575680153 -0.066764482895461719 -0.051326779921742921 0.081841457168744788 -0.070760595753754707 -0.045874332937995255 0.10357456305988255 0.045796459561012297 -0.0082075819961589247 -0.050424650530022201
leaf_weight=4.7655177116394034 3.9824646264314643 5.970152296125887 4.7634852752089483 4.4277674704790133 5.1031452156603354 4.7294739335775358 4.4761061556637287 5.074032735079526 3.9439886510372162 4.4065019413828868 4.3798132371157408 7.1030019819736472 6.119221605360508 3.5509066842496395 3.287464302033186 4.6217363364994526 5.1195855438709259
leaf_count=25 16 24 21 19 29 26 24 36 14 17 36 27 26 32 26 24 19
internal_value=0.0001763 0.00271785 -0.00149739 0.00500176 0.0111517 -0.000259903 0.0392528 0.0377424 0.0159906 -0.0184673 0.0150551 -0.0345401 -0.0116149 0.0568978 0.00227532 -0.0320881 -0.0401689
internal_weight=85.8244 81.8419 77.0764 65.9866 56.6014 39.6047 12.493 16.9967 11.9227 27.1117 8.78632 18.3254 11.2224 7.97867 7.76357 9.38522 11.0897
internal_count=441 425 400 357 312 211 76 101 65 135 53 82 55 51 50 45 43
is_linear=0
shrinkage=0.1


Tree=24
num_leaves=17
num_cat=0
split_feature=10 16 12 3 10 15 1 13 16 16 10 16 16 16 13 16
split_gain=1.03493 7.05414 1.98677 1.95914 2.88007 5.75201 2.41427 2.32094 1.51237 2.69358 1.15711 0.917385 1.30048 4.02579 0.901072 0.00916939
threshold=37.500000000000007 65.40000000000002 1.0000000180025095e-35 2.5000000000000004 60.500000000000007 1.0000000180025095e-35 1.5000000000000002 1.0000000180025095e-35 83.950000000000017 98.250000000000014 40.500000000000007 36.900000000000013 88.000000000000014 129.65000000000001 1.0000000180025095e-35 117.10000000000001
decision_type=2 2 2 2 2 2 2 2 2 2 2 2 2 2 2 2
left_child=1 -1 -2 7 5 6 -5 11 -3 -10 -9 -4 -13 -14 -7 -11
right_child=2 8 3 4 -6 14 -8 10 9 15 -12 12 13 -15 -16 -17
leaf_value=-0.042155354066691297 -0.047171379328183924 0.13114726050787331 0.040230931753446081 -0.0066764728761747943 -0.096636706916667911 0.11021951964764486 -0.092450106701094104 0.02188927455870528 -0.0012664808899747872 0.11639931784262805 0.097590978471385828 -0.035002498424343741 0.0722639562113081 -0.069409453857335046 0.03372909433165313 0.12734161195508495
leaf_weight=9.6599266752600688 9.9332684576511365 3.3697192221879941 4.8382908701896694 8.3448670729994827 4.0688782483339301 3.3950417712330809 5.4082979559898368 3.645289674401285 4.2629779875278473 1.6710494700819256 4.526129737496376 9.1946557015180606 5.3511664941906911 3.2082724384963512 2.818752896040678 1.4136827401816843
leaf_count=37 39 19 23 39 15 25 18 22 28 26 29 36 37 13 18 17
internal_value=0.000164053 0.0198182 -0.0060229 0.00143589 -0.0199552 -0.00432906 -0.0404061 0.0181488 0.0756767 0.0502375 0.0638203 0.00162998 -0.00888944 0.0191615 0.0755213 0.121414
internal_weight=85.1103 20.3774 64.7329 54.7996 24.0358 19.967 13.7532 30.7638 10.7174 7.34771 8.17142 22.5924 17.7541 8.55944 6.21379 3.08473
internal_count=441 127 314 275 115 100 57 160 90 71 51 109 86 50 43 43
is_linear=0
shrinkage=0.1


Tree=25
num_leaves=17
num_cat=0
split_feature=10 7 3 16 11 16 3 2 10 16 7 15 3 16 16 11
split_gain=0.912084 2.5127 2.15268 6.91727 2.89791 2.84416 2.10231 1.98754 2.51871 1.355 1.58151 2.52179 1.36481 1.18263 0.960847 0.644344
threshold=47.500000000000007 1.5500000000000003 2.5000000000000004 74.40000000000002 1.0000000180025095e-35 84.300000000000026 1.1000000000000003 1.5000000000000002 36.000000000000007 32.650000000000006 1.0000000180025095e-35 1.0000000180025095e-35 2.5000000000000004 82.250000000000014 106.65000000000002 1.0000000180025095e-35
decision_type=2 2 2 2 2 2 2 2 2 2 2 2 2 2 2 2
left_child=1 2 5 -4 -5 7 -7 8 -1 -2 12 -12 14 -3 15 -11
right_child=9 13 3 4 -6 6 -8 -9 -10 10 11 -13 -14 -15 -16 -17
leaf_value=-0.033198816882039531 -0.050712663959253779 -0.083336468092975971 0.18276615173756303 0.058967767857102726 -0.075570694576714365 0.12916532454110399 0.013922120607688191 -0.057719563931258794 0.052484002734484614 0.048361242515947145 0.093292260314664643 -0.018742848335560634 -0.044740979008768618 -0.0078565400274427776 -0.032088649382927749 -0.0033079767228225282
leaf_weight=6.8624655902385765 7.0505188703536978 3.5187183320522291 3.1749105229973775 3.855790700763464 2.737779276445508 2.8223303742706767 3.6046861782670021 6.4352172985672942 6.8605669960379601 4.7958953455090505 3.9352790415287 4.1046725884079933 9.4488832354545593 5.0620767641812563 4.8791720196604738 4.858665905892849
leaf_count=27 26 11 21 32 19 37 28 25 37 23 23 19 38 33 20 22
internal_value=0.000148322 0.00986475 0.0213534 0.0614976 0.00310477 0.00660285 0.0645295 -0.0118658 0.00963667 -0.0110257 -0.00228768 0.0360945 -0.0151549 -0.0388085 0.00407996 0.0223587
internal_weight=84.0076 44.9345 36.3537 9.76848 6.59357 26.5853 6.42702 20.1582 13.723 39.0731 32.0226 8.03995 23.9826 8.5808 14.5337 9.65456
internal_count=441 270 226 72 51 154 65 89 64 171 145 42 103 44 65 45
is_linear=0
shrinkage=0.1


Tree=26
num_leaves=19
num_cat=0
split_feature=1 12 16 16 3 7 16 13 10 16 7 16 15 16 2 1 16 16
split_gain=0.899762 1.05312 1.9823 1.40504 1.51436 2.81419 3.69199 2.65713 1.4805 0.967737 2.12871 2.20243 1.02129 3.72118 1.30059 1.14195 0.560556 0.054522
threshold=2.5000000000000004 1.0000000180025095e-35 62.900000000000006 15.100000000000001 1.0000000180025095e-35 0.90000000000000013 106.65000000000002 1.0000000180025095e-35 40.500000000000007 32.650000000000006 1.0000000180025095e-35 83.300000000000011 1.0000000180025095e-35 66.200000000000017 1.0000000180025095e-35 1.5000000000000002 101.65000000000002 93.350000000000009
decision_type=2 2 2 2 2 2 2 2 2 2 2 2 2 2 2 2 2 2
left_child=1 2 -1 -3 5 6 7 8 -5 -6 12 -12 14 -14 15 -11 -13 -15
right_child=-2 3 -4 4 9 -7 -8 -9 -10 10 11 16 13 17 -16 -17 -18 -19
leaf_value=0.031694800233620972 -0.046886575652521051 0.06080773328713588 -0.055760331185863946 -0.0020720389538183828 -0.044521032641537006 -0.047674943393161917 -0.038252392998369425 0.14914376785397546 0.085827087037870342 0.026145846146915716 0.08687761723199923 -0.026666338796477718 -0.085827079658579344 0.066871517488149373 -0.0644104234128378 -0.038808430201204849 0.027888086070685776 0.047448892466961823
leaf_weight=3.9574979469180089 3.8770080655813208 4.5580707192420951 7.5103420242667198 3.7085633873939532 5.8843083381652823 3.9769777506589881 3.7875116877257815 3.437168724834919 3.9647455960512161 4.995525427162649 4.7330140545964223 3.8755328431725502 2.6834108382463473 2.7293408289551735 6.9468583539128295 5.9072562605142593 3.6642672754824162 3.0720790773630142
leaf_count=17 16 24 37 19 23 18 25 28 23 28 26 21 10 16 27 27 29 27
internal_value=0.000152881 0.00244998 -0.02558 0.00718233 0.00332496 0.0270595 0.0470096 0.0760751 0.0433448 -0.0067441 -0.000986355 0.0334101 -0.0170164 0.0115468 -0.0305938 -0.00904715 -0.000153435 0.0565865
internal_weight=83.2695 79.3925 11.4678 67.9246 63.3666 18.875 14.898 11.1105 7.67331 44.4916 38.6073 12.2728 26.3345 8.48483 17.8496 10.9028 7.5398 5.80142
internal_count=441 425 54 371 347 113 95 70 42 234 211 76 135 53 82 55 50 43
is_linear=0
shrinkage=0.1


Tree=27
num_leaves=19
num_cat=0
split_feature=16 16 10 16 2 16 11 3 7 3 16 16 16 10 3 16 10 16
split_gain=0.963604 1.96562 1.46134 2.85268 1.58191 1.79667 1.40247 2.4127 2.26904 1.25384 1.84343 1.84257 0.986893 2.55917 3.04993 0.187717 0.169699 0.00613289
threshold=88.000000000000014 93.350000000000009 37.500000000000007 98.250000000000014 1.0000000180025095e-35 113.90000000000002 1.0000000180025095e-35 2.5000000000000004 0.90000000000000013 0.40000000000000008 55.650000000000006 49.550000000000004 67.200000000000017 36.000000000000007 0.40000000000000008 100.95000000000002 43.000000000000007 117.10000000000001
decision_type=2 2 2 2 2 2 2 2 2 2 2 2 2 2 2 2 2 2
left_child=6 -2 3 -3 5 15 7 9 -9 11 -11 -1 13 -8 -15 -4 -14 -5
right_child=1 2 4 17 -6 -7 12 8 -10 10 -12 -13 16 14 -16 -17 -18 -19
leaf_value=-0.03060930931451282 0.077674417273366381 -0.044157242570992863 -0.033667257063627581 0.11467255066280167 -0.047576276151632658 0.053266141534777239 -0.066726406629079804 0.10312769153847699 0.00071021098309752468 0.0056045001783638646 -0.07757994986071963 0.065586214219830019 -0.035841018250588184 -0.034912900706137555 0.073239613048749708 -0.0038282392176690254 -0.061801237901557185 0.12412852690633069
leaf_weight=3.9747265279293087 4.2299386858940151 1.7504559122025991 4.0770622305572051 1.495974747464061 6.5941008385270825 6.019504912197589 5.1379106417298344 4.288148872554304 4.365267738699913 5.4767014086246473 5.1873220130801201 3.9901068955659866 4.9214038476347906 5.1828878596425039 5.247332900762558 4.3660917431116104 5.1562105789780617 1.2666150443255899
leaf_count=17 34 10 21 26 35 38 18 26 20 25 18 23 19 21 28 23 22 17
internal_value=0.0001459 0.0145293 0.00408334 0.0557218 -0.00698421 0.0115233 -0.00795227 0.00783005 0.0514626 -0.012438 -0.0348591 0.0175813 -0.0247417 -0.00895877 0.0194975 -0.018237 -0.0491236 0.119008
internal_weight=82.7278 29.7997 25.5698 4.51305 21.0568 14.4627 52.928 27.2823 8.65342 18.6289 10.664 7.96483 25.6457 15.5681 10.4302 8.44315 10.0776 2.76259
internal_count=441 204 170 53 117 82 237 129 46 83 43 40 108 67 49 44 41 43
is_linear=0
shrinkage=0.1


Tree=28
num_leaves=17
num_cat=0
split_feature=10 16 12 3 0 15 13 16 16 11 10 16 16 16 16 16
split_gain=0.827378 4.97894 1.31881 1.55686 1.77041 4.80116 1.76956 1.29022 2.29828 1.06984 0.893303 0.691917 2.37055 2.8017 0.223547 0.00464289
threshold=37.500000000000007 65.40000000000002 1.0000000180025095e-35 2.5000000000000004 1.5000000000000002 1.0000000180025095e-35 1.0000000180025095e-35 83.950000000000017 98.250000000000014 1.0000000180025095e-35 40.500000000000007 74.850000000000009 90.250000000000014 129.15000000000003 36.900000000000013 117.10000000000001
decision_type=2 2 2 2 2 2 2 2 2 2 2 2 2 2 2 2
left_child=1 -1 -2 6 5 9 11 -3 -9 -5 -8 14 -13 -14 -4 -10
right_child=2 7 3 4 -6 -7 10 8 15 -11 -12 12 13 -15 -16 -17
leaf_value=-0.033939288634952637 -0.039699973132300913 0.11853865476679258 0.036838463371200912 -0.044152669511124197 0.030465665711389613 0.042698269476716379 0.018880773560186852 -0.0036341668700185592 0.11317725990195762 -0.1045120891294623 0.08689756024750285 -0.074153746489843644 0.064221903985370046 -0.055508906412260167 0.0062925510921752739 0.1217593406674492
leaf_weight=9.4343025907874125 9.5338717028498632 3.2985726296901685 4.7750036120414787 6.8825253173708969 5.5390569753944865 5.5312320925295344 3.4784174617379895 4.1586474739015102 1.3705807160586121 5.1217370480298996 4.3403094112873077 4.3189526945352545 4.9950672686099988 3.2105529140681028 4.8085916042327881 1.1672351062297819
leaf_count=37 39 19 23 29 33 35 22 28 26 18 29 16 34 15 21 17
internal_value=0.000140534 0.0181654 -0.00545968 0.00069944 -0.018819 -0.0343869 0.0157488 0.067347 0.0421308 -0.0699056 0.0566381 0.00128794 -0.0141872 0.0173757 0.021512 0.117124
internal_weight=81.9647 19.4293 62.5353 53.0014 23.0746 17.5355 29.9269 9.99504 6.69646 12.0043 7.81873 22.1082 12.5246 8.20562 9.5836 2.53782
internal_count=441 127 314 275 115 82 160 90 71 47 51 109 65 49 44 43
is_linear=0
shrinkage=0.1


Tree=29
num_leaves=17
num_cat=0
split_feature=10 10 7 3 3 11 16 2 16 16 7 15 3 16 16 11
split_gain=0.729165 2.26986 2.79086 1.51848 2.21054 2.19989 1.74248 2.70077 1.49962 1.23422 1.19866 2.15183 1.15499 0.76098 0.748531 0.660763
threshold=47.500000000000007 43.000000000000007 1.5500000000000003 1.7500000000000002 1.0000000180025095e-35 1.0000000180025095e-35 64.500000000000014 1.5000000000000002 94.850000000000009 32.650000000000006 1.0000000180025095e-35 1.0000000180025095e-35 2.5000000000000004 106.65000000000002 75.750000000000014 1.0000000180025095e-35
decision_type=2 2 2 2 2 2 2 2 2 2 2 2 2 2 2 2
left_child=1 2 3 4 6 8 -1 -8 -5 -2 12 -12 13 15 -3 -11
right_child=9 14 -4 5 -6 -7 7 -9 -10 10 11 -13 -14 -15 -16 -17
leaf_value=-0.014037022731555385 -0.048046121678867917 0.11119350689849022 -0.057431089425571402 0.11294445449712805 -0.047297759502736292 -0.0040578515272653862 0.14553276730365516 -0.013026291140816465 0.018041025575891736 0.048281926303739238 0.085587712444236741 -0.01881099894366985 -0.040883285404720526 -0.027527537134190556 0.037480836615584844 -0.0048648852476187417
leaf_weight=5.1352849602699333 6.9544845148921004 2.3466389365494242 6.8829664457589379 4.3591760620474798 7.5230639316141596 6.4662734474986792 2.3207258321344852 2.0000712368637323 2.6939999591559172 4.6426975801587123 3.8601165562868109 4.041339710354805 9.016777016222477 4.7837306335568437 3.3360646273940802 4.7151853442192078
leaf_count=22 26 16 36 30 31 37 25 19 27 23 23 19 38 20 27 22
internal_value=0.000126815 0.00903676 8.53845e-05 0.0130658 -0.00684487 0.0380717 0.0253386 0.0721367 0.0766956 -0.00996675 -0.00144055 0.0321911 -0.0129154 0.00491706 0.06792 0.0215027
internal_weight=81.0786 43.0643 37.3816 30.4986 16.9791 13.5194 9.45608 4.3208 7.05318 38.0143 31.0598 7.90146 23.1584 14.1416 5.6827 9.35788
internal_count=441 270 227 191 97 94 66 44 57 171 145 42 103 65 43 45
is_linear=0
shrinkage=0.1


Tree=30
num_leaves=18
num_cat=0
split_feature=16 16 0 7 16 3 1 12 3 1 11 10 16 2 16 2 16
split_gain=0.779632 2.44262 1.23584 1.22301 1.90467 1.66173 2.36907 1.2274 3.88763 2.04296 2.07829 0.993767 2.22414 0.645847 2.61386 0.645376 0.232922
threshold=89.15000000000002 93.350000000000009 1.5000000000000002 0.90000000000000013 28.350000000000005 1.1000000000000003 1.5000000000000002 1.0000000180025095e-35 1.0000000180025095e-35 1.0000000180025095e-35 1.0000000180025095e-35 37.500000000000007 98.550000000000011 1.0000000180025095e-35 107.15000000000002 1.0000000180025095e-35 101.65000000000002
decision_type=2 2 2 2 2 2 2 2 2 2 2 2 2 2 2 2 2
left_child=3 -2 11 4 -1 -5 -7 -6 15 10 -10 12 -3 14 -13 -9 -4
right_child=1 2 16 5 7 6 -8 8 9 -11 -12 13 -14 -15 -16 -17 -18
leaf_value=0.044799844866956484 0.10063292297657156 -0.039697940918496245 0.027454115025884462 -0.079134432713064418 -0.048826641477619975 0.038364471044938973 -0.058881849943916167 0.088248901990862882 0.05230193091340251 -0.074834629186553356 -0.038737498745430782 -0.055688475440948598 0.1167966833026608 -0.04191513376062337 0.045178986459054542 0.029028532572189982 0.07351799799657277
leaf_weight=8.3266973420977575 2.8954831585288074 1.7697410061955516 2.0914746299386016 4.8774610906839362 6.2180401161313084 5.2556078247725946 4.7868311107158661 4.0021091699600246 4.3613805957138521 5.6699801832437506 5.8992634117603302 4.7883533537387866 1.865430364385247 6.4416772946715346 5.5431838631629944 3.4066475108265877 2.3102585300803185
leaf_count=42 27 10 14 16 23 27 19 26 26 22 24 21 33 34 31 19 27
internal_value=0.000131838 0.0137172 0.00357361 -0.00699622 0.00255451 -0.0312471 -0.00798898 -0.00934653 0.0011717 -0.0266609 -4.03564e-05 -0.00679149 0.0406091 -0.0170644 -0.00157002 0.0610186 0.0516308
internal_weight=80.5096 27.7056 24.8101 52.804 37.8841 14.9199 10.0424 29.5574 23.3394 15.9306 10.2606 20.4084 3.63517 16.7732 10.3315 7.40876 4.40173
internal_count=441 197 170 244 182 62 46 140 117 72 50 129 43 86 52 45 41
is_linear=0
shrinkage=0.1


Tree=31
num_leaves=18
num_cat=0
split_feature=1 16 16 16 7 0 16 10 12 3 16 10 16 1 16 16 16
split_gain=0.685822 1.53552 0.93335 2.82568 1.86289 2.96334 1.57559 3.51742 2.1713 1.62651 2.77362 1.2617 1.02041 3.75455 0.870585 2.24328 0.0032152
threshold=2.5000000000000004 15.100000000000001 45.150000000000013 60.70000000000001 0.90000000000000013 1.0000000180025095e-35 64.500000000000014 37.500000000000007 1.0000000180025095e-35 0.40000000000000008 106.65000000000002 40.500000000000007 106.65000000000002 1.0000000180025095e-35 83.950000000000017 98.250000000000014 117.95000000000002
decision_type=2 2 2 2 2 2 2 2 2 2 2 2 2 2 2 2 2
left_child=1 -1 4 -4 5 -3 -5 14 -9 10 -10 -11 13 -13 -8 -16 -17
right_child=-2 2 3 6 -6 -7 7 8 9 11 -12 12 -14 -15 15 16 -18
leaf_value=0.05822043480601416 -0.042086117453882396 0.048601417816331483 0.071771106932867465 -0.069500265927560284 -0.074145862820290689 -0.057053536998730094 0.094033791822649718 -0.071180819288823374 0.085117553355139 -0.053398636286038727 -0.028450289353548954 0.032165791720633823 0.036330616292069455 -0.082191147063508496 -0.014146799590356732 0.11046141286356791 0.11825957772004879
leaf_weight=4.5912382081151 3.6718211174011222 5.8088535554707033 5.6312064900994292 3.3206701576709738 4.8979283198714247 4.8887415006756783 3.6702442318201047 5.3351444527506819 4.8338587768375891 6.5181280933320549 3.8739093542098999 6.5857192818075436 4.9923289436846963 5.0898963138461113 3.78984609618783 1.1819180957973006 0.9566715620458125
leaf_count=25 16 30 32 12 18 20 21 22 33 33 23 38 30 19 26 27 16
internal_value=0.000123834 0.00216405 -0.00144181 0.00460479 -0.0230683 0.000317691 -0.00293738 0.00178277 -0.0121336 -0.0022563 0.0345935 -0.0160956 -0.00150799 -0.0176873 0.0557582 0.032062 0.11395
internal_weight=79.6381 75.9663 71.3751 55.7795 15.5955 10.6976 50.1483 46.8277 37.229 31.8938 8.70777 23.1861 16.6679 11.6756 9.59868 5.92844 2.13859
internal_count=441 425 400 332 68 50 300 288 198 176 56 120 87 57 90 69 43
is_linear=0
shrinkage=0.1


Tree=32
num_leaves=17
num_cat=0
split_feature=16 16 3 16 16 7 3 16 16 10 16 10 1 16 7 10
split_gain=0.699185 2.08607 1.37006 2.09244 1.22386 1.38282 1.10869 3.40542 1.06651 0.766242 2.34543 0.65495 1.36919 2.61154 0.534068 0.155524
threshold=84.300000000000026 80.550000000000011 1.1000000000000003 16.750000000000004 28.350000000000005 0.45000000000000007 1.1000000000000003 106.65000000000002 65.40000000000002 37.500000000000007 45.150000000000013 56.500000000000007 1.5000000000000002 93.350000000000009 1.0000000180025095e-35 40.500000000000007
decision_type=2 2 2 2 2 2 2 2 2 2 2 2 2 2 2 2
left_child=1 2 3 -1 -4 8 7 -2 -6 -5 -11 12 13 -8 -15 -14
right_child=6 -3 4 9 5 -7 11 -9 -10 10 -12 -13 15 14 -16 -17
leaf_value=-0.075215107924605062 0.10856454841096307 -0.064893094961730097 0.057494472215536968 -0.03350461203204546 -0.037178809777573756 0.047365358696979512 0.13760378559937173 -0.013616917181155742 0.021619960856575065 -0.033581774471187015 0.06740248514052774 -0.026327289035584997 -0.0058322246445604723 -0.016286648242613912 0.045841196286772967 -0.035594619139670151
leaf_weight=5.0312244519591358 4.1155801340937632 5.5881331190466872 5.4957115799188641 4.5279643908143035 7.7918877154588717 5.1570627987384787 2.0233982168138045 5.1179585140198469 5.1064255237579346 4.6148893982171995 4.5849554426968098 6.7701350525021544 3.4243748653680077 3.8221293538808823 2.168745057657361 3.6031422391533852
leaf_count=18 37 22 29 19 34 28 19 36 25 19 28 29 25 32 25 16
internal_value=0.000107573 -0.00746906 0.000115249 -0.0200474 0.0161753 0.00359858 0.0117971 0.0408419 -0.0139005 0.000171442 0.0167461 -0.000498262 0.0111271 0.0393792 0.00620413 -0.021092
internal_weight=78.9437 47.8983 42.3101 18.759 23.5511 18.0554 31.0455 9.23354 12.8983 13.7278 9.19984 21.8119 15.0418 8.01427 5.99087 7.02752
internal_count=441 222 200 84 116 87 219 73 59 66 47 146 117 76 57 41
is_linear=0
shrinkage=0.1


Tree=33
num_leaves=19
num_cat=0
split_feature=16 16 16 3 16 16 16 16 0 7 16 2 3 10 16 16 16 16
split_gain=0.62405 1.83473 0.967804 1.11306 1.72309 1.21389 2.01146 3.39608 0.908853 0.667848 0.885803 2.15108 1.36284 0.623121 1.90199 0.616643 0.53769 0.178027
threshold=89.15000000000002 93.350000000000009 80.550000000000011 1.1000000000000003 16.750000000000004 61.550000000000004 19.850000000000005 32.650000000000006 1.5000000000000002 1.1000000000000003 107.15000000000002 1.0000000180025095e-35 2.5000000000000004 37.500000000000007 45.150000000000013 70.050000000000011 101.30000000000003 83.950000000000017
decision_type=2 2 2 2 2 2 2 2 2 2 2 2 2 2 2 2 2 2
left_child=2 -2 3 4 -1 6 -5 -8 9 10 12 -12 -3 -6 -15 -7 -10 -4
right_child=1 8 17 5 13 15 7 -9 16 -11 11 -13 -14 14 -16 -17 -18 -19
leaf_value=-0.068606931675981614 0.090944785589385929 0.00065936414381383959 -0.049166657816873134 0.095711704200409767 -0.030298991661757441 -0.038184812231551041 -0.064392432735547386 0.053835994488278555 0.0060352168634888364 0.027281990616670079 0.060153754383442615 -0.04004721563696266 -0.0912253887061788 -0.030353309561398242 0.060685518647507798 0.013144628527951141 0.077118867245065129 -0.021485435001850083
leaf_weight=4.9676492884755161 2.68130845576525 3.354176100343472 4.7223190143704397 3.75709190219641 4.5074406489729872 4.8480860590934736 3.840546637773512 6.6132651641964912 1.9207938648760308 4.791379075497388 3.9189115948975068 4.7263366635888815 3.1117195691913366 4.5961879193782789 4.5832578465342522 4.5248823016881943 2.3859402518719435 4.5734901167452335
leaf_count=18 27 24 19 22 19 19 15 38 13 32 26 28 19 19 28 22 28 25
internal_value=0.000107706 0.0124567 -0.00633599 9.28931e-05 -0.0181596 0.0145303 0.0329555 0.0104009 0.00376369 -0.00524945 -0.0155644 0.00537412 -0.0435603 0.000150287 0.015102 -0.0134051 0.0454157 -0.0355476
internal_weight=78.4248 26.8906 51.5342 42.2384 18.6545 23.5839 14.2109 10.4538 24.2093 19.9025 15.1111 8.64525 6.4659 13.6869 9.17945 9.37297 4.30673 9.29581
internal_count=441 197 244 200 84 116 75 53 170 129 97 54 43 66 47 41 41 44
is_linear=0
shrinkage=0.1


Tree=34
num_leaves=20
num_cat=0
split_feature=1 16 16 16 0 12 16 16 10 16 2 16 16 1 1 16 3 10 11
split_gain=0.719686 1.40929 0.539981 0.841794 2.6056 1.67389 1.35308 2.26722 1.4678 2.78436 1.6301 3.88691 1.44018 1.11762 0.820158 1.53115 0.767888 0.179092 0.0335769
threshold=2.5000000000000004 15.100000000000001 32.650000000000006 61.550000000000004 1.5000000000000002 1.0000000180025095e-35 65.40000000000002 72.250000000000014 37.500000000000007 82.250000000000014 1.0000000180025095e-35 113.90000000000002 83.950000000000017 1.0000000180025095e-35 1.5000000000000002 107.15000000000002 1.7500000000000002 56.500000000000007 1.0000000180025095e-35
decision_type=2 2 2 2 2 2 2 2 2 2 2 2 2 2 2 2 2 2 2
left_child=1 -1 18 4 13 -5 -7 -8 12 -10 14 -12 -9 -4 17 -16 -14 -11 -3
right_child=-2 2 3 5 -6 6 7 8 9 10 11 -13 16 -15 15 -17 -18 -19 -20
leaf_value=0.05675387899020954 -0.043589964958040309 -0.017180409384205113 0.10798483737534884 -0.048939265408682507 -0.031609458328376083 -0.064556396923167156 0.089927399458189117 0.11970613506599466 -0.067653795230518787 0.07613144458677619 0.041175964676592236 -0.092933693635171635 0.069838139463653887 0.026282623341232214 -0.029013376909770967 0.05677002395815809 -0.013313983158283358 0.04043157393577812 -0.028655889615628257
leaf_weight=4.4536025151610366 3.5964603275060645 5.5608936771750432 3.3097366541624051 6.9010882303118697 4.5191106870770454 2.6730958446860305 3.1781189292669287 1.8240224123001088 6.1602999493479755 2.8871065918356189 4.3142428174614889 4.3303871415555477 1.7027778085321186 3.3882558569312096 4.6428491696715355 3.7704484388232231 3.1933412943035364 2.7377261519432068 4.7088266760110855
leaf_count=25 16 24 23 37 20 10 19 11 25 30 30 17 24 17 25 23 33 13 19
internal_value=9.81703e-05 0.00221413 -0.00126567 0.00238738 0.0270664 -0.00334219 0.00425587 0.00900382 0.00177205 -0.00803415 0.00815765 -0.0260041 0.0438606 0.0666548 0.0291943 0.00943075 0.0156048 0.0587556 -0.0224421
internal_weight=77.8524 74.2559 69.8023 59.5326 11.2171 48.3155 41.4144 38.7413 35.5632 28.8431 22.6828 8.64463 6.72014 6.69799 14.0381 8.4133 4.89612 5.62483 10.2697
internal_count=441 425 400 357 60 297 260 250 231 163 138 47 68 40 91 48 57 43 43
is_linear=0
shrinkage=0.1


Tree=35
num_leaves=18
num_cat=0
split_feature=1 16 16 7 0 16 16 10 12 3 16 10 16 1 16 16 16
split_gain=0.592184 1.14565 0.465791 1.79438 2.12745 1.77288 1.13617 2.83014 1.65437 1.11029 2.18674 1.04143 0.920682 2.5533 0.655276 2.09641 0.0017946
threshold=2.5000000000000004 15.100000000000001 45.150000000000013 0.90000000000000013 1.0000000180025095e-35 60.70000000000001 64.500000000000014 37.500000000000007 1.0000000180025095e-35 0.40000000000000008 106.65000000000002 40.500000000000007 106.65000000000002 1.0000000180025095e-35 83.950000000000017 98.250000000000014 117.10000000000001
decision_type=2 2 2 2 2 2 2 2 2 2 2 2 2 2 2 2 2
left_child=1 -1 3 4 -3 -4 -7 14 -9 10 -10 -11 13 -13 -8 -16 -17
right_child=-2 2 5 -5 -6 6 7 8 9 11 -12 12 -14 -15 15 16 -18
leaf_value=0.051255106131603667 -0.039838192600182301 0.047800254369035039 0.057211070651856225 -0.067930837260423024 -0.042375140330358725 -0.061014597596556891 0.083540504411292169 -0.063782182495822931 0.074675603753917547 -0.048774067568993745 -0.027321355803220166 0.024491516054783308 0.035692515389886791 -0.071721637377158101 -0.015701190165131131 0.11017050911434177 0.11627497769621897
leaf_weight=4.439027525484561 3.5444815456867209 5.6911146417260152 5.4637001305818549 4.705391749739646 4.8423871695995331 3.143530622124671 3.6460399031639081 5.1806660741567603 4.6053311713039893 6.3191944882273701 3.866846377030015 6.472799554467203 4.8238967061042777 4.8063724339008331 3.642407575622201 1.0581332296133039 0.883842322975397
leaf_count=25 16 30 32 18 20 12 21 22 33 33 23 38 30 19 26 26 17
internal_value=8.60896e-05 0.00200904 -0.0011522 -0.0165892 0.00634546 0.0032112 -0.00287847 0.00115531 -0.0114873 -0.00271795 0.0281225 -0.0143709 -0.000870345 -0.0165076 0.050566 0.029037 0.112949
internal_weight=77.1352 73.5907 69.1517 15.2389 10.5335 53.9128 48.4491 45.3055 36.0751 30.8944 8.47218 22.4223 16.1031 11.2792 9.23042 5.58438 1.94198
internal_count=441 425 400 68 50 332 300 288 198 176 56 120 87 57 90 69 43
is_linear=0
shrinkage=0.1


Tree=36
num_leaves=17
num_cat=0
split_feature=16 16 3 7 16 16 16 10 2 16 1 16 15 7 3 11
split_gain=0.594626 1.87765 1.04226 1.51686 0.848864 1.61995 1.24454 0.701842 0.914016 2.70713 1.12925 1.46226 1.15943 0.709219 1.3348 0.394136
threshold=82.250000000000014 77.700000000000003 1.1000000000000003 0.65000000000000013 61.550000000000004 19.850000000000005 34.500000000000007 37.500000000000007 1.0000000180025095e-35 113.90000000000002 1.5000000000000002 107.15000000000002 1.0000000180025095e-35 1.5500000000000003 2.5000000000000004 1.0000000180025095e-35
decision_type=2 2 2 2 2 2 2 2 2 2 2 2 2 2 2 2
left_child=1 2 3 15 5 -4 -7 13 10 -10 12 -12 -9 14 -2 -1
right_child=7 -3 4 -5 -6 6 -8 8 9 -11 11 -13 -14 -15 -16 -17
leaf_value=0.016306156195388534 0.12493076021989591 -0.066367531339552963 0.086811302337239438 -0.071807839364210327 -0.012096493686575477 -0.034121480340221076 0.037182803263213014 0.091967790434344221 0.027992135272499025 -0.079284587842297791 -0.03500183938210865 0.038477750289480986 0.0042952663395988437 -0.014944784352231828 0.013639515959618079 -0.01802525518485833
leaf_weight=6.2131590545177477 1.9098125342279662 4.8251054733991614 3.6163232252001789 4.0755595639348021 7.723525144159793 4.0523147881031019 6.1821452677249908 3.2880244161933705 5.0891218055039626 4.3742008991539478 6.0327596422284842 4.9145467653870583 2.7869032900780439 1.6407621428370474 2.4734268765896559 7.2413192428648472
leaf_count=33 33 20 22 14 35 17 36 27 34 18 31 28 20 14 26 33
internal_value=7.5507e-05 -0.00751188 -0.000249649 -0.0183611 0.0144667 0.0292789 0.00895001 0.0103282 0.00332085 -0.021594 0.017172 -0.00201483 0.0517476 0.0411371 0.06213 -0.00217131
internal_weight=76.439 43.9295 39.1043 17.53 21.5743 13.8508 10.2345 32.5096 26.4856 9.46332 17.0222 10.9473 6.07493 6.024 4.38324 13.4545
internal_count=441 210 190 80 110 75 53 231 158 52 106 59 47 73 59 66
is_linear=0
shrinkage=0.1


Tree=37
num_leaves=16
num_cat=0
split_feature=16 16 16 7 2 3 10 16 2 2 16 16 16 16 16
split_gain=0.563546 1.62745 0.89232 0.592999 1.68187 1.26782 1.19704 1.54277 1.727 1.45851 1.13868 1.12316 1.53029 0.818853 0.559413
threshold=15.900000000000002 28.350000000000005 32.650000000000006 0.28750000000000003 1.5000000000000002 2.5000000000000004 37.500000000000007 65.40000000000002 1.0000000180025095e-35 1.5000000000000002 85.050000000000011 114.25000000000001 72.250000000000014 95.250000000000014 86.15000000000002
decision_type=2 2 2 2 2 2 2 2 2 2 2 2 2 2 2
left_child=-1 -2 -3 6 5 -5 7 -4 -9 11 -11 12 -8 -14 -7
right_child=1 2 3 4 -6 14 9 8 -10 10 -12 -13 13 -15 -16
leaf_value=-0.027287458173381764 0.05840545833534945 -0.049194458718277767 -0.029164320623789014 -0.02722718879378562 0.079068201109306124 0.0043024442057459341 0.031593139568404018 0.10793861728464337 0.0024885244214237624 -0.075250316167526837 -0.0062865691255820644 0.044903884155070795 -0.05002841884270344 0.00049249343619077674 0.062666834139010794
leaf_weight=6.8469789773225775 4.8888530582189551 3.6894480362534514 3.259900249540804 7.3039688114076871 3.4940840639173976 3.3033090457320213 5.9053131490945878 3.1399678243324161 3.0731476610526443 5.6696446835994703 4.1442699916660786 4.4643224477767935 7.9220239557325822 5.3917283788323402 3.265865521505475
leaf_count=31 25 15 14 37 27 16 34 35 32 22 25 28 39 32 29
internal_value=7.44625e-05 0.00279294 -0.00145341 0.0014658 0.0170596 0.00144215 -0.00483672 0.0265489 0.0557806 -0.0137126 -0.046128 -0.000280287 -0.0107759 -0.0295687 0.0333183
internal_weight=75.7628 68.9158 64.027 60.3375 17.3672 13.8731 42.9703 9.47302 6.21312 33.4973 9.81391 23.6834 19.2191 13.3138 6.56917
internal_count=441 410 385 370 109 82 261 81 67 180 47 133 105 71 45
is_linear=0
shrinkage=0.1


Tree=38
num_leaves=19
num_cat=0
split_feature=1 16 16 16 0 16 10 12 3 16 1 10 16 16 16 1 16 16
split_gain=0.513775 1.01634 0.405792 0.64034 1.91551 1.26491 1.91081 1.35139 0.96751 2.0548 0.897358 0.759897 0.663591 1.99683 0.662091 1.86496 0.0259601 0.00168866
threshold=2.5000000000000004 15.100000000000001 32.650000000000006 61.550000000000004 1.5000000000000002 64.500000000000014 37.500000000000007 1.0000000180025095e-35 0.40000000000000008 106.65000000000002 1.0000000180025095e-35 40.500000000000007 83.950000000000017 98.250000000000014 106.65000000000002 1.0000000180025095e-35 24.100000000000005 117.95000000000002
decision_type=2 2 2 2 2 2 2 2 2 2 2 2 2 2 2 2 2 2
left_child=1 -1 16 4 10 -5 12 -8 9 -9 -4 -10 -7 -14 15 -13 -3 -15
right_child=-2 2 3 5 -6 6 7 8 11 -11 -12 14 13 17 -16 -17 -18 -19
leaf_value=0.048754901844109078 -0.037443070102511467 -0.024446026108376706 0.097046553981187028 -0.073375337762554491 -0.026562730047062128 0.07544633238401284 -0.057920648888068076 0.072981999998789376 -0.042476443003494201 -0.026424700753167094 0.0224662746967976 0.020339306790257305 -0.022964190688921571 0.10802423226563647 0.03024943236246317 -0.063002060772600746 -0.014270735229122346 0.11449173456359026
leaf_weight=4.3473134040832511 3.4818636029958716 5.3227751627564412 3.1381756849586946 2.421017810702323 4.4497990906238556 3.6218996345996839 4.9572980403900138 4.5266426745802182 6.1447851844131973 3.8462582230567932 3.3201946392655373 6.4337850939482433 3.5072632990777493 0.90099767129868247 4.7370757516473523 4.6081412434577942 4.7402774766087532 0.73145294655114412
leaf_count=25 16 22 23 9 20 21 22 33 33 23 17 38 26 27 30 19 21 16
internal_value=7.0767e-05 0.0018911 -0.00113128 0.00211896 0.0239218 -0.00300262 0.000868132 -0.00951896 -0.00159922 0.0273176 0.0587055 -0.0126428 0.0426625 0.0195601 -0.00102477 -0.0144417 -0.0196529 0.110922
internal_weight=75.237 71.7552 67.4078 57.3448 10.9082 46.4366 44.0156 35.254 30.2967 8.3729 6.45837 21.9238 8.76161 5.13971 15.779 11.0419 10.0631 1.63245
internal_count=441 425 400 357 60 297 288 198 176 56 40 120 90 69 87 57 43 43
is_linear=0
shrinkage=0.1


Tree=39
num_leaves=17
num_cat=0
split_feature=16 16 16 7 2 10 3 11 16 16 2 16 3 13 16 16
split_gain=0.540764 1.42591 0.693639 0.519354 1.1928 1.11563 0.870366 2.76392 1.02693 0.828137 1.78131 0.970381 1.29879 0.776567 0.76782 0.399803
threshold=15.900000000000002 28.350000000000005 32.650000000000006 0.28750000000000003 1.5000000000000002 40.500000000000007 1.0000000180025095e-35 1.0000000180025095e-35 98.550000000000011 98.050000000000011 1.0000000180025095e-35 89.950000000000003 2.5000000000000004 1.0000000180025095e-35 85.050000000000011 82.250000000000014
decision_type=2 2 2 2 2 2 2 2 2 2 2 2 2 2 2 2
left_child=-1 -2 -3 6 5 14 7 8 -4 11 -11 12 13 -8 -5 -9
right_child=1 2 3 4 -6 -7 9 15 -10 10 -12 -13 -14 -15 -16 -17
leaf_value=-0.026825755372730471 0.054752800707052456 -0.043817354631792267 0.10362086870272956 -0.058746116420535288 0.069175749518961924 0.032738460784576741 -0.0091636445802227885 -0.045098137034151498 0.021183665041991494 0.048628548912251726 -0.045096006308723124 -0.069967705010130984 0.019783607587921651 -0.066539603145836429 0.0069725260667213504 0.00032987548815287005
leaf_weight=6.7943603321909896 4.8950160667300215 3.6133093684911719 3.3367127384990436 3.4107651412487048 3.3863267228007308 6.5269822329282761 4.626983501017099 4.1022878922522068 2.7618805412203074 5.1184362936764938 3.3583457190543413 3.9835483506321898 6.4578030183911315 4.8124632239341736 3.7132678516209126 3.6708894167095423
leaf_count=31 25 15 30 14 27 37 20 19 22 38 25 21 38 20 31 28
internal_value=7.00271e-05 0.0027663 -0.0012807 0.00131264 0.0160504 0.00287195 -0.0046333 0.0158931 0.0662874 -0.0146743 0.0114966 -0.025833 -0.0147737 -0.0384153 -0.0244915 -0.0236447
internal_weight=74.5694 67.775 62.88 59.2667 17.0373 13.651 42.2294 13.8718 6.09859 28.3576 8.47678 19.8808 15.8972 9.43945 7.12403 7.77318
internal_count=441 410 385 370 109 82 261 99 52 162 63 99 78 40 45 47
is_linear=0
shrinkage=0.1


Tree=40
num_leaves=17
num_cat=0
split_feature=10 10 7 3 2 16 11 16 16 16 7 15 16 3 16 16
split_gain=0.508303 2.02848 1.92538 1.22555 2.00641 1.60391 1.52029 1.55375 0.907753 0.734479 1.50281 1.88397 0.95326 1.16475 1.13373 0.287329
threshold=47.500000000000007 43.000000000000007 1.5500000000000003 1.7500000000000002 1.5000000000000002 64.500000000000014 1.0000000180025095e-35 64.500000000000014 75.950000000000017 30.100000000000005 1.0000000180025095e-35 1.0000000180025095e-35 114.25000000000001 2.5000000000000004 72.250000000000014 94.850000000000009
decision_type=2 2 2 2 2 2 2 2 2 2 2 2 2 2 2 2
left_child=1 2 3 4 5 -1 7 -5 -3 -2 12 -12 13 14 -11 -9
right_child=9 8 -4 6 -6 -7 -8 15 -10 10 11 -13 -14 -15 -16 -17
leaf_value=-0.011979116912031913 -0.042709319248767426 0.11297109295383552 -0.050653890643212511 0.14957651195032245 -0.05635423807905391 0.072535087823201894 -0.0017727817165463741 0.064270506855435727 0.02893845085618707 0.032721397512838819 0.087127797795463785 -0.013709721253785535 0.023682788493221488 -0.058431588837526111 -0.03318678538126775 0.013347312227079336
leaf_weight=6.1066139861941355 5.3627354279160491 2.2989798448979846 6.3475697562098494 1.7243315987288932 5.5491255177184931 3.5515219625085592 5.9745290298014879 2.1258092410862446 2.9160258583724499 4.4799763746559709 3.6926633790135375 3.7186632081866264 4.8858793154358855 6.8596426844596854 6.2524929344654083 2.3142821248620749
leaf_count=28 22 17 36 14 35 34 37 16 26 23 24 19 24 30 29 27
internal_value=6.54718e-05 0.00794576 -0.00103709 0.0104799 -0.00843404 0.0190987 0.0341746 0.0690147 0.0659833 -0.00863225 -0.00251815 0.0365322 -0.0153936 -0.0262464 -0.00567521 0.0377281
internal_weight=74.1608 38.9088 33.6938 27.3462 15.2073 9.65814 12.139 6.16442 5.21501 35.2521 29.8893 7.41133 22.478 17.5921 10.7325 4.44009
internal_count=441 270 227 191 97 62 94 57 43 171 149 43 106 82 52 43
is_linear=0
shrinkage=0.1


Tree=41
num_leaves=16
num_cat=0
split_feature=1 16 2 16 16 3 3 10 10 0 15 10 16 16 16
split_gain=0.45495 0.940482 0.31501 1.17648 1.99859 3.17363 0.954641 0.838329 1.21862 0.871633 1.87361 0.780471 0.743697 0.724048 0.871821
threshold=2.5000000000000004 15.100000000000001 1.0000000180025095e-35 113.90000000000002 87.750000000000014 2.5000000000000004 1.1000000000000003 34.000000000000007 36.000000000000007 1.5000000000000002 1.0000000180025095e-35 52.500000000000007 113.90000000000002 69.850000000000009 88.000000000000014
decision_type=2 2 2 2 2 2 2 2 2 2 2 2 2 2 2
left_child=1 -1 7 4 6 -6 -4 -3 -9 12 11 -11 13 -10 -15
right_child=-2 2 3 -5 5 -7 -8 8 9 10 -12 -13 -14 14 -16
leaf_value=0.047310513693803576 -0.035447874035929167 0.045617932522278415 -0.043951250930179694 -0.054857578681615074 0.15179637909701077 -0.014896864145371561 0.0074186975450825591 -0.049137939120640774 0.01102208856880167 0.089787678705947643 -0.019147157352233254 0.022157573020463617 0.032000872317836625 -0.064243648143622517 -0.0065002725014537454
leaf_weight=4.2663194686174384 3.4383661299943915 4.3537021521478882 7.0403543747961574 4.7493917271494857 2.0262444112449876 2.6176481638103724 7.4411787688732147 4.5699619697406879 6.4562340676784578 4.0072257146239263 5.0134171657264233 2.9718944728374481 4.10230504348874 4.5988156273961049 6.0604237224906683
leaf_count=25 16 34 32 26 28 23 38 29 32 35 29 13 24 23 34
internal_value=6.88712e-05 0.00180661 -0.00113443 -0.0103116 0.000750482 0.0578355 -0.0175554 0.00406571 -0.00072266 0.00593961 0.0274885 0.060989 -0.00624008 -0.0154058 -0.031413
internal_weight=73.7135 70.2751 66.0088 23.8748 19.1254 4.64389 14.4815 42.134 37.7803 33.2103 11.9925 6.97912 21.2178 17.1155 10.6592
internal_count=441 425 400 147 121 51 70 253 219 190 77 48 113 89 57
is_linear=0
shrinkage=0.1


Tree=42
num_leaves=18
num_cat=0
split_feature=16 16 16 10 7 3 11 16 16 1 16 2 0 16 16 16 16
split_gain=0.511394 1.19238 0.581392 0.468903 0.79675 0.910919 1.79839 0.881196 1.45597 0.875364 0.700591 1.09258 0.674906 0.640684 0.555522 0.397762 0.284256
threshold=15.900000000000002 28.350000000000005 32.650000000000006 31.500000000000004 0.28750000000000003 1.0000000180025095e-35 1.0000000180025095e-35 98.050000000000011 121.90000000000002 1.0000000180025095e-35 89.950000000000003 1.5000000000000002 1.5000000000000002 65.40000000000002 98.050000000000011 90.850000000000009 82.250000000000014
decision_type=2 2 2 2 2 2 2 2 2 2 2 2 2 2 2 2 2
left_child=-1 -2 -3 -4 5 6 14 10 -9 12 11 13 -6 -7 -5 -11 -8
right_child=1 2 3 4 9 7 16 8 -10 15 -12 -13 -14 -15 -16 -17 -18
leaf_value=-0.026353599948797782 0.050401318433425948 -0.040618200942872829 0.037412605314520203 0.089405669709436295 0.071796701932691873 -0.029855122799523431 -0.040464270035872607 0.046828249433959052 -0.038631650217980831 -0.026916915469456338 -0.068647383768698542 -0.060691905699984311 0.012993720068254508 0.020309624419417503 0.025586816275378017 0.019142871415764082 -0.00011241097391601438
leaf_weight=6.6550591550767413 4.8614077121019355 3.5007722824811927 3.3937744004651895 2.6823288649320585 3.8384432774037105 4.6757919937372261 3.3843797966837883 4.4869816377758962 3.5874507185071707 4.0991733446717262 3.8548302985727778 4.7151655927300444 3.9711851198226213 5.589209970086813 2.7751046381890774 3.4553242661058903 3.6056212671101093
leaf_count=31 25 15 31 25 30 22 16 39 19 19 19 20 31 32 19 21 27
internal_value=7.558e-05 0.00272143 -0.00104047 0.00134365 -0.000893334 -0.00843258 0.0139362 -0.0187796 0.00885862 0.0184193 -0.030628 -0.0208445 0.0418955 -0.00254083 0.0569538 -0.0058498 -0.0196497
internal_weight=73.132 66.4769 61.6155 58.1148 54.721 39.3569 12.4474 26.9094 8.07443 15.3641 18.835 14.9802 7.80963 10.265 5.45743 7.5545 6.99
internal_count=441 410 385 370 339 238 87 151 58 101 93 74 61 54 44 40 43
is_linear=0
shrinkage=0.1


Tree=43
num_leaves=17
num_cat=0
split_feature=16 16 10 3 15 16 1 16 16 10 16 15 16 1 1 3
split_gain=0.426423 1.20347 0.50713 0.920846 4.5032 1.76922 1.25749 1.45665 0.539522 1.44206 1.44001 1.37513 0.993068 0.59414 0.56645 0.436497
threshold=16.750000000000004 28.350000000000005 69.500000000000014 2.5000000000000004 1.0000000180025095e-35 93.65000000000002 1.5000000000000002 91.100000000000009 89.950000000000003 40.500000000000007 106.65000000000002 1.0000000180025095e-35 67.200000000000017 1.5000000000000002 1.5000000000000002 1.0000000180025095e-35
decision_type=2 2 2 2 2 2 2 2 2 2 2 2 2 2 2 2
left_child=-1 -2 3 8 6 -6 7 -5 9 13 11 -10 -11 15 -12 -3
right_child=1 2 -4 4 5 -7 -8 -9 10 12 14 -13 -14 -15 -16 -17
leaf_value=-0.022894731487545995 0.054233355041747582 0.00074905032066326799 -0.031789162661090095 0.041006690130495155 0.043391405782442896 0.14383100157851031 -0.05458116345031612 -0.042684835387269748 0.098978717953953119 0.03727507992653472 0.0054281355616552932 -0.0078626003625129146 -0.027162329489548376 -0.068710454718248451 -0.051316308010604383 -0.04489339282028898
leaf_weight=7.2756153233349314 4.2266628667712203 3.9157332405447978 4.9017267525196067 5.2063842117786425 4.7880006544291964 2.767421186901629 5.2111430354416362 3.4629005491733551 2.6730874991044384 5.9395030178129655 3.9668049244210124 2.1929524708539248 4.0039729624986649 4.491281419992446 3.1610674541443586 4.5069188922643661
leaf_count=34 22 21 25 31 31 37 25 21 29 33 32 19 21 19 20 21
internal_value=7.12608e-05 0.00262557 -0.000939269 0.00174727 0.0180563 0.0801807 -0.0157594 0.00757655 -0.00828385 -0.0172967 0.00889239 0.0508291 0.0113279 -0.039337 -0.0197369 -0.023674
internal_weight=72.6912 65.4156 61.1889 56.2872 21.4358 7.55542 13.8804 8.66928 34.8513 22.8574 11.9939 4.86604 9.94348 12.9139 7.12787 8.42265
internal_count=441 407 385 360 145 68 77 52 215 115 100 48 54 61 52 42
is_linear=0
shrinkage=0.1


Tree=44
num_leaves=16
num_cat=0
split_feature=10 10 7 3 2 16 11 16 16 16 7 15 16 3 15
split_gain=0.495871 1.5858 1.69293 0.991552 1.71768 1.35466 1.32009 0.811983 0.806092 0.651764 1.08009 1.59207 0.838626 0.916708 1.07856
threshold=47.500000000000007 43.000000000000007 1.5500000000000003 1.7500000000000002 1.5000000000000002 64.500000000000014 1.0000000180025095e-35 75.950000000000017 92.15000000000002 30.100000000000005 1.0000000180025095e-35 1.0000000180025095e-35 114.25000000000001 2.5000000000000004 1.0000000180025095e-35
decision_type=2 2 2 2 2 2 2 2 2 2 2 2 2 2 2
left_child=1 2 3 4 5 -1 8 -3 -5 -2 12 -12 13 14 -11
right_child=9 7 -4 6 -6 -7 -8 -9 -10 10 11 -13 -14 -15 -16
leaf_value=-0.0094542088497905352 -0.040946693734606576 0.105419911104671 -0.047211523808043776 0.096177400394204346 -0.051767562459529931 0.069321228074216742 -0.00068911052238187652 0.024408044205870526 0.020070678712840122 0.02765755518515739 0.07829410018765337 -0.015847538017781517 0.023235001290020454 -0.053246565670756252 -0.03645436827145989
leaf_weight=5.9722403511405009 5.2735591530799857 2.2256690599024287 6.1679661283269516 3.5507846027612668 5.3155185692012301 3.4405830316245556 5.9106115140020847 2.7858578749001026 2.2887002332136035 5.0358971543610185 3.5687543377280226 3.6171110384166241 4.7877018451690665 6.6226171329617491 5.4788345135748386
leaf_count=28 22 17 36 29 35 34 37 26 28 28 24 19 24 30 24
internal_value=8.30943e-05 0.00801072 -2.94045e-05 0.0109613 -0.0063231 0.0193399 0.0326268 0.0603862 0.0663485 -0.00859926 -0.00273939 0.0309065 -0.0137667 -0.024104 -0.00574878
internal_weight=72.0424 37.6579 32.6464 26.4784 14.7283 9.41282 11.7501 5.01153 5.83948 34.3845 29.1109 7.18587 21.9251 17.1373 10.5147
internal_count=441 270 227 191 97 62 94 43 57 171 149 43 106 82 52
is_linear=0
shrinkage=0.1


Tree=45
num_leaves=16
num_cat=0
split_feature=10 10 7 3 2 16 11 16 16 16 7 15 16 3 16
split_gain=0.40581 1.30698 1.37983 0.813408 1.39605 1.11027 1.10423 0.782008 0.693141 0.534807 0.878703 1.2954 0.682001 0.759206 1.05666
threshold=47.500000000000007 43.000000000000007 1.5500000000000003 1.7500000000000002 1.5000000000000002 64.500000000000014 1.0000000180025095e-35 94.850000000000009 75.950000000000017 30.100000000000005 1.0000000180025095e-35 1.0000000180025095e-35 114.25000000000001 2.5000000000000004 72.250000000000014
decision_type=2 2 2 2 2 2 2 2 2 2 2 2 2 2 2
left_child=1 2 3 4 5 -1 7 -5 -3 -2 12 -12 13 14 -11
right_child=9 8 -4 6 -6 -7 -8 -9 -10 10 11 -13 -14 -15 -16
leaf_value=-0.0085181192527581367 -0.037253445274722435 0.097569514496726226 -0.042699131577817351 0.090031741444684954 -0.046714360636096755 0.063032499452639737 -0.00062017071558863671 0.013946035492688297 0.022081714381255814 0.031915395918152241 0.07075517765024146 -0.014303050417293132 0.020780562418515849 -0.048598619548407655 -0.032299147263756704
leaf_weight=5.9660416617989558 5.2196794971823683 2.1673834510147563 6.1393707180395714 3.5402683764696103 5.3021773006767026 3.4072862090542912 5.9108706656843424 2.1842934982851148 2.7721712738275528 4.434925541281709 3.5548498183488837 3.6074615716934204 4.8162684664130202 6.5351703688502303 6.0695483759045601
leaf_count=28 22 17 36 30 35 34 37 27 26 23 24 19 24 30 29
internal_value=8.09115e-05 0.00728365 -1.07948e-05 0.00995006 -0.00570594 0.0174912 0.0296966 0.0610001 0.0552043 -0.00778491 -0.00248423 0.0279137 -0.0124458 -0.0218373 -0.00518815
internal_weight=71.6278 37.3899 32.4503 26.3109 14.6755 9.37333 11.6354 5.72456 4.93955 34.2379 29.0182 7.16231 21.8559 17.0396 10.5045
internal_count=441 270 227 191 97 62 94 57 43 171 149 43 106 82 52
is_linear=0
shrinkage=0.1


Tree=46
num_leaves=17
num_cat=0
split_feature=7 16 7 16 16 16 3 16 16 2 11 16 16 16 16 16
split_gain=0.415104 1.94217 1.55032 0.950252 1.26263 2.05783 1.28638 1.6361 1.58332 0.948811 0.869921 0.864366 0.837207 1.79061 1.67147 0.377151
threshold=0.90000000000000013 54.100000000000009 1.0000000180025095e-35 36.900000000000013 82.250000000000014 91.100000000000009 2.5000000000000004 106.65000000000002 105.35000000000001 1.5000000000000002 1.0000000180025095e-35 16.750000000000004 77.700000000000003 90.250000000000014 114.25000000000001 132.25000000000003
decision_type=2 2 2 2 2 2 2 2 2 2 2 2 2 2 2 2
left_child=2 -2 3 11 9 -6 7 -7 -8 10 -5 -1 -3 -14 -15 -9
right_child=1 12 -4 4 5 6 8 15 -10 -11 -12 -13 13 14 -16 -17
leaf_value=-0.010885572482423205 -0.056396354475014468 0.057676458718278083 0.06896792795738084 0.018442724170468189 0.076141105977029791 0.0732319573779735 -0.08803892808555186 0.014659155387751902 0.0079060120674072903 -0.058712836767118207 -0.034526418077995565 0.05113193881968086 -0.060616152125784334 0.075152673846474838 -0.028467547301818837 -0.035323558423875037
leaf_weight=3.5676156319677812 6.6104686856269863 2.8963733389973632 3.5040099378675214 5.7357561886310595 3.8470219252631095 3.4877341454848665 3.3002684572711578 2.7622935073450208 3.5919960280880332 5.9507693797349921 6.7484525255858898 6.0727129764854908 3.5203943811357004 3.4544238345697522 2.8337108977138996 3.3290174473077059
leaf_count=18 29 16 25 36 32 36 19 25 25 25 32 33 17 36 18 19
internal_value=7.8711e-05 -0.012436 0.00473647 8.5695e-05 -0.00690333 0.01029 -0.00509006 0.018615 -0.0380359 -0.0258532 -0.0101902 0.028181 0.0104369 -0.00351249 0.0284568 -0.0126573
internal_weight=71.213 19.3154 51.8976 48.3936 38.7533 20.3183 16.4713 9.57905 6.89226 18.435 12.4842 9.64033 12.7049 9.80853 6.28813 6.09131
internal_count=441 116 325 300 249 156 124 80 44 93 68 51 87 71 54 44
is_linear=0
shrinkage=0.1


Tree=47
num_leaves=19
num_cat=0
split_feature=1 16 10 16 10 16 10 16 10 16 2 16 1 16 16 16 16 16
split_gain=0.396399 1.08161 0.492767 0.829123 0.916063 0.590086 0.971296 1.31183 0.80556 1.46663 0.827813 1.52568 1.30945 1.2506 0.54647 0.913483 0.302469 0.212486
threshold=2.5000000000000004 15.100000000000001 75.000000000000014 17.700000000000006 31.500000000000004 82.250000000000014 40.500000000000007 55.650000000000006 37.500000000000007 94.850000000000009 1.0000000180025095e-35 113.90000000000002 1.5000000000000002 107.15000000000002 50.800000000000004 69.850000000000009 95.250000000000014 34.500000000000007
decision_type=2 2 2 2 2 2 2 2 2 2 2 2 2 2 2 2 2 2
left_child=1 -1 3 -3 -5 6 14 17 9 -7 12 -12 16 -14 -6 -16 -10 -8
right_child=-2 2 -4 4 5 8 7 -9 10 -11 11 -13 13 -15 15 -17 -18 -19
leaf_value=0.051335200101329782 -0.033673498175411015 -0.058481723617559017 0.037349606067926484 0.048987963185912725 -0.057965879935799984 0.1349014509274877 0.016917775324907527 -0.025081931381799413 0.028076693301736035 3.9276667734323775e-05 0.012963825021135396 -0.075145933293062725 -0.04595463257213353 0.029300684569684751 0.018323829495467663 -0.045514753102890625 0.076672828129538684 0.051818940121151152
leaf_weight=4.126246813684701 3.3185991197824469 2.6240719035267821 3.1038276776671401 3.4460317818447939 5.2785919085145023 1.3154497602954536 3.296782083809374 7.3591225296258926 2.3496375735849151 2.083698058500886 4.4676939379423848 3.5086092203855515 4.4746287483721972 4.3597638197243214 3.9916319847106916 5.1121977977454662 2.8155344193801284 3.7046402748674154
leaf_count=25 16 10 16 32 23 17 16 37 17 34 33 15 25 26 21 25 27 26
internal_value=6.72679e-05 0.00172813 -0.00150595 -0.00350969 -0.00100377 -0.00418706 -0.0139983 0.00439842 0.00692641 0.0522301 -8.10037e-05 -0.0257938 0.014569 -0.00881621 -0.0323671 -0.0175243 0.0545664 0.0353849
internal_weight=70.7368 67.4182 63.2919 60.1881 57.564 54.118 28.743 14.3605 25.375 3.39915 21.9759 7.9763 13.9996 8.83439 14.3824 9.10383 5.16517 7.00142
internal_count=441 425 400 384 374 342 148 79 194 51 143 48 95 51 69 46 44 42
is_linear=0
shrinkage=0.1


Tree=48
num_leaves=16
num_cat=0
split_feature=10 10 7 3 1 3 13 0 16 16 7 15 16 3 16
split_gain=0.434084 1.09047 1.14906 0.622438 1.03616 1.00623 1.01623 0.951222 0.564609 0.464469 0.678432 1.11417 0.597282 0.521113 0.84602
threshold=47.500000000000007 43.000000000000007 1.5500000000000003 1.7500000000000002 1.5000000000000002 1.0000000180025095e-35 1.0000000180025095e-35 1.5000000000000002 75.950000000000017 30.100000000000005 1.0000000180025095e-35 1.0000000180025095e-35 114.25000000000001 2.5000000000000004 74.850000000000009
decision_type=2 2 2 2 2 2 2 2 2 2 2 2 2 2 2
left_child=1 2 3 5 7 6 -1 -5 -3 -2 12 -12 13 14 -11
right_child=9 8 -4 4 -6 -7 -8 -9 -10 10 11 -13 -14 -15 -16
leaf_value=-0.0032505274298705138 -0.035691146061244537 0.091306276781870352 -0.038591399219117965 0.10125817580672669 -0.0080870553399662228 -0.032540022533267612 0.075158239925048817 0.02314276818595408 0.022102380575236284 0.025298605166201922 0.06430617996159653 -0.015199355718254513 0.019231374088654107 -0.043447303213769758 -0.032077781474623521
leaf_weight=5.4491861788556033 5.1687257513403884 2.0770898628979912 5.978457983583211 2.5399484783411008 4.7215049061924219 6.5748592456802726 2.3726873705163598 4.0357739422470331 2.7263867445290089 4.5517313256859868 3.4600057266652575 3.5929398983716965 4.7882530540227881 6.3322801738977423 5.9023005031049252
leaf_count=39 22 17 36 27 34 31 27 33 26 24 24 19 24 30 28
internal_value=6.35267e-05 0.00762884 0.000895341 0.0100831 0.0276534 -0.00370444 0.020534 0.0533157 0.0520271 -0.00810162 -0.00312031 0.0238042 -0.0119222 -0.0208087 -0.00709585
internal_weight=70.2721 36.4759 31.6724 25.694 11.2972 14.3967 7.82187 6.57572 4.80348 33.7962 28.6275 7.05295 21.5746 16.7863 10.454
internal_count=441 270 227 191 94 97 66 60 43 171 149 43 106 82 52
is_linear=0
shrinkage=0.1


Tree=49
num_leaves=17
num_cat=0
split_feature=7 16 7 16 16 16 16 16 16 16 16 16 16 16 12 3
split_gain=0.360777 1.64206 1.27513 0.907854 0.737144 1.66542 1.25205 1.00954 1.25463 2.65285 0.681194 1.53455 1.34462 0.580181 0.813844 2.32503
threshold=0.90000000000000013 54.100000000000009 1.0000000180025095e-35 28.350000000000005 82.250000000000014 91.100000000000009 98.050000000000011 132.25000000000003 114.25000000000001 104.30000000000003 77.700000000000003 90.250000000000014 114.25000000000001 72.250000000000014 1.0000000180025095e-35 1.0000000180025095e-35
decision_type=2 2 2 2 2 2 2 2 2 2 2 2 2 2 2 2
left_child=2 -2 3 -1 13 -6 -7 8 9 -8 -3 -12 -13 14 -5 -16
right_child=1 10 -4 4 5 6 7 -9 -10 -11 11 12 -14 -15 15 -17
leaf_value=0.036988828009008122 -0.052875811001593546 0.052320011626387913 0.063459253162597609 -0.046896031102162485 0.069302539687185236 -0.058858311407059466 0.087152838807264821 -0.030298194062576795 0.085781214407689765 -0.050773969445862648 -0.056889913709073661 0.069624305184818255 -0.024068405800986025 -0.04295733436773401 0.072018896061453938 -0.024626816942364491
leaf_weight=5.8782037235796443 6.4095285087823894 2.8529914095997801 3.4152833679690948 3.8540596589446077 3.7138496665284064 3.4025806682184365 2.2925916910171491 4.2734597213566294 2.6887160176411271 3.5597082851454616 3.4355295300483686 3.3286102693527937 2.8375113271176815 6.4224193319678298 3.6566601991653442 7.7967983596026897
leaf_count=32 29 16 25 15 32 21 27 25 28 23 17 36 18 32 26 39
internal_value=6.55323e-05 -0.0117487 0.00443937 0.000199282 -0.0049916 0.00889762 -0.00493564 0.00938225 0.0292362 0.00325775 0.00941652 -0.00333163 0.026509 -0.0177309 -0.00714693 0.00622854
internal_weight=69.8185 18.8642 50.9543 47.539 41.6608 19.9309 16.2171 12.8145 8.54102 5.8523 12.4546 9.60165 6.16612 21.7299 15.3075 11.4535
internal_count=441 116 325 300 268 156 124 103 78 50 87 71 54 112 80 65
is_linear=0
shrinkage=0.1


Tree=50
num_leaves=18
num_cat=0
split_feature=1 16 16 10 12 3 3 7 16 16 7 16 15 16 14 1 16
split_gain=0.408017 0.884146 0.741195 0.656415 0.703985 1.03347 1.00093 1.29036 3.33828 1.47667 0.57499 0.68788 1.8799 1.09027 0.508033 0.300933 0.176104
threshold=2.5000000000000004 15.100000000000001 17.700000000000006 31.500000000000004 1.0000000180025095e-35 0.40000000000000008 1.0000000180025095e-35 0.90000000000000013 106.65000000000002 61.550000000000004 1.0000000180025095e-35 65.40000000000002 1.0000000180025095e-35 91.100000000000009 1.0000000180025095e-35 1.5000000000000002 90.250000000000014
decision_type=2 2 2 2 2 2 2 2 2 2 2 2 2 2 2 2 2
left_child=1 -1 -3 -4 5 -5 7 8 9 -6 11 -8 13 -13 -12 -16 -14
right_child=-2 2 3 4 6 -7 10 -9 -10 -11 14 12 16 -15 15 -17 -18
leaf_value=0.047180359648180743 -0.034420284668176836 -0.053918423990722712 0.043964011248760641 -0.064510642804247106 0.15328577632639226 0.0032904534458218526 -0.041672781878360765 -0.032645312509225359 -0.036893713726242318 0.052717328121564058 0.048672712861641598 0.010884696511367351 0.06970216768971689 -0.051684960800300807 0.015666906951866427 -0.024171717125412218 0.031405108062191205
leaf_weight=4.0253694579005233 3.2704664766788474 2.5553502961993209 3.3677400518208733 4.0583224752917868 2.1180344559252244 5.0402451325207949 6.668120019137862 2.8474914245307437 3.4382219603285193 4.6995626492425799 2.9545335471630079 4.7708277292549628 2.1812179125845423 6.6901338770985603 4.8598304456099868 3.1091559007763863 2.6710637444630265
leaf_count=25 16 10 32 19 18 29 32 17 24 39 26 29 13 34 34 17 27
internal_value=5.76237e-05 0.00176466 -0.00118255 0.00108328 -0.00149059 -0.0269515 0.00343745 0.0269098 0.043445 0.0839611 -0.00563396 -0.0146122 -0.00355108 -0.0256392 0.0132549 0.000123588 0.0486206
internal_weight=69.3257 66.0552 62.0299 59.4745 56.1068 9.09857 47.0082 13.1033 10.2558 6.8176 33.9049 22.9814 16.3132 11.461 10.9235 7.96899 4.85228
internal_count=441 425 400 390 358 48 310 98 81 57 212 135 103 63 77 51 40
is_linear=0
shrinkage=0.1


Tree=51
num_leaves=17
num_cat=0
split_feature=10 10 7 3 2 15 15 1 16 16 11 13 3 1 16 2
split_gain=0.392691 0.927414 0.874683 0.62471 0.947856 1.29426 0.939335 0.817492 0.645863 0.502226 0.44062 1.27508 0.834943 1.29418 0.79802 0.000284877
threshold=47.500000000000007 43.000000000000007 1.5500000000000003 1.7500000000000002 1.5000000000000002 1.0000000180025095e-35 1.0000000180025095e-35 1.5000000000000002 65.40000000000002 75.950000000000017 1.0000000180025095e-35 1.0000000180025095e-35 1.0000000180025095e-35 1.0000000180025095e-35 63.500000000000007 1.0000000180025095e-35
decision_type=2 2 2 2 2 2 2 2 2 2 2 2 2 2 2 2
left_child=1 2 3 4 5 -1 7 8 -5 -3 11 14 -12 -14 -2 -16
right_child=10 9 -4 6 -6 -7 -8 -9 -10 -11 12 -13 13 -15 15 -17
leaf_value=0.057940774691203747 -0.0079456241290555302 0.086579975536565296 -0.033636070190726744 -0.0042332125869608698 -0.039380005112836652 -0.018534393697592615 0.07834582660586302 -0.029979567017358308 0.06652689698091227 0.02034739361140829 -0.046156829569208531 -0.037248865608663327 -0.034817674908302398 0.040479617455266015 0.045131935542741378 0.04382558201549442
leaf_weight=3.9142869049683267 5.1411589011549967 2.0122712496668091 5.8786473143845788 2.3448221459984762 5.0615693042054763 5.0915891686454415 2.6955695170909157 3.1272756569087505 2.8672250639647245 2.6559673771262169 6.8363136611878899 5.3280259780585757 4.9361850246787053 4.246174618601799 3.2592204436659813 3.4219640865921974
leaf_count=29 26 17 36 13 35 33 34 20 27 26 32 26 22 24 20 21
internal_value=5.97592e-05 0.0073462 0.00108524 0.00921653 -0.00475547 0.0147045 0.0270282 0.0104405 0.034693 0.0488973 -0.00777151 0.00336738 -0.0196974 1.85559e-06 0.0216721 0.0444628
internal_weight=68.8183 35.6492 30.981 25.1023 14.0674 9.00588 11.0349 8.33932 5.21205 4.66824 33.169 17.1504 16.0187 9.18236 11.8223 6.68118
internal_count=441 270 227 191 97 62 94 60 40 43 171 93 78 46 67 41
is_linear=0
shrinkage=0.1


Tree=52
num_leaves=18
num_cat=0
split_feature=1 16 16 7 16 16 16 16 16 12 3 16 11 16 3 16 16
split_gain=0.354154 0.722501 0.359584 0.435114 1.09031 1.23761 1.20065 1.50543 0.794882 0.65674 1.14572 2.37271 0.926692 0.75327 1.10984 1.21308 0.0137481
threshold=2.5000000000000004 15.100000000000001 136.00000000000003 0.90000000000000013 54.100000000000009 83.300000000000011 90.850000000000009 114.25000000000001 28.350000000000005 1.0000000180025095e-35 1.0000000180025095e-35 106.15000000000002 1.0000000180025095e-35 65.40000000000002 2.5000000000000004 91.100000000000009 69.850000000000009
decision_type=2 2 2 2 2 2 2 2 2 2 2 2 2 2 2 2 2
left_child=1 -1 3 8 -5 -6 -7 -8 -3 16 11 12 -11 -12 -15 -16 -10
right_child=-2 2 -4 4 5 6 7 -9 9 10 13 -13 -14 14 15 -17 -18
leaf_value=0.042912435589853568 -0.032058310218332803 0.044524315589153665 0.028269345716232897 -0.058804530539317772 0.046807781537583359 -0.084623244744289797 0.05172379895281945 -0.057834530035726077 -0.025743761948057997 0.10251176955839136 -0.036851072656605061 -0.049418462727795563 0.028983859964573384 0.040755314237313517 0.022972109184360493 -0.048589174132599847 -0.034647094721690481
leaf_weight=3.9871504604816428 3.270181104540824 4.0265798270702353 3.9235265385359517 4.499105177819728 3.6947278976440412 2.2688169777393341 2.8133225245401263 2.2631344944238663 3.6529329344630233 3.2403552224859613 6.5958203710615662 2.5436270982027054 3.6390683837234974 5.2435640497133109 4.2970855161547661 5.278922101482749 3.3021845538169146
leaf_count=25 16 21 31 21 21 10 33 10 15 34 33 18 27 36 30 35 25
internal_value=5.56771e-05 0.00166467 -0.00101898 -0.00302238 -0.0173106 -0.000400745 -0.024147 0.00288162 0.00228671 -0.00221334 0.00404694 0.0331046 0.0636171 -0.00873882 0.00377324 -0.0164772 -0.0299709
internal_weight=68.5401 65.2699 61.2828 57.3592 15.5391 11.04 7.34527 5.07646 41.8201 37.7936 30.8384 9.42305 6.87942 21.4154 14.8196 9.57601 6.95512
internal_count=441 425 400 369 95 74 53 43 274 253 213 79 61 134 101 65 40
is_linear=0
shrinkage=0.1


Tree=53
num_leaves=17
num_cat=0
split_feature=16 16 16 10 16 2 16 16 16 10 7 16 16 3 15 16
split_gain=0.441888 1.0728 0.515573 0.769791 1.67393 1.24788 0.751263 0.664318 0.747187 1.20585 0.623305 1.16886 0.524179 0.504184 0.413532 0.132097
threshold=15.900000000000002 28.350000000000005 89.15000000000002 47.500000000000007 94.15000000000002 1.5000000000000002 80.550000000000011 75.750000000000014 67.200000000000017 40.500000000000007 0.28750000000000003 98.90000000000002 48.45000000000001 1.7500000000000002 1.0000000180025095e-35 83.950000000000017
decision_type=2 2 2 2 2 2 2 2 2 2 2 2 2 2 2 2
left_child=-1 -2 6 4 -4 10 7 8 9 13 11 -6 -11 -3 -5 -8
right_child=1 2 3 14 5 -7 15 -9 -10 12 -12 -13 -14 -15 -16 -17
leaf_value=-0.025467899354544798 0.049171913882636364 -0.04804938268023487 0.12539605926233086 0.014891564395641042 -0.10051400961276678 0.083868900099777322 -0.047885649993392607 0.036850814746105652 -0.046348632425417091 0.004400813942551123 0.027507942393127722 0.019686758362161032 0.052332177962125685 0.00048765785844009354 -0.019383319208318459 -0.022079650354593791
leaf_weight=6.1707422994077197 4.5791472792625418 4.6383662559092134 1.6101152561604992 6.2869189158081991 1.579641033895314 1.880725974217057 4.2609630152583113 3.9746067747473708 4.0524417981505385 4.9641706161200982 2.5010117506608367 1.6582556525245307 4.2221718207001686 3.9735208936035633 7.9986579827964306 3.7113102748990059
leaf_count=31 25 21 25 35 9 34 19 22 23 29 24 31 26 23 39 25
internal_value=5.02891e-05 0.0025945 -0.00112692 0.0102438 0.0327532 0.0131767 -0.00903829 -0.000754637 -0.00759502 0.00122871 -0.00999017 -0.0389544 0.0264307 -0.0256544 -0.00429934 -0.0358723
internal_weight=68.0628 61.892 57.3129 23.5153 9.22975 7.61963 33.7976 25.8253 21.8507 17.7982 5.73891 3.2379 9.18634 8.61189 14.2856 7.97227
internal_count=441 410 385 197 123 98 188 144 122 99 64 40 55 44 74 44
is_linear=0
shrinkage=0.1


Tree=54
num_leaves=17
num_cat=0
split_feature=16 16 10 3 15 16 0 10 16 16 2 1 10 11 16 13
split_gain=0.359392 0.869727 0.493112 1.01787 3.65281 1.49897 0.959235 0.893879 0.869702 2.1924 1.24871 1.29778 1.62217 1.04023 1.03435 0.253175
threshold=15.900000000000002 28.350000000000005 69.500000000000014 2.5000000000000004 1.0000000180025095e-35 93.65000000000002 1.5000000000000002 47.500000000000007 36.900000000000013 45.150000000000013 1.5000000000000002 1.5000000000000002 56.500000000000007 1.0000000180025095e-35 78.800000000000011 1.0000000180025095e-35
decision_type=2 2 2 2 2 2 2 2 2 2 2 2 2 2 2 2
left_child=-1 -2 3 8 6 -6 7 -5 -3 -10 11 12 14 -13 -11 -12
right_child=1 2 -4 4 5 -7 -8 -9 9 10 15 13 -14 -15 -16 -17
leaf_value=-0.022989416782687663 0.044314405530052392 0.050076490611470487 -0.031933653061206227 -0.00051951381383365085 0.043852150768209835 0.14142779513198209 0.03466987259116458 -0.062470693345785304 -0.099072108023821936 0.029081702264146955 -0.055242779015213475 -0.039016115200525787 -0.023155983280027579 0.022218918823979597 0.11449157226237996 -0.017473983794907125
leaf_weight=6.1533629335463038 4.5732798725366584 2.3130682669579974 4.7290431857109061 5.2215948291122931 4.4254458881914607 2.443772311322391 3.2749694474041453 4.2043940983712673 2.7270902469754246 3.1005421560257727 4.4563243240118018 6.8443668875843269 2.9516236707568169 4.6649447754025459 2.6127953818067908 2.9495373796671629
leaf_count=31 25 14 25 31 31 37 26 20 11 20 33 35 13 33 33 23
internal_value=5.24977e-05 0.00235822 -0.00101281 0.00178897 0.019819 0.0785654 -0.0119535 -0.0281524 -0.00902795 -0.0135388 -0.00508142 0.00781063 0.0370416 -0.0141964 0.0681409 -0.0402006
internal_weight=67.6462 61.4928 56.9195 52.1905 19.5702 6.86922 12.701 9.42599 32.6203 30.3072 27.5801 20.1743 8.66496 11.5093 5.71334 7.40586
internal_count=441 410 385 360 145 68 77 51 215 201 190 134 66 68 53 56
is_linear=0
shrinkage=0.1


Tree=55
num_leaves=19
num_cat=0
split_feature=11 16 16 16 16 10 16 10 10 3 3 1 3 3 2 16 16 16
split_gain=0.345621 1.07314 1.16546 0.997045 2.19019 2.18713 0.856875 0.87012 1.1719 2.54698 0.84444 1.38473 0.611599 0.600002 0.436245 0.759883 0.240789 0.000866089
threshold=1.0000000180025095e-35 15.900000000000002 61.550000000000004 87.000000000000014 132.25000000000003 47.500000000000007 19.850000000000005 34.000000000000007 40.500000000000007 2.5000000000000004 1.7500000000000002 1.5000000000000002 1.7500000000000002 1.0000000180025095e-35 1.5000000000000002 87.750000000000014 77.050000000000011 94.850000000000009
decision_type=2 2 2 2 2 2 2 2 2 2 2 2 2 2 2 2 2 2
left_child=6 -2 12 16 5 17 -1 -8 9 13 11 -10 -3 -9 15 -12 -4 -5
right_child=1 2 3 4 -6 -7 7 8 10 -11 14 -13 -14 -15 -16 -17 -18 -19
leaf_value=0.052911031201846682 -0.05810834020809439 0.061569259837406666 -0.022289909441253544 0.12032730273909947 -0.06154042657646841 -0.00019520702973882889 0.053635471550417792 -0.034594287160334553 0.080970971172818262 0.035952748969871468 0.045588896159519797 -0.0073493053436537049 0.0038804690092728053 -0.092546417026908634 -0.031226578268190072 -0.016858443817850146 -0.053985731579186617 0.12429581407765095
leaf_weight=3.5995361581444731 3.7267654165625599 3.7164623774588135 5.4428861327469367 0.99884423613548134 2.9711331585422158 4.1931059844791889 2.9240350797772399 3.4274677606299537 3.7137809665873656 3.8627437232062221 3.3152576740831119 3.4007554203271866 3.6353857070207596 3.7316333558410406 4.0905662272125491 4.7268352275714278 4.282722033560276 1.2236047089099882
leaf_count=23 15 22 29 15 14 21 36 27 28 34 21 16 19 20 23 32 19 27
internal_value=6.17057e-05 -0.00786802 -0.000793021 -0.0138086 0.00944037 0.0423126 0.0065686 0.00154312 -0.00348908 -0.0294909 0.0114008 0.0387538 0.033043 -0.0648014 -0.00463893 0.00888473 -0.0362473 0.122512
internal_weight=66.9835 30.1909 26.4641 19.1123 9.38669 6.41555 36.7926 33.1931 30.269 11.0218 19.2472 7.11454 7.35185 7.1591 12.1327 8.04209 9.72561 2.22245
internal_count=441 181 166 125 77 63 260 237 201 81 120 44 41 47 76 53 48 42
is_linear=0
shrinkage=0.1


Tree=56
num_leaves=19
num_cat=0
split_feature=7 16 7 3 12 16 16 16 16 16 16 16 2 0 10 16 16 10
split_gain=0.329585 1.14935 1.06622 0.783344 0.658552 1.16951 1.45024 1.92312 1.16628 1.76205 1.26139 1.36207 1.91578 0.601869 0.550649 0.442058 0.737662 0.106181
threshold=0.90000000000000013 54.100000000000009 1.0000000180025095e-35 1.7500000000000002 1.0000000180025095e-35 49.550000000000004 64.500000000000014 72.250000000000014 82.250000000000014 91.100000000000009 98.050000000000011 132.25000000000003 1.0000000180025095e-35 1.0000000180025095e-35 56.500000000000007 83.300000000000011 103.95000000000002 47.500000000000007
decision_type=2 2 2 2 2 2 2 2 2 2 2 2 2 2 2 2 2 2
left_child=2 -2 4 -3 17 13 -7 -8 -9 -10 -11 12 14 -6 -12 -5 -17 -1
right_child=1 3 -4 15 5 6 7 8 9 10 11 -13 -14 -15 -16 16 -18 -19
leaf_value=-0.016341277760565733 -0.046770291886535614 0.049989195407020785 0.05977486262826559 0.023203001926726165 0.061017957620719855 -0.055075126249361873 0.09671452213467005 -0.043577455135682945 0.082623895712618564 -0.06059805235984244 0.04275652036172442 -0.03735694869822654 -0.032266214435370297 0.0096059643275441323 0.11217853416628652 -0.056114042586515978 0.015287025500139129 -0.040914717027787234
leaf_weight=3.8295151414349666 6.1026758328080204 3.0841859299689522 3.2391553902998558 2.9188423976302129 4.8294030707329494 4.7033473588526276 2.11447371169925 5.3874874040484455 2.7797220330685404 3.1194942723959675 2.396557212341575 3.7377986209467053 2.5519608343020082 4.3085075914859772 2.1836000755429268 3.2604135386645794 2.601402185857296 3.2512623965740204
leaf_count=26 29 24 25 16 32 24 16 28 26 19 30 23 25 23 13 21 26 15
internal_value=6.2462e-05 -0.0115046 0.00435364 0.00663427 0.000381401 0.00558455 -0.00425297 0.00559555 -0.00310021 0.00990408 -0.00454548 0.0115407 0.037167 0.0367773 0.0758536 -0.00859405 -0.0244271 -0.0276246
internal_weight=66.3998 17.9675 48.4323 11.8648 45.1931 38.1124 28.9744 24.2711 22.1566 16.7691 13.9894 10.8699 7.13212 9.13791 4.58016 8.78066 5.86182 7.08078
internal_count=441 116 325 87 300 259 204 180 164 136 110 91 68 55 43 63 47 41
is_linear=0
shrinkage=0.1


Tree=57
num_leaves=18
num_cat=0
split_feature=1 16 10 16 10 16 16 16 13 3 10 16 2 16 1 16 16
split_gain=0.339509 0.729452 0.357894 0.680053 0.504812 0.430955 0.705152 1.02018 0.911594 0.51615 0.497977 1.14619 0.547174 1.2461 0.968636 1.08351 0.270452
threshold=2.5000000000000004 15.100000000000001 75.000000000000014 17.700000000000006 31.500000000000004 82.250000000000014 61.550000000000004 45.150000000000013 1.0000000180025095e-35 0.40000000000000008 37.500000000000007 94.850000000000009 1.0000000180025095e-35 113.90000000000002 1.5000000000000002 107.15000000000002 95.250000000000014
decision_type=2 2 2 2 2 2 2 2 2 2 2 2 2 2 2 2 2
left_child=1 -1 3 -3 -5 6 7 9 -8 -6 11 -7 14 -14 16 -16 -12
right_child=-2 2 -4 4 5 10 8 -9 -10 -11 12 -13 13 -15 15 -17 -18
leaf_value=0.043390967877208669 -0.031857457013942735 -0.05495096158385674 0.032163012308893096 0.037934438290957516 -0.043425365460645619 0.13161946793054008 -0.052204256241751727 0.040561804343109659 0.0023768890060922032 0.0040757035833339688 0.02401709330544971 -0.00070705630999745605 0.016098594224761696 -0.066565549356537218 -0.042309582539017281 0.029444756290397125 0.072076576757413385
leaf_weight=3.9276677407324305 3.1739013344049445 2.4060394316911689 3.0629391595721236 3.1958148544654241 3.9306684471666831 1.0102814184501796 7.2070870958268625 4.882301462814211 5.3177615366876125 5.4722236152738333 2.1694072382524618 1.8591882418841121 4.1364995436742893 3.2612716518342495 4.2359303440898657 4.1821510568261147 2.5441120686009526
leaf_count=25 16 10 16 32 19 17 35 32 31 31 17 34 33 15 25 26 27
internal_value=5.22523e-05 0.00166493 -0.00111876 -0.00294529 -0.000602282 -0.00305516 -0.0117103 0.00347544 -0.0290304 -0.0157811 0.00686177 0.0458824 0.0014077 -0.0203435 0.0136614 -0.00666162 0.0499571
internal_weight=65.9752 62.8013 58.8737 55.8107 53.4047 50.2089 26.81 14.2852 12.5248 9.40289 23.3988 2.86947 20.5294 7.39777 13.1316 8.41808 4.71352
internal_count=441 425 400 384 374 342 148 82 66 50 194 51 143 48 95 51 44
is_linear=0
shrinkage=0.1


Tree=58
num_leaves=18
num_cat=0
split_feature=16 16 10 3 15 16 0 16 16 2 7 15 10 10 10 10 3
split_gain=0.348211 0.662817 0.425321 0.722889 2.91721 1.34825 0.834666 0.729733 1.86312 0.884508 1.11283 1.04429 0.998058 0.661251 0.344555 0.257814 0.0141702
threshold=15.900000000000002 28.350000000000005 69.500000000000014 2.5000000000000004 1.0000000180025095e-35 93.65000000000002 1.5000000000000002 36.900000000000013 45.150000000000013 1.5000000000000002 1.5500000000000003 1.0000000180025095e-35 43.000000000000007 47.500000000000007 43.000000000000007 47.500000000000007 0.40000000000000008
decision_type=2 2 2 2 2 2 2 2 2 2 2 2 2 2 2 2 2
left_child=-1 -2 3 7 6 -6 13 -3 -9 10 11 12 -10 -5 -13 16 -11
right_child=1 2 -4 4 5 -7 -8 8 9 15 -12 14 -14 -15 -16 -17 -18
leaf_value=-0.02286154931796288 0.039261432725072813 0.047551802706810531 -0.029981008849457515 -0.002463855768218776 0.039189587047769273 0.13544723586912275 0.033134970988173487 -0.092291979273702057 0.08911817001765171 -0.012984959352526238 -0.046397246882395632 -0.026852862266182189 0.015358185836130378 -0.056550146293514375 0.012841188911495211 -0.057836302677239187 -0.024425544913981183
leaf_weight=6.0256289616227141 4.5006432309746733 2.2553955633193281 4.5371993109583846 5.1051816046237963 4.3188212290406218 2.1945112030953169 3.1678753467276684 2.5998191237449673 3.0586230400949797 2.1670264108106485 3.2259024288505307 4.0972399245947599 4.5836306437849998 4.0565753579139709 4.6899162232875824 2.7536521852016449 2.1634785290807486
leaf_count=31 25 14 25 31 31 37 26 11 30 23 16 33 30 20 25 15 18
internal_value=4.52575e-05 0.00236601 -0.000654519 0.00198359 0.0174857 0.0716213 -0.0111123 -0.00726181 -0.0114755 -0.00361788 0.00730101 0.0178446 0.0448788 -0.0264118 -0.00566719 -0.0339128 -0.0187006
internal_weight=65.5011 59.4755 54.9748 50.4376 18.843 6.51333 12.3296 31.5947 29.3393 26.7395 19.6553 16.4294 7.64225 9.16176 8.78716 7.08416 4.3305
internal_count=441 410 385 360 145 68 77 215 201 190 134 118 60 51 58 56 41
is_linear=0
shrinkage=0.1


Tree=59
num_leaves=19
num_cat=0
split_feature=11 16 16 1 3 2 10 16 16 13 16 10 3 7 2 16 16 16
split_gain=0.311284 0.914803 0.966604 0.773171 1.43451 1.58793 1.49609 1.18938 1.67896 0.73252 1.34678 1.0919 0.507971 0.622956 0.32522 0.252102 0.226883 0.184032
threshold=1.0000000180025095e-35 15.900000000000002 56.400000000000013 1.0000000180025095e-35 0.40000000000000008 1.0000000180025095e-35 47.500000000000007 70.050000000000011 91.100000000000009 1.0000000180025095e-35 113.90000000000002 52.500000000000007 2.5000000000000004 1.0000000180025095e-35 1.5000000000000002 70.050000000000011 78.800000000000011 75.750000000000014
decision_type=2 2 2 2 2 2 2 2 2 2 2 2 2 2 2 2 2 2
left_child=3 -2 -3 4 14 6 -6 -7 -9 10 11 17 13 15 -1 -5 -11 -4
right_child=1 2 9 12 5 7 -8 8 -10 16 -12 -13 -14 -15 -16 -17 -18 -19
leaf_value=0.046030972360342592 -0.0544674646328994 0.035049438702088064 -0.036030754117511922 -0.021439960073507895 0.12410609547387966 -0.064588676140353768 -0.0014473837772701551 0.073427969663677803 -0.030004015251426121 -0.0017419208979865348 0.031392711975182071 -0.08374734102414913 0.016041190180119905 -0.051910610298412645 0.098364790405089247 0.016236089828172377 0.042982478711152516 -0.0049377622036267388
leaf_weight=3.1754120169207463 3.6468565501272705 5.7782152108848122 3.2305714190006274 3.7067403905093688 1.8236196311190735 3.4631987493485195 1.9790372252464292 2.458884559571743 4.3383217961527407 2.0143120922148219 3.5910527883097521 3.6731534823775291 5.3157290536910287 4.2118820324540138 1.8967194464057682 3.4097005575895309 2.5961570525541902 4.6342079755850136
leaf_count=29 15 34 15 20 30 19 12 15 33 11 25 18 36 18 24 24 30 33
internal_value=4.95085e-05 -0.00761877 -0.000923392 0.00630011 0.02001 0.00356667 0.0587636 -0.0168901 0.00741243 -0.0114535 -0.0220878 -0.0387331 -0.00946181 -0.0214289 0.0656012 -0.00338823 0.0234424 -0.0177097
internal_weight=64.9438 29.1645 25.5177 35.7792 19.1352 14.0631 3.80266 10.2604 6.79721 19.7395 15.129 11.5379 16.6441 11.3283 5.07213 7.11644 4.61047 7.86478
internal_count=441 181 166 260 162 109 42 67 48 132 91 66 98 62 53 44 41 48
is_linear=0
shrinkage=0.1


Tree=60
num_leaves=18
num_cat=0
split_feature=11 16 16 16 16 2 13 16 3 10 16 16 3 3 1 16 16
split_gain=0.256905 0.757813 0.828569 0.751069 0.843661 0.654953 0.908331 0.863086 0.555811 0.461404 1.42459 1.32955 1.1593 1.79095 0.849306 0.682734 0.506873
threshold=1.0000000180025095e-35 19.850000000000005 119.10000000000001 15.900000000000002 61.550000000000004 1.0000000180025095e-35 1.0000000180025095e-35 87.000000000000014 1.7500000000000002 52.500000000000007 98.550000000000011 34.500000000000007 1.0000000180025095e-35 2.5000000000000004 1.5000000000000002 89.950000000000003 78.800000000000011
decision_type=2 2 2 2 2 2 2 2 2 2 2 2 2 2 2 2 2
left_child=1 -1 9 -2 8 6 7 -6 -5 11 -11 -3 16 -14 15 -15 -13
right_child=3 2 -4 4 5 -7 -8 -9 -10 10 -12 12 13 14 -16 -17 -18
leaf_value=0.04998653338375416 -0.049685023596406204 -0.075378137227024522 0.051378045395923569 0.05579761807372368 -0.046183702495218984 -0.042741516660771459 0.048801770292604796 0.012394203136434925 5.7608012620955755e-05 0.055811208728150069 -0.03037560974600716 0.076330533387311036 -0.056091944848579524 0.027010920808027711 0.063426830482736854 -0.045972085225876376 0.0092181517415757478
leaf_weight=3.4912832155823699 3.6006096415221718 2.8507442846894362 2.9534011874347916 3.613623101264241 4.6665185019373912 5.0962500288151196 2.9078513244166961 5.4562056791037321 3.5427885800600052 4.225217852741479 3.5118231549859047 2.2070788107812431 6.2327168257907015 2.7275183331221342 2.5353518314659595 2.4181381948292255 2.2961473907344043
leaf_count=23 15 13 31 22 25 36 29 35 19 24 18 19 38 21 21 25 27
internal_value=4.65109e-05 0.00575067 0.000918099 -0.00695426 -0.000868927 -0.0123466 -0.000459188 -0.0146099 0.0282035 -0.00421997 0.0166912 -0.0118273 -0.00199035 -0.0162638 0.0160546 -0.00728655 0.0421106
internal_weight=64.3333 35.4494 31.9581 28.8838 25.2832 18.1268 13.0306 10.1227 7.15641 29.0047 7.73704 21.2677 18.417 13.9137 7.68101 5.14566 4.50323
internal_count=441 260 237 181 166 125 89 60 41 206 42 164 151 105 67 46 46
is_linear=0
shrinkage=0.1


Tree=61
num_leaves=19
num_cat=0
split_feature=1 16 10 16 16 1 2 16 7 16 16 16 12 16 16 2 2 10
split_gain=0.264588 0.827234 0.312412 0.262877 0.789099 1.51598 0.647116 0.998999 0.629184 0.919202 0.851659 0.727733 0.993415 0.887219 1.40878 0.609745 0.328875 0.0981622
threshold=2.5000000000000004 15.100000000000001 75.000000000000014 100.95000000000002 112.50000000000001 1.5000000000000002 1.0000000180025095e-35 132.25000000000003 1.5500000000000003 93.350000000000009 82.250000000000014 77.700000000000003 1.0000000180025095e-35 65.40000000000002 55.650000000000006 1.0000000180025095e-35 1.0000000180025095e-35 40.500000000000007
decision_type=2 2 2 2 2 2 2 2 2 2 2 2 2 2 2 2 2 2
left_child=1 -1 3 8 5 -5 7 -6 9 10 11 12 -3 14 15 17 -12 -14
right_child=-2 2 -4 4 6 -7 -8 -9 -10 -11 16 -13 13 -15 -16 -17 -18 -19
leaf_value=0.046283206960686191 -0.028491562133431445 -0.037640691184242729 0.029403676230002587 0.10179986384369277 0.062165966515054905 -0.022975253086873551 -0.040334994210508499 -0.024045820466463429 -0.037413871769675089 -0.053324322340772584 0.063700387830090119 -0.046468795939274762 0.013072347764596134 0.054167756950663976 -0.054972870944480959 0.050764381806542684 0.011689269769309693 -0.010409449237727733
leaf_weight=3.8603004626929751 3.0943471044301978 4.9087389409542181 3.0838038250803939 2.1928508132696143 2.4295400790870172 1.7514558155089619 3.567942320369184 3.0085004838183522 5.9165536668151608 3.1907620755955568 2.7980605657212427 3.5145311653614035 3.5758015662431735 4.0744430236518374 3.3970804512500754 3.8532747495919466 2.1498103486374021 3.5453394018113613
leaf_count=25 16 22 16 37 24 13 25 24 31 26 32 17 20 31 16 29 17 20
internal_value=3.33582e-05 0.00148465 -0.00155152 -0.00332341 0.00909414 0.0463939 -0.00724186 0.0144708 -0.00725287 -0.00215546 0.00297599 -0.00404478 0.0023394 0.0129787 0.00130125 0.0187207 0.041102 0.00138167
internal_weight=63.9131 60.8188 56.9585 53.8747 12.9503 3.94431 9.00598 5.43804 40.9244 35.0078 31.8171 26.8692 23.3547 18.4459 14.3715 10.9744 4.94787 7.12114
internal_count=441 425 400 384 123 50 73 48 261 230 204 155 138 116 85 69 49 40
is_linear=0
shrinkage=0.1


Tree=62
num_leaves=17
num_cat=0
split_feature=10 16 7 16 7 16 16 10 16 16 2 2 11 13 16 16
split_gain=0.293849 0.679776 0.793754 0.927296 0.780072 0.597646 0.605256 0.442502 0.438057 1.19464 1.48373 0.645461 0.406951 1.44296 0.382178 0.340632
threshold=47.500000000000007 15.100000000000001 1.5500000000000003 83.950000000000017 0.28750000000000003 30.100000000000005 67.200000000000017 52.500000000000007 81.850000000000009 94.15000000000002 1.5000000000000002 1.5000000000000002 1.0000000180025095e-35 1.0000000180025095e-35 114.25000000000001 64.500000000000014
decision_type=2 2 2 2 2 2 2 2 2 2 2 2 2 2 2 2
left_child=1 -1 4 -4 8 -2 7 -7 11 -10 -11 15 13 -8 -14 -3
right_child=5 2 3 -5 -6 6 12 -9 9 10 -12 -13 14 -15 -16 -17
leaf_value=0.056429804604443426 -0.038902874219601494 -0.0051509201280262691 -0.070072511078886901 0.0059690859220027188 0.057824751056976702 -0.00036094128741266473 0.034112522105734289 0.049738682193398394 0.1025120072185028 -0.04091757484840066 0.080873162446058453 -0.036378855869460124 -0.042520222237573138 -0.042164120156199192 0.00035787579663928434 0.033651886112728589
leaf_weight=2.5327077377587548 4.917941719293597 6.1969403624534696 2.9358354583382598 3.5341960657387972 3.092329845763742 3.6077425293624428 6.1434240192174911 3.4477828294038773 1.5412451741285611 2.9489405513741076 1.5137617401778696 4.6128210425376883 5.3906819932162762 4.1591635830700397 3.383396103978157 3.5631698071956635
leaf_count=19 22 35 12 30 33 21 40 21 27 40 27 22 31 20 16 25
internal_value=3.31155e-05 0.00668397 0.00247573 -0.0285355 0.0110249 -0.00692229 -0.000903711 0.024121 0.00392276 0.0266084 0.000394201 -0.00555361 -0.0101591 0.00331958 -0.0259859 0.009015
internal_weight=63.5221 32.4719 29.9392 6.47003 23.4692 31.0501 26.1322 7.05553 20.3769 6.00395 4.4627 14.3729 19.0767 10.3026 8.77408 9.76011
internal_count=441 270 251 42 209 171 149 42 176 94 67 82 107 60 47 60
is_linear=0
shrinkage=0.1


Tree=63
num_leaves=17
num_cat=0
split_feature=7 16 7 3 16 10 12 3 16 11 10 16 15 16 16 15
split_gain=0.254363 1.07284 0.959363 0.632485 0.50626 0.499052 0.658641 0.86361 1.73234 0.768737 0.657293 0.534502 1.23268 0.592236 0.475826 0.804524
threshold=0.90000000000000013 54.100000000000009 1.0000000180025095e-35 1.7500000000000002 22.150000000000002 34.000000000000007 1.0000000180025095e-35 1.0000000180025095e-35 106.65000000000002 1.0000000180025095e-35 31.500000000000004 65.40000000000002 1.0000000180025095e-35 91.100000000000009 83.300000000000011 1.0000000180025095e-35
decision_type=2 2 2 2 2 2 2 2 2 2 2 2 2 2 2 2
left_child=2 -2 4 -3 -1 10 -7 8 9 -8 -6 -9 13 -13 -5 -16
right_child=1 3 -4 14 5 6 7 11 -10 -11 -12 12 -14 -15 15 -17
leaf_value=0.03204529315304671 -0.04503732300787925 0.047009050185596014 0.057817399133922177 0.027520127500683361 0.074464795284822929 -0.03926611532894262 0.097134226117884165 -0.039405278999652696 -0.032705315878351612 0.022025612470401995 -0.0042596779742271971 0.0055527617184207923 0.040865920741444316 -0.044018526670000398 0.01556750980742053 -0.060590535488482769
leaf_weight=4.4318618830293408 5.8698497414588955 3.0005589500069609 3.0799134681001297 2.7411444857716543 1.8020873670466233 5.544407312758266 2.6958073386922496 5.5732746552675989 3.2915887124836445 2.7556236535310745 2.5774711268022656 4.2378610391169769 4.4367639874108127 5.5880663488060236 2.7108550826087594 2.8405695105902851
leaf_count=27 29 24 25 16 24 30 27 29 24 20 24 28 37 30 22 25
internal_value=3.10587e-05 -0.0103585 0.00390625 0.00766658 3.89484e-05 -0.00364512 -0.00772376 -0.00160445 0.0245793 0.0591679 0.0281336 -0.0131453 -0.00288404 -0.0226387 -0.00656898 -0.0234013
internal_weight=63.1777 17.163 46.0147 11.2931 42.9348 38.503 34.1234 28.579 8.74302 5.45143 4.37956 19.836 14.2627 9.82593 8.29257 5.55142
internal_count=441 116 325 87 300 273 225 195 71 47 48 124 95 58 63 47
is_linear=0
shrinkage=0.1


Tree=64
num_leaves=17
num_cat=0
split_feature=1 16 10 16 10 7 16 16 16 2 3 16 13 15 16 16
split_gain=0.288964 0.611405 0.279111 0.278942 0.295137 0.973949 1.00117 1.17776 0.607159 0.951242 0.80662 0.751634 0.638134 0.539393 0.406924 0.286028
threshold=2.5000000000000004 15.100000000000001 75.000000000000014 136.00000000000003 56.500000000000007 1.5500000000000003 98.050000000000011 107.15000000000002 80.550000000000011 1.5000000000000002 1.7500000000000002 50.800000000000004 1.0000000180025095e-35 1.0000000180025095e-35 32.050000000000004 85.050000000000011
decision_type=2 2 2 2 2 2 2 2 2 2 2 2 2 2 2 2
left_child=1 -1 3 4 5 6 8 -8 9 11 -10 14 -13 -6 -3 -7
right_child=-2 2 -4 -5 13 15 7 -9 10 -11 -12 12 -14 -15 -16 -17
leaf_value=0.040491838383522098 -0.029946738988623819 0.025768248640277349 0.028311313856073217 0.024177158385637353 -0.038868645092658749 -0.055545194520136558 0.0075457242537990731 0.12943370442625682 0.017482752788155868 -0.022289299096723322 -0.048125436780104683 0.021918257315834994 0.083321992695271616 0.0063807124085937658 -0.021820830049009071 -0.014707782645066373
leaf_weight=3.7797070015221825 3.0587871521711341 3.5419136062264531 3.0572642609477034 3.5820433879271141 6.1167360916733724 3.3740550279617301 1.8630755026824766 1.3799055195413528 3.0533608901314429 6.3552435468882313 4.8513031294569373 4.0221112556755543 2.9220504257827997 4.6273050531744957 3.6468024421483278 3.4882910274900496
leaf_count=25 16 20 16 31 34 15 33 29 27 34 38 24 25 25 21 28
internal_value=3.03914e-05 0.0015673 -0.00106548 -0.00276569 -0.00472561 -0.000635758 0.00677215 0.0594097 0.000759965 0.00984314 -0.0227827 0.0242924 0.0477565 -0.0193804 0.00162653 -0.0347866
internal_weight=62.72 59.6612 55.8815 52.8242 49.2422 38.4981 31.6358 3.24298 28.3928 20.4881 7.90466 14.1329 6.94416 10.744 7.18872 6.86235
internal_count=441 425 400 384 353 294 251 62 189 124 65 90 49 59 41 43
is_linear=0
shrinkage=0.1


Tree=65
num_leaves=17
num_cat=0
split_feature=16 10 16 16 16 3 16 16 16 7 15 1 16 14 2 16
split_gain=0.354497 0.568741 0.928189 0.861127 0.897367 0.789253 0.769415 1.4701 1.20461 1.06936 0.819703 0.796262 0.780167 0.357018 0.331968 0.423232
threshold=15.900000000000002 37.500000000000007 65.40000000000002 83.950000000000017 89.15000000000002 2.5000000000000004 67.200000000000017 88.000000000000014 58.850000000000001 0.90000000000000013 1.0000000180025095e-35 1.0000000180025095e-35 98.550000000000011 1.0000000180025095e-35 1.0000000180025095e-35 115.60000000000001
decision_type=2 2 2 2 2 2 2 2 2 2 2 2 2 2 2 2
left_child=-1 2 -2 -4 -5 -6 8 11 9 10 -3 -8 -9 -14 15 -15
right_child=1 6 3 4 5 -7 7 12 -10 -11 -12 -13 13 14 -16 -17
leaf_value=-0.023547897285313639 -0.010311769171351496 0.048062213938416296 0.091925348907091295 -0.063368259293686946 0.11674809013582202 0.0064529441160451799 -0.018801675054565942 0.041847780205290952 0.069933540540643144 -0.044387302054665727 -0.013649556177669617 -0.074002108244181367 -0.029340203363648433 -0.0076445114008596438 -0.018122011566252618 0.045257195200030763
leaf_weight=5.7847003750503054 4.8924281373620016 4.7786007113754732 2.5981711447238922 1.0131865683943035 1.0174337108619513 1.7906130771152673 6.3775532841682452 4.3710312396287945 3.2204382047057143 3.6247385554015628 3.9164418336004019 4.427245631814003 4.6070859478786561 2.9971968084573746 3.9857246684841812 3.0525218173861504
leaf_count=31 26 33 19 7 33 31 35 39 19 20 22 27 31 19 26 23
internal_value=3.29794e-05 0.00244003 0.0225006 0.0475078 0.0173071 0.046416 -0.00256281 -0.0119652 0.0154783 0.00124353 0.0202659 -0.0414199 0.00477303 -0.00629439 0.00428552 0.0190482
internal_weight=62.4551 56.6704 11.3118 6.4194 3.82123 2.80805 45.3586 29.8184 15.5402 12.3198 8.69504 10.8048 19.0136 14.6425 10.0354 6.04972
internal_count=441 410 116 90 71 64 294 200 94 75 55 62 138 99 68 42
is_linear=0
shrinkage=0.1


Tree=66
num_leaves=17
num_cat=0
split_feature=16 16 10 7 3 10 16 16 16 3 16 16 16 13 10 10
split_gain=0.288205 0.595973 0.327046 0.716547 1.1813 2.11899 0.475533 0.946394 1.58114 0.98131 0.849316 0.955543 0.68279 1.56074 0.79912 0.211222
threshold=15.900000000000002 28.350000000000005 69.500000000000014 0.28750000000000003 2.5000000000000004 47.500000000000007 98.050000000000011 132.25000000000003 114.25000000000001 1.7500000000000002 91.100000000000009 82.250000000000014 55.650000000000006 1.0000000180025095e-35 40.500000000000007 43.000000000000007
decision_type=2 2 2 2 2 2 2 2 2 2 2 2 2 2 2 2
left_child=-1 -2 3 6 15 -6 10 8 9 -8 11 12 14 -14 -3 -5
right_child=1 2 -4 4 5 -7 7 -9 -10 -11 -12 -13 13 -15 -16 -17
leaf_value=-0.021263849077302433 0.038048894354961199 -0.023892879669232842 -0.02725442178643013 -0.025972193427660474 0.01035599503494769 0.13141308346801955 -0.039196453135791259 -0.026371624857086485 0.12062402358509255 0.052703589000289743 -0.059328544956110875 0.047858300456538841 -0.0602809294471836 0.012483934944118369 0.045497357533300989 0.010906523235739516
leaf_weight=5.7664612811058751 4.2865124791860572 3.2408754937350848 4.2714811936020842 3.3495222236961109 4.1738628149032593 2.2123461924493313 2.3316267346963269 3.8765998114831746 1.6471088794060049 2.3160908212885261 3.4352675233967593 2.8767509316094211 6.7148072719573957 5.2543077431619167 3.4015969801694155 2.8956922255456448
leaf_count=31 25 18 25 27 38 19 20 25 24 29 23 30 31 35 22 19
internal_value=2.81426e-05 0.00220955 -0.000744907 0.00162767 0.0220516 0.0522933 -0.00572332 0.0124981 0.0364356 0.00659997 -0.0131596 -0.00577868 -0.0140692 -0.028338 0.0116417 -0.00887279
internal_weight=62.0509 56.2844 51.9979 47.7265 12.6314 6.38621 35.095 10.1714 6.29483 4.64772 24.9236 21.4883 18.6116 11.9691 6.64247 6.24521
internal_count=441 410 385 360 103 57 257 98 73 49 159 136 106 66 40 46
is_linear=0
shrinkage=0.1


Tree=67
num_leaves=18
num_cat=0
split_feature=16 10 16 16 16 16 16 7 16 1 15 16 16 3 14 3 16
split_gain=0.234426 0.545814 0.793265 2.61579 0.559983 1.20098 1.08808 0.95855 0.720528 0.711041 0.677345 0.475717 0.770771 0.724583 0.310731 0.365741 0.13938
threshold=15.900000000000002 37.500000000000007 40.900000000000006 64.500000000000014 67.200000000000017 88.000000000000014 58.850000000000001 0.90000000000000013 98.550000000000011 1.0000000180025095e-35 1.0000000180025095e-35 83.950000000000017 89.15000000000002 2.5000000000000004 1.0000000180025095e-35 1.1000000000000003 116.70000000000002
decision_type=2 2 2 2 2 2 2 2 2 2 2 2 2 2 2 2 2
left_child=-1 2 -2 -4 6 9 7 10 -7 -6 -3 -5 -13 -14 -10 -16 -17
right_child=1 4 3 11 5 8 -8 -9 14 -11 -12 12 13 -15 15 16 -18
leaf_value=-0.019196652604058936 0.079610244587188184 0.042360503042075837 -0.078774267298599848 0.071175396483101505 -0.016713529511552357 0.040071433550155487 0.064178891383192813 -0.044670451866486799 -0.028196459162231971 -0.069674366162121928 -0.013923110303108017 -0.05779922177548738 0.11598909949348468 0.0072821441824910561 0.029667962532890942 0.0040163049961662615 -0.025327649473050974
leaf_weight=5.7496116049587718 1.9579448625445355 4.7256808299571258 2.4575683474540693 3.028259702026844 6.29033972322941 4.2996964990161386 3.2230057008564463 3.5772079154849044 4.5478892396204147 4.246337354183197 3.9050954021513462 0.98959109559655223 0.94433515099808607 1.7483986467123029 3.4497610004618764 3.2399433101527393 3.2348308749496937
leaf_count=31 13 33 11 21 35 39 19 20 31 27 22 7 33 31 25 24 19
internal_value=3.03589e-05 0.00200917 0.0218301 0.00949063 -0.00292 -0.0110378 0.0124985 -0.00114551 0.00412793 -0.038057 0.0168943 0.0418152 0.0176701 0.0454054 -0.00655074 0.00336835 -0.0106441
internal_weight=61.6155 55.8659 11.1261 9.16815 44.7398 29.3088 15.431 12.208 18.7721 10.5367 8.63078 6.71058 3.68232 2.69273 14.4724 9.92454 6.47477
internal_count=441 410 116 103 294 200 94 75 138 62 55 92 71 64 99 68 43
is_linear=0
shrinkage=0.1


Tree=68
num_leaves=19
num_cat=0
split_feature=11 16 16 7 1 10 13 16 16 16 16 10 16 16 3 16 16 16
split_gain=0.21846 0.623728 1.27916 0.788461 0.610456 1.37251 0.727976 0.512201 0.619938 0.476681 0.416652 0.846483 0.342328 1.16236 0.851927 0.990264 0.301046 0.200749
threshold=1.0000000180025095e-35 15.900000000000002 28.350000000000005 0.28750000000000003 1.0000000180025095e-35 52.500000000000007 1.0000000180025095e-35 19.850000000000005 119.10000000000001 29.250000000000004 80.550000000000011 40.500000000000007 84.300000000000026 111.55000000000003 1.7500000000000002 98.250000000000014 98.90000000000002 55.650000000000006
decision_type=2 2 2 2 2 2 2 2 2 2 2 2 2 2 2 2 2 2
left_child=7 -2 -3 4 5 6 -4 -1 9 -9 11 -11 -12 14 -14 -16 -6 -13
right_child=1 2 3 -5 16 -7 -8 8 -10 10 12 17 13 -15 15 -17 -18 -19
leaf_value=0.042639804629350762 -0.046199293963265532 0.086977576526157868 0.018800753527860564 0.027509697746307699 0.032090783339295173 -0.079193413096675935 -0.045006189425290166 -0.049793020280307389 0.04602302437589717 -0.016045304693479631 -0.044533803230994123 0.058759432610454548 0.051658487431763891 -0.069205498704333748 -0.041126676884581659 0.040693922307309532 -0.013017598653269966 0.022788054186171722
leaf_weight=3.3311981633305541 3.4741505496203926 1.5506346449255968 4.6282392945140653 5.1282902993261805 2.8795370357111088 3.8560101911425591 2.9137397999875247 2.036106623709208 2.8167533781379452 4.9162980057299155 2.4832622818648806 2.8882267959415913 3.385803940240292 2.2078900244086972 3.9529828494414687 2.3636794402264059 3.0430199075490236 3.3520833570510149
leaf_count=23 15 11 32 39 27 17 20 9 31 35 12 22 35 16 27 30 20 20
internal_value=2.26519e-05 -0.00659738 -0.000864627 -0.00693225 -0.0171299 -0.0306626 -0.00585018 0.00541409 0.00133535 -0.00322757 0.000483249 0.0149879 -0.0107594 -0.00371763 0.0111848 -0.0105096 0.00891402 0.0394368
internal_weight=61.2079 27.4736 23.9995 22.4488 17.3205 11.398 7.54198 33.7343 30.4031 27.5863 25.5502 11.1566 14.3936 11.9104 9.70247 6.31666 5.92256 6.24031
internal_count=441 181 166 155 116 69 52 260 237 206 197 77 120 108 92 57 47 42
is_linear=0
shrinkage=0.1


Tree=69
num_leaves=19
num_cat=0
split_feature=1 16 16 16 16 12 15 16 16 10 16 16 16 3 16 16 16 16
split_gain=0.245907 0.721675 1.65526 0.498693 0.806992 0.764204 0.707994 0.510585 1.29441 0.500368 1.0202 0.99719 0.721977 1.54086 0.650427 0.520781 0.0416653 0.0257467
threshold=2.5000000000000004 15.100000000000001 16.750000000000004 61.550000000000004 45.150000000000013 1.0000000180025095e-35 1.0000000180025095e-35 65.40000000000002 72.250000000000014 37.500000000000007 82.250000000000014 83.950000000000017 104.30000000000003 1.7500000000000002 119.10000000000001 89.950000000000003 95.250000000000014 91.100000000000009
decision_type=2 2 2 2 2 2 2 2 2 2 2 2 2 2 2 2 2 2
left_child=1 -1 -3 4 6 -5 -4 -7 -9 11 -11 -10 13 -12 -14 -13 -17 -15
right_child=-2 2 3 5 -6 7 -8 8 9 10 12 15 14 17 -16 16 -18 -19
leaf_value=0.043844934977592842 -0.028230008230971056 -0.097366385675719633 -0.019751660309172542 -0.040771511364184436 0.050416242730275486 -0.04444405030134467 0.03379839351112579 0.074425139260733339 0.095983084344652705 -0.04992826477504643 0.088655608562852165 -0.067752677478747178 -0.041605089421784876 0.0029667267448976239 0.0088133547653791895 0.005774797974040932 0.034896421421406566 -0.01078732013237352
leaf_weight=3.7535447850823394 2.9346574246883383 1.7430147528648365 6.3311769962310773 5.0379828950390211 4.8865157365798941 2.28456126153469 4.0471980180591345 2.4384526163339642 1.4847500286996389 4.5539395418018129 2.6024064761586505 0.90298188291490111 4.7882736376486701 2.4431278146803379 5.4951132875867188 0.81332471873611245 1.2408297690562902 3.0727736167609692
leaf_count=25 16 7 35 37 35 10 26 19 11 25 24 7 33 19 38 11 39 24
internal_value=1.06307e-05 0.00144151 -0.0014969 0.00169065 0.0169079 -0.00456067 0.00113096 0.00111886 0.00460764 -0.0016063 -0.00755098 0.0291157 0.0029363 0.0252293 -0.0146631 -0.00445774 0.023366 -0.00469532
internal_weight=60.8546 57.92 54.1664 52.4234 15.2649 37.1585 10.3784 32.1205 29.836 27.3975 22.9556 4.44189 18.4017 8.11831 10.2834 2.95714 2.05415 5.5159
internal_count=441 425 400 393 96 297 61 260 250 231 163 68 138 67 71 57 50 43
is_linear=0
shrinkage=0.1


Tree=70
num_leaves=18
num_cat=0
split_feature=3 16 16 16 10 16 16 16 16 2 7 0 16 16 16 2 1
split_gain=0.242787 1.93947 1.251 1.68263 0.926613 1.02381 2.66245 0.612415 1.16552 0.598908 0.427156 0.516106 1.09954 0.807245 0.489549 0.948125 0.33357
threshold=1.1000000000000003 19.850000000000005 84.300000000000026 106.65000000000002 37.500000000000007 66.200000000000017 88.300000000000011 16.750000000000004 36.900000000000013 1.5000000000000002 1.1000000000000003 1.5000000000000002 80.550000000000011 58.850000000000001 115.60000000000001 1.0000000180025095e-35 1.5000000000000002
decision_type=2 2 2 2 2 2 2 2 2 2 2 2 2 2 2 2 2
left_child=2 -2 7 -4 5 -3 -7 -1 -9 -10 11 13 -13 -6 15 -15 -8
right_child=1 4 3 -5 10 6 16 8 9 -11 -12 12 -14 14 -16 -17 -18
leaf_value=-0.057072634639709463 0.085766138239574852 -0.020424549022585375 0.089262397367443028 -0.011381840304362892 -0.061771427957722502 0.16841142726437744 0.038232410596235097 0.040376302647403016 -0.011289416078713387 -0.066008207747393979 0.016496897042353586 0.052888682871359873 -0.031925902106500689 -0.023670939007144176 -0.044889730685662377 0.041840116287520213 -0.034974390345848615
leaf_weight=4.0770183149725225 2.7521683201193801 2.2612661570310584 2.6841935017146161 4.3584679402410984 4.2310717813670733 1.5125008076429365 1.1993400012142958 3.1139659732580176 5.5751210507005435 3.1194792725145817 5.3048032540827981 3.0204028636217108 3.0945682027377188 6.1169812567532045 3.2575099356472483 3.458154147490859 1.2939336374402044
leaf_count=18 22 12 37 36 22 13 30 19 39 17 37 20 24 38 18 25 14
internal_value=2.1545e-06 0.00495823 -0.00810427 0.026977 -0.00144159 0.0333708 0.0637384 -0.0236571 -0.0121201 -0.0309216 -0.00910114 -0.0149596 0.00996705 -0.0238924 -0.0114032 -1.09783e-05 0.000240294
internal_weight=60.4309 37.5027 22.9282 7.04266 34.7505 6.26704 4.00577 15.8856 11.8086 8.6946 28.4835 23.1787 6.11497 17.0637 12.8326 9.57514 2.49327
internal_count=441 275 166 73 253 69 57 93 75 56 184 147 44 103 81 63 44
is_linear=0
shrinkage=0.1


Tree=71
num_leaves=18
num_cat=0
split_feature=1 16 10 3 15 1 0 2 0 7 2 16 15 3 16 1 3
split_gain=0.212974 0.622299 0.286534 0.313884 1.68648 1.21225 0.952404 0.985911 0.781833 0.67969 0.867761 1.63344 0.561029 0.800407 0.549173 0.454587 0.374808
threshold=2.5000000000000004 15.100000000000001 75.000000000000014 2.5000000000000004 1.0000000180025095e-35 1.5000000000000002 1.5000000000000002 1.5000000000000002 1.5000000000000002 0.90000000000000013 1.5000000000000002 55.650000000000006 1.0000000180025095e-35 1.7500000000000002 78.800000000000011 1.5000000000000002 0.40000000000000008
decision_type=2 2 2 2 2 2 2 2 2 2 2 2 2 2 2 2 2
left_child=1 -1 3 9 6 8 7 -5 -6 10 12 -12 13 15 -13 -3 -14
right_child=-2 2 -4 4 5 -7 -8 -9 -10 -11 11 14 16 -15 -16 -17 -18
leaf_value=0.041144055384608372 -0.026561693188044799 0.077127484401909585 0.029035879564706137 -0.053560645328142746 0.055814387580065218 0.11227945564833815 0.035631195782667935 0.012941257744231955 -0.03181379461574229 -0.040427623698621531 0.033768779682787194 -0.097921285705988501 -0.022824847947620752 -0.012998669122934235 -0.033317685085564305 0.021506474291158512 0.02072074700437742
leaf_weight=3.6763497628271571 2.8714680522680274 2.9338615508750152 2.9251689389348021 6.1032115817070025 2.3954836586490265 2.0644172951579094 2.9562879782170048 3.5121997781097889 1.7708868174813686 5.7230319995433083 2.7000621985644084 2.3442016988992691 5.8205302306450903 3.1817449666559696 2.9994087489321828 2.9437401462346315 2.9930154853500426
leaf_count=25 16 30 16 35 30 23 27 23 16 37 18 9 38 21 36 21 20
internal_value=1.17069e-05 0.00134936 -0.001392 -0.00315654 0.00707629 0.0496174 -0.0140079 -0.0292696 0.0185686 -0.00923761 -0.00235007 -0.0296261 0.00992549 0.0274007 -0.0616588 0.0492702 -0.00803708
internal_weight=59.9151 57.0436 53.3673 50.4421 18.8025 6.23079 12.5717 9.61541 4.16637 31.6396 25.9166 8.04367 17.8729 9.05935 5.34361 5.8776 8.81355
internal_count=441 425 400 384 154 69 85 58 46 230 193 63 130 72 45 51 58
is_linear=0
shrinkage=0.1


Tree=72
num_leaves=17
num_cat=0
split_feature=16 10 1 16 12 3 3 16 16 10 16 16 1 0 16 16
split_gain=0.22819 0.433574 1.1474 0.516683 0.35839 0.549559 0.490777 0.56221 1.04785 0.560266 0.525629 1.6268 1.14849 0.864894 0.882675 0.162181
threshold=15.900000000000002 34.000000000000007 1.0000000180025095e-35 77.050000000000011 1.0000000180025095e-35 1.1000000000000003 0.40000000000000008 106.65000000000002 63.500000000000007 69.500000000000014 100.95000000000002 115.60000000000001 1.0000000180025095e-35 1.0000000180025095e-35 77.700000000000003 75.950000000000017
decision_type=2 2 2 2 2 2 2 2 2 2 2 2 2 2 2 2
left_child=-1 2 3 -2 5 -3 7 8 -6 10 12 -12 13 -8 -15 -14
right_child=1 4 -4 -5 6 -7 9 -9 -10 -11 11 -13 15 14 -16 -17
leaf_value=-0.019350565405187588 0.035596204950178581 -0.050136137393114989 0.091313437082309046 -0.038101644818390568 0.0017125626271349949 0.0036126347020156639 0.042840232373152404 -0.013583050494866872 0.073630591043665164 -0.044258341437953388 0.082622397087533384 -0.017331620340824232 -0.025431766223570292 0.020877826780327312 -0.051436432879175487 -0.055443286258171243
leaf_weight=5.5227374937385312 1.7872975915670388 3.5003516655415288 1.9087099572643635 2.0337748737074435 4.4696910940110666 4.1667292956262827 5.0040731914341539 3.5006253202445796 3.7054289234802127 3.135105535387992 2.8071405538357785 3.8774142134934664 3.8979174867272368 3.722013346850872 3.0885961563326418 3.3465457437559962
leaf_count=31 11 18 22 34 31 26 37 29 38 18 30 27 22 25 21 21
internal_value=9.5741e-06 0.00199138 0.0279979 -0.00362965 -0.00109876 -0.020926 0.00264969 0.0199506 0.0343099 -0.0043451 0.000515591 0.0246435 -0.00794671 0.0112755 -0.0119165 -0.0392954
internal_weight=59.4742 53.9514 5.72978 3.82107 48.2216 7.66708 40.5546 11.6757 8.17512 28.8788 25.7437 6.68455 19.0591 11.8147 6.81061 7.24446
internal_count=441 410 67 45 343 44 299 98 69 201 183 57 126 83 46 43
is_linear=0
shrinkage=0.1


Tree=73
num_leaves=18
num_cat=0
split_feature=16 3 16 16 0 12 16 0 10 16 7 2 16 16 10 7 3
split_gain=0.228574 0.259118 1.04168 0.917701 0.751476 0.747163 0.64474 0.618922 0.526815 0.497912 1.37347 1.28846 0.831632 0.486154 1.00876 0.503965 0.460909
threshold=136.00000000000003 1.1000000000000003 61.550000000000004 16.750000000000004 1.5000000000000002 1.0000000180025095e-35 34.500000000000007 1.0000000180025095e-35 37.500000000000007 106.65000000000002 0.90000000000000013 1.0000000180025095e-35 63.500000000000007 82.250000000000014 56.500000000000007 0.90000000000000013 2.5000000000000004
decision_type=2 2 2 2 2 2 2 2 2 2 2 2 2 2 2 2 2
left_child=1 3 4 -1 6 -5 -3 8 -4 10 11 12 -7 -10 15 -15 -9
right_child=-2 2 7 5 -6 9 -8 16 13 -11 -12 -13 -14 14 -16 -17 -18
leaf_value=-0.053375766851391782 0.025015685045575838 -0.013001302128377799 0.039767723204981682 -0.037237642074516401 0.0687916039405089 0.033699330119004965 0.044690327516086745 -0.063876627387058099 -0.032985620680445256 -0.028036408975236144 -0.044936674507690406 -0.0028624612001304536 0.12053909410916162 0.068923500067964563 -0.029837035841469736 0.0051428877974032255 -0.010573047594842691
leaf_weight=4.0003614295274046 3.442502023652195 4.4592592641711217 3.0213121017441216 4.1346970098093196 3.3173377439379692 2.1921483464538998 3.4249565433710814 2.9195066019892684 4.5665997341275206 2.5555111835710713 2.4173308322206131 3.6615212648175657 2.2191867977380753 2.5025771800428611 4.0698050558567047 2.4533618120476604 3.650622318033129
leaf_count=18 31 27 39 25 24 17 24 16 26 21 14 33 27 25 23 18 33
internal_value=1.08728e-05 -0.00153826 0.00382129 -0.0102391 0.0288613 -0.00019492 0.0120603 -0.00827712 0.00199784 0.0115454 0.0211879 0.0409882 0.0773853 -0.00639767 0.00705458 0.0373499 -0.0342591
internal_weight=59.0086 55.5661 34.3853 21.1808 11.2016 17.1804 7.88422 23.1838 16.6137 13.0457 10.4902 8.07286 4.41134 13.5923 9.02574 4.95594 6.57013
internal_count=441 410 255 155 75 137 51 180 131 112 91 77 44 92 66 43 49
is_linear=0
shrinkage=0.1


Tree=74
num_leaves=18
num_cat=0
split_feature=1 16 16 10 16 16 16 10 16 16 16 16 16 15 3 16 1
split_gain=0.18909 0.659118 0.421296 0.259611 0.216123 0.277026 0.773482 0.75781 0.795255 0.588358 0.460608 0.792089 0.576609 0.58429 0.414717 0.326841 0.0489942
threshold=2.5000000000000004 15.100000000000001 17.700000000000006 75.000000000000014 136.00000000000003 61.550000000000004 65.40000000000002 37.500000000000007 83.950000000000017 45.150000000000013 88.000000000000014 77.700000000000003 112.50000000000001 1.0000000180025095e-35 0.40000000000000008 89.15000000000002 1.5000000000000002
decision_type=2 2 2 2 2 2 2 2 2 2 2 2 2 2 2 2 2
left_child=1 -1 -3 4 5 9 -7 8 -8 14 11 -9 13 -12 -4 -10 -17
right_child=-2 2 3 -5 -6 6 7 10 15 -11 12 -13 -14 -15 -16 16 -18
leaf_value=0.042388746013969747 -0.025356308111284295 -0.047086215755407682 -0.031655185218700886 0.029377127956190255 0.022562599675814223 -0.05950937498150586 0.074084124837785939 0.0035085437038806819 -0.05409076517278915 0.037383595659753972 0.043784612790063314 -0.054075299026847469 -0.026448036849797303 -0.011522240066480892 0.011625324854688271 0.032069075637979429 -0.00037876227158225705
leaf_weight=3.6468595564365378 2.7963548302650443 1.9586908295750607 3.8028340637683851 2.8726487830281249 3.4354908629320553 2.7407298907637623 2.3247504495084312 4.3353115376085061 0.91312714479863677 4.6121912728995076 4.0749573493376356 5.320189967751503 4.7597989640198648 3.595648021902889 5.2988429311662912 1.1213588393293319 0.79543239157646883
leaf_count=25 16 10 21 16 31 12 19 31 7 34 35 30 32 37 34 36 15
internal_value=1.74212e-05 0.00129337 -0.00159084 0.000191272 -0.00158763 -0.00348642 -0.00887157 -0.00377679 0.0307479 0.00828662 -0.0118346 -0.0282202 0.000893227 0.0178592 -0.006458 -0.00485247 0.0186038
internal_weight=58.4052 55.6089 51.962 50.0033 47.1307 43.6952 29.9813 27.2406 5.15467 13.7139 22.0859 9.6555 12.4304 7.67061 9.10168 2.82992 1.91679
internal_count=441 425 400 390 374 343 254 242 77 89 165 61 104 72 55 58 51
is_linear=0
shrinkage=0.1


Tree=75
num_leaves=19
num_cat=0
split_feature=11 1 3 2 16 16 16 16 7 1 10 13 3 3 16 7 3 2
split_gain=0.179644 0.507361 1.03462 1.16479 0.811913 0.856238 0.462693 1.04879 0.732539 0.508858 1.10162 0.452776 0.402241 0.396296 0.330002 0.328011 0.298272 0.261618
threshold=1.0000000180025095e-35 1.0000000180025095e-35 0.40000000000000008 1.0000000180025095e-35 70.050000000000011 94.850000000000009 15.900000000000002 28.350000000000005 0.28750000000000003 1.0000000180025095e-35 52.500000000000007 1.0000000180025095e-35 1.1000000000000003 2.5000000000000004 70.90000000000002 1.0000000180025095e-35 0.40000000000000008 1.5000000000000002
decision_type=2 2 2 2 2 2 2 2 2 2 2 2 2 2 2 2 2 2
left_child=1 2 17 14 -5 -6 -2 -8 9 10 11 -9 -11 15 -4 16 -3 -1
right_child=6 13 3 4 5 -7 7 8 -10 12 -12 -13 -14 -15 -16 -17 -18 -19
leaf_value=0.03971610807121885 -0.041194477760313847 -0.028339071921734366 0.083825634661216453 -0.057571813696716802 0.044906470660488446 -0.029076514323052478 0.080400836502593803 0.013195523901042797 0.027362842448454334 -0.025549096884672429 -0.074554467286977011 -0.038414322546866851 0.029010325357726092 0.015678929597633378 0.020964686014823666 -0.042901813597436021 0.014826855736872811 0.089997159850882094
leaf_weight=2.8068850780837247 3.2928453087806728 3.0627298131585103 1.7003334052860748 3.1112761124968511 2.8903286904096603 3.4098739335313439 1.4768795222044016 4.3772704685106927 4.8599152015522114 2.2334151156246653 3.6178140491247177 2.7791339121758938 3.4212458040565252 4.6490208767354479 1.6412386251613496 3.7834104634821415 3.3535446906462312 1.63908593961969
leaf_count=29 15 21 16 19 18 30 11 32 39 21 17 20 26 36 26 18 23 24
internal_value=8.68173e-06 0.00502253 0.0167135 0.00223201 -0.0157759 0.00486448 -0.00615754 -0.00108976 -0.00674306 -0.0168321 -0.0295819 -0.00684676 0.00746105 -0.00851898 0.052951 -0.0195484 -0.00577787 0.0582531
internal_weight=58.1062 32.0477 17.199 12.7531 9.41148 6.3002 26.0585 22.7657 21.2888 16.4289 10.7742 7.1564 5.65466 14.8487 3.34157 10.1997 6.41627 4.44597
internal_count=441 260 162 109 67 48 181 166 155 116 69 52 47 98 42 62 44 53
is_linear=0
shrinkage=0.1


Tree=76
num_leaves=17
num_cat=0
split_feature=16 13 1 13 16 16 7 7 1 16 16 16 16 11 16 16
split_gain=0.162787 0.440335 0.752096 0.405128 0.775806 1.26046 1.05082 0.955253 0.818065 1.07905 1.02237 0.388549 0.848868 0.881121 1.0168 0.0827268
threshold=107.15000000000002 1.0000000180025095e-35 1.0000000180025095e-35 1.0000000180025095e-35 15.900000000000002 55.650000000000006 0.45000000000000007 0.45000000000000007 1.5000000000000002 82.250000000000014 91.100000000000009 39.750000000000007 54.100000000000009 1.0000000180025095e-35 81.850000000000009 82.250000000000014
decision_type=2 2 2 2 2 2 2 2 2 2 2 2 2 2 2 2
left_child=3 2 -2 4 -1 6 -6 8 9 -7 -11 -5 -13 14 -14 -9
right_child=1 -3 -4 11 5 7 -8 15 -10 10 -12 12 13 -15 -16 -17
leaf_value=-0.047590842781873179 -0.0017806123042330584 -0.023682266686066777 0.062615686433230705 0.044587957993936694 0.054033586395161287 -0.047787221673287361 -0.01725406609695045 0.032148872829079807 -0.068138792977120263 0.079273844928621828 -0.020359662907360375 -0.051878160131933582 0.037894298799665931 0.059233083890076754 -0.037772763333255334 0.0072179033150123811
leaf_weight=4.4563170969486228 4.5840272139757854 2.645778932608664 3.0009469953365624 2.7942219395190468 5.7096491921693104 4.6963910087943095 3.241764735430479 2.3006495237350455 4.2490958618000141 1.7885838239453731 2.4280162155628204 2.278870351612567 3.2148351669311506 3.1928261145949364 3.9677514946088195 3.1578398123383522
leaf_count=21 40 29 25 24 39 23 20 15 30 17 26 13 27 33 33 26
internal_value=3.06857e-06 0.0114445 0.0236974 -0.00246244 -0.00887795 -0.00262099 0.0282167 -0.0174455 -0.0320315 -0.0148181 0.0219026 0.0108384 0.00338607 0.0155244 -0.00390514 0.0177258
internal_weight=57.7076 10.2308 7.58497 47.4768 32.0283 27.572 8.95141 18.6206 13.1621 8.91299 4.2166 15.4485 12.6543 10.3754 7.18259 5.45849
internal_count=441 94 65 347 217 196 59 137 96 66 43 130 106 93 60 41
is_linear=0
shrinkage=0.1


Tree=77
num_leaves=19
num_cat=0
split_feature=11 16 16 16 3 3 16 16 16 16 1 16 16 3 3 13 10 16
split_gain=0.173299 0.536177 0.623631 0.422218 0.414896 0.910278 0.533441 0.340873 0.600552 0.319178 0.886776 0.76519 1.30344 0.74268 0.630331 0.39814 0.138448 0.0740852
threshold=1.0000000180025095e-35 119.10000000000001 19.850000000000005 29.250000000000004 0.40000000000000008 1.7500000000000002 82.250000000000014 45.150000000000013 99.40000000000002 93.350000000000009 1.0000000180025095e-35 98.050000000000011 113.90000000000002 1.1000000000000003 1.7500000000000002 1.0000000180025095e-35 43.000000000000007 82.250000000000014
decision_type=2 2 2 2 2 2 2 2 2 2 2 2 2 2 2 2 2 2
left_child=1 2 -1 -4 6 -6 -2 -7 16 10 13 -11 15 -5 -12 -13 -9 -15
right_child=4 -3 3 9 5 7 -8 8 -10 11 14 12 -14 17 -16 -17 -18 -19
leaf_value=0.043783272690982894 -0.038800559366489434 0.047749702045228104 -0.049098049166060462 -0.0067076874585368651 0.04913644546913902 -0.038736175320965023 0.0086104910693483427 0.032610678044444577 -0.036838663385534431 -0.069109479127187831 0.011939588333102645 0.059316978007217927 -0.070386809392195798 0.065184411218557975 -0.046869136038706405 -0.0011284831130724182 0.0024818053837090538 0.041138030554737963
leaf_weight=3.0474461037665668 6.5662967488169688 2.6787301125004879 1.9250830262899423 3.3596151876263338 3.4962818096391848 2.8970251120626918 3.7162806582637131 3.2424859479069692 2.8946942938491702 2.0630745757371169 3.6178273707628241 2.3038605488836765 1.7997573511674998 2.6964649111032486 3.6728780157864094 2.0677108610980213 2.8797076987102628 2.4411936085671186
leaf_count=23 37 31 9 31 24 16 34 28 21 12 22 33 12 26 24 19 21 18
internal_value=-6.23468e-06 0.00494399 0.000989336 -0.00403667 -0.0061088 0.00427153 -0.0216655 -0.00889463 0.000693129 -0.000425588 0.00789898 -0.0163864 0.00123887 0.0298517 -0.0176868 0.0307269 0.0184389 0.0537586
internal_weight=57.3664 31.6736 28.9949 25.9475 25.6928 15.4102 10.2826 11.9139 9.01689 24.0224 15.788 8.2344 6.17133 8.49727 7.29071 4.37157 6.12219 5.13766
internal_count=441 260 229 206 181 110 71 86 70 197 121 76 64 75 46 52 49 44
is_linear=0
shrinkage=0.1


Tree=78
num_leaves=17
num_cat=0
split_feature=10 10 16 16 16 16 3 10 16 7 15 16 3 16 16 16
split_gain=0.160066 0.88171 0.591864 0.762916 0.769067 0.503895 0.466742 0.415396 0.35021 0.549799 0.811123 0.58088 0.53161 0.716627 0.302136 0.217143
threshold=47.500000000000007 43.000000000000007 22.150000000000002 81.850000000000009 116.70000000000002 75.950000000000017 1.7500000000000002 36.000000000000007 30.100000000000005 1.0000000180025095e-35 1.0000000180025095e-35 114.25000000000001 2.5000000000000004 72.250000000000014 58.850000000000001 94.850000000000009
decision_type=2 2 2 2 2 2 2 2 2 2 2 2 2 2 2 2
left_child=1 2 -1 6 7 -3 14 15 -2 11 -11 12 13 -10 -4 -5
right_child=8 5 3 4 -6 -7 -8 -9 9 10 -12 -13 -14 -15 -16 -17
leaf_value=0.035783141780572486 -0.031214428943802289 0.092747632927971252 -0.057305158043767492 0.038585596806184584 -0.024225605953859305 0.018735800527474741 0.00014231890163478653 0.073155598105581046 0.028982931608100605 0.063118748939292826 -0.011058847938418081 0.024066382699635194 -0.04390094448028839 -0.029199951752653643 -0.018155398864398705 -0.015202107183699973
leaf_weight=3.6326294876635137 4.4192850217223194 1.6078798901289695 4.036705734208228 1.7675972660072132 3.0051629608497024 2.1498711882159114 5.3188313394784927 2.1372277732007205 3.7771643642336183 2.9399855546653262 2.9566526524722576 4.0470226667821398 5.297757349908351 4.8160885479301214 3.8526261486113071 1.3044360810890792
leaf_count=24 22 17 21 24 36 26 38 32 23 24 19 24 30 29 23 29
internal_value=-1.06485e-05 0.00523384 -0.00154077 -0.00786978 0.0160598 0.0504042 -0.0227521 0.0393 -0.0053589 -0.000564915 0.0259251 -0.00927279 -0.0189859 -0.00362567 -0.038187 0.0157464
internal_weight=57.0669 28.813 25.0552 21.4226 8.21442 3.75775 13.2082 5.20926 28.254 23.8347 5.89664 17.938 13.891 8.59325 7.88933 3.07203
internal_count=441 270 227 203 121 43 82 85 171 149 43 106 82 52 44 53
is_linear=0
shrinkage=0.1


Tree=79
num_leaves=19
num_cat=0
split_feature=11 16 16 16 1 16 16 10 10 16 16 16 10 16 16 3 16 3
split_gain=0.152893 0.436856 0.479167 0.404243 0.451986 0.728205 0.641309 0.618857 0.79911 0.300852 0.252764 0.716627 0.916978 0.345837 0.722948 0.574157 0.594665 0.209524
threshold=1.0000000180025095e-35 119.10000000000001 19.850000000000005 12.850000000000003 1.0000000180025095e-35 69.850000000000009 113.90000000000002 52.500000000000007 34.000000000000007 29.250000000000004 80.550000000000011 65.40000000000002 40.500000000000007 84.300000000000026 111.55000000000003 1.7500000000000002 98.250000000000014 1.7500000000000002
decision_type=2 2 2 2 2 2 2 2 2 2 2 2 2 2 2 2 2 2
left_child=1 2 -1 -2 7 -6 -7 8 -5 -4 11 12 -11 -12 15 -15 -17 -10
right_child=3 -3 9 4 5 6 -8 -9 17 10 13 -13 -14 14 -16 16 -18 -19
leaf_value=0.038881416795861795 -0.053075368805333568 0.043337598497991986 -0.041935537546394376 -0.042036492448127412 0.055396741311827695 -0.030624677473356184 0.03448882679884651 -0.045912761327764597 0.034558212111115885 -0.042786855563973832 -0.044851438917796214 0.054948435046096755 0.027041708011233873 0.044680177557822554 -0.055724731104171858 -0.033132638286600735 0.032311992381466557 0.00029265900588510552
leaf_weight=2.9991030413657489 1.6859957426786447 2.6730873808264723 1.8743562623858476 3.1768163703382033 2.9960101209580881 3.7695505982264876 2.5263492139056325 4.1773350127041331 3.7456677691079676 3.4279464855790156 2.2828589938580981 2.7691263817250729 4.1661447221413255 3.1303664569277299 2.0494141345843664 3.6602941639721394 2.2369569605216384 3.408282739110291
leaf_count=23 7 31 9 23 20 35 18 23 28 23 12 24 30 35 16 27 30 27
internal_value=-7.7869e-06 0.00467796 0.00106422 -0.00575689 -0.00240485 0.0148149 -0.00449665 -0.0134335 -0.000300188 -0.00336659 -0.000319272 0.0114007 -0.00447866 -0.0094104 -0.00210638 0.0100659 -0.00830805 0.0182334
internal_weight=56.7557 31.2697 28.5966 25.486 23.8 9.29191 6.2959 14.5081 10.3308 25.5975 23.7231 10.3632 7.59409 13.3599 11.077 9.02762 5.89725 7.15395
internal_count=441 260 229 181 174 73 53 101 78 206 197 77 53 120 108 92 57 55
is_linear=0
shrinkage=0.1


Tree=80
num_leaves=17
num_cat=0
split_feature=10 10 15 3 16 11 7 16 2 3 3 1 1 16 16 16
split_gain=0.151842 0.67905 0.475129 0.470648 1.47427 0.682783 0.667617 0.587534 1.49365 0.54063 0.291633 1.5261 0.917216 1.23889 1.16466 0.636881
threshold=47.500000000000007 43.000000000000007 1.0000000180025095e-35 2.5000000000000004 69.850000000000009 1.0000000180025095e-35 0.90000000000000013 78.15000000000002 1.5000000000000002 1.1000000000000003 1.0000000180025095e-35 1.5000000000000002 1.5000000000000002 91.100000000000009 63.500000000000007 72.250000000000014
decision_type=2 2 2 2 2 2 2 2 2 2 2 2 2 2 2 2
left_child=1 3 -3 6 -5 -6 7 9 -9 -1 11 -2 13 14 -12 -14
right_child=10 2 -4 4 5 -7 -8 8 -10 -11 12 -13 15 -15 -16 -17
leaf_value=0.0083767970536647151 0.016216874595893025 0.0064077842574385884 0.078524554348542441 0.082695538945528516 0.017437862267912028 -0.059350109394941668 -0.048822444958285888 0.089513647616829797 -0.028777642857571634 -0.039276813891995388 -0.027491813057473592 -0.064491032226086056 0.06226600074236658 -0.053873156002754302 0.057162528279943926 0.0024175310732544716
leaf_weight=5.132093098014602 5.2958047436550277 1.6967563759535542 1.9792010681703687 2.5052061751484862 3.0714084692299366 1.8587410468608139 3.5058290995657435 2.1533990919124326 2.1166721354238689 4.4407225642353296 3.4068239629268664 4.2017658539116383 3.3104387819766989 4.8475336655974388 3.1076036766171455 3.8413035571575165
leaf_count=33 37 16 27 22 39 19 24 36 28 26 20 21 19 27 20 27
internal_value=-1.59031e-05 0.00512845 0.0452367 -0.000820391 0.0202293 -0.0115124 -0.0098419 3.02568e-05 0.0308767 -0.0137292 -0.00524267 -0.0194886 0.00206555 -0.0155935 0.0128912 0.0301205
internal_weight=56.4713 28.46 3.67596 24.7841 7.43536 4.93015 17.3487 13.8429 4.27007 9.57282 28.0113 9.49757 18.5137 11.362 6.51443 7.15174
internal_count=441 270 43 227 80 58 147 123 64 59 171 58 113 67 40 46
is_linear=0
shrinkage=0.1


Tree=81
num_leaves=18
num_cat=0
split_feature=16 16 16 7 16 16 14 3 16 16 16 10 16 16 0 16 13
split_gain=0.209754 0.732847 0.693952 0.485593 1.26313 0.682471 0.627838 0.46481 0.618022 0.541711 0.794927 0.488312 0.391148 0.59375 0.351097 0.138471 0.0771733
threshold=88.000000000000014 80.550000000000011 93.350000000000009 1.1000000000000003 98.050000000000011 104.30000000000003 1.0000000180025095e-35 1.1000000000000003 45.150000000000013 55.650000000000006 65.40000000000002 47.500000000000007 132.25000000000003 113.90000000000002 1.0000000180025095e-35 24.100000000000005 1.0000000180025095e-35
decision_type=2 2 2 2 2 2 2 2 2 2 2 2 2 2 2 2 2
left_child=1 7 -2 4 -4 -6 -7 8 11 14 -11 -1 13 -8 15 -9 -10
right_child=2 -3 3 -5 5 6 12 9 16 10 -12 -13 -14 -15 -16 -17 -18
leaf_value=-0.0053544005748030719 0.056619667780414197 -0.038365414062974633 -0.073982647389151099 0.032292831558561753 0.056292319326147103 -0.051153760436491218 -0.010152891172580385 0.0010808524038810662 0.028169761932191256 -0.044753479184292025 0.018506953536720341 -0.054051336885715222 -0.020295385133709209 0.065120929497869323 0.05823735823613102 0.031118395945934275 0.0030222322135910248
leaf_weight=4.1578320674598235 2.5752852682489928 5.4534694850444785 2.3815138731151846 3.8825851776637128 2.1882564700208595 2.2952127452008408 2.0476820645853877 3.1403622440993804 2.4087909348309031 3.2555497661232931 5.0952920038253069 4.0796310380101204 2.7248907536268234 2.1461891075596213 2.8482980541884899 3.0016744807362556 2.4733765060082078
leaf_count=25 34 37 15 40 32 22 21 21 17 16 34 19 17 23 22 23 23
internal_value=-1.6798e-05 -0.00460504 0.00812402 0.00105463 -0.0077445 0.00609026 -0.00583239 0.00143916 -0.0127627 0.0121837 -0.00615493 -0.0294717 0.0092024 0.028368 0.0292179 0.0157605 0.0154297
internal_weight=56.1559 35.9143 20.2416 17.6663 13.7837 11.4022 9.21397 30.4608 13.1196 17.3412 8.35084 8.23746 6.91876 4.19387 8.99033 6.14204 4.88217
internal_count=441 237 204 170 130 115 83 200 84 116 50 44 61 44 66 44 40
is_linear=0
shrinkage=0.1


Tree=82
num_leaves=18
num_cat=0
split_feature=16 16 16 10 7 16 3 16 16 16 7 3 16 11 1 10 16
split_gain=0.171158 0.599247 0.573599 0.636577 0.537806 1.35552 0.845275 0.631257 0.672334 1.38795 0.413004 0.966129 0.565313 0.381049 1.02704 0.264037 0.0135209
threshold=88.000000000000014 80.550000000000011 93.350000000000009 69.500000000000014 0.28750000000000003 95.250000000000014 2.5000000000000004 104.30000000000003 114.25000000000001 147.85000000000002 0.90000000000000013 1.7500000000000002 28.350000000000005 1.0000000180025095e-35 1.5000000000000002 43.000000000000007 15.100000000000001
decision_type=2 2 2 2 2 2 2 2 2 2 2 2 2 2 2 2 2
left_child=1 10 -2 4 5 -4 -6 -7 -9 -10 12 -12 16 14 -14 -15 -1
right_child=2 -3 3 -5 6 7 -8 8 9 -11 11 -13 13 15 -16 -17 -18
leaf_value=0.029054029324461952 0.051839280745041287 -0.034845063578153437 -0.083534974544253626 -0.052131931958895796 -0.014321407469408069 0.063697748772942514 0.080002628281365187 -0.038804700401656719 0.073217797686838254 -0.030982143166147724 -0.059882040673688443 0.012092136629301496 0.051642074039076107 7.7820203977621317e-05 -0.020759733210302875 -0.034646535827761012 0.038545843260240568
leaf_weight=2.7549998350441518 2.5337619967758682 5.4065725309774271 1.771097876131537 2.0022078901529303 1.6502959588542574 1.8745701028965402 2.2390984697267413 2.9434795053675753 2.5600461605936289 2.5532388836145401 3.2733336314558974 4.3348103053867817 3.8281041532754907 4.8188097793608904 4.0132337249815464 4.0136292781680822 3.2964267432689667
leaf_count=20 34 37 9 11 16 30 31 24 34 15 16 30 36 27 23 26 22
internal_value=-2.05184e-05 -0.00417425 0.00735506 0.000948776 0.00776508 -0.0029419 0.0399803 0.0114306 -0.000730406 0.0211872 0.00129247 -0.0188741 0.008044 -0.00145772 0.0145865 -0.0157016 0.0342246
internal_weight=55.8677 35.7399 20.1278 17.594 15.5918 11.7024 3.88939 9.93133 8.05676 5.11329 30.3333 7.60814 22.7252 16.6738 7.84134 8.83244 6.05143
internal_count=441 237 204 170 159 112 47 103 73 49 200 46 154 112 59 53 42
is_linear=0
shrinkage=0.1


Tree=83
num_leaves=19
num_cat=0
split_feature=1 16 10 16 10 15 3 1 2 10 1 10 3 3 0 1 16 16
split_gain=0.175895 0.718767 0.278207 0.385676 0.293268 0.316899 1.16875 0.837999 0.698502 0.686262 0.727 0.967419 0.807769 0.579448 0.409177 0.237665 0.221825 0.622113
threshold=2.5000000000000004 15.100000000000001 75.000000000000014 17.700000000000006 31.500000000000004 1.0000000180025095e-35 2.5000000000000004 1.5000000000000002 1.0000000180025095e-35 36.000000000000007 1.5000000000000002 56.500000000000007 2.5000000000000004 0.40000000000000008 1.0000000180025095e-35 1.5000000000000002 78.15000000000002 91.65000000000002
decision_type=2 2 2 2 2 2 2 2 2 2 2 2 2 2 2 2 2 2
left_child=1 -1 3 -3 -5 8 13 14 9 -6 11 -11 -12 15 -8 -7 -10 -18
right_child=-2 2 -4 4 5 6 7 -9 16 10 12 -13 -14 -15 -16 -17 17 -19
leaf_value=0.045821069871239593 -0.024885978048922567 -0.048385920307419693 0.029084471342762749 0.031898962888026398 -0.044051687828248455 0.024205786501364235 0.048982912620620052 0.1048104423043653 -0.010578654747691854 0.084521683729056454 0.020945129564990859 -0.0050478382124394382 -0.045084766762358966 -0.034387523583269929 -0.017466796814054292 -0.013364795652539755 -0.080712832356185912 -0.016693834567492835
leaf_weight=3.3863516729325047 2.7061800807714453 1.8491379544138897 2.7527593970298758 2.4439607239328316 2.6514747568871853 4.1208355519920605 2.0658549964427944 1.6442910712212322 3.0294180558994395 2.5561544741503877 4.3210567161440849 2.2827055305242538 3.2433120794594288 5.5807275995612144 1.6804678658954797 2.8469378687441349 2.6160086439922452 3.6162349805235863
leaf_count=25 16 10 16 32 24 31 26 21 22 36 32 12 19 36 17 22 13 31
internal_value=-2.19173e-05 0.00125517 -0.00180592 -0.0036327 -0.00178134 -0.00372933 0.00635316 0.0452969 -0.0111676 0.00212604 0.0119976 0.0422678 -0.00736597 -0.0103764 0.0191759 0.00885496 -0.0327761 -0.0435661
internal_weight=55.3939 52.6877 49.3013 46.5486 44.6994 42.2555 17.9391 5.39061 24.3164 15.0547 12.4032 4.83886 7.56437 12.5485 3.74632 6.96777 9.26166 6.23224
internal_count=441 425 400 384 374 342 153 64 189 123 99 48 51 89 43 53 66 44
is_linear=0
shrinkage=0.1


Tree=84
num_leaves=17
num_cat=0
split_feature=7 7 16 3 16 12 3 16 13 16 15 16 16 16 16 10
split_gain=0.166458 0.714901 0.670307 0.486629 0.398439 0.43034 0.861949 1.31272 1.66527 0.571006 1.08045 0.387303 0.263733 0.0763138 0.056848 0.00812988
threshold=0.90000000000000013 1.0000000180025095e-35 54.100000000000009 1.7500000000000002 22.150000000000002 1.0000000180025095e-35 1.0000000180025095e-35 106.65000000000002 1.0000000180025095e-35 65.40000000000002 1.0000000180025095e-35 91.100000000000009 90.850000000000009 109.10000000000001 93.350000000000009 47.500000000000007
decision_type=2 2 2 2 2 2 2 2 2 2 2 2 2 2 2 2
left_child=1 4 -2 -4 -1 15 7 8 -7 -8 11 -11 -5 -14 -12 -6
right_child=2 -3 3 12 5 6 9 -9 -10 10 14 -13 13 -15 -16 -17
leaf_value=0.030496547640355639 -0.038798273691345822 0.05262570437197648 0.043218255180568745 -0.025855437180606906 -0.024964468497069944 0.017189524302477902 -0.037267527159965008 -0.025277038876762428 0.13160734315972691 0.0062049934150033431 0.055731979942467917 -0.035022092372147449 0.026970173880648565 -0.002508316722458593 0.032121577149356893 -0.032469291346040256
leaf_weight=3.7807188350707284 5.0184715166687957 2.740792788565158 2.6004926450550538 3.7033718302845955 3.0078263028990468 3.7652676929719764 5.6233154572546509 3.0728370253928006 1.9210165031254289 3.8827119488269073 1.9889116175472725 5.5158414570614696 1.7757476237602534 1.7374647660180924 2.0928726396523416 2.7753422185778618
leaf_count=27 29 25 24 23 25 36 33 25 27 31 16 37 22 18 28 15
internal_value=-1.65922e-05 0.00332669 -0.00906859 0.00612917 -0.000283523 -0.00374221 0.0014102 0.0273853 0.0558437 -0.0104995 0.000666767 -0.0179904 -0.00723586 0.0123915 0.0436261 -0.028566
internal_weight=55.003 40.1675 14.8355 9.81708 37.4267 33.6459 27.8628 8.75912 5.68628 19.1037 13.4803 9.39855 7.21658 3.51321 4.08178 5.78317
internal_count=441 325 116 87 300 273 233 88 63 145 112 68 63 40 44 40
is_linear=0
shrinkage=0.1


Tree=85
num_leaves=18
num_cat=0
split_feature=1 16 10 2 7 16 10 16 16 16 16 16 16 10 10 16 3
split_gain=0.188349 0.557774 0.194305 0.225212 0.219891 1.01431 0.499778 1.3459 0.652535 0.458259 1.14169 0.894192 0.342787 0.445928 0.497472 0.428084 0.213841
threshold=2.5000000000000004 15.100000000000001 75.000000000000014 2.5000000000000004 1.5500000000000003 92.15000000000002 37.500000000000007 65.40000000000002 94.850000000000009 69.850000000000009 50.800000000000004 82.250000000000014 147.85000000000002 47.500000000000007 40.500000000000007 107.15000000000002 1.1000000000000003
decision_type=2 2 2 2 2 2 2 2 2 2 2 2 2 2 2 2 2
left_child=1 -1 3 4 6 -6 7 -3 -9 10 16 -11 13 14 -13 -15 -8
right_child=-2 2 -4 -5 5 -7 9 8 -10 11 -12 12 -14 15 -16 -17 -18
leaf_value=0.040735301707153553 -0.025906359660379505 -0.014136142409902861 0.024372487213912834 -0.030511091299493059 -0.054657355893294728 0.022631647028835005 -0.027435527292569269 0.10454976833227941 0.019501684597598094 -0.054713080704776443 0.0603411948159569 0.094814918905759715 -0.036325184342404046 -0.022548413008753151 -0.0013020524185048713 0.022850978576778758 0.0061773841056903776
leaf_weight=3.3595263231545678 2.6697276458144179 4.2737992964684954 2.7596328854560843 2.7845727978274217 3.5471030957996836 3.2571828747168183 3.5960627682507056 2.1171992104500537 1.5719539229758082 4.1800269279629019 3.3498916011303663 1.0740153435617679 2.3368470184504977 5.1495894342660886 1.0799163382034747 3.4808970093727112 3.9957328857854009
leaf_count=25 16 25 16 21 18 32 22 31 42 29 26 22 11 34 22 21 28
internal_value=-2.83402e-06 0.00132928 -0.00139726 -0.00295017 -0.00116581 -0.0176594 0.00193388 0.0240606 0.0683106 -0.00430462 0.011713 -0.0144345 -0.00160297 0.00592089 0.0466248 -0.00423767 -0.0097443
internal_weight=54.5837 51.9139 48.5544 45.7948 43.0102 6.80429 36.2059 7.96295 3.68915 28.243 10.9417 17.3013 13.1213 10.7844 2.15393 8.63049 7.5918
internal_count=441 425 400 384 363 50 313 98 73 215 76 139 110 99 44 55 50
is_linear=0
shrinkage=0.1


Tree=86
num_leaves=15
num_cat=0
split_feature=16 16 16 1 16 10 12 1 11 15 2 16 16 16
split_gain=0.174344 0.195934 0.504528 0.342204 0.488421 0.272632 0.245699 0.321659 0.786498 0.451323 0.964489 0.556134 0.900679 0.597577
threshold=136.00000000000003 115.60000000000001 107.15000000000002 2.5000000000000004 15.100000000000001 60.500000000000007 1.0000000180025095e-35 1.5000000000000002 1.0000000180025095e-35 1.0000000180025095e-35 1.0000000180025095e-35 45.150000000000013 80.550000000000011 86.15000000000002
decision_type=2 2 2 2 2 2 2 2 2 2 2 2 2 2
left_child=1 2 3 4 -1 6 -6 9 -9 11 -11 -8 -13 -14
right_child=-2 -3 -4 -5 5 -7 7 8 -10 10 -12 12 13 -15
leaf_value=0.036697410129560203 0.022463061547564934 -0.022347917958416834 0.044659468139765388 -0.038114470412943552 -0.02448634259685388 0.027234840596747679 -0.034011332279998911 -0.041420623648734611 0.016625770576360058 -0.0084002149664616464 0.063204252824348481 0.048976278230988282 -0.055939928376012353 0.013541412495249306
leaf_weight=3.3564310129731885 3.2485185777768484 4.1163621894083908 2.4421417969278982 2.4807519093155852 5.6789699085056773 2.7557499408721915 4.6010754667222526 5.5378403495997208 4.0350644877180457 4.0756996469572178 3.4935630741529167 3.3971885424107295 2.252045102417469 2.7485277340747416
leaf_count=25 31 37 26 15 38 20 27 38 36 37 39 29 11 32
internal_value=1.26313e-06 -0.00143028 0.000407404 -0.00202589 0.000109146 -0.00307436 -0.00540615 -0.00181118 -0.0169536 0.00523646 0.0246485 -0.00606726 0.0092431 -0.01775
internal_weight=54.2199 50.9714 46.855 44.4129 41.9322 38.5757 35.82 30.141 9.5729 20.5681 7.56926 12.9988 8.39776 5.00057
internal_count=441 410 373 347 332 307 287 249 74 175 76 99 72 43
is_linear=0
shrinkage=0.1


Tree=87
num_leaves=19
num_cat=0
split_feature=16 16 10 3 15 1 16 16 2 1 10 16 7 11 7 0 13 16
split_gain=0.184076 0.47159 0.365409 0.464824 1.73292 0.635816 0.468488 1.15374 0.618859 0.771929 0.851164 0.764473 0.437422 1.01735 0.371994 0.341792 0.221644 0.182567
threshold=15.900000000000002 28.350000000000005 69.500000000000014 2.5000000000000004 1.0000000180025095e-35 1.5000000000000002 36.900000000000013 45.150000000000013 1.5000000000000002 1.5000000000000002 56.500000000000007 78.800000000000011 1.0000000180025095e-35 1.0000000180025095e-35 1.0000000180025095e-35 1.0000000180025095e-35 1.0000000180025095e-35 98.90000000000002
decision_type=2 2 2 2 2 2 2 2 2 2 2 2 2 2 2 2 2 2
left_child=-1 -2 3 6 12 15 -3 -8 9 10 11 -9 13 -5 17 -6 -10 -11
right_child=1 2 -4 4 5 -7 7 8 16 14 -12 -13 -14 -15 -16 -17 -18 -19
leaf_value=-0.018338692360772631 0.035923531569631129 0.041048521737058856 -0.030623663684829213 0.014980926972067926 0.065770418579510714 0.10970319891555563 -0.079381922324176457 0.020960640538866579 -0.048476911013700844 0.016059837707621573 -0.015103750878843615 0.10490155375671102 0.01842922793672044 -0.065079248737295398 -0.038606177572935871 0.00032916798793714697 -0.0080942400322729004 -0.019268696640200894
leaf_weight=4.9701558630913487 3.7526757940649977 1.9315803200006509 3.8052245900034896 3.2348533784970623 1.7764413934200993 1.866389633156359 2.1880669593811062 2.420112772844738 3.3100137053988865 3.872641781345008 2.4383163154125214 1.9666181534994391 3.8465757146477699 3.1162211410701275 3.3520488180220127 1.4491695035248995 2.3060417007654905 2.3506146240979433
leaf_count=31 25 14 25 27 27 24 11 20 33 29 13 33 31 19 18 17 23 21
internal_value=-1.70539e-06 0.00185887 -0.000967374 0.00175675 0.0156061 0.0632489 -0.00634517 -0.0101273 -0.00324455 0.00656642 0.0322636 0.0585922 -0.00818334 -0.0243014 -0.0117499 0.0363696 -0.0318951 0.00271574
internal_weight=53.9538 48.9836 45.2309 41.4257 15.2897 5.092 26.1361 24.2045 22.0164 16.4004 6.82505 4.38673 10.1977 6.35107 9.57531 3.22561 5.61606 6.22326
internal_count=441 410 385 360 145 68 215 201 190 134 66 53 77 46 68 44 56 50
is_linear=0
shrinkage=0.1


Tree=88
num_leaves=16
num_cat=0
split_feature=16 16 10 7 10 16 16 16 16 12 3 10 3 13 13
split_gain=0.149843 0.38287 0.301548 0.424489 0.805482 0.630165 0.472117 1.20491 0.445499 0.422437 1.01145 0.339244 0.509285 0.613161 0.281069
threshold=15.900000000000002 28.350000000000005 69.500000000000014 0.28750000000000003 40.500000000000007 83.300000000000011 107.15000000000002 132.25000000000003 82.250000000000014 1.0000000180025095e-35 1.0000000180025095e-35 47.500000000000007 1.7500000000000002 1.0000000180025095e-35 1.0000000180025095e-35
decision_type=2 2 2 2 2 2 2 2 2 2 2 2 2 2 2
left_child=-1 -2 3 6 8 -6 9 -8 -5 -3 14 12 -12 -14 -11
right_child=1 2 -4 4 5 -7 7 -9 -10 10 11 -13 13 -15 -16
leaf_value=-0.016562588411374084 0.032420662457034018 -0.037642078401949219 -0.028043034948014953 -0.043212587514465328 0.083231481001561275 0.014167985457859293 0.068472600679461662 -0.019246405384410983 0.015059132499762387 0.015095830228753979 -0.041375629412197502 -0.035932679767815522 -0.019431632093766266 0.050660550535505625 0.062406639955505772
leaf_weight=4.9537300691008559 3.7428599968552581 4.7355069131590488 3.7432475425302973 2.1900357343256456 2.4770400524139404 2.8312554829753935 2.8220444098114958 3.5180118530988693 3.2723875883966684 3.470893457997593 2.4858476892113668 6.2527425140142441 2.6164702652022243 2.3863562257029116 1.9675511755049226
leaf_count=31 25 31 25 16 21 27 36 25 39 34 14 34 28 29 26
internal_value=4.20098e-06 0.00169589 -0.000872802 0.00160623 0.0186546 0.0463955 -0.00446287 0.0197985 -0.0083036 -0.0108946 -0.00429071 -0.0187375 -0.00438017 0.0140025 0.0322122
internal_weight=53.466 48.5123 44.7694 41.0261 10.7707 5.3083 30.2554 6.34006 5.46242 23.9154 19.1799 13.7414 7.48867 5.00283 5.43844
internal_count=441 410 385 360 103 48 257 61 55 196 165 105 71 57 60
is_linear=0
shrinkage=0.1


Tree=89
num_leaves=20
num_cat=0
split_feature=6 7 16 10 16 2 10 16 16 10 16 3 10 16 16 16 16 3 1
split_gain=0.858533 0.273758 0.588078 0.586833 0.480171 0.655121 1.28484 1.36096 0.632765 0.603584 0.456876 0.419535 0.355895 0.269084 0.485332 1.09368 0.779903 1.11519 0.139504
threshold=1.0000000180025095e-35 0.90000000000000013 54.100000000000009 60.500000000000007 55.650000000000006 1.0000000180025095e-35 52.500000000000007 82.550000000000011 15.900000000000002 40.500000000000007 99.40000000000002 1.7500000000000002 40.500000000000007 64.500000000000014 93.350000000000009 98.050000000000011 132.25000000000003 1.7500000000000002 1.0000000180025095e-35
decision_type=2 2 2 2 2 2 2 2 2 2 2 2 2 2 2 2 2 2 2
left_child=1 3 -3 4 8 13 7 -7 -1 -10 12 -9 -4 -6 18 -16 17 -17 -15
right_child=-2 2 10 -5 5 6 -8 11 9 -11 -12 -13 -14 14 15 16 -18 -19 -20
leaf_value=-0.021471965374304444 0.0593038450566774 -0.043558214850586446 -0.0079604365059125284 0.044652378894600608 -0.028934936497671333 -0.05040289089270026 -0.097674207345787953 0.0072793923088389214 0.0083273190350366105 0.066769453382093488 -0.0286930237069783 0.08255504449868957 0.042107385996453403 0.053851475250423032 -0.078129127526695416 -0.018276910585855594 -0.030485752069447331 0.095214619585351601 0.019277574629928688
leaf_weight=3.1758179981261474 2.334112210199236 4.6798233352601519 2.7954189083538932 2.9371883049607268 2.218307904899123 3.6638647979125363 2.1964296400547028 1.6831864991690966 4.3703997489064932 2.9668759144842625 3.4441869878210127 1.3218179116956887 2.8849019901826978 2.0118680321611446 1.6769099105149505 1.5888231536373498 2.3994500832632184 1.9026207434944806 2.779241212643683
leaf_count=21 20 28 24 21 13 20 11 26 31 24 37 22 23 22 10 18 16 25 29
internal_value=5.38436e-06 -0.00272474 -0.0147378 0.00177026 -0.00193908 -0.00990261 -0.0313389 -0.00949097 0.0158183 0.0319588 4.37052e-05 0.0403911 0.0174678 0.0031341 0.00889019 -0.00687729 0.0134053 0.0435689 0.0337957
internal_weight=53.0312 50.6971 13.8043 36.8928 33.9556 23.4425 8.8653 6.66887 10.5131 7.33728 9.12451 3.005 5.68032 14.5772 12.3589 7.5678 5.89089 3.49144 4.79111
internal_count=441 421 112 309 288 212 79 68 76 55 84 48 47 133 120 69 59 43 51
is_linear=0
shrinkage=0.1


Tree=90
num_leaves=17
num_cat=0
split_feature=16 13 16 16 16 16 16 7 12 10 16 11 15 16 3 3
split_gain=0.166838 0.189574 0.713077 0.7777 0.983101 0.919626 1.25167 0.748809 0.573432 0.521919 0.937476 0.447057 1.83787 0.632296 0.398598 0.398254
threshold=136.00000000000003 1.0000000180025095e-35 15.900000000000002 55.650000000000006 63.500000000000007 72.250000000000014 82.250000000000014 0.45000000000000007 1.0000000180025095e-35 40.500000000000007 94.850000000000009 1.0000000180025095e-35 1.0000000180025095e-35 42.70000000000001 1.1000000000000003 2.5000000000000004
decision_type=2 2 2 2 2 2 2 2 2 2 2 2 2 2 2 2
left_child=1 2 -1 7 -5 -6 -7 -4 -3 10 -8 12 -10 -13 -11 -16
right_child=-2 8 3 4 5 6 9 -9 11 14 -12 13 -14 -15 15 -17
leaf_value=-0.044598829542842035 0.022259072403462702 -0.030732866767757511 0.048634389482380275 -0.067970166960832898 0.055834150832080813 -0.066973983514421617 0.099987374718154748 -0.014504915973784366 0.070138254245725035 0.021977608238288773 -0.0054974091834372497 -0.0025396303357256116 -0.0354103839204708 0.068971528986759539 -0.050498740689320233 -0.0021725786632581152
leaf_weight=4.1215071417391291 3.1634420757181934 3.0990503486245862 5.2526038624346274 2.5882503315806416 2.3820571769028929 3.1857623793184784 1.3822362634818994 2.9239217601716518 2.5332159050740284 2.9360934768337739 2.1577361526433378 2.080186877399683 4.7301308864261955 3.0483358493074775 2.8777549546211958 4.1854893313720822
leaf_count=21 31 22 39 12 16 23 20 20 38 24 37 13 39 35 18 33
internal_value=-5.34571e-06 -0.00142867 -0.00560694 -0.000227126 -0.0101326 -0.00229793 -0.0105774 0.0260558 0.00774017 0.00269262 0.0356907 0.0173618 0.0014015 0.0399658 -0.00898939 -0.021862
internal_weight=52.6478 49.4843 33.9934 29.8719 21.6954 19.1071 16.7251 8.17653 15.4909 13.5393 3.53997 12.3919 7.26335 5.12852 9.99934 7.06324
internal_count=441 410 263 242 183 171 155 59 147 132 57 125 77 48 75 51
is_linear=0
shrinkage=0.1


Tree=91
num_leaves=19
num_cat=0
split_feature=16 16 10 16 16 10 7 7 16 2 16 16 16 16 11 16 16 3
split_gain=0.18137 0.321042 0.309573 0.896342 1.68496 0.296824 0.431664 0.459442 0.861369 0.514224 0.602773 0.655383 0.426533 0.748957 0.325619 0.209565 0.581552 0.581979
threshold=10.050000000000002 15.900000000000002 37.500000000000007 36.900000000000013 64.500000000000014 40.500000000000007 1.1000000000000003 0.90000000000000013 55.650000000000006 1.5000000000000002 114.25000000000001 91.100000000000009 82.550000000000011 126.45000000000002 1.0000000180025095e-35 83.950000000000017 89.15000000000002 2.5000000000000004
decision_type=2 2 2 2 2 2 2 2 2 2 2 2 2 2 2 2 2 2
left_child=-1 -2 3 -3 -5 12 7 8 -7 10 11 -10 14 -14 -4 -6 -17 -18
right_child=1 2 5 4 15 6 -8 -9 9 -11 -12 -13 13 -15 -16 16 17 -19
leaf_value=0.03164904697570449 -0.032214969453077946 0.090835008727026517 -0.053495052484307637 -0.066762983694282158 0.056615310977317694 0.046475513083557858 0.03508311523794002 -0.034522001289403567 0.019593630051233952 -0.037768316743524454 0.042735891721373549 -0.032583163319929158 0.052684820163544456 -0.036805124457950027 -0.0093190637281336409 -0.053979286619826899 0.11524993443078427 0.0059987960893674299
leaf_weight=1.7489240914583195 3.1128802485764018 1.408618189394472 3.5141692664474231 2.3399518504738808 2.4301413372159004 3.8024059394374587 3.5252972980961195 3.755119939800351 4.4576564673334378 3.953615063102915 2.9961559870280317 5.2339445478282869 1.9435314745642247 1.8026037104427812 3.1769848316907883 0.83076990116387639 0.75447867112234268 1.3783935860265044
leaf_count=12 19 11 25 13 21 31 29 28 37 28 24 33 29 11 19 7 33 31
internal_value=-9.55087e-06 -0.00110777 0.000939275 0.0174671 0.00410397 -0.00302031 0.00239099 -0.00237161 0.00353379 -0.00627802 0.00353464 -0.00858442 -0.0173941 0.00962313 -0.0325201 0.0348477 0.0169987 0.0446451
internal_weight=52.1656 50.4167 47.3038 9.14235 7.73374 38.1615 27.7242 24.1989 20.4438 16.6414 12.6878 9.6916 10.4373 3.74614 6.69115 5.39378 2.96364 2.13287
internal_count=441 429 410 116 105 294 210 181 153 122 94 70 84 40 44 92 71 64
is_linear=0
shrinkage=0.1


Tree=92
num_leaves=21
num_cat=0
split_feature=11 16 16 1 3 16 10 2 3 3 16 16 3 3 16 16 16 10 15 16
split_gain=0.160377 0.408629 0.390379 0.544814 0.599316 1.0798 0.902006 0.805591 0.373558 0.792677 0.624265 0.280702 0.605564 0.52846 0.264944 0.254385 0.452943 0.136025 0.0670767 0.0159904
threshold=1.0000000180025095e-35 19.850000000000005 29.250000000000004 1.0000000180025095e-35 0.40000000000000008 91.100000000000009 47.500000000000007 1.5000000000000002 0.40000000000000008 1.7500000000000002 85.050000000000011 89.15000000000002 1.7500000000000002 1.7500000000000002 54.350000000000001 45.150000000000013 99.40000000000002 43.000000000000007 1.0000000180025095e-35 48.45000000000001
decision_type=2 2 2 2 2 2 2 2 2 2 2 2 2 2 2 2 2 2 2 2
left_child=1 -1 -3 4 14 6 -6 -7 10 -10 19 13 -13 -5 -4 -11 17 -17 -16 -2
right_child=8 2 3 11 5 7 -8 -9 9 15 -12 12 -14 -15 18 16 -18 -19 -20 -21
leaf_value=0.041925603689949686 -0.043426517144870877 -0.043609197033232169 0.014631979211957698 0.0035395966461591144 -0.0095629574253277838 -0.066595277562585403 0.077986235898390988 0.019507162031652502 0.048268447926597631 -0.035128421105677876 0.017902970320789639 -0.03102669039444781 0.039790093063751836 -0.054869063419532876 0.089029881412588163 0.031459924061126812 -0.033550113455643953 -0.00016113680256100234 0.055636590789414457 -0.033547334336962102
leaf_weight=2.7167545221745995 3.2880314849317092 1.8117217384278799 1.1920660994946968 3.0801058476790786 2.155423208139835 2.5779513504821807 2.5919395536184311 1.8784017285797743 3.1597540252842 2.7183081917464724 2.8004247234202921 2.2910516373813152 2.5531294140964746 3.1161943934857845 1.1994711940642446 2.9140534633770567 2.6704126745462418 2.5515791475772858 1.2066474619787186 3.2656081058084965
leaf_count=23 18 9 10 20 23 29 21 22 24 16 30 13 30 20 22 28 21 21 18 23
internal_value=-6.48474e-06 0.00504638 0.00114089 0.00454134 0.0185794 0.00505082 0.0382367 -0.0303022 -0.00614107 0.00418854 -0.0216167 -0.0117363 0.00629735 -0.0258348 0.0531837 -0.00864333 0.000205517 0.0166979 0.0722834 -0.0385038
internal_weight=51.739 28.3709 25.6541 23.8424 12.8019 9.20372 4.74736 4.45635 23.3682 14.0141 9.35406 11.0405 4.84418 6.1963 3.59818 10.8544 8.13605 5.46563 2.40612 6.55364
internal_count=441 260 237 228 145 95 44 51 181 110 71 83 43 40 50 86 70 49 40 41
is_linear=0
shrinkage=0.1


Tree=93
num_leaves=18
num_cat=0
split_feature=16 16 16 10 16 7 16 3 16 16 16 16 7 16 3 1 10
split_gain=0.140091 0.173781 0.560474 0.523745 0.451646 0.318507 0.864628 0.630398 0.559939 0.740394 1.29951 0.286545 0.384294 0.386188 0.219446 0.661872 0.641955
threshold=15.100000000000001 88.000000000000014 93.350000000000009 69.500000000000014 80.550000000000011 0.28750000000000003 98.050000000000011 2.5000000000000004 132.25000000000003 104.30000000000003 108.00000000000001 75.750000000000014 0.90000000000000013 28.350000000000005 1.7500000000000002 1.5000000000000002 43.000000000000007
decision_type=2 2 2 2 2 2 2 2 2 2 2 2 2 2 2 2 2
left_child=-1 4 -3 5 11 6 -4 -7 9 -8 -11 12 13 -2 15 -15 -16
right_child=1 2 3 -5 -6 7 8 -9 -10 10 -12 -13 -14 14 16 -17 -18
leaf_value=0.018311897288906819 0.034864928536096698 0.053224418896808456 -0.060304785973830648 -0.049963422439813901 -0.034027236837042424 -0.01597852444849646 0.10126604277633283 0.06865046580046677 -0.019880738022833154 -0.060007436182921925 0.055889625021501799 0.027456452743004442 -0.028588236619347281 0.036894295379548539 0.015880510238830491 -0.025572919128880059 -0.049659403777464466
leaf_weight=3.8604412321001282 3.0370508879423239 2.2189747332595315 2.0840351507067707 1.8817331790924061 4.8929442986845961 1.5534922005608671 1.1901962698902915 2.0308377617038786 3.4656935599632561 1.5642052064649759 2.5359540211502463 3.1420057304203501 5.1723369210958472 3.6031850008293969 2.8287097066640854 3.2048081438988447 3.1685024099424481
leaf_count=27 22 34 14 11 37 16 25 31 25 15 33 22 34 30 25 21 19
internal_value=-8.92242e-06 -0.00149556 0.00607281 -0.000343685 -0.00632197 0.00612944 -0.00241528 0.0319712 0.0113631 0.0318308 0.0116751 -0.000710241 -0.0049216 0.00280532 -0.00479835 0.00748836 -0.0187461
internal_weight=51.4351 47.5747 18.5251 16.3061 29.0495 14.4244 10.8401 3.58433 8.75605 5.29036 4.10016 24.1566 21.0146 15.8423 12.8052 6.80799 5.99721
internal_count=441 414 204 170 210 159 112 47 98 73 48 173 151 117 95 51 44
is_linear=0
shrinkage=0.1


Tree=94
num_leaves=18
num_cat=0
split_feature=11 3 16 16 16 16 16 16 16 3 16 10 3 16 10 16 16
split_gain=0.149316 0.342052 0.667824 0.53658 0.321957 0.314174 0.361109 0.26563 0.275839 0.494637 1.41095 0.549437 0.804579 0.383559 0.199673 0.182924 0.0801147
threshold=1.0000000180025095e-35 0.40000000000000008 62.900000000000006 85.050000000000011 75.750000000000014 119.10000000000001 19.850000000000005 29.250000000000004 106.65000000000002 1.0000000180025095e-35 47.750000000000007 52.500000000000007 2.5000000000000004 83.300000000000011 43.000000000000007 98.90000000000002 42.70000000000001
decision_type=2 2 2 2 2 2 2 2 2 2 2 2 2 2 2 2 2
left_child=5 3 -3 16 -4 6 -1 -8 9 10 -9 12 -11 -14 -12 -6 -2
right_child=1 2 4 -5 15 -7 7 8 -10 11 14 -13 13 -15 -16 -17 -18
leaf_value=0.036278275585216478 -0.048094102063758762 0.033581868140120978 -0.043969634380794369 0.015856660749296501 0.017238436197616582 0.039565189432715663 -0.039442635869517656 -0.04195460752035992 -0.027148794228215457 -0.045502883659751636 0.048491736416679587 0.028988602939302346 0.042028932627219469 -0.014078026984758929 0.10002855057667066 -0.016328432254512065 -0.025864042843210134
leaf_weight=2.695535942912108 3.1244975328445452 4.9207010865211478 2.3620594665408117 2.7929271820466965 3.0056123500689864 2.3923517102375618 1.7866668924689317 1.6081427037715972 3.0381780047900966 4.8557179439812881 1.5136950312880801 3.6144850924611083 2.2716150600463152 2.6280067740008235 1.493510316358879 3.5304758083075285 3.3694600723683834
leaf_count=23 16 34 15 30 32 31 9 10 30 35 26 23 24 32 17 29 25
internal_value=-8.95795e-06 -0.00595432 0.00402004 -0.0207961 -0.0123277 0.00491514 0.00166506 -0.0024253 0.000720609 0.0054285 0.0336543 -0.00431523 -0.0166548 0.0119349 0.0740872 -0.000892748 -0.0365598
internal_weight=51.0036 23.1057 13.8188 9.28688 8.89815 27.8979 25.5056 22.81 21.0234 17.9852 4.61535 13.3698 9.75534 4.89962 3.00721 6.53609 6.49396
internal_count=441 181 110 71 76 260 229 206 197 167 53 114 91 56 43 61 41
is_linear=0
shrinkage=0.1


Tree=95
num_leaves=18
num_cat=0
split_feature=1 16 10 3 15 1 0 2 7 2 16 16 16 3 16 0 16
split_gain=0.138535 0.547951 0.216814 0.155682 1.05582 0.6314 0.594884 0.792278 0.373205 0.404264 1.1661 0.780317 0.489798 0.598343 0.467441 0.232057 0.229217
threshold=2.5000000000000004 15.100000000000001 75.000000000000014 2.5000000000000004 1.0000000180025095e-35 1.5000000000000002 1.5000000000000002 1.5000000000000002 1.5500000000000003 1.5000000000000002 55.650000000000006 50.800000000000004 106.65000000000002 1.0000000180025095e-35 78.800000000000011 1.5000000000000002 70.90000000000002
decision_type=2 2 2 2 2 2 2 2 2 2 2 2 2 2 2 2 2
left_child=1 -1 3 8 6 15 7 -5 9 11 -11 -3 13 16 -12 -6 -13
right_child=-2 2 -4 4 5 -7 -8 -9 -10 10 14 12 -14 -15 -16 -17 -18
leaf_value=0.040731339324204995 -0.02312393276299388 -0.027613492369665149 0.02606695569310671 -0.049820353010971097 0.041312215210336782 0.095745738814421028 0.029614872354648766 0.014811655244343802 -0.04304968604604998 0.031888954360860436 -0.090953559050070895 0.042099573683542835 -0.010807230162836251 0.011861103010549795 -0.025800049065758331 -0.010856926460382771 0.098423819054272749
leaf_weight=3.2643371587619177 2.4670945927500716 5.3237103484571078 2.6466200202703467 5.21062173694372 1.9706277083605521 1.5354449925944207 2.478914273902773 2.9820871818810701 2.739371905103325 2.3801614120602599 1.9843679666519163 1.5164548810571417 3.832728362409398 5.0204325336962938 2.474063411122188 1.5029206359758971 1.3800901527283711
leaf_count=25 16 33 16 35 30 23 27 23 20 20 9 14 34 36 37 16 27
internal_value=-1.09136e-05 0.00117106 -0.00170004 -0.00343605 0.00447008 0.0423451 -0.0133075 -0.0262948 -0.00808769 -0.00408243 -0.0246272 0.00414658 0.0185369 0.0327428 -0.0547987 0.0187399 0.0689359
internal_weight=50.71 48.243 44.9786 42.332 15.6806 5.00899 10.6716 8.19271 26.6514 23.912 6.83859 17.0734 11.7497 7.91698 4.45843 3.47355 2.89655
internal_count=441 425 400 384 154 69 85 58 230 210 66 144 111 77 46 46 41
is_linear=0
shrinkage=0.1


Tree=96
num_leaves=17
num_cat=0
split_feature=10 10 2 16 7 3 16 11 3 16 10 7 16 2 3 15
split_gain=0.13973 0.498296 0.535164 0.471945 0.576112 0.598916 0.573677 0.466424 0.398297 1.23244 0.427249 0.40124 0.515242 1.17228 0.466766 0.168328
threshold=47.500000000000007 43.000000000000007 1.0000000180025095e-35 24.100000000000005 1.0000000180025095e-35 2.5000000000000004 80.550000000000011 1.0000000180025095e-35 2.5000000000000004 69.850000000000009 37.500000000000007 0.90000000000000013 78.15000000000002 1.5000000000000002 1.1000000000000003 1.0000000180025095e-35
decision_type=2 2 2 2 2 2 2 2 2 2 2 2 2 2 2 2
left_child=1 8 -3 -2 5 7 -6 -5 11 -10 -11 12 14 -14 -1 -7
right_child=3 2 -4 4 6 15 -8 -9 9 10 -12 -13 13 -15 -16 -17
leaf_value=0.0079381217974607114 -0.040988698193885453 0.079626030724324948 -0.0028958436810257869 0.026044995320452846 0.05975897356550252 -0.04959556164039338 -0.0057106205391284333 -0.016272718320060778 0.081937432881615535 0.031651431839175646 -0.033503815963833922 -0.041116160234402982 0.089534745975648464 -0.025373701388302458 -0.03840218684777888 -0.016644195735063358
leaf_weight=4.6212920751422697 3.2252595201134708 1.7381606441922479 1.4343901893589643 5.3463691328652256 2.8005464542657128 3.2334027960896483 2.5635480657219887 5.0787876565009356 2.1818685159087172 1.5711629474535582 2.8000036831945181 3.087366953957825 1.7524818340316408 1.7994388227816669 4.1038276385515928 2.9781856052577496
leaf_count=33 17 25 18 35 23 21 22 33 22 34 24 24 36 28 26 20
internal_value=-9.34995e-06 0.00527469 0.0423158 -0.00526488 -2.78681e-05 -0.00921643 0.0284705 0.00542922 -8.70177e-05 0.0205547 -0.0100846 -0.00889085 -0.000786996 0.031321 -0.0138579 -0.0337968
internal_weight=50.3161 25.09 3.17255 25.2261 22.0008 16.6367 5.36409 10.4252 21.9174 6.55304 4.37117 15.3644 12.277 3.55192 8.72512 6.21159
internal_count=441 270 43 171 154 109 45 68 227 80 58 147 123 64 59 41
is_linear=0
shrinkage=0.1


Tree=97
num_leaves=17
num_cat=0
split_feature=16 16 1 16 1 13 16 16 7 16 16 16 10 10 16 16
split_gain=0.126504 0.203257 0.916206 0.455448 0.427111 0.313653 0.540481 0.843208 0.553466 0.526688 0.716919 0.376188 0.380584 0.554664 0.357754 0.246319
threshold=136.00000000000003 112.50000000000001 1.5000000000000002 100.95000000000002 1.0000000180025095e-35 1.0000000180025095e-35 15.900000000000002 55.650000000000006 0.45000000000000007 88.000000000000014 94.850000000000009 39.750000000000007 36.000000000000007 47.500000000000007 72.250000000000014 81.850000000000009
decision_type=2 2 2 2 2 2 2 2 2 2 2 2 2 2 2 2
left_child=1 3 -3 5 -5 6 -1 8 -8 14 -11 -7 -13 -14 -9 -16
right_child=-2 2 -4 4 -6 11 7 9 -10 10 -12 12 13 -15 15 -17
leaf_value=-0.042363204970970451 0.019769398626392373 -0.056016016717878231 0.028735495603757745 0.072960739030422633 0.0049705127720067223 0.046328000312135034 0.044113409007844946 -0.0084244075353873543 -0.011788086204023451 0.047267170226102086 -0.034968698041636277 -0.026330600040386488 0.046386570487694741 -0.014004450052159082 -0.06602965192095793 -0.02389082291680188
leaf_weight=3.9570848532021072 3.0387124638073137 2.9928997042588881 2.2229620979633182 1.6203487263992422 2.1497973753139377 2.4398450134322038 5.016907116398218 4.6719711609184724 2.7375258319079876 2.522770522744394 1.8284357134252784 3.1053162126336229 3.0931065189652145 2.9919636454433203 2.9127963185310364 2.6484855222515762
leaf_count=21 31 24 23 36 18 24 39 28 20 30 17 31 37 20 22 20
internal_value=-3.90919e-06 -0.00128471 -0.0198955 0.00104334 0.0341916 -0.00225184 -0.00829975 -0.00226578 0.0243787 -0.0164324 0.0127105 0.0114225 0.00215584 0.016693 -0.0288241 -0.0459616
internal_weight=49.9509 46.9122 5.21586 41.6964 3.77015 37.9262 26.296 22.3389 7.75443 14.5845 4.35121 11.6302 9.19039 6.08507 10.2333 5.56128
internal_count=441 410 47 363 54 309 197 176 59 117 47 112 88 57 70 42
is_linear=0
shrinkage=0.1


Tree=98
num_leaves=18
num_cat=0
split_feature=10 16 16 16 3 16 11 11 12 2 10 16 1 15 3 3 11
split_gain=0.125138 0.660624 0.200759 0.794625 0.831985 0.629168 0.624873 0.415843 0.230049 0.553729 0.641633 0.612978 0.397059 0.272791 0.212025 0.168148 1.01007
threshold=37.500000000000007 64.500000000000014 67.200000000000017 58.850000000000001 1.0000000180025095e-35 82.250000000000014 1.0000000180025095e-35 1.0000000180025095e-35 1.0000000180025095e-35 1.0000000180025095e-35 56.500000000000007 129.65000000000001 1.0000000180025095e-35 1.0000000180025095e-35 1.7500000000000002 1.1000000000000003 1.0000000180025095e-35
decision_type=2 2 2 2 2 2 2 2 2 2 2 2 2 2 2 2 2
left_child=1 -1 3 4 -2 7 14 -4 -7 11 -11 12 -10 -14 -6 -3 -17
right_child=2 15 5 -5 6 8 -8 -9 9 10 -12 -13 13 -15 -16 16 -18
leaf_value=-0.01412872527515765 -0.03812509986795791 0.010425285866648919 -0.011102463447689791 0.054995715740541289 -0.025906866147117649 -0.026821870038806862 0.054427534660467625 -0.065570411190654279 0.070403070910250526 0.012019003313838135 -0.054672960179541166 -0.024133054333501637 0.041983837664674908 -0.0039306458984691177 0.014230966350217015 0.0096959912573507702 0.12675203533528506
leaf_weight=5.5303031019866449 4.6161886230111104 1.6909411521628497 2.8765324540436294 2.7499807495623818 2.4993367046117783 2.6035903450101658 2.6923970840871334 2.7338040666654706 2.1466021765954739 3.0857852580957124 2.7090287990868092 2.3843973055481911 2.6132689639925957 2.563166918233037 2.7798651689663529 2.1836011323612183 1.1128524125088008
leaf_count=35 33 34 22 19 15 17 22 20 29 31 16 17 23 25 25 36 22
internal_value=-1.02497e-05 0.0096714 -0.00261764 0.00629787 -0.00434087 -0.00838349 0.0152229 -0.0376436 0.000683152 0.0053026 -0.019159 0.0199048 0.0342436 0.0192488 -0.00477152 0.0360623 0.049213
internal_weight=49.5716 10.5177 39.0539 15.3378 12.5878 23.7162 7.9716 5.61034 18.1058 15.5022 5.79481 9.70744 7.32304 5.17644 5.2792 4.98739 3.29645
internal_count=441 127 314 114 95 200 62 42 158 141 47 94 77 48 40 92 58
is_linear=0
shrinkage=0.1


Tree=99
num_leaves=17
num_cat=0
split_feature=16 9 10 3 15 1 11 7 7 2 3 16 16 16 3 16
split_gain=0.135762 0.144156 0.310868 0.488529 1.15644 0.447191 0.279571 0.650754 0.245958 0.303536 1.02055 0.45585 1.25245 0.781149 0.237711 0.176723
threshold=15.100000000000001 1.0000000180025095e-35 69.500000000000014 2.5000000000000004 1.0000000180025095e-35 1.5000000000000002 1.0000000180025095e-35 0.90000000000000013 0.90000000000000013 1.5000000000000002 1.0000000180025095e-35 64.500000000000014 94.15000000000002 115.60000000000001 0.40000000000000008 81.850000000000009
decision_type=2 2 2 2 2 2 2 2 2 2 2 2 2 2 2 2
left_child=-1 2 3 8 6 15 7 -5 9 11 -11 14 -13 -14 -2 -6
right_child=1 -3 -4 4 5 -7 -8 -9 -10 10 -12 12 13 -15 -16 -17
leaf_value=0.018413384330003457 -0.03270781714286556 0.021343276875394154 -0.031735755202956552 0.042017677531407782 0.063676599465121705 0.099652818627698633 -0.025781317863454403 -0.024994649539566441 -0.029433802175240699 0.026782562537153273 -0.057247662694874628 0.07449907344456648 -0.045101203653258523 0.033587618082370721 0.0045431966057422465 0.013155155038135006
leaf_weight=3.6996873514726749 3.6207701796665841 2.6031620120629659 3.4373341239988795 2.9379247697070223 1.1523809731006616 1.5687086028046904 3.8561148503795266 2.8596496796235442 4.6605511000379911 2.440012384671717 3.5454382095485926 2.7550054881721735 2.7666093988809735 2.3190212592016906 3.2513392418622971 1.7344961457420138
leaf_count=27 25 25 24 29 12 24 29 22 37 34 25 30 23 27 19 29
internal_value=-8.52881e-06 -0.00150617 -0.00289249 -0.000380487 0.0145349 0.0566757 -0.0049149 0.00896389 -0.0086792 -0.00400595 -0.0229921 0.00371802 0.0201971 -0.00921951 -0.0150836 0.0333223
internal_weight=49.2082 45.5085 42.9054 39.468 14.1093 4.45559 9.65369 5.79757 25.3587 20.6982 5.98545 14.7127 7.84064 5.08563 6.87211 2.88688
internal_count=441 414 389 365 145 65 80 51 220 183 59 124 80 50 44 41
is_linear=0
shrinkage=0.1


end of trees

feature_importances:
Column_16=728
Column_10=204
Column_3=183
Column_1=103
Column_7=103
Column_2=73
Column_11=72
Column_15=56
Column_13=36
Column_0=34
Column_12=33
Column_14=15
Column_6=1
Column_9=1

parameters:
[boosting: gbdt]
[objective: binary]
[metric: binary_logloss]
[tree_learner: serial]
[device_type: cpu]
[data_sample_strategy: bagging]
[data: ]
[valid: ]
[num_iterations: 100]
[learning_rate: 0.1]
[num_leaves: 31]
[num_threads: 1]
[seed: 42]
[deterministic: 0]
[force_col_wise: 0]
[force_row_wise: 0]
[histogram_pool_size: -1]
[max_depth: -1]
[min_data_in_leaf: 20]
[min_sum_hessian_in_leaf: 0.001]
[bagging_fraction: 1]
[pos_bagging_fraction: 1]
[neg_bagging_fraction: 1]
[bagging_freq: 0]
[bagging_seed: 400]
[bagging_by_query: 0]
[feature_fraction: 1]
[feature_fraction_bynode: 1]
[feature_fraction_seed: 30056]
[extra_trees: 0]
[extra_seed: 12879]
[early_stopping_round: 0]
[early_stopping_min_delta: 0]
[first_metric_only: 0]
[max_delta_step: 0]
[lambda_l1: 0]
[lambda_l2: 0]
[linear_lambda: 0]
[min_gain_to_split: 0]
[drop_rate: 0.1]
[max_drop: 50]
[skip_drop: 0.5]
[xgboost_dart_mode: 0]
[uniform_drop: 0]
[drop_seed: 17869]
[top_rate: 0.2]
[other_rate: 0.1]
[min_data_per_group: 100]
[max_cat_threshold: 32]
[cat_l2: 10]
[cat_smooth: 10]
[max_cat_to_onehot: 4]
[top_k: 20]
[monotone_constraints: ]
[monotone_constraints_method: basic]
[monotone_penalty: 0]
[feature_contri: ]
[forcedsplits_filename: ]
[refit_decay_rate: 0.9]
[cegb_tradeoff: 1]
[cegb_penalty_split: 0]
[cegb_penalty_feature_lazy: ]
[cegb_penalty_feature_coupled: ]
[path_smooth: 0]
[interaction_constraints: ]
[verbosity: -1]
[saved_feature_importance_type: 0]
[use_quantized_grad: 0]
[num_grad_quant_bins: 4]
[quant_train_renew_leaf: 0]
[stochastic_rounding: 1]
[linear_tree: 0]
[max_bin: 255]
[max_bin_by_feature: ]
[min_data_in_bin: 3]
[bin_construct_sample_cnt: 200000]
[data_random_seed: 175]
[is_enable_sparse: 1]
[enable_bundle: 1]
[use_missing: 1]
[zero_as_missing: 0]
[feature_pre_filter: 1]
[pre_partition: 0]
[two_round: 0]
[header: 0]
[label_column: ]
[weight_column: ]
[group_column: ]
[ignore_column: ]
[categorical_feature: ]
[forcedbins_filename: ]
[precise_float_parser: 0]
[parser_config_file: ]
[objective_seed: 16083]
[num_class: 1]
[is_unbalance: 0]
[scale_pos_weight: 1]
[sigmoid: 1]
[boost_from_average: 1]
[reg_sqrt: 0]
[alpha: 0.9]
[fair_c: 1]
[poisson_max_delta_step: 0.7]
[tweedie_variance_power: 1.5]
[lambdarank_truncation_level: 30]
[lambdarank_norm: 1]
[label_gain: ]
[lambdarank_position_bias_regularization: 0]
[eval_at: ]
[multi_error_top_k: 1]
[auc_mu_weights: ]
[num_machines: 1]
[local_listen_port: 12400]
[time_out: 120]
[machine_list_filename: ]
[machines: ]
[gpu_platform_id: -1]
[gpu_device_id: -1]
[gpu_use_dp: 0]
[num_gpu: 1]

end of parameters

pandas_categorical:null
