tree
version=v4
num_class=1
num_tree_per_iteration=1
label_index=0
max_feature_idx=14
objective=binary sigmoid:1
feature_names=Column_0 Column_1 Column_2 Column_3 Column_4 Column_5 Column_6 Column_7 Column_8 Column_9 Column_10 Column_11 Column_12 Column_13 Column_14
feature_infos=[0:4] [0:6] [0:4] [0:15] none none [0:0.20000000000000001] [0:4] none [0:1.2] [25:100] [0:1] [0:1] [0:1] [4.4000000000000004:285]
tree_sizes=1899 1783 1901 1909 1808 2127 1919 1905 1693 2009 1916 1917 1915 1806 1917 2023 2112 2039 1919 1907 2028 1919 2016 2131 1914 1701 2020 1921 2025 2123 2124 2027 2125 2135 2012 1913 2121 1808 2021 1816 2022 1923 2028 1927 2328 1921 2032 2028 1819 2043 2147 2037 2034 1835 2347 1922 2145 2249 2132 2241 2132 2039 2149 2125 2020 1944 1933 2050 2135 2032 2035 2143 2039 1934 2135 2038 2154 2035 1923 1938 1927 2143 1930 1942 1724 2043 1919 1936 2152 2053 2047 1827 2037 1920 2267 2049 2043 2040 2145 1841

Tree=0
num_leaves=17
num_cat=0
split_feature=10 14 14 3 13 1 3 1 10 13 10 3 14 14 2 14
split_gain=34.3274 33.378 6.05067 8.68555 5.79257 5.72455 5.57295 2.84582 2.24237 2.20752 1.98017 1.96703 2.51658 2.118 1.80386 0.497974
threshold=52.500000000000007 88.000000000000014 60.70000000000001 1.0000000180025095e-35 1.0000000180025095e-35 1.5000000000000002 1.0000000180025095e-35 1.0000000180025095e-35 40.500000000000007 1.0000000180025095e-35 69.500000000000014 1.1000000000000003 116.70000000000002 95.250000000000014 1.0000000180025095e-35 98.90000000000002
decision_type=2 2 2 2 2 2 2 2 2 2 2 2 2 2 2 2
left_child=1 2 6 -4 -2 11 -1 -5 -7 -8 15 -3 13 -13 -11 -6
right_child=4 5 3 7 10 8 9 -9 -10 14 -12 12 -14 -15 -16 -17
leaf_value=-0.039459223094241394 -0.013725482171135069 0.20000000729852785 0.046370691569132677 -0.049661626581950273 -0.10888282597540386 0.096804741585202275 0.11417323613698713 -0.13080424114572123 0.010928021903044777 0.066870236954423595 -0.15375252789991678 0.10332595018391111 0.065570408772130509 0.20000000729852793 -0.017782209759606635 -0.070387588961243863
leaf_weight=10.500633850693704 7.2399807572364834 5.3944954872131374 6.295056805014613 8.5220606774091738 8.140542075037958 7.4972840100526827 4.5072429329156849 8.7704913765192014 5.1150109171867371 5.8115041702985764 8.748310059309004 4.0015089809894544 4.3164836317300788 5.2259175032377243 4.4406989812850952 5.7227789014577857
leaf_count=38 28 32 28 30 24 37 23 24 21 27 22 20 20 31 17 19
internal_value=8.02838e-09 0.034001 -0.0177822 -0.0542035 -0.0915738 0.114173 0.0162276 -0.0908158 0.0619768 0.0558461 -0.1165 0.148934 0.128595 0.158077 0.0302034 -0.092992
internal_weight=110.25 80.3984 48.8477 23.5876 29.8516 31.5507 25.2601 17.2926 12.6123 14.7594 22.6116 18.9384 13.5439 9.22743 10.2522 13.8633
internal_count=441 348 187 82 93 161 105 54 58 67 65 103 71 51 44 43
is_linear=0
shrinkage=1


Tree=1
num_leaves=16
num_cat=0
split_feature=10 14 7 13 1 10 13 14 2 0 14 2 10 14 14
split_gain=27.8919 27.1924 5.72108 6.14342 9.64876 5.08594 4.72832 2.99767 2.52152 2.25611 2.88833 2.2868 1.63516 1.11895 0.885533
threshold=52.500000000000007 89.15000000000002 1.5500000000000003 1.0000000180025095e-35 1.5000000000000002 47.500000000000007 1.0000000180025095e-35 60.70000000000001 1.5000000000000002 1.0000000180025095e-35 129.15000000000003 1.5000000000000002 69.500000000000014 100.95000000000002 101.30000000000003
decision_type=2 2 2 2 2 2 2 2 2 2 2 2 2 2 2
left_child=1 2 3 7 8 9 -2 -1 -5 10 11 13 14 -3 -8
right_child=6 5 -4 4 -6 -7 12 -9 -10 -11 -12 -13 -14 -15 -16
leaf_value=0.10214705117996073 -0.01235354558253266 0.067146147757993241 -0.10318599276923002 0.05998100232156392 -0.096330600216497281 0.032937734199623959 -0.1036261707551744 0.012428984320434978 -0.019003102885770118 0.185787534960487 0.03227797974574155 0.18365969183017186 -0.1392270939923132 0.1400931245532698 -0.051452887777094947
leaf_weight=6.3245322406291953 7.2396397590637234 4.644327625632295 6.3442305475473395 8.28936810791493 12.194616988301275 7.2620292603969565 8.5994163900613803 9.0575201064348203 7.8880757540464392 5.3575449585914603 3.6346524506807318 5.3487969636917105 8.6968107223510724 3.8425770699977875 5.2327423095703116
leaf_count=32 28 22 19 38 37 32 25 37 30 32 16 32 22 21 18
internal_value=3.07326e-06 0.0306899 -0.0144403 -0.00157242 -0.0291628 0.10583 -0.0826586 0.0493177 0.0214686 0.129018 0.111609 0.132449 -0.105251 0.100174 -0.0838889
internal_weight=109.957 80.1883 50.0983 43.7541 28.3721 30.0899 29.7686 15.3821 16.1774 22.8279 17.4704 13.8357 22.529 8.4869 13.8322
internal_count=441 348 193 174 105 155 93 69 68 123 91 75 65 43 43
is_linear=0
shrinkage=0.1


Tree=2
num_leaves=17
num_cat=0
split_feature=10 14 11 7 14 10 1 12 10 1 14 10 3 14 14 3
split_gain=22.7792 22.4947 4.90322 7.16086 6.69732 4.29968 4.12446 3.84771 3.19051 2.74231 1.83526 1.71694 1.57102 2.03301 1.6467 0.759947
threshold=52.500000000000007 88.000000000000014 1.0000000180025095e-35 0.90000000000000013 55.650000000000006 69.500000000000014 1.5000000000000002 1.0000000180025095e-35 36.000000000000007 1.5000000000000002 104.90000000000002 40.500000000000007 1.1000000000000003 116.70000000000002 95.250000000000014 1.7500000000000002
decision_type=2 2 2 2 2 2 2 2 2 2 2 2 2 2 2 2
left_child=1 2 -1 4 8 10 12 -6 -4 -10 15 -8 -3 14 -14 -2
right_child=5 6 3 -5 7 -7 11 -9 9 -11 -12 -13 13 -15 -16 -17
leaf_value=-0.086362925159260362 -0.088767406491465223 0.17068947697594031 0.0053551289008565671 -0.065950209877086774 -0.058194614534261425 -0.12450670431514195 0.080654598965072655 0.043625265748752216 0.15926166385811572 0.0487514032217546 0.0023322155678509445 0.0053643100883300201 0.084590192337825845 0.049234780738886701 0.17067505393566715 -0.040220187388029599
leaf_weight=7.9710017293691626 6.9499763846397453 5.2273897379636791 4.1077118813991573 11.871984094381331 9.4408021718263608 11.002761155366896 7.4369532167911547 6.1155605912208548 5.1895263344049436 3.9581923186779022 5.5831176936626425 5.1100039333105087 3.9586039930582029 4.2808573991060248 5.0655240267515182 6.0151894390583038
leaf_count=25 21 32 17 39 32 29 37 27 29 18 22 21 20 20 31 21
internal_value=1.28925e-05 0.027807 -0.0146442 -0.000592702 0.0263381 -0.0749808 0.0942646 -0.0181669 0.0785684 0.111444 -0.0456022 0.0499911 0.124239 0.105989 0.132912 -0.0662439
internal_weight=109.285 79.7341 48.6548 40.6838 28.8118 29.551 31.0793 15.5564 13.2554 9.14772 18.5483 12.547 18.5324 13.305 9.02413 12.9652
internal_count=441 348 187 162 123 93 161 59 64 47 64 58 103 71 51 42
is_linear=0
shrinkage=0.1


Tree=3
num_leaves=17
num_cat=0
split_feature=10 14 11 7 14 13 1 12 10 1 3 14 14 10 10 14
split_gain=18.6585 18.5825 3.98801 5.82646 5.45315 3.96683 3.55839 3.12403 2.61464 2.26916 1.41365 1.75903 1.4858 1.4122 1.08496 0.575318
threshold=52.500000000000007 88.000000000000014 1.0000000180025095e-35 0.90000000000000013 55.650000000000006 1.0000000180025095e-35 1.5000000000000002 1.0000000180025095e-35 36.000000000000007 1.5000000000000002 1.1000000000000003 116.70000000000002 95.250000000000014 40.500000000000007 69.500000000000014 101.30000000000003
decision_type=2 2 2 2 2 2 2 2 2 2 2 2 2 2 2 2
left_child=1 2 -1 4 8 -2 10 -6 -4 -10 -3 12 -12 -8 15 -7
right_child=5 6 3 -5 7 14 13 -9 9 -11 11 -13 -14 -15 -16 -17
leaf_value=-0.078025540324389353 -0.0038320991294664014 0.15962011160215905 0.0048206171564984628 -0.059628036013933128 -0.052533823445316187 -0.087988577750880786 0.07323099730161188 0.039269242243472016 0.14475409913378201 0.043966589434457033 0.076940360550471501 0.044531617411990444 0.15960371721236785 0.0048286766360671456 -0.11757797559844459 -0.045763167854197928
leaf_weight=7.9418108016252509 7.2180236428976086 5.0403377562761333 4.106903180480006 11.820286348462103 9.4136470854282361 8.4574547559022921 7.3749697506427783 6.1145502775907508 5.1407610028982145 3.9504472762346268 3.9190238267183286 4.2607441097497931 4.8843480348587036 5.1092044711112976 8.3779198527336103 5.2171848118305197
leaf_count=25 28 32 17 39 32 25 37 27 29 18 20 20 31 21 22 18
internal_value=2.96094e-05 0.0252771 -0.0132253 -0.000532963 0.0237834 -0.0681788 0.0863104 -0.0163845 0.0710429 0.100958 0.114633 0.0972763 0.122804 0.045237 -0.0892401 -0.0718786
internal_weight=108.348 79.077 48.4884 40.5466 28.7263 29.2706 30.5886 15.5282 13.1981 9.09121 18.1045 13.0641 8.80337 12.4842 22.0526 13.6746
internal_count=441 348 187 162 123 93 161 59 64 47 103 71 51 58 65 43
is_linear=0
shrinkage=0.1


Tree=4
num_leaves=16
num_cat=0
split_feature=10 14 10 7 12 1 10 3 2 0 14 12 14 3 14
split_gain=15.3398 15.5062 3.81344 3.77855 4.19718 6.60903 3.40837 2.32974 2.25487 1.85529 2.60451 2.05203 1.79824 1.41079 0.505449
threshold=52.500000000000007 89.15000000000002 47.500000000000007 1.5500000000000003 1.0000000180025095e-35 1.5000000000000002 69.500000000000014 1.0000000180025095e-35 1.5000000000000002 1.0000000180025095e-35 129.65000000000001 1.0000000180025095e-35 99.40000000000002 1.7500000000000002 63.500000000000007
decision_type=2 2 2 2 2 2 2 2 2 2 2 2 2 2 2
left_child=1 3 9 4 5 8 13 -6 -1 10 11 12 -3 -2 -9
right_child=6 2 -4 -5 7 -7 -8 14 -10 -11 -12 -13 -14 -15 -16
leaf_value=0.055281363969347366 -0.061690228844366812 0.031181385904188411 0.018040567786070199 -0.083531706645684267 0.10414931675691262 -0.079405039213834822 -0.10740340770320674 0.039303999656631776 -0.019754930644389459 0.15642561797602167 0.0086727313384122474 0.16367417381179802 0.12097077462128021 -0.0060204923660671095 -0.0037314280974757256
leaf_weight=8.2189013659954124 9.9085882306098991 4.1479630321264356 7.1107902228832236 6.2482474446296683 4.3119260668754569 12.004928231239317 10.576329380273817 5.3468611389398557 7.8105954825878134 4.9213615208864203 3.4147447496652594 4.2710576206445685 4.8250604271888733 8.4209995418786985 5.5744331479072571
leaf_count=38 32 20 32 19 22 37 29 25 30 32 15 27 29 32 22
internal_value=4.88653e-05 0.0230559 0.0815524 -0.0108387 -0.000341153 -0.0232998 -0.0621982 0.0419108 0.0187189 0.10248 0.0865432 0.106621 0.0794638 -0.0361144 0.0173379
internal_weight=107.113 78.2069 28.691 49.5159 43.2676 28.0344 28.9059 15.2332 16.0295 21.5802 16.6588 13.2441 8.97302 18.3296 10.9213
internal_count=441 348 155 193 174 105 93 69 68 123 91 76 49 64 47
is_linear=0
shrinkage=0.1


Tree=5
num_leaves=19
num_cat=0
split_feature=10 14 11 13 1 13 14 2 0 7 14 3 7 14 14 14 14 14
split_gain=12.6151 12.9383 3.33983 4.30448 5.45688 3.32022 3.11468 3.1443 2.68884 2.45728 2.3104 1.65318 1.47371 1.13997 2.28468 0.385534 0.0175127 1.82505e-05
threshold=52.500000000000007 88.000000000000014 1.0000000180025095e-35 1.0000000180025095e-35 1.5000000000000002 1.0000000180025095e-35 147.85000000000002 1.5000000000000002 1.0000000180025095e-35 0.90000000000000013 55.650000000000006 1.0000000180025095e-35 1.5500000000000003 72.250000000000014 88.000000000000014 100.95000000000002 65.40000000000002 104.90000000000002
decision_type=2 2 2 2 2 2 2 2 2 2 2 2 2 2 2 2 2 2
left_child=1 2 -1 11 9 -2 7 8 12 10 -5 -4 15 -7 -15 -3 -13 -9
right_child=5 6 3 4 -6 13 -8 17 -10 -11 -12 16 -14 14 -16 -17 -18 -19
leaf_value=-0.070580400968862686 0.0020692711697448559 0.043888281517568919 0.10010730827757429 0.08291042811534613 -0.078784538642949931 -0.042974079113850226 -0.0052718659034530629 0.14984792710928541 0.12300629062846935 -0.044727604858856636 -0.0075969081450439407 0.027599132956111647 -0.0074276741781868251 -0.14629566136044403 -0.063164864638358395 0.085354174106884825 0.018842328821167223 0.14950013655052058
leaf_weight=7.8605737984180442 7.1802907735109356 4.5063516199588864 4.0834086239337912 5.8889885097742098 10.463102981448175 6.8670596480369595 4.3053930252790442 2.9518524557352057 5.8874480575323096 4.9836301803588858 5.4129031300544739 5.1634189337491971 4.1707242727279654 5.1029355674982062 9.3883255422115308 4.4627902805805206 4.0951299965381622 3.0864546746015549
leaf_count=25 28 22 21 30 32 23 19 20 37 17 21 24 18 12 30 24 17 21
internal_value=6.34112e-05 0.0210355 -0.010979 0.000707083 -0.0224348 -0.0567581 0.0733024 0.0867987 0.0668464 0.0137688 0.039563 0.047103 0.0416835 -0.0765348 -0.0924384 0.0645205 0.0237259 0.14967
internal_weight=105.861 77.3222 47.9512 40.0906 26.7486 28.5386 29.371 25.0656 19.0273 16.2855 11.3019 13.342 13.1399 21.3583 14.4913 8.96914 9.25855 6.03831
internal_count=441 348 187 162 100 93 161 142 101 68 51 62 64 65 42 46 41 41
is_linear=0
shrinkage=0.1


Tree=6
num_leaves=17
num_cat=0
split_feature=10 14 10 10 7 1 0 3 2 14 3 7 2 14 3 14
split_gain=10.6583 13.4752 7.24468 4.62651 4.53171 3.95568 2.99027 2.89623 2.35099 2.31933 2.4921 1.60946 1.23788 1.75154 3.61405 0.380943
threshold=47.500000000000007 84.300000000000026 40.500000000000007 69.500000000000014 1.0000000180025095e-35 1.0000000180025095e-35 1.0000000180025095e-35 2.5000000000000004 1.5000000000000002 36.900000000000013 1.0000000180025095e-35 1.0000000180025095e-35 1.5000000000000002 107.15000000000002 2.5000000000000004 106.15000000000002
decision_type=2 2 2 2 2 2 2 2 2 2 2 2 2 2 2 2
left_child=1 2 7 4 12 -6 8 9 11 -1 -11 -3 13 14 -2 -10
right_child=3 6 -4 -5 5 -7 -8 -9 15 10 -12 -13 -14 -15 -16 -17
leaf_value=-0.0040630378050680828 -0.00032791093853029373 0.076191874854469988 0.097958502273013948 -0.095112475621625919 0.10217328413636789 -0.027532092161933031 0.15242686016441595 0.022852884933563015 0.14357040769400989 -0.024645093515057104 -0.1101358360839456 0.0017674734117314695 -0.074613960010499525 0.023727376078917971 -0.098039569964154749 0.093199328082377936
leaf_weight=7.3823329508304658 8.5631240159273201 6.2863823175430351 5.1758567690849295 10.086384266614912 4.9944342374801618 4.4429318457841873 5.4850423634052268 7.5106180012226096 3.0488596558570853 5.978157699108122 7.9366098493337631 5.4031057506799698 7.2514315843582144 5.1803599298000327 6.7843018621206275 2.9581189453601837
leaf_count=30 34 34 26 29 25 16 38 31 22 23 24 24 24 22 21 18
internal_value=7.45669e-05 0.0291303 -0.0109692 -0.0350389 -0.0187579 0.0411105 0.0879153 -0.0305402 0.0679199 -0.0493697 -0.0734067 0.0417915 -0.0390968 -0.0265504 -0.0435212 0.118765
internal_weight=104.468 57.1651 33.9836 47.303 37.2166 9.43737 23.1815 28.8077 17.6965 21.2971 13.9148 11.6895 27.7792 20.5278 15.3474 6.00698
internal_count=441 270 134 171 142 41 136 108 98 77 47 58 101 77 55 40
is_linear=0
shrinkage=0.1


Tree=7
num_leaves=17
num_cat=0
split_feature=10 14 7 11 13 1 14 13 2 10 0 3 14 14 14 14
split_gain=8.82704 9.29974 3.33491 3.15375 5.44955 5.4675 2.89586 2.77253 2.4033 1.81505 1.40832 1.17876 0.992661 1.01911 0.758412 0.000453062
threshold=52.500000000000007 89.15000000000002 1.5500000000000003 1.0000000180025095e-35 1.0000000180025095e-35 1.5000000000000002 147.85000000000002 1.0000000180025095e-35 1.5000000000000002 36.000000000000007 1.0000000180025095e-35 1.7500000000000002 72.250000000000014 101.30000000000003 108.00000000000001 105.75000000000001
decision_type=2 2 2 2 2 2 2 2 2 2 2 2 2 2 2 2
left_child=1 2 3 -1 9 11 8 -2 10 -5 14 -6 -9 -14 -3 -10
right_child=7 6 -4 4 5 -7 -8 12 15 -11 -12 -13 13 -15 -16 -17
leaf_value=-0.057948649186653212 0.0055735807829987881 0.025107578187730489 -0.076864230973145403 0.019999542576397092 0.0026948863505052009 -0.071469851925419547 -0.010520898288104409 -0.03506327812156259 0.13751325923726626 0.10031829580043519 0.10633893217290863 0.062278422191451382 -0.1104917231602812 -0.056324044913167885 0.077314503636599016 0.13936552295336049
leaf_weight=7.3267788141965857 7.1380920112133053 8.0275055915117353 6.1739795804023734 4.5795740038156492 8.28915226459503 9.6663158088922501 4.2542328536510459 6.6867083907127407 2.6120956838130942 7.2960146963596344 4.9593322873115531 5.538942590355874 6.5881655216217023 7.346204861998558 4.2588399797677985 2.670717716217041
leaf_count=24 28 39 19 20 35 30 19 23 20 39 34 26 18 24 23 20
internal_value=8.97444e-05 0.0177871 -0.00816802 0.0017655 0.0141351 -0.0137716 0.0651478 -0.0481419 0.079437 0.069345 0.0613598 0.0265615 -0.0667358 -0.0819345 0.0432042 0.13845
internal_weight=103.413 75.6535 48.8708 42.6968 35.37 23.4944 26.7827 27.7592 22.5285 11.8756 17.2457 13.8281 20.6211 13.9344 12.2863 5.28281
internal_count=441 348 193 174 150 91 155 93 136 59 96 61 65 42 62 40
is_linear=0
shrinkage=0.1


Tree=8
num_leaves=15
num_cat=0
split_feature=10 14 10 14 3 7 3 14 3 0 2 7 3 14
split_gain=7.70398 6.33163 7.35709 4.19623 5.87063 4.11966 3.22007 2.84143 2.72455 2.7128 1.87628 1.34793 1.21378 0.363867
threshold=69.500000000000014 84.300000000000026 47.500000000000007 55.650000000000006 1.1000000000000003 0.45000000000000007 1.0000000180025095e-35 32.650000000000006 2.5000000000000004 1.0000000180025095e-35 1.5000000000000002 1.0000000180025095e-35 2.5000000000000004 106.15000000000002
decision_type=2 2 2 2 2 2 2 2 2 2 2 2 2 2
left_child=1 3 9 4 5 -1 -5 -6 -8 10 11 -3 -4 -12
right_child=-2 2 12 6 7 -7 8 -9 -10 -11 13 -13 -14 -15
leaf_value=0.011589401257944245 -0.085228824959487082 0.067910877145060389 -0.031635825427960347 0.0140625112948711 0.024588448177188488 -0.10036966176465632 -0.1032843446181807 0.12143661543848915 -0.027533449352811747 0.14270480574147967 0.13337267531113892 -0.00078940702993978177 0.022013863736821907 0.081690442893526588
leaf_weight=8.8978065997362155 9.5865075439214689 6.1222569495439583 10.109576016664507 7.4333499968051937 7.3873523622751218 5.2115480154752722 9.0512941479682922 5.1352019459009171 9.9870594888925552 4.9906699731945983 2.6817711666226378 5.3531199246644974 7.2349198013544074 2.7686615809798241
leaf_count=38 29 34 38 31 32 15 26 28 36 38 22 24 32 18
internal_value=9.76959e-05 0.00895372 0.0394037 -0.0135588 0.014467 -0.0297647 -0.0417542 0.0643036 -0.0635473 0.0779132 0.058809 0.0358631 -0.0092569 0.10712
internal_weight=101.951 92.3646 39.261 53.1036 26.6319 14.1094 26.4717 12.5226 19.0384 21.9165 16.9258 11.4754 17.3445 5.45043
internal_count=441 412 206 206 113 53 93 60 62 136 98 58 70 40
is_linear=0
shrinkage=0.1


Tree=9
num_leaves=18
num_cat=0
split_feature=10 14 10 10 7 14 0 3 14 2 3 14 14 2 14 3 14
split_gain=6.4967 8.39235 6.00812 3.11268 3.72586 3.02222 2.52559 2.40503 3.99414 2.13775 1.78194 1.87589 3.26261 1.05076 1.51729 3.25984 0.147443
threshold=47.500000000000007 84.300000000000026 40.500000000000007 69.500000000000014 1.0000000180025095e-35 54.350000000000001 1.0000000180025095e-35 1.7500000000000002 62.900000000000006 1.5000000000000002 1.1000000000000003 98.050000000000011 116.70000000000002 1.5000000000000002 107.15000000000002 2.5000000000000004 59.850000000000001
decision_type=2 2 2 2 2 2 2 2 2 2 2 2 2 2 2 2 2
left_child=1 2 7 4 13 -6 10 9 -9 16 -3 -12 -13 14 15 -2 -1
right_child=3 6 -4 -5 5 -7 -8 8 -10 -11 11 12 -14 -15 -16 -17 -18
leaf_value=-0.034250812956422037 0.0037072027640400757 0.1092380734000577 0.092384284929996591 -0.079323689914557877 -0.017527608256523889 0.096465113030879512 0.13743241515629831 0.066700360668552186 -0.046969338979172777 -0.10128350372842508 -0.010881224079178827 0.13778478066991709 0.0013652157438655348 -0.06613473566301048 0.02539940812134699 -0.089920290441360115 -0.0099098411379559548
leaf_weight=6.2567611038684863 8.4564480930566841 4.3439631909132066 5.075682505965232 9.286115348339079 4.5962487459182721 4.7082965672016144 4.6799174398183814 5.9170204848051053 6.4729184061288834 5.5855078697204581 5.1955410391092283 3.4466526359319687 3.5679170340299606 7.1215452551841727 5.1491045951843253 6.6374768167734137 4.1320502758026123
leaf_count=24 34 30 26 29 17 24 38 29 22 17 24 27 17 24 22 21 16
internal_value=0.00010774 0.0234027 -0.00781745 -0.0276068 -0.0145099 0.0401551 0.0725691 -0.0257482 0.00731551 -0.0513929 0.0542319 0.0346625 0.0683958 -0.0330972 -0.0214745 -0.037465 -0.0245694
internal_weight=100.629 54.6739 33.4399 45.9552 36.6691 9.30455 21.234 28.3643 12.3899 15.9743 16.5541 12.2101 7.01457 27.3646 20.243 15.0939 10.3888
internal_count=441 270 134 171 142 41 136 108 51 57 98 68 44 101 77 55 40
is_linear=0
shrinkage=0.1


Tree=10
num_leaves=17
num_cat=0
split_feature=10 14 10 12 14 14 3 3 0 2 1 14 14 0 14 14
split_gain=5.41155 4.37432 3.26044 3.09238 4.59974 4.98781 2.58729 6.0219 1.85763 1.68327 1.46986 1.35829 0.888175 0.872045 0.410553 0.35982
threshold=69.500000000000014 88.000000000000014 47.500000000000007 1.0000000180025095e-35 55.650000000000006 32.650000000000006 1.0000000180025095e-35 1.7500000000000002 1.0000000180025095e-35 1.5000000000000002 1.5000000000000002 15.900000000000002 112.50000000000001 1.0000000180025095e-35 101.30000000000003 115.60000000000001
decision_type=2 2 2 2 2 2 2 2 2 2 2 2 2 2 2 2
left_child=1 3 8 4 5 11 -5 -8 9 15 13 -1 14 -6 -4 -3
right_child=-2 2 12 6 10 -7 7 -9 -10 -11 -12 -13 -14 -15 -16 -17
leaf_value=-0.061763202149205734 -0.073863088590894452 0.03906714848402458 0.00060131267731745788 0.07553983349766788 -0.06635297151267068 0.083014740114639454 -0.088984547479724674 0.05120858873347104 0.1270388755970433 0.096737449853713228 -0.097774797150884829 0.005004856196570733 -0.026109962160090816 -0.011230808834727038 0.04274091329501483 -0.00026451680363183286
leaf_weight=6.0198422223329562 8.9910841882228834 6.4395562559366244 4.5425999164581281 6.2617650628089931 5.9512714892625826 6.0638267248868933 4.9818250834941846 7.9587682336568832 3.726130783557891 4.8142077773809424 7.046977922320365 6.1694631278514862 6.5347064882516852 5.5433263182640076 4.7083733230829239 3.641105443239212
leaf_count=20 29 35 19 31 19 30 16 38 34 39 20 25 25 21 22 18
internal_value=0.000125739 0.00748428 0.0355466 -0.00975825 -0.0267348 0.00890037 0.0227714 -0.00276248 0.0638897 0.0480921 -0.0618155 -0.0279694 0.00211272 -0.03977 0.0220487 0.0248607
internal_weight=99.3948 90.4037 34.4067 55.9971 36.7947 18.2531 19.2024 12.9406 18.621 14.8949 18.5416 12.1893 15.7857 11.4946 9.25097 10.0807
internal_count=441 412 192 220 135 75 85 54 126 92 60 45 66 40 41 53
is_linear=0
shrinkage=0.1


Tree=11
num_leaves=17
num_cat=0
split_feature=10 14 10 0 3 10 7 1 14 3 3 14 14 10 1 14
split_gain=4.63272 6.18495 4.95223 2.24547 2.2246 2.21698 2.90123 2.6687 1.82181 1.88574 1.61555 1.54929 2.99831 0.779985 1.40721 0.701992
threshold=47.500000000000007 84.300000000000026 40.500000000000007 1.0000000180025095e-35 2.5000000000000004 69.500000000000014 1.0000000180025095e-35 1.0000000180025095e-35 36.900000000000013 1.0000000180025095e-35 1.1000000000000003 98.050000000000011 116.70000000000002 52.500000000000007 1.0000000180025095e-35 105.35000000000001
decision_type=2 2 2 2 2 2 2 2 2 2 2 2 2 2 2 2
left_child=1 2 4 10 8 6 13 -8 -1 -10 -3 -12 -13 14 -2 -15
right_child=5 3 -4 -5 -6 -7 7 -9 9 -11 11 12 -14 15 -16 -17
leaf_value=0.00095910877472532227 0.019952146623806181 0.10137350688454823 0.085125521755037417 0.13018361215747035 0.02459205044199508 -0.068779473921820156 0.085875135830641103 -0.021664385798947736 -0.018802627780338078 -0.094213909974626808 -0.012930922708859467 0.13168956762086112 -0.0029222475735411046 -0.063787579649746615 -0.043481653506005163 -0.01536792505051077
leaf_weight=7.2422538697719636 6.7919091433286667 4.0741089358925846 5.0182692259550086 4.0918098911643019 7.3351698368787757 8.7053265571594221 4.9445364028215391 4.3270642906427383 5.8938429206609708 7.581354632973671 5.1355088800191862 3.1157984137535095 3.5285015255212784 8.4647423923015577 7.2092538326978683 4.6331471353769311
leaf_count=30 31 30 26 38 31 29 25 16 23 24 24 27 17 27 26 17
internal_value=0.00011966 0.0201582 -0.00636732 0.0641387 -0.0227343 -0.0234489 -0.012599 0.0356863 -0.0394905 -0.0612302 0.0470929 0.0283197 0.060203 -0.0291193 -0.0127102 -0.04666
internal_weight=98.0926 53.0166 33.0709 19.9457 28.0526 45.076 36.3707 9.2716 20.7175 13.4752 15.8539 11.7798 6.6443 27.0991 14.0012 13.0979
internal_count=441 270 134 136 108 171 142 41 77 47 98 68 44 101 57 44
is_linear=0
shrinkage=0.1


Tree=12
num_leaves=17
num_cat=0
split_feature=10 14 10 7 0 10 7 14 14 3 2 7 2 14 3 14
split_gain=3.82058 5.2491 4.03228 2.32023 2.11329 1.89151 2.36552 2.60748 1.7893 1.67462 1.50661 0.986408 0.869305 1.25592 2.71913 0.452613
threshold=47.500000000000007 84.300000000000026 40.500000000000007 0.90000000000000013 1.0000000180025095e-35 69.500000000000014 1.0000000180025095e-35 54.350000000000001 74.40000000000002 1.7500000000000002 1.5000000000000002 1.0000000180025095e-35 1.5000000000000002 107.15000000000002 2.5000000000000004 107.15000000000002
decision_type=2 2 2 2 2 2 2 2 2 2 2 2 2 2 2 2
left_child=1 2 3 8 10 6 12 -8 9 -1 11 -3 13 14 -2 -12
right_child=5 4 -4 -5 -6 -7 7 -9 -10 -11 15 -13 -14 -15 -16 -17
leaf_value=-0.014214009771693402 0.0071017789683937172 0.052042289283453752 0.077041257806813659 -0.070570676627311799 0.12678498616245146 -0.064022744946293786 -0.021336538370125169 0.084894031893218758 -0.050693726719666467 0.053129304284422751 0.12425306929300291 -0.0081051548248355747 -0.056871134495251913 0.026747530568961897 -0.079318434638212185 0.061192888829363259
leaf_weight=8.7364351451396995 8.3453061282634788 5.7249709144234675 4.991700366139411 6.9596482068300238 3.7965252622961989 8.4315469935536367 4.5830517411231977 4.6599320694804192 5.8952314406633368 6.3958202898502341 2.2145586237311354 5.2060831412672997 6.9517488926649085 5.1462532430887213 6.4584621787071219 2.3417718261480331
leaf_count=35 34 34 26 22 38 29 17 24 20 31 23 24 24 22 21 17
internal_value=0.000134625 0.0184787 -0.00575538 -0.0205227 0.0599231 -0.0213726 -0.0114235 0.0322205 -0.00395794 0.0142494 0.0435328 0.0233961 -0.0264188 -0.0158075 -0.0306009 0.0918427
internal_weight=96.839 52.2627 32.9788 27.9871 19.2839 44.5763 36.1448 9.24298 21.0275 15.1323 15.4874 10.9311 26.9018 19.95 14.8038 4.55633
internal_count=441 270 134 108 136 171 142 41 86 66 98 58 101 77 55 40
is_linear=0
shrinkage=0.1


Tree=13
num_leaves=16
num_cat=0
split_feature=10 14 14 7 14 14 10 12 14 3 3 3 14 1 10
split_gain=3.18417 2.56252 2.87864 3.3688 3.78365 3.90673 3.37666 2.60277 3.68502 4.46348 1.99137 4.22889 1.51267 1.31613 1.47478
threshold=69.500000000000014 88.000000000000014 93.350000000000009 0.28750000000000003 99.40000000000002 132.25000000000003 47.500000000000007 1.0000000180025095e-35 55.650000000000006 1.1000000000000003 1.0000000180025095e-35 1.7500000000000002 115.60000000000001 1.5000000000000002 43.000000000000007
decision_type=2 2 2 2 2 2 2 2 2 2 2 2 2 2 2
left_child=1 7 -3 4 -4 6 -6 8 9 -1 -9 -12 -5 14 -10
right_child=-2 2 3 12 5 -7 -8 10 13 -11 11 -13 -14 -15 -16
leaf_value=-0.03550281421085897 -0.059555613452821746 0.097578053062667994 -0.088277117868715879 0.11237263926559236 0.12689833077348003 -0.049575385022079414 0.0092291286441764497 0.069154474587285172 0.0020244503097944038 0.064465670238141759 -0.073343839132966215 0.0454564369135326 0.017676556046399484 -0.090219667831674885 -0.070475997603837423
leaf_weight=10.114596709609033 8.1715180650353414 5.0240479484200469 4.3322591185569825 4.256654165685176 3.9089025035500544 5.6927893981337538 6.4840332567691803 6.187964707612994 5.5986689180135745 7.9979468733072272 4.8564301282167417 7.8230554461479187 2.7941713407635689 6.7378781735897055 5.6243216544389725
leaf_count=37 29 33 22 31 38 25 27 31 22 38 16 38 16 20 18
internal_value=0.000140365 0.00571953 0.0279807 0.0152513 -0.00532797 0.0170122 0.0534859 -0.00744607 -0.0231871 0.00864022 0.0226498 -4.58223e-05 0.0748455 -0.0552832 -0.0343086
internal_weight=95.6052 87.4337 32.4929 27.4688 20.418 16.0857 10.3929 54.9409 36.0734 18.1125 18.8675 12.6795 7.05083 17.9609 11.223
internal_count=441 412 192 159 112 90 65 220 135 75 85 54 47 60 40
is_linear=0
shrinkage=0.1


Tree=14
num_leaves=17
num_cat=0
split_feature=10 14 7 3 14 3 0 3 10 7 14 14 14 14 2 14
split_gain=2.69053 4.05212 3.81453 4.34838 2.45442 3.88242 2.05381 1.41788 1.34598 1.6557 2.66377 1.26115 2.58132 0.878036 2.15646 1.29822
threshold=47.500000000000007 84.300000000000026 1.5500000000000003 2.5000000000000004 36.900000000000013 1.0000000180025095e-35 1.0000000180025095e-35 1.1000000000000003 69.500000000000014 1.0000000180025095e-35 54.100000000000009 98.050000000000011 116.70000000000002 61.550000000000004 1.0000000180025095e-35 107.15000000000002
decision_type=2 2 2 2 2 2 2 2 2 2 2 2 2 2 2 2
left_child=1 2 3 4 -1 -6 7 -3 9 13 -11 -9 -13 -2 15 -15
right_child=8 6 -4 -5 5 -7 -8 11 -10 10 -12 12 -14 14 -16 -17
leaf_value=0.033572921588680464 0.0064220546784774443 0.091063431444127707 -0.085454920098525983 0.085905077056118564 0.028462716676706301 -0.079514188508330252 0.1232120834144006 -0.017575591208129997 -0.055350267872983909 -0.029244239711118353 0.078924958935308709 0.12468324101697181 -0.0065154574061159392 -0.033111326744785813 -0.080032923308133413 0.034643200527665299
leaf_weight=7.7933555543422761 7.5560300350189236 3.6918926462531116 5.028325527906417 5.8340593054890624 5.5317146629095069 8.3663010597228986 3.4310099184513083 5.0225208103656751 7.9262981116771689 4.3810030072927457 4.7395592331886292 2.6363022997975349 3.4780957847833633 8.0478581786155718 6.6052581816911689 4.3600440323352805
leaf_count=36 31 30 15 30 25 28 38 24 29 16 25 27 17 30 21 19
internal_value=0.000145348 0.015784 -0.00536547 0.00926521 -0.0113477 -0.036537 0.0534893 0.0373573 -0.018074 -0.0097953 0.0269666 0.0195537 0.0500526 -0.0224148 -0.0338748 -0.00930289
internal_weight=94.4296 50.8136 32.5538 27.5254 21.6914 13.898 18.2598 14.8288 43.6161 35.6898 9.12056 11.1369 6.1144 26.5692 19.0132 12.4079
internal_count=441 270 134 119 89 53 136 98 171 142 41 68 44 101 70 49
is_linear=0
shrinkage=0.1


Tree=15
num_leaves=18
num_cat=0
split_feature=10 12 11 14 14 14 14 14 10 2 3 14 1 10 3 14 14
split_gain=2.22823 2.07644 3.80254 2.04662 4.76299 3.01665 2.86413 4.20046 2.36665 2.06217 1.93243 2.03085 1.29467 1.13984 1.11878 1.02911 0.248177
threshold=69.500000000000014 1.0000000180025095e-35 1.0000000180025095e-35 88.000000000000014 94.15000000000002 101.30000000000003 55.650000000000006 32.650000000000006 47.500000000000007 1.0000000180025095e-35 1.0000000180025095e-35 96.100000000000009 1.5000000000000002 43.000000000000007 2.5000000000000004 15.900000000000002 63.500000000000007
decision_type=2 2 2 2 2 2 2 2 2 2 2 2 2 2 2 2 2
left_child=1 3 -3 6 -5 -6 7 15 9 -7 16 14 13 -8 -12 -1 -4
right_child=-2 2 10 4 5 8 12 -9 -10 -11 11 -13 -14 -15 -16 -17 -18
leaf_value=-0.056784364492852214 -0.051385818459035754 -0.054484918215189006 0.067725374379892386 0.12246171331821992 -0.075430497579323991 0.13977645442440265 0.0031735623178914749 0.07531587718340621 -0.014008060380374799 0.016532820373345278 -0.022767934931029184 0.079873969427852173 -0.084981941625037097 -0.0612663816368543 0.039011726431106841 0.0017011739284098937 0.10674825729354312
leaf_weight=5.9184154421091097 7.6964028850197783 4.7645677998662022 2.9366357028484371 3.6365166157484081 4.3594608977437046 2.4240206331014624 5.5388648509979266 6.0091663077473632 8.1926766708493215 3.0862702317535877 6.9120936691761035 4.8920102119445792 6.5331587344408026 5.4417391717433929 5.0896211639046669 6.1193293780088425 3.6621667593717575
leaf_count=20 29 21 15 25 21 21 22 30 33 25 29 36 20 18 25 25 26
internal_value=0.000151703 0.00479002 0.0269717 -0.00615645 0.018046 -0.00297601 -0.0209247 0.00703291 0.0200746 0.0707487 0.0434921 0.0255672 -0.0497334 -0.0287614 0.00343124 -0.0270535 0.0893821
internal_weight=93.2131 85.5167 28.2571 57.2596 21.6989 18.0624 35.5607 18.0469 13.703 5.51029 23.4925 16.8937 17.5138 10.9806 12.0017 12.0377 6.5988
internal_count=441 412 152 260 125 100 135 75 79 46 131 90 60 40 54 45 41
is_linear=0
shrinkage=0.1


Tree=16
num_leaves=19
num_cat=0
split_feature=10 10 7 14 14 14 10 14 1 14 14 3 0 14 14 3 14 14
split_gain=1.9708 3.3191 4.00006 2.69147 3.01599 3.26409 2.85182 1.99146 1.3374 4.21692 2.67551 1.44924 1.12855 1.12171 0.952916 2.21573 0.625442 0.230858
threshold=47.500000000000007 43.000000000000007 1.5500000000000003 81.850000000000009 94.15000000000002 98.90000000000002 37.500000000000007 28.350000000000005 1.5000000000000002 111.55000000000003 75.750000000000014 1.0000000180025095e-35 1.0000000180025095e-35 98.050000000000011 74.40000000000002 1.7500000000000002 88.000000000000014 83.300000000000011
decision_type=2 2 2 2 2 2 2 2 2 2 2 2 2 2 2 2 2 2
left_child=1 2 3 7 -5 -6 -7 -1 9 10 12 -10 -2 -12 15 -9 -13 -3
right_child=8 17 -4 4 5 6 -8 14 11 -11 13 16 -14 -15 -16 -17 -18 -19
leaf_value=0.046336750847049829 0.019765325019625652 0.095325072229724694 -0.062441426393997294 0.12865033893098496 -0.071952032206365299 0.12866260409297972 -0.015438560575195721 -0.041279148133448254 -0.074918963466177962 -0.08251359131674238 0.033381102543540757 -0.033545453511357397 -0.044238177704846865 0.10714869479611128 -0.053919304861122057 0.048262176042501534 0.014232418186501587 0.058118641708101451
leaf_weight=6.164952993392947 5.4703607112169319 3.767547480762004 7.5793065428733817 3.8770142942666999 2.561615936458109 3.0833687633275986 2.4763768948614597 6.5333621799945849 6.3169586509466198 5.0022855177521697 5.3751698955893499 7.2245632857084257 5.5500271916389465 3.3435705155134201 5.5718882977962485 4.7894705533981323 4.4138185232877731 2.9920696467161179
leaf_count=29 24 21 36 29 14 33 18 25 21 17 24 27 20 19 19 24 19 22
internal_value=0.000153678 0.0137541 0.00343304 0.0176746 0.0560866 0.0214458 0.0644782 -0.00231182 -0.015581 -0.000503927 0.0202789 -0.0363564 -0.0124678 0.0616704 -0.0200639 -0.00340386 -0.0154259 0.0788561
internal_weight=92.0937 49.397 42.6374 35.058 11.9984 8.12136 5.55975 23.0597 42.6968 24.7414 19.7391 17.9553 11.0204 8.71874 16.8947 11.3228 11.6384 6.75962
internal_count=441 270 227 191 94 65 51 97 171 104 87 67 44 43 68 49 46 43
is_linear=0
shrinkage=0.1


Tree=17
num_leaves=18
num_cat=0
split_feature=1 14 11 3 7 14 12 2 14 7 14 14 3 14 14 1 0
split_gain=1.85479 3.01665 2.52371 2.40844 3.13762 4.68738 4.27688 1.71474 1.52816 2.99691 2.22388 1.73441 0.919892 0.711972 1.63949 1.31305 0.856051
threshold=2.5000000000000004 15.100000000000001 1.0000000180025095e-35 1.0000000180025095e-35 0.90000000000000013 106.65000000000002 1.0000000180025095e-35 1.0000000180025095e-35 32.650000000000006 1.0000000180025095e-35 83.300000000000011 104.30000000000003 1.1000000000000003 121.90000000000002 98.050000000000011 1.5000000000000002 1.5000000000000002
decision_type=2 2 2 2 2 2 2 2 2 2 2 2 2 2 2 2 2
left_child=1 -1 12 4 5 6 7 -4 -5 13 -11 -12 -3 14 15 16 -10
right_child=-2 2 3 8 -6 -7 -8 -9 9 10 11 -13 -14 -15 -16 -17 -18
leaf_value=0.079283014029513807 -0.063093103551005475 -0.069345528675341037 0.091260674701695799 -0.052204372958518014 -0.041729239405002172 -0.030661429522728403 0.17323225269377682 -0.00048383972916222139 0.017267030200636451 0.091832423363437665 -0.03062056535079349 0.061221828569939386 -0.014641051609992878 -0.054282394256201419 0.039013816098910394 -0.063506060909461579 -0.033581169634042556
leaf_weight=4.9372677952051154 4.4120893925428382 6.3687353096902353 4.1161778047680908 6.2544872909784308 4.3040287382900706 4.7036924175918093 3.8960675783455363 4.0335359983146191 6.9889739453792661 5.0851458162069312 4.8768694922327978 3.5551219619810581 5.9417217671871185 4.4429494589567176 5.2056698054075232 5.9028779566287986 6.2913442403078079
leaf_count=25 16 25 22 23 18 25 28 20 32 26 24 26 28 20 34 22 27
internal_value=0.000158481 0.00336972 -0.00120288 0.00617367 0.0344262 0.0539955 0.0870527 0.0458536 -0.00606445 0.000749925 0.0396016 0.0081023 -0.0429421 -0.0174648 -0.0107577 -0.024264 -0.00682151
internal_weight=91.3168 86.9047 81.9674 69.6569 21.0535 16.7495 12.0458 8.14971 48.6034 42.349 13.5171 8.43199 12.3105 28.8318 24.3889 19.1832 13.2803
internal_count=441 425 400 347 113 95 70 42 234 211 76 50 53 135 115 81 59
is_linear=0
shrinkage=0.1


Tree=18
num_leaves=17
num_cat=0
split_feature=10 14 14 7 11 13 7 1 13 10 14 14 14 10 1 14
split_gain=1.66948 2.45174 3.92448 2.38639 1.99114 2.76982 2.57565 1.90761 1.83488 1.62974 2.82207 1.70303 2.41738 1.17353 0.773494 0.500565
threshold=56.500000000000007 89.15000000000002 93.350000000000009 1.5500000000000003 1.0000000180025095e-35 1.0000000180025095e-35 0.90000000000000013 1.5000000000000002 1.0000000180025095e-35 37.500000000000007 100.95000000000002 129.65000000000001 107.15000000000002 36.000000000000007 1.5000000000000002 55.650000000000006
decision_type=2 2 2 2 2 2 2 2 2 2 2 2 2 2 2 2
left_child=1 3 -3 4 -1 13 7 15 -2 10 -4 12 -11 -6 -10 -7
right_child=8 2 9 -5 5 6 -8 -9 14 11 -12 -13 -14 -15 -16 -17
leaf_value=-0.043400420503287185 0.020651881620706965 0.1436175234764204 -0.020501905499628957 -0.064719831218838106 0.014868762011149912 0.056406431724000811 -0.067381202236825311 -0.031804666618311654 -0.023094238799765132 -0.017165106720028838 0.12459346175728035 -0.051872683753911852 0.090333751785524385 0.082126642422234913 -0.068124480350571545 0.014715484719888658
leaf_weight=7.4177506864070883 6.5514163374900827 2.9187085330486324 2.2895798943936851 5.8456575721502295 4.2960255295038206 6.0328804627060943 5.2457849308848372 6.3300507664680472 8.8837551251053792 5.3429356031119806 3.2337330058217049 4.3026250824332228 3.4379025101661682 6.5489060208201408 6.6851166039705285 5.5103590339422226
leaf_count=26 28 25 15 19 20 31 18 23 34 32 38 20 26 39 24 23
internal_value=0.000149146 0.00783731 0.0358086 -0.00491153 0.00353709 0.0137883 -0.00577063 0.012312 -0.0237467 0.0188974 0.0644471 -0.00033188 0.0249232 0.0554836 -0.0424298 0.0365046
internal_weight=90.8732 68.7529 21.5255 47.2274 41.3818 33.964 23.1191 17.8733 22.1203 18.6068 5.52331 13.0835 8.78084 10.8449 15.5689 11.5432
internal_count=441 355 156 199 180 154 95 77 86 131 53 78 58 59 58 54
is_linear=0
shrinkage=0.1


Tree=19
num_leaves=17
num_cat=0
split_feature=10 14 10 14 14 14 3 10 7 2 10 7 14 14 14 14
split_gain=1.40574 1.30827 2.00383 2.34001 2.27677 1.82296 3.12222 2.08218 1.94592 1.71086 1.35014 2.29859 1.36612 0.955728 0.138681 0.0124671
threshold=69.500000000000014 84.300000000000026 37.500000000000007 129.65000000000001 98.250000000000014 61.550000000000004 1.1000000000000003 37.500000000000007 0.45000000000000007 1.5000000000000002 47.500000000000007 1.0000000180025095e-35 106.15000000000002 32.650000000000006 32.050000000000004 117.10000000000001
decision_type=2 2 2 2 2 2 2 2 2 2 2 2 2 2 2 2
left_child=1 5 4 10 -3 6 8 -7 14 -9 11 -4 -12 -8 -1 -6
right_child=-2 2 3 -5 15 7 13 9 -10 -11 12 -13 -14 -15 -16 -17
leaf_value=-0.0063185443599837361 -0.042449318177220821 0.013493179594245404 0.1280179398102809 -0.047971196901829306 0.11771689306821922 0.021119469904209417 0.018034300358535035 -0.023089028285166874 -0.072533943475656282 -0.093741702063269899 -0.020134435376004265 0.0059795631356084206 0.046395793594460416 0.070283750551047325 0.017761348989164847 0.1296540353278057
leaf_weight=5.6929510831832904 7.1255691200494757 4.0625273995101443 2.819855295121676 6.1395327150821677 1.8014274053275587 5.8652785494923618 7.1516215652227384 9.2125070318579656 5.0616440773010245 5.4578073918819419 8.2576820254325849 3.4093929193913937 4.9284548014402381 6.8578495010733604 4.1244642287492752 1.7011042013764379
leaf_count=24 29 27 30 26 26 25 32 37 16 17 34 22 24 36 19 17
internal_value=0.000165736 0.00384445 0.0192236 0.00584051 0.0644317 -0.00646135 0.00973098 -0.02924 -0.0221692 -0.049374 0.0228569 0.0612239 0.00473192 0.0436112 0.00379783 0.123515
internal_weight=89.6697 82.5441 33.12 25.5549 7.56506 49.4241 28.8885 20.5356 14.8791 14.6703 19.4154 6.22925 13.1861 14.0095 9.81742 3.50253
internal_count=441 412 206 136 70 206 127 79 59 54 110 52 58 68 43 43
is_linear=0
shrinkage=0.1


Tree=20
num_leaves=18
num_cat=0
split_feature=1 11 14 12 3 10 7 14 10 3 3 2 7 14 14 14 14
split_gain=1.3858 1.88435 1.87921 1.26383 2.76994 1.74972 1.22529 1.52419 1.21517 1.69464 0.690066 1.96839 0.62778 0.599291 0.284357 0.257537 0.143218
threshold=2.5000000000000004 1.0000000180025095e-35 62.900000000000006 1.0000000180025095e-35 1.0000000180025095e-35 56.500000000000007 0.90000000000000013 87.750000000000014 40.500000000000007 0.40000000000000008 2.5000000000000004 1.0000000180025095e-35 1.0000000180025095e-35 65.40000000000002 104.30000000000003 65.40000000000002 93.350000000000009
decision_type=2 2 2 2 2 2 2 2 2 2 2 2 2 2 2 2 2
left_child=1 2 -1 5 15 6 8 -8 10 -10 11 -3 13 -6 -7 -5 -15
right_child=-2 3 -4 4 12 14 7 -9 9 -11 -12 -13 -14 16 -16 -17 -18
leaf_value=0.021236171806975835 -0.055873524772975483 0.067784471736521551 -0.06208489964387387 0.06365243021343947 -0.032145492027033068 -0.020018824195467695 -0.04118294748614456 0.032898445280479277 0.096042194213708729 0.01820331878194853 -0.032332781870611692 -0.027835393928894371 0.035053128981776385 0.028577886228584332 -0.051330642816985607 0.10491738593132793 -0.00044740454362847182
leaf_weight=4.107949420809744 4.2028633505105963 4.1034023165702802 7.93639200553298 2.7786000594496754 4.8957657068967837 6.6640840917825681 7.9697006046771985 4.2627714611589909 4.3313745222985744 7.8951929584145546 4.0696925967931756 4.5290218852460384 5.680676292628049 3.3241777047514915 5.1352949738502502 3.3190498948097229 3.4792950451374054
leaf_count=17 16 24 37 15 21 27 28 29 26 38 21 25 33 17 18 26 23
internal_value=0.000171228 0.00295936 -0.0336667 0.0090492 0.0281239 -9.74976e-05 0.0105549 -0.0153671 0.0232747 0.0457785 0.00161354 0.0176173 0.00777852 -0.00546493 -0.0336463 0.0861136 0.0137344
internal_weight=88.6853 84.4824 12.0443 72.4381 23.4776 48.9605 37.1612 12.2325 24.9287 12.2266 12.7021 8.63242 17.3799 11.6992 11.7994 6.09765 6.80347
internal_count=441 425 54 371 135 236 191 57 134 64 70 49 94 61 45 41 40
is_linear=0
shrinkage=0.1


Tree=21
num_leaves=17
num_cat=0
split_feature=1 11 12 3 10 14 3 1 10 10 10 14 10 3 14 14
split_gain=1.14396 1.53729 1.0327 2.32169 1.4346 1.44916 2.88927 2.34575 2.23846 1.93253 1.10539 0.927507 0.550753 2.37863 0.240712 0.237636
threshold=2.5000000000000004 1.0000000180025095e-35 1.0000000180025095e-35 1.0000000180025095e-35 56.500000000000007 15.900000000000002 0.40000000000000008 1.5000000000000002 37.500000000000007 40.500000000000007 40.500000000000007 64.500000000000014 47.500000000000007 2.5000000000000004 65.40000000000002 104.30000000000003
decision_type=2 2 2 2 2 2 2 2 2 2 2 2 2 2 2 2
left_child=1 11 4 14 5 -3 10 8 -8 -10 -7 -1 13 -5 -4 -6
right_child=-2 2 3 12 15 6 7 -9 9 -11 -12 -13 -14 -15 -16 -17
leaf_value=0.0053094628757538809 -0.05122136547372208 -0.041950266635756739 0.057681301971157721 -0.018997816089239058 -0.018190817413571581 0.031343598897194597 0.087972044926101778 -0.040299595150771778 -0.054491426959375477 0.035596625202515268 0.10130319779445407 -0.052105360931431199 -0.016628935029991406 0.074906799342048497 0.09796773999705935 -0.047005208834567554
leaf_weight=4.5142765343189222 4.1300759315490714 4.7598969340324393 2.7605751976370838 6.4241162389516848 6.6037047207355482 4.6812751926481706 3.9714589230716237 9.3305573686957359 4.0045353434979898 5.8739628195762634 4.3638596646487713 7.468740064650774 6.2858346402645102 4.649905901402235 3.2050888985395432 5.0515968650579453
leaf_count=18 16 17 15 32 27 30 29 38 18 32 27 36 26 36 26 18
internal_value=0.000159065 0.00268684 0.00820872 0.0255071 -8.66774e-05 0.00955406 0.0171615 -0.00154267 0.0245674 -0.000923176 0.0650959 -0.0304759 0.00701265 0.0204321 0.0793254 -0.0306794
internal_weight=88.0795 83.9494 71.9664 23.3255 48.6408 36.9855 32.2256 23.1805 13.85 9.8785 9.04513 11.983 17.3599 11.074 5.96566 11.6553
internal_count=441 425 371 135 236 191 174 117 79 50 57 54 94 68 41 45
is_linear=0
shrinkage=0.1


Tree=22
num_leaves=18
num_cat=0
split_feature=14 14 10 14 11 14 3 14 10 10 3 14 7 3 14 10 14
split_gain=1.2189 1.40989 1.89978 2.26358 1.71699 2.47918 2.54282 1.62102 1.27149 1.16825 1.73299 1.42631 3.34184 1.9843 0.504691 0.380232 0.00636823
threshold=15.100000000000001 82.250000000000014 37.500000000000007 98.250000000000014 1.0000000180025095e-35 132.25000000000003 1.1000000000000003 77.700000000000003 47.500000000000007 40.500000000000007 2.5000000000000004 32.650000000000006 0.28750000000000003 1.7500000000000002 104.90000000000002 36.000000000000007 117.10000000000001
decision_type=2 2 2 2 2 2 2 2 2 2 2 2 2 2 2 2 2
left_child=-1 7 3 -3 -4 6 -6 9 -8 10 15 -11 13 -13 -10 -2 -5
right_child=1 2 4 16 5 -7 8 -9 14 11 -12 12 -14 -15 -16 -17 -18
leaf_value=0.045180134204316554 -0.059964860095177597 0.011005787217199879 -0.060524777684783419 0.11602153054840013 0.080013906224559089 -0.054636458695633563 0.046869062187395477 -0.066226188287444684 -0.03300067220619101 -0.034989100372689548 0.023602341341214743 0.037759587714821991 0.098449133221380727 -0.051758478582780543 0.011334974638857825 -0.025948169188202232 0.12500863561511347
leaf_weight=5.6259223371744147 7.4591496735811251 4.7244396433234206 4.0939838960766819 1.6281467452645304 5.8588499464094683 4.9507274478673926 4.5722296051681051 5.4563536345958701 6.6936787292361242 5.3516137599945095 5.0915607139468184 4.9997878521680814 4.3647429570555678 4.9058874472975731 4.1652598530054092 5.8733606860041618 1.5288132205605505
leaf_count=27 27 30 17 26 38 21 36 20 27 21 23 25 23 19 19 25 17
internal_value=0.000157666 -0.00294191 0.0110722 0.054814 -0.000292565 0.00910464 0.0239268 -0.015253 0.0026319 -0.00794277 -0.0260267 0.00903707 0.0255475 -0.00657515 -0.0159945 -0.0449795 0.120374
internal_weight=87.3445 81.7186 38.2161 7.8814 30.3347 26.2407 21.29 43.5025 15.4312 38.0461 18.4241 19.622 14.2704 9.90568 10.8589 13.3325 3.15696
internal_count=441 414 231 73 158 141 120 183 82 163 75 88 67 44 46 52 43
is_linear=0
shrinkage=0.1


Tree=23
num_leaves=19
num_cat=0
split_feature=14 14 10 14 11 14 7 2 14 14 14 7 0 14 0 14 14 14
split_gain=0.983723 1.15562 1.61301 2.10855 1.40799 2.38678 2.38969 2.06231 1.35422 1.4681 2.343 2.00653 3.27453 1.51161 0.449801 0.393965 0.260009 0.0044836
threshold=15.100000000000001 82.250000000000014 37.500000000000007 98.250000000000014 1.0000000180025095e-35 104.30000000000003 0.90000000000000013 1.0000000180025095e-35 72.250000000000014 45.150000000000013 55.650000000000006 0.90000000000000013 1.0000000180025095e-35 63.500000000000007 1.5000000000000002 129.65000000000001 77.700000000000003 117.10000000000001
decision_type=2 2 2 2 2 2 2 2 2 2 2 2 2 2 2 2 2 2
left_child=-1 8 3 -3 -4 6 14 15 9 11 -11 12 -2 -12 -6 -7 -10 -5
right_child=1 2 4 17 5 7 -8 -9 16 10 13 -13 -14 -15 -16 -17 -18 -19
leaf_value=0.04051425340729737 0.046605673380363005 0.0099336847162230547 -0.055139797993591845 0.11443297065300545 0.10146801602486644 0.032649765441413285 -0.014917119015234976 -0.062373021417446523 -0.028901834519122802 0.079504345362975626 -0.043106020596891739 -0.074915680809647875 -0.061384161079060501 0.028626415366989334 0.051044952888453225 -0.011606398243200873 -0.060626699267482986 0.12229311345990518
leaf_weight=5.6453366950154296 6.3887112513184565 4.7116078026592723 4.0469768345356014 1.4926107600331309 3.8161954618990439 4.7537347525358182 4.5158441066741943 6.2144993096590033 4.9792318269610387 4.4360574856400516 5.6446375697851163 5.387629121541976 5.0097429975867271 6.1258944049477577 3.2980957850813866 3.4868463128805161 5.368988573551178 1.412458326667547
leaf_count=27 31 30 17 26 27 27 22 28 21 24 21 18 20 28 20 17 20 17
internal_value=0.000151846 -0.00265812 0.0101334 0.0512483 -0.000259471 0.00825491 0.041978 -0.0188777 -0.0137992 -0.00389954 0.0175688 -0.0246267 -0.000857018 -0.00577336 0.0780925 0.0139236 -0.0453617 0.118255
internal_weight=86.7351 81.0898 37.7489 7.61668 30.1322 26.0852 11.6301 14.4551 43.3409 32.9927 16.2066 16.7861 11.3985 11.7705 7.11429 8.24058 10.3482 2.90507
internal_count=441 414 231 73 158 141 69 72 183 142 73 69 51 49 47 44 41 43
is_linear=0
shrinkage=0.1


Tree=24
num_leaves=17
num_cat=0
split_feature=1 11 14 14 10 0 14 3 14 12 14 14 14 14 3 14
split_gain=1.03698 1.73645 2.54711 2.36852 1.82776 1.88526 1.92798 1.767 1.46212 2.55442 2.30884 1.22848 1.02075 0.876039 0.774873 0.0525643
threshold=1.5000000000000002 1.0000000180025095e-35 113.90000000000002 95.250000000000014 34.000000000000007 1.0000000180025095e-35 45.150000000000013 2.5000000000000004 113.90000000000002 1.0000000180025095e-35 72.250000000000014 70.050000000000011 55.650000000000006 77.700000000000003 1.1000000000000003 94.15000000000002
decision_type=2 2 2 2 2 2 2 2 2 2 2 2 2 2 2 2
left_child=1 -1 3 4 -3 12 -7 -5 9 10 14 -11 -6 -8 -2 -12
right_child=8 2 -4 7 5 6 13 -9 -10 11 15 -13 -14 -15 -16 -17
leaf_value=-0.040118069860729709 -0.035499951332562944 -0.03350399969482136 -0.038857523629397865 0.16408674636640844 0.088660211375761008 -0.042561618198082692 0.066141000134479766 0.037861591119543195 0.0351506706496914 -0.012313340487160609 -0.068211133302680277 0.060969620385875216 0.032025190290252137 0.0019153955027993636 0.01935494466777327 -0.082584757898328698
leaf_weight=6.2430133558809748 5.0537100583314913 5.8296328112483016 7.0735357888042918 2.0204974338412276 5.4348553121089935 5.6266188323497781 4.1023700982332212 2.4584604203701019 5.3415910378098479 4.8481947779655474 5.9893754348158819 4.3309995234012604 7.6785254366695881 4.4033480100333691 5.2505857050418854 4.4231752827763557
leaf_count=31 18 26 41 22 31 22 21 24 30 21 24 28 39 23 23 17
internal_value=0.000145733 0.00927912 0.0161893 0.0265577 0.0173161 0.0281898 0.00285098 0.0948029 -0.0130397 -0.02165 -0.0411072 0.0222636 0.0554976 0.0328919 -0.00754847 -0.0743169
internal_weight=86.1085 50.8709 44.6278 37.5543 33.0754 27.2457 14.1323 4.47896 35.2376 29.896 20.7168 9.17919 13.1134 8.50572 10.3043 10.4126
internal_count=441 280 249 208 162 136 66 46 161 131 82 49 70 44 41 41
is_linear=0
shrinkage=0.1


Tree=25
num_leaves=15
num_cat=0
split_feature=10 10 7 14 14 3 14 14 10 14 14 0 14 3
split_gain=0.994965 2.9422 3.10197 1.93573 2.59971 2.30874 1.49983 1.49359 1.23146 0.887494 1.51499 1.74583 1.74511 0.279115
threshold=47.500000000000007 40.500000000000007 1.5500000000000003 81.850000000000009 94.850000000000009 2.5000000000000004 28.350000000000005 75.950000000000017 37.500000000000007 32.650000000000006 61.550000000000004 1.5000000000000002 88.000000000000014 1.1000000000000003
decision_type=2 2 2 2 2 2 2 2 2 2 2 2 2 2
left_child=1 2 3 6 -5 -6 -1 -3 -8 -2 -11 12 -12 -14
right_child=9 7 -4 4 5 -7 8 -9 -10 10 11 -13 13 -15
leaf_value=0.038981336604752385 -0.043713303646378432 0.11892415989366985 -0.060125216327228781 0.12182363304659248 0.071603499331609644 -0.053188769621379618 0.0087545324448308117 0.02940273929012114 -0.047520144175331985 0.039040173391746327 -0.071017829249412953 0.032751265712955169 0.010407576272985143 -0.019171483396769676
leaf_weight=5.9371083229780259 7.0012190192937842 3.1972214952111235 7.2280111946165553 3.3172909989953023 3.0678298100829124 2.8689047805964947 7.5856237784028036 4.4684064276516438 7.9787232503294945 6.4300454035401335 6.6407125145196977 5.9325280934572211 4.9214936792850486 9.0684926658868772
leaf_count=28 26 21 36 28 36 23 33 33 32 31 25 28 22 39
internal_value=0.000139585 0.0102284 -0.00117663 0.0126772 0.0509182 0.0112981 -0.00378138 0.0667408 -0.0200935 -0.0113756 -0.00451355 -0.0150564 -0.0288039 -0.00876596
internal_weight=85.6436 45.6491 37.9835 30.7555 9.25403 5.93673 21.5015 7.66563 15.5643 39.9945 32.9933 26.5632 20.6307 13.99
internal_count=441 270 216 180 87 59 93 54 65 171 145 114 86 61
is_linear=0
shrinkage=0.1


Tree=26
num_leaves=18
num_cat=0
split_feature=1 14 14 14 0 14 10 11 14 14 3 14 10 14 1 10 14
split_gain=0.859281 2.35587 1.2435 1.47369 3.41111 2.10126 4.90647 2.34019 1.79102 2.93912 1.78427 3.53804 1.45196 0.832809 4.96109 0.023641 0.00389549
threshold=2.5000000000000004 15.100000000000001 32.650000000000006 60.70000000000001 1.5000000000000002 65.40000000000002 37.500000000000007 1.0000000180025095e-35 83.950000000000017 98.250000000000014 0.40000000000000008 106.65000000000002 40.500000000000007 106.65000000000002 1.0000000180025095e-35 40.500000000000007 117.10000000000001
decision_type=2 2 2 2 2 2 2 2 2 2 2 2 2 2 2 2 2
left_child=1 -1 15 4 -4 -5 8 -8 -7 -10 11 -9 -12 14 -14 -3 -11
right_child=-2 2 3 5 -6 6 7 10 9 16 12 -13 13 -15 -16 -17 -18
leaf_value=0.070587301056595733 -0.045588726826534934 -0.037617177731547574 0.08265961701958835 -0.067336526598296823 -0.028224651834826919 0.1230277501888991 -0.077227160338504408 0.090803537789938826 -0.019865051929608583 0.11252748632717398 -0.056468118877367329 -0.032633479187371757 0.040418147570942718 0.029338838545595131 -0.087221088477118014 -0.028288057344637681 0.12022731285259153
leaf_weight=4.761895738542079 3.9203581213951102 5.7267655283212644 6.5929264351725561 4.7194185629487029 4.7899164259433746 3.4618356823921186 5.021282546222209 4.9737882390618307 3.9871003665030003 1.3244378697127106 7.0643568746745613 4.3554142378270626 6.7231172733008879 5.5286869667470446 5.5663698688149452 5.1673276349902153 1.3039361946284769
leaf_count=25 16 22 37 16 20 19 20 33 26 26 33 23 38 30 19 21 17
internal_value=0.000135855 0.00234703 -0.00191148 0.00329813 0.0359994 -0.00359127 0.00250969 -0.0134771 0.0647497 0.0342531 -0.0041205 0.033176 -0.018104 -0.00289388 -0.0173945 -0.0331922 0.116347
internal_weight=84.9889 81.0686 76.3067 65.4126 11.3828 54.0297 49.3103 39.233 10.0773 6.61547 34.2117 9.3292 24.8825 17.8182 12.2895 10.8941 2.62837
internal_count=441 425 400 357 57 300 284 196 88 69 176 56 120 87 57 43 43
is_linear=0
shrinkage=0.1


Tree=27
num_leaves=17
num_cat=0
split_feature=10 10 7 14 14 3 3 14 14 3 14 7 1 2 14 3
split_gain=0.790149 2.44752 2.3334 1.62692 2.38694 1.94486 1.53152 2.23148 1.22071 0.845635 0.724855 1.4022 2.82044 1.36553 0.674184 1.41092
threshold=47.500000000000007 40.500000000000007 1.5500000000000003 81.850000000000009 94.850000000000009 2.5000000000000004 1.7500000000000002 63.500000000000007 75.950000000000017 1.0000000180025095e-35 32.650000000000006 1.0000000180025095e-35 1.0000000180025095e-35 1.5000000000000002 107.15000000000002 2.5000000000000004
decision_type=2 2 2 2 2 2 2 2 2 2 2 2 2 2 2 2
left_child=1 2 3 6 -5 -6 9 -8 -3 -1 -2 13 -13 14 15 -12
right_child=10 8 -4 4 5 -7 7 -9 -10 -11 11 12 -14 -15 -16 -17
leaf_value=-0.0041534383376901083 -0.039625796227974949 0.1098323739063243 -0.052431212552506407 0.11618767431850659 0.066369633231870534 -0.050284827767444175 0.079248226614569497 -0.023957446744085301 0.027632529485160807 -0.056085300931159765 0.013899823322380923 0.087915442890339993 -0.028252195608434463 -0.055800346959115316 0.027452142666368359 -0.054673796854939831
leaf_weight=7.5807406157255226 6.9071705117821685 3.0734941214323035 7.1896629072725764 3.1876967996358854 2.865632701665163 2.8511021211743355 4.3231452107429487 4.0648602098226547 4.3829955495893955 5.3473307564854622 7.1588654741644913 4.2905060425400716 4.0750567689538002 6.3948331400752059 5.4295636117458335 5.1654434353113174
leaf_count=33 26 21 36 28 36 23 25 16 33 19 34 25 17 25 24 20
internal_value=0.000123645 0.00919925 -0.00122808 0.0109535 0.0468525 0.00819066 -0.00404272 0.0292344 0.0615145 -0.0256336 -0.0102056 -0.00395567 0.0313275 -0.0161784 -0.00190687 -0.0148412
internal_weight=84.2881 44.8667 37.4102 30.2205 8.90443 5.71673 21.3161 8.38801 7.45649 12.9281 39.4214 32.5143 8.36556 24.1487 17.7539 12.3243
internal_count=441 270 216 180 87 59 93 41 54 52 171 145 42 103 78 54
is_linear=0
shrinkage=0.1


Tree=28
num_leaves=18
num_cat=0
split_feature=1 14 14 10 11 3 14 7 7 14 1 3 14 14 2 14 10
split_gain=0.735102 2.03013 1.29455 1.07617 1.40056 1.86531 2.0873 5.71829 1.94051 1.55744 1.17961 0.987613 0.739504 2.18388 1.86996 0.705161 0.431944
threshold=2.5000000000000004 14.65 17.700000000000006 31.500000000000004 1.0000000180025095e-35 1.0000000180025095e-35 106.65000000000002 0.90000000000000013 1.0000000180025095e-35 61.550000000000004 1.0000000180025095e-35 1.1000000000000003 91.100000000000009 78.800000000000011 1.0000000180025095e-35 83.300000000000011 40.500000000000007
decision_type=2 2 2 2 2 2 2 2 2 2 2 2 2 2 2 2 2
left_child=1 -1 -3 -4 11 6 7 9 12 -6 15 -5 13 16 -14 -10 -7
right_child=-2 2 3 4 5 8 -8 -9 10 -11 -12 -13 14 -15 -16 -17 -18
leaf_value=0.07072587111709934 -0.042650505175671781 -0.061104535740991062 0.05072449503372805 -0.064372055170233131 0.16412157719474846 -0.048726431418492734 -0.023673032996694741 -0.059182202290426401 0.081366504696901321 0.070568352423189581 -0.0082823710386865333 -0.0033811297195156169 -0.007096372967998265 0.050794693891762679 -0.090707750428152198 0.019889257373159358 -0.010971134103066311
leaf_weight=4.0991330146789542 3.8327045291662207 3.4797886908054343 4.1587211098521939 5.5147516839206201 2.5658428147435206 6.3610836714506203 4.5841507595032445 3.1303225569427005 3.7605085596442205 5.8063473999500275 6.150604248046875 5.1197233386337757 6.3864838667213899 4.5025237314403048 4.6025499813258648 3.7030337192118168 5.7868607491254807
leaf_count=22 16 13 32 22 18 25 29 12 20 39 28 26 36 25 23 29 26
internal_value=0.000127808 0.00218466 -0.00153108 0.0013428 -0.00167839 0.00450325 0.0333863 0.0561264 -0.00675956 0.0992398 0.0241432 -0.0350094 -0.021981 -0.00869267 -0.0421154 0.0508646 -0.0307411
internal_weight=83.5451 79.7124 75.6133 72.1335 67.9748 57.3403 16.0867 11.5025 41.2536 8.37219 13.6141 10.6345 27.6395 16.6505 10.989 7.46354 12.1479
internal_count=441 425 403 390 358 310 98 69 212 57 77 48 135 76 59 49 51
is_linear=0
shrinkage=0.1


Tree=29
num_leaves=19
num_cat=0
split_feature=14 14 7 14 10 14 12 14 14 1 7 14 10 14 3 0 3 1
split_gain=0.73638 2.25053 1.73729 3.6722 2.03069 3.40133 1.21183 2.17382 2.58652 1.57379 1.19777 3.36274 1.09372 1.08956 0.737667 1.19642 0.248873 0.00137937
threshold=88.000000000000014 93.350000000000009 1.1000000000000003 98.050000000000011 47.500000000000007 168.85000000000005 1.0000000180025095e-35 72.250000000000014 15.900000000000002 1.0000000180025095e-35 0.90000000000000013 55.650000000000006 40.500000000000007 111.55000000000003 1.1000000000000003 1.0000000180025095e-35 2.5000000000000004 1.5000000000000002
decision_type=2 2 2 2 2 2 2 2 2 2 2 2 2 2 2 2 2 2
left_child=6 -2 3 -3 5 17 7 8 -1 -9 11 12 -10 -4 -8 -16 -6 -5
right_child=1 2 13 4 16 -7 14 9 10 -11 -12 -13 -14 -15 15 -17 -18 -19
leaf_value=-0.059415487202140099 0.080779990006429214 -0.11275587232224533 0.09288087334584598 0.11308666591546435 -0.004267121127278688 -0.060859387193120396 -0.0081569657298800561 -0.020012249917991394 0.040548270333315678 -0.097186567555064607 -0.022169144241376972 -0.027705117016917302 0.11502456624800889 0.0062159349463191647 0.063966747460131132 -0.008065678010088553 -0.033270334010142844 0.11716172854239688
leaf_weight=5.8738714009523418 4.1685492787510183 3.0766904912889066 2.9266860950738183 2.0937506984919336 7.1061976701021177 1.6179879978299139 7.7005759552121189 5.7666663452982885 4.3658899962902087 4.8772822618484497 5.6449855789542189 5.4607738256454468 3.5958909168839455 2.8763954229652882 5.458492808043955 3.9923185482621193 5.0690352842211723 1.3768784366548064
leaf_count=21 34 15 22 39 30 7 38 23 21 19 23 21 22 18 30 19 21 18
internal_value=0.000122006 0.0125423 0.00166194 -0.012107 0.00583019 0.058881 -0.00701697 -0.0175409 -0.00139486 -0.0553752 0.0164787 0.0327325 0.074185 0.0499239 0.0148179 0.033538 -0.0163423 0.114703
internal_weight=83.0489 30.3122 26.1436 20.3405 17.2639 5.08862 52.7367 35.5854 24.9414 10.6439 19.0675 13.4226 7.96178 5.80308 17.1514 9.45081 12.1752 3.47063
internal_count=441 204 170 130 115 64 237 150 108 42 87 64 43 40 87 49 51 57
is_linear=0
shrinkage=0.1


Tree=30
num_leaves=19
num_cat=0
split_feature=14 14 10 0 3 14 14 14 14 2 14 3 10 3 14 7 14 14
split_gain=0.672549 1.76588 1.37844 1.7745 1.06796 1.72693 1.48668 2.20512 3.7975 0.982463 1.18658 1.14207 0.560189 0.434424 0.900585 0.136576 0.126078 0.110328
threshold=84.300000000000026 80.550000000000011 47.500000000000007 1.0000000180025095e-35 1.1000000000000003 45.150000000000013 61.550000000000004 19.850000000000005 32.650000000000006 1.5000000000000002 94.15000000000002 1.7500000000000002 47.500000000000007 1.1000000000000003 106.65000000000002 1.0000000180025095e-35 64.500000000000014 69.850000000000009
decision_type=2 2 2 2 2 2 2 2 2 2 2 2 2 2 2 2 2 2
left_child=1 4 3 9 5 12 7 -6 -9 10 -2 -11 -1 -4 -15 -12 -7 -8
right_child=2 -3 13 -5 6 16 17 8 -10 11 15 -13 -14 14 -16 -17 -18 -19
leaf_value=-0.022307828758191314 0.055387891027777504 -0.059115423697553661 0.014662309373527291 0.11516067824562484 0.098651135950250157 0.0057820167838535212 -0.028578531819865735 -0.066173247220646617 0.05582005673783285 0.0085264822410253144 -0.037294107319507795 0.13599631556802089 -0.06706835496680684 -0.041676849037348314 0.012945067104620935 -0.0073837889249836535 0.03107415309446613 -0.0071477626544962985
leaf_weight=5.9784826077520865 2.9330540075898153 5.7919388636946669 6.2974766716361055 2.2988563477993003 3.8399042338132885 4.1589065268635741 4.433300778269766 4.0564975365996343 6.8784879818558693 1.4393229391425841 2.9839944019913673 1.3737025242298839 5.2526051923632622 6.8636456727981567 5.3880603834986687 3.1258031576871872 3.7463047578930855 5.2433294504880905
leaf_count=25 18 22 29 38 22 20 17 15 38 21 24 19 19 28 26 16 20 24
internal_value=0.000128237 -0.00723822 0.0112509 0.0347529 -0.000344795 -0.0180385 0.0135027 0.0334579 0.0105648 0.0191619 0.00310632 0.0707746 -0.0432416 -0.00668335 -0.0176552 -0.0219918 0.017768 -0.0169662
internal_weight=82.0837 49.3798 32.7039 14.1547 43.5878 19.1363 24.4515 14.7749 10.935 11.8559 9.04285 2.81303 11.2311 18.5492 12.2517 6.1098 7.90521 9.67663
internal_count=441 222 219 136 200 84 116 75 53 98 58 40 44 83 54 40 40 41
is_linear=0
shrinkage=0.1


Tree=31
num_leaves=18
num_cat=0
split_feature=1 14 14 14 14 10 11 14 14 7 0 3 14 10 14 1 14
split_gain=0.604084 1.79842 0.890177 2.50295 1.75767 3.64174 1.8122 1.60772 2.57695 1.41869 1.78579 1.08339 2.80358 1.12512 0.563551 3.92677 0.00217754
threshold=2.5000000000000004 15.100000000000001 45.150000000000013 60.70000000000001 65.40000000000002 37.500000000000007 1.0000000180025095e-35 83.950000000000017 98.250000000000014 0.90000000000000013 1.0000000180025095e-35 0.40000000000000008 106.65000000000002 40.500000000000007 106.65000000000002 1.0000000180025095e-35 117.95000000000002
decision_type=2 2 2 2 2 2 2 2 2 2 2 2 2 2 2 2 2
left_child=1 -1 9 -4 -5 7 -7 -6 -9 10 -3 12 -8 -13 15 -15 -10
right_child=-2 2 3 4 5 6 11 8 16 -11 -12 13 -14 14 -16 -17 -18
leaf_value=0.062893440908452711 -0.039493682482663856 0.034502463718849401 0.067022124860293505 -0.062196887562119864 0.11296292801516966 -0.068757686886785893 0.078963530359441259 -0.022574217180762218 0.1106855415137019 -0.066874519052019687 -0.047469961196265571 -0.048299733608410195 -0.032311044828210553 0.039109382709557605 0.02670034470438 -0.077200323955378278 0.11700851852837267
leaf_weight=4.5660676397383204 3.673361435532569 5.906617518514393 5.6754368916153899 4.5632795318961135 3.4335712864994985 4.7608343437314025 4.8141740113496763 3.8049578815698624 1.1573551353067162 4.9983544051647177 4.8315590918064117 6.8117950893938568 4.2747727688401937 6.5451286770403403 5.3398002237081519 5.2159224003553391 1.0288265496492384
leaf_count=25 16 30 32 16 19 20 33 26 27 18 20 33 23 38 30 19 16
internal_value=0.000133183 0.00200591 -0.00179409 0.00398016 -0.00293362 0.00279749 -0.0110811 0.0584056 0.0271384 -0.0228655 -0.00238039 -0.00276067 0.0266281 -0.0139311 -0.00024095 -0.0124729 0.113661
internal_weight=81.4018 77.7285 73.1624 57.4259 51.7504 47.1871 37.7624 9.42471 5.99114 15.7365 10.7382 33.0016 9.08895 23.9126 17.1009 11.7611 2.18618
internal_count=441 425 400 332 300 284 196 88 69 68 50 176 56 120 87 57 43
is_linear=0
shrinkage=0.1


Tree=32
num_leaves=19
num_cat=0
split_feature=14 14 10 0 3 14 14 14 14 14 14 14 14 10 3 14 14 14
split_gain=0.627646 1.50754 1.16063 1.59448 0.989754 1.28161 1.08646 1.75883 1.83913 0.884942 1.85541 1.05794 1.19668 0.469988 0.370749 0.670924 0.0893761 0.0540418
threshold=84.300000000000026 80.550000000000011 47.500000000000007 1.0000000180025095e-35 1.1000000000000003 45.150000000000013 61.550000000000004 19.850000000000005 34.500000000000007 94.15000000000002 98.050000000000011 129.65000000000001 116.70000000000002 47.500000000000007 1.1000000000000003 106.65000000000002 69.850000000000009 64.500000000000014
decision_type=2 2 2 2 2 2 2 2 2 2 2 2 2 2 2 2 2 2
left_child=1 4 3 9 5 13 7 -6 -9 -2 -11 12 -12 -1 -4 -16 -8 -7
right_child=2 -3 14 -5 6 17 16 8 -10 10 11 -13 -14 -15 15 -17 -18 -19
leaf_value=-0.020478924210171303 0.061793463092664272 -0.055540167316286221 0.014373454158275914 0.11361048308038818 0.089052279788991884 0.0053195252931296788 -0.02410802529495195 -0.041713620032746583 0.042790325494422597 -0.082317191537709264 0.11657173581420453 -0.015610449198280177 -0.0063205338876573831 -0.061733137994520584 -0.036672727874332144 0.010627734359350195 -0.0046124433080467547 0.021948804966228409
leaf_weight=5.9610250219702738 3.3647745158523312 5.6634388342499724 6.2349785044789323 2.0813176240772 3.7451801374554661 4.11065450310707 4.3250562623143178 4.2485364377498609 6.5401090234518051 2.0209488794207555 1.9606356807053091 2.9437852576375008 1.3297864757478235 5.1450486332178116 6.7394242435693741 5.4027798473834991 5.153420515358448 3.7253397963941097
leaf_count=25 26 22 29 38 22 20 17 17 36 9 35 15 13 19 28 26 24 20
internal_value=0.000118987 -0.00704475 0.0109763 0.0330056 -0.000650735 -0.0177416 0.0128313 0.0300092 0.00951292 0.0185679 0.000949358 0.027942 0.0669062 -0.0395905 -0.00544782 -0.015626 -0.0135083 0.0132253
internal_weight=80.6962 48.6178 32.0784 13.7012 42.9544 18.9421 24.0123 14.5338 10.7886 11.6199 8.25516 6.23421 3.29042 11.1061 18.3772 12.1422 9.47848 7.83599
internal_count=441 222 219 136 200 84 116 75 53 98 72 63 48 44 83 54 41 40
is_linear=0
shrinkage=0.1


Tree=33
num_leaves=19
num_cat=0
split_feature=1 14 14 14 14 10 11 7 0 14 10 14 7 14 3 14 14 14
split_gain=0.553415 1.43539 0.615772 1.85999 1.60066 2.76267 1.44645 1.20961 1.41203 1.10811 1.75174 1.65293 1.03414 1.91792 1.04278 1.75922 2.24726 1.16311
threshold=2.5000000000000004 15.100000000000001 45.150000000000013 60.70000000000001 64.500000000000014 37.500000000000007 1.0000000180025095e-35 0.90000000000000013 1.0000000180025095e-35 77.050000000000011 34.000000000000007 89.15000000000002 1.1000000000000003 132.25000000000003 2.5000000000000004 88.000000000000014 106.65000000000002 91.100000000000009
decision_type=2 2 2 2 2 2 2 2 2 2 2 2 2 2 2 2 2 2
left_child=1 -1 7 -4 -5 9 -7 8 -3 -6 11 -11 13 14 15 -8 -17 -16
right_child=-2 2 3 4 5 6 12 -9 -10 10 -12 -13 -14 -15 17 16 -18 -19
leaf_value=0.056804034522093309 -0.03818489310082078 0.032665405030527006 0.057998977595914374 -0.068036609060894968 0.12487081641659459 -0.059308063034697447 -0.017610600968546216 -0.060502123631368969 -0.040467011662931957 -0.05555907785420388 0.098764308192173966 0.058017317474622881 0.035117849787635616 -0.072400143061185071 0.011902545798930624 0.12873817283242403 -0.0003810157233426448 -0.051301865879085543
leaf_weight=4.4878099784255019 3.6000039130449286 5.8588078804314119 5.6114948689937583 3.4889849424362174 1.6455619782209376 5.1407997608184806 5.2436398640275037 4.8553414195775977 4.8056563511490822 2.6168597638607025 2.7685507293790579 2.5108684860169888 6.0388837903738013 4.2376714013516894 5.8268079049885273 2.6776109263300896 2.7144185323268175 5.8194478377699852
leaf_count=25 16 30 32 12 10 22 25 18 20 10 32 38 35 16 30 25 17 28
internal_value=0.000130153 0.00193678 -0.00148973 0.00336864 -0.00267428 0.00215304 -0.0100131 -0.0191271 -0.000289768 0.0502209 0.0346641 5.52952e-05 -0.00222975 -0.0107343 0.000993548 0.0236311 0.0637379 -0.0196797
internal_weight=79.9492 76.3492 71.8614 56.3416 50.7301 47.2411 37.6993 15.5198 10.6645 9.54184 7.89628 5.12773 32.5585 26.5196 22.2819 10.6357 5.39203 11.6463
internal_count=441 425 400 332 300 288 198 68 50 90 80 48 176 141 125 67 42 58
is_linear=0
shrinkage=0.1


Tree=34
num_leaves=18
num_cat=0
split_feature=14 14 10 7 11 3 14 14 7 7 14 14 10 14 14 3 14
split_gain=0.546604 1.19489 1.23684 0.697312 2.07897 1.84291 0.812729 0.639813 1.83756 1.39258 2.859 1.41858 1.047 2.12114 0.91856 0.50576 0.152629
threshold=82.250000000000014 72.250000000000014 36.000000000000007 0.90000000000000013 1.0000000180025095e-35 2.5000000000000004 36.900000000000013 93.350000000000009 0.90000000000000013 1.1000000000000003 98.050000000000011 104.30000000000003 47.500000000000007 164.15000000000001 111.55000000000003 1.7500000000000002 77.700000000000003
decision_type=2 2 2 2 2 2 2 2 2 2 2 2 2 2 2 2 2
left_child=1 2 15 4 -4 6 -6 8 -2 10 -9 -12 13 -13 -11 -1 -3
right_child=7 16 3 -5 5 -7 -8 9 -10 14 11 12 -14 -15 -16 -17 -18
leaf_value=-0.050581059467591061 0.06922945441356565 -0.02569575494024981 -0.037747380972768724 -0.014536208836498707 0.091463461564652349 -0.015823386175033562 0.035725511823731237 -0.10034447159431059 -0.021252429723337615 0.086510269069226112 0.067066591858227526 0.11292913076111773 -0.025757029435589246 -0.043697676935642027 0.0047582394241718739 -0.0057009820023118662 -0.051363766916527692
leaf_weight=5.1240336000919324 5.4690701849758607 4.4473628066480142 4.3839226961135909 6.8722293674945822 5.1393942944705469 4.1255653910338888 5.3281556479632854 3.0418459922075334 3.806792851537466 2.7516591120511285 3.0254476834088591 1.8143430147320025 9.6851500794291479 1.6518509089946745 2.745914900675416 4.9237508773803711 4.835312195122242
leaf_count=19 41 21 16 30 32 19 30 15 20 22 32 36 39 8 18 23 20
internal_value=0.000121576 -0.00708565 0.00118423 0.012757 0.0226408 0.0407821 0.0630919 0.00970088 0.0320959 0.00129615 -0.0113992 0.0053259 -0.00887746 0.038287 0.045677 -0.0285883 -0.0390661
internal_weight=79.1718 45.1797 35.8971 25.8493 18.977 14.5931 10.4675 33.9921 9.27586 24.7162 19.2186 16.1768 13.1513 3.46619 5.49757 10.0478 9.28268
internal_count=441 210 169 127 97 81 62 231 61 170 130 115 83 44 40 42 41
is_linear=0
shrinkage=0.1


Tree=35
num_leaves=17
num_cat=0
split_feature=1 14 11 11 14 10 14 3 3 2 14 3 14 14 14 10
split_gain=0.486853 1.72104 1.21142 0.974426 1.97453 1.79836 1.65625 1.31716 1.1731 1.16541 1.03184 0.745079 1.18684 0.736187 0.444699 0.318545
threshold=1.5000000000000002 113.90000000000002 1.0000000180025095e-35 1.0000000180025095e-35 113.90000000000002 56.500000000000007 95.250000000000014 1.1000000000000003 2.5000000000000004 1.5000000000000002 77.700000000000003 1.7500000000000002 59.850000000000001 69.850000000000009 61.550000000000004 40.500000000000007
decision_type=2 2 2 2 2 2 2 2 2 2 2 2 2 2 2 2
left_child=3 2 -2 -1 6 -6 7 15 -8 10 -9 12 -4 -13 -11 -5
right_child=1 -3 11 4 5 -7 8 9 -10 14 -12 13 -14 -15 -16 -17
leaf_value=-0.032916880012998438 0.025166686780569221 0.043900415276380535 -0.042638985806665808 -0.025050226481100796 0.0097935175358202439 -0.095897768299276764 0.14856738777681613 0.037741989372561485 0.034665156236837531 0.039104918482996888 -0.021537406604358642 -0.012825341991632065 0.026607811526869335 -0.064838590910306554 0.08945365442790848 0.0080714061490687865
leaf_weight=5.4975386783480635 4.9435561522841516 5.0898361578583708 5.1565050557255763 7.3014640007168072 3.5045851934701195 2.977824866771698 1.6180681223049753 6.5636759474873561 2.0495581422001123 3.767665520310401 5.31326674669981 4.2030908167362195 4.759796317666769 7.718134518712759 3.282663706690073 4.8208345528692007
leaf_count=31 24 30 21 34 31 10 22 34 24 21 27 20 28 38 19 27
internal_value=0.000124908 -0.00940357 -0.0195342 0.00662812 0.0119049 -0.0387579 0.0213646 0.0138579 0.0849161 0.030341 0.0112228 -0.0296535 -0.00940072 -0.0465002 0.0625475 -0.0118783
internal_weight=78.5681 31.8709 26.7811 46.6971 41.1996 6.48241 34.7172 31.0496 3.66763 18.9273 11.8769 21.8375 9.9163 11.9212 7.05033 12.1223
internal_count=441 161 131 280 249 41 208 162 46 101 61 107 49 58 40 61
is_linear=0
shrinkage=0.1


Tree=36
num_leaves=19
num_cat=0
split_feature=1 14 14 14 0 14 10 14 10 1 14 11 3 14 10 14 1 10
split_gain=0.479085 1.08868 0.484269 0.631904 2.03059 1.62286 2.59811 1.76795 1.45934 1.27844 1.23344 1.19555 0.674333 2.00894 0.978375 0.579723 2.84876 0.259457
threshold=2.5000000000000004 14.65 32.650000000000006 61.550000000000004 1.5000000000000002 65.40000000000002 37.500000000000007 77.050000000000011 34.000000000000007 1.0000000180025095e-35 89.15000000000002 1.0000000180025095e-35 0.40000000000000008 106.65000000000002 40.500000000000007 106.65000000000002 1.0000000180025095e-35 47.500000000000007
decision_type=2 2 2 2 2 2 2 2 2 2 2 2 2 2 2 2 2 2
left_child=1 -1 17 4 9 -5 7 -7 10 -4 -9 -8 13 -13 -14 16 -16 -3
right_child=-2 2 3 5 -6 6 11 8 -10 -11 -12 12 14 -15 15 -17 -18 -19
leaf_value=0.053388940733756177 -0.035806617030650849 -0.0070905520915522744 0.10375863268325494 -0.066077905408270354 -0.027917199282038743 0.16695153388265327 -0.057124170517181133 -0.045423168673823421 0.094718594977428405 0.01660428948666395 0.054606232459333118 0.067039713984932914 -0.043965600687891598 -0.029152657362922347 0.033036570868667035 0.029912943745178007 -0.067771370117600357 -0.038409080614059045
leaf_weight=3.880250208079814 3.5454821437597266 6.1775688678026182 3.2508185692131502 3.7026895284652701 4.5335763543844223 1.157077468931673 4.5165802687406531 2.5857255235314369 2.60852843336761 3.4899270683526993 2.3558323225006461 4.5924501623958367 6.5005380436778095 4.1179361771792173 6.464893080294134 5.0874375868588677 4.9494325891137123 4.6261287778615952
leaf_count=22 16 27 23 13 20 8 20 10 32 17 38 33 33 23 38 30 19 19
internal_value=0.000109209 0.00181622 -0.00101357 0.00250046 0.0238315 -0.00244397 0.00279936 0.0518473 0.0342072 0.0586357 0.00226473 -0.00898859 -0.00213303 0.0215637 -0.0111064 0.00183788 -0.0106754 -0.0205011
internal_weight=78.1429 74.5974 70.7171 59.9134 11.2743 48.6391 44.9364 8.70716 7.55009 6.74075 4.94156 36.2293 31.7127 8.71039 23.0023 16.5018 11.4143 10.8037
internal_count=441 425 403 357 60 297 284 88 80 40 48 196 176 56 120 87 57 46
is_linear=0
shrinkage=0.1


Tree=37
num_leaves=16
num_cat=0
split_feature=14 14 14 7 2 2 3 14 14 14 14 14 14 3 14
split_gain=0.512693 1.59528 1.0668 0.591816 1.80904 1.63476 1.59508 1.21402 1.70611 1.04073 1.83559 2.24275 1.78969 1.63598 0.768857
threshold=15.900000000000002 28.350000000000005 32.650000000000006 0.28750000000000003 1.5000000000000002 1.5000000000000002 2.5000000000000004 85.050000000000011 115.60000000000001 114.25000000000001 93.350000000000009 64.500000000000014 99.40000000000002 1.7500000000000002 86.15000000000002
decision_type=2 2 2 2 2 2 2 2 2 2 2 2 2 2 2
left_child=-1 -2 -3 4 9 6 -5 -6 -9 10 11 -4 -12 -13 -8
right_child=1 2 3 5 7 -7 14 8 -10 -11 12 13 -14 -15 -16
leaf_value=-0.026092937273888089 0.058269915599279201 -0.052168469086262582 -0.021739261547993195 -0.030001059798769093 -0.062071916612308688 0.078613361753907193 0.0028516723274818433 0.06650653800988289 -0.050067829092699537 0.049610637849361622 -0.08981754517636642 0.10424741916078434 0.0039237720807308715 0.019824141602248484 0.068932143245091865
leaf_weight=6.8116087615489951 4.8032017499208441 3.8980007469654074 7.8726861253380873 7.4442972354590911 7.5016613006591779 3.4788370616734019 3.4698560833930969 2.2402748335152864 2.8559293337166309 5.1233555981889358 3.7454183064401132 3.5401854012161476 4.4640700183808804 6.5279738306999207 3.5747286472469568
leaf_count=31 25 15 37 37 30 27 16 31 17 36 18 26 29 37 29
internal_value=0.000106198 0.00263607 -0.00142891 0.00176943 -0.00449117 0.0170559 0.00227566 -0.0364855 0.00117788 0.00839699 0.000322443 0.0182444 -0.0388439 0.0495092 0.0363838
internal_weight=77.3521 70.5405 65.7373 61.8393 43.8716 17.9677 14.4889 12.5979 5.0962 31.2737 26.1503 17.9408 8.20949 10.0682 7.04458
internal_count=441 410 385 370 261 109 82 78 48 183 147 100 47 63 45
is_linear=0
shrinkage=0.1


Tree=38
num_leaves=18
num_cat=0
split_feature=0 14 3 14 10 2 3 2 10 14 14 14 14 10 14 14 10
split_gain=0.43837 1.12889 0.692683 0.760288 0.561149 0.717774 0.800755 2.06479 3.23535 2.59147 1.34708 1.04364 0.840178 0.767229 0.765733 0.413834 0.0262264
threshold=1.5000000000000002 93.65000000000002 2.5000000000000004 45.150000000000013 69.500000000000014 2.5000000000000004 1.7500000000000002 1.5000000000000002 47.500000000000007 105.75000000000001 69.850000000000009 106.65000000000002 83.950000000000017 40.500000000000007 89.15000000000002 121.90000000000002 37.500000000000007
decision_type=2 2 2 2 2 2 2 2 2 2 2 2 2 2 2 2 2
left_child=4 2 3 -2 5 6 11 9 -9 10 -8 12 13 16 -12 -3 -1
right_child=1 15 -4 -5 -6 -7 7 8 -10 -11 14 -13 -14 -15 -16 -17 -18
leaf_value=-0.022104662795892981 -0.040120048367827767 0.093299453014860478 0.027783081990736088 0.013949777326668437 -0.037534855419832987 -0.044123759605435582 0.027010948449211643 0.15252497237338175 -0.0062133034008758558 0.071685760332791754 -0.070436972306049034 -0.048933181738127919 0.042089857539741718 0.017676418575271302 -0.014430094290890661 0.027643978328040466 -0.032529268211433267
leaf_weight=4.660245276987558 5.4678534269332939 1.9804276600480073 6.2100271657109252 4.95923419483006 4.7000081837177268 3.6621927991509429 4.1235978603363099 2.5049002841114989 2.634270504117012 3.8595359046012154 4.6652939245104772 5.518104324117302 3.8624041685834518 6.1504822559654704 5.120481476187706 1.8632564470171926 5.0054694712162018
leaf_count=19 22 22 33 28 24 19 21 28 13 25 19 30 34 33 31 18 22
internal_value=9.48833e-05 0.0126276 0.00134298 -0.0144039 -0.00445079 -0.00144704 0.00180192 0.015333 0.0711578 -0.000812777 -0.0209295 -0.0105002 0.000276906 -0.00993405 -0.0411309 0.0614724 -0.0275031
internal_weight=76.9478 20.4808 16.6371 10.4271 56.467 51.767 48.1048 22.9081 5.13917 17.7689 13.9094 25.1967 19.6786 15.8162 9.78578 3.84368 9.66571
internal_count=441 123 83 50 318 294 275 137 41 96 71 138 108 74 50 40 41
is_linear=0
shrinkage=0.1


Tree=39
num_leaves=16
num_cat=0
split_feature=14 14 14 7 2 2 3 14 14 14 14 14 14 1 10
split_gain=0.427595 1.62356 0.902181 0.48224 1.46156 1.28626 1.21055 0.948672 1.36115 0.773925 1.63427 1.88096 1.57977 1.36108 0.570209
threshold=16.750000000000004 28.350000000000005 32.650000000000006 0.28750000000000003 1.5000000000000002 1.5000000000000002 2.5000000000000004 85.050000000000011 115.60000000000001 114.25000000000001 93.350000000000009 64.500000000000014 99.40000000000002 1.0000000180025095e-35 40.500000000000007
decision_type=2 2 2 2 2 2 2 2 2 2 2 2 2 2 2
left_child=-1 -2 -3 4 9 6 -5 -6 -9 10 11 -4 -12 -13 -8
right_child=1 2 3 5 7 -7 14 8 -10 -11 12 13 -14 -15 -16
leaf_value=-0.022894894985929143 0.06267578593175839 -0.048344399186446833 -0.019199098330834455 -0.025877133666795379 -0.056057017466820208 0.07073907508975151 0.0026121311347154113 0.059631623984628672 -0.045901937320422963 0.043058459089629034 -0.084840352239462222 0.086063082402900282 0.003670543285975303 0.012043572413524949 0.060230363408008115
leaf_weight=7.3138294406235209 4.2145851626992217 3.846918821334838 7.8648595586419203 7.3568858429789561 7.3483571708202344 3.4050455810502163 3.3137928359210491 2.1828476926311851 2.7769241817295551 5.1055192062631241 3.7075394894927722 4.6092504207044822 4.4211692772805691 5.3883369266986847 3.5657072775065899
leaf_count=34 22 15 37 37 30 27 23 31 17 36 18 29 29 34 22
internal_value=9.82978e-05 0.00253172 -0.00137443 0.00158545 -0.00408085 0.0155268 0.00232115 -0.0332485 0.000544491 0.00746375 0.000471778 0.0173875 -0.0366997 0.0461693 0.0324762
internal_weight=76.4216 69.1077 64.8932 61.0462 43.4048 17.6414 14.2364 12.3081 4.95977 31.0967 25.9912 17.8624 8.12871 9.99759 6.8795
internal_count=441 407 385 370 261 109 82 78 48 183 147 100 47 63 45
is_linear=0
shrinkage=0.1


Tree=40
num_leaves=18
num_cat=0
split_feature=1 14 2 7 14 7 1 14 14 14 1 1 14 14 14 14 14
split_gain=0.394039 1.09373 0.609317 0.992426 1.73351 0.871013 1.09281 0.691798 1.83227 2.766 1.89913 0.934991 0.679359 2.27572 0.815646 0.445819 0.25496
threshold=2.5000000000000004 15.100000000000001 1.5000000000000002 1.5500000000000003 92.15000000000002 0.28750000000000003 1.5000000000000002 64.500000000000014 91.100000000000009 98.050000000000011 1.0000000180025095e-35 1.5000000000000002 85.050000000000011 115.60000000000001 55.650000000000006 39.750000000000007 95.250000000000014
decision_type=2 2 2 2 2 2 2 2 2 2 2 2 2 2 2 2 2
left_child=1 -1 3 5 -5 7 -7 15 10 -10 -9 -11 14 16 -4 -3 -14
right_child=-2 2 12 4 -6 6 -8 8 9 11 -12 -13 13 -15 -16 -17 -18
leaf_value=0.050075224465323843 -0.032824995218945101 0.0051390234395808131 -0.00069495712378478359 -0.076301043219555789 0.016815089640648772 0.080014100942330121 0.00036573408224311075 0.1014846638375697 -0.08488776609912016 0.053626543883570792 0.0085815275436976184 -0.0082615381727244863 0.10447974572157455 -0.047031673133736268 -0.052180228503992357 -0.033361253879445073 0.045542415044705103
leaf_weight=4.3842013850808135 3.4719369262456885 5.6947819553315622 5.3776392936706561 3.8419699892401677 4.1685363752767444 3.7041309196501961 3.2201700583100319 3.9450864307582396 3.5246112123131743 4.2604083986952883 4.9753348082304001 5.7167501021176577 1.4269526582211249 3.2774401213973761 7.1926700547337532 6.374151237308979 1.5114437565207479
leaf_count=25 16 27 28 14 28 26 17 26 16 34 30 36 15 19 28 28 28
internal_value=8.58661e-05 0.00165984 -0.00145197 0.00437486 -0.0278449 0.0106068 0.0429734 0.00410897 0.0144994 -0.00873623 0.0496683 0.0181657 -0.0167822 0.0102607 -0.0301546 -0.0151947 0.0741637
internal_weight=76.0682 72.5963 68.2121 49.4259 8.01051 41.4154 6.9243 34.4911 22.4222 13.5018 8.92042 9.97716 18.7861 6.21584 12.5703 12.0689 2.9384
internal_count=441 425 400 282 42 240 43 197 142 86 56 70 118 62 56 55 43
is_linear=0
shrinkage=0.1


Tree=41
num_leaves=17
num_cat=0
split_feature=14 14 14 10 1 7 2 2 10 1 14 14 10 12 14 14
split_gain=0.444984 1.27729 0.748807 0.457008 2.28394 0.529569 1.32288 1.1166 0.794964 0.769708 1.33172 1.32383 1.08957 2.2652 0.32718 0.0550352
threshold=16.750000000000004 28.350000000000005 32.650000000000006 34.000000000000007 1.0000000180025095e-35 0.28750000000000003 1.5000000000000002 1.5000000000000002 40.500000000000007 1.5000000000000002 107.15000000000002 72.250000000000014 56.500000000000007 1.0000000180025095e-35 85.050000000000011 77.050000000000011
decision_type=2 2 2 2 2 2 2 2 2 2 2 2 2 2 2 2
left_child=-1 -2 -3 4 15 6 9 8 -7 12 11 -11 13 -5 -8 -4
right_child=1 2 3 5 -6 7 14 -9 -10 10 -12 -13 -14 -15 -16 -17
leaf_value=-0.023426830137551567 0.055982034707236852 -0.044159874871161804 -0.0025069144986473177 0.0919006711028586 0.099632221208675667 -0.028045620225824033 -0.054639233476471344 0.066038771728414034 0.022973439130790699 0.01595078015200789 0.03937634194417361 -0.057896389191584123 -0.015806296571940461 -0.013037505503046318 -0.017956951261150073 -0.024922422125838305
leaf_weight=7.2811712436377993 4.2031588181853285 3.7698418200016013 1.7382877618074406 4.4164535552263242 2.63815345056355 5.5023519620299322 5.7500643730163556 3.2627601176500312 6.8639459013938904 3.8217500336468202 3.6232922188937673 6.6542373951524496 5.0842474550008783 3.8504186384379864 4.2130466047674417 2.9612856758758426
leaf_count=34 22 15 8 36 21 33 24 24 37 19 21 35 21 26 31 34
internal_value=7.44517e-05 0.00257787 -0.000921206 0.0017784 0.0251692 -0.00145741 -0.00791545 0.0140021 0.000272642 0.00341298 -0.0128818 -0.0309562 0.0206209 0.0430242 -0.0391276 -0.0166313
internal_weight=75.6345 68.3533 64.1501 60.3803 7.33773 53.0426 37.4135 15.6291 12.3663 27.4504 14.0993 10.476 13.3511 8.26687 9.96311 4.69957
internal_count=441 407 385 370 63 307 213 94 70 158 75 54 83 62 55 42
is_linear=0
shrinkage=0.1


Tree=42
num_leaves=18
num_cat=0
split_feature=12 14 14 14 14 3 14 2 7 14 14 3 14 3 10 14 1
split_gain=0.426685 1.62465 1.30889 1.84215 2.54406 1.41805 2.03019 2.68605 1.34645 1.15056 1.09423 0.973365 1.19421 1.14173 3.25396 0.699343 0.133462
threshold=1.0000000180025095e-35 15.900000000000002 55.650000000000006 88.000000000000014 94.15000000000002 1.1000000000000003 105.75000000000001 1.0000000180025095e-35 0.45000000000000007 106.65000000000002 72.250000000000014 1.0000000180025095e-35 56.400000000000013 2.5000000000000004 47.500000000000007 82.250000000000014 1.5000000000000002
decision_type=2 2 2 2 2 2 2 2 2 2 2 2 2 2 2 2 2
left_child=1 -1 8 10 -5 -6 -7 -8 -3 11 -4 12 -2 16 -15 -12 -13
right_child=9 2 3 4 5 6 7 -9 -10 -11 15 13 -14 14 -16 -17 -18
leaf_value=-0.056009204078128497 0.0029574356283836533 0.057472580646703887 -0.0018458001949079737 0.10108800408644714 0.042333992283022502 -0.071913543852250239 0.083383917486913414 -0.050289340373692329 -0.013825752919920168 -0.036965755437066865 -0.079686386365016099 -0.032646996029867918 0.092450182776258619 0.10606575543980955 -0.038800926957827886 -0.024816733985689631 -0.0061452625839157789
leaf_weight=5.5832577496767035 2.5991236567497316 7.0462365709245187 6.4556161910295478 2.7805601023137596 4.8168694321066132 4.7378474390134198 2.9649749100208282 3.0491094449535012 4.2440400943160057 4.1328399814665309 5.2279144749045354 3.8781862370669824 3.4976872038096189 3.3044436713680625 2.9212057553231716 4.1802464313805103 3.7258094623684883
leaf_count=21 14 39 28 26 39 26 19 22 20 31 23 21 30 32 12 19 19
internal_value=7.20252e-05 -0.00509914 0.00114751 -0.00859532 0.0129801 -0.0027558 -0.022956 0.0156123 0.0306714 0.0110523 -0.0335512 0.0210115 0.0542986 0.00633679 0.0380913 -0.0553066 -0.0196617
internal_weight=75.146 51.0867 45.5034 34.2131 18.3494 15.5688 10.7519 6.01408 11.2903 24.0593 15.8638 19.9265 6.09681 13.8296 6.22565 9.40816 7.604
internal_count=441 282 261 202 132 106 67 41 59 159 70 128 44 84 44 42 40
is_linear=0
shrinkage=0.1


Tree=43
num_leaves=17
num_cat=0
split_feature=10 10 14 7 14 14 3 12 10 10 14 14 14 14 14 1
split_gain=0.362152 1.89033 2.15298 1.87079 1.03459 1.59752 1.33357 0.90295 0.990195 0.728591 0.4338 0.896645 0.612048 0.508312 0.305418 0.242062
threshold=47.500000000000007 40.500000000000007 67.200000000000017 1.5500000000000003 81.850000000000009 94.850000000000009 2.5000000000000004 1.0000000180025095e-35 36.000000000000007 37.500000000000007 32.650000000000006 72.250000000000014 88.000000000000014 55.650000000000006 104.30000000000003 1.0000000180025095e-35
decision_type=2 2 2 2 2 2 2 2 2 2 2 2 2 2 2 2
left_child=1 3 -3 4 7 -6 -7 9 -9 -1 -2 13 -13 -12 -14 -16
right_child=10 2 -4 -5 5 6 -8 8 -10 -11 11 12 14 -15 15 -17
leaf_value=0.0031900359997534982 -0.031272756045404818 0.14476729253316867 0.017515399633573306 -0.051516533307027705 0.10757868141541832 0.063111511655738292 -0.043956351347463479 -0.011079665412291375 0.061458999876267129 -0.046448784968889295 0.05066812524593093 -0.043355021710084228 0.015445160242163115 0.0007437058625579941 -0.028275157660925559 0.0021593058991509688
leaf_weight=6.2604532316327148 6.1988937705755225 1.9389736354351033 4.2303649410605431 6.3610563222318879 2.416945598088204 2.2354315081611276 2.4256001254543662 3.8902589306235305 3.6450581699609756 5.6036316528916359 4.1275420710444468 5.0614401400089291 5.5713096186518696 4.0312262251973152 5.3972726762294752 5.0665148422122002
leaf_count=27 26 16 38 36 28 36 23 20 22 24 24 25 30 18 25 23
internal_value=7.24725e-05 0.00672117 0.0575096 -0.00282044 0.00887855 0.0416041 0.00739341 -0.00306154 0.0240095 -0.0202553 -0.00724262 -0.00215088 -0.013038 0.0260006 -0.00346857 -0.0135389
internal_weight=74.462 39.0078 6.16934 32.8384 26.4774 7.07798 4.66103 19.3994 7.53532 11.8641 35.4542 29.2553 21.0965 8.15877 16.0351 10.4638
internal_count=441 270 54 216 180 87 59 93 42 51 171 145 103 42 78 48
is_linear=0
shrinkage=0.1


Tree=44
num_leaves=21
num_cat=0
split_feature=1 14 14 14 0 1 14 10 2 14 14 3 14 14 1 14 14 14 10 14
split_gain=0.338043 1.1279 0.441834 0.631269 1.63193 1.3867 1.36366 2.1008 0.836535 0.81809 0.805681 0.68233 4.13673 1.34655 1.13965 0.675357 1.30072 0.175594 0.0430108 0.00289827
threshold=2.5000000000000004 15.100000000000001 32.650000000000006 61.550000000000004 1.5000000000000002 1.5000000000000002 64.500000000000014 37.500000000000007 1.5000000000000002 85.050000000000011 83.950000000000017 1.1000000000000003 106.65000000000002 100.95000000000002 1.5000000000000002 89.15000000000002 98.250000000000014 116.70000000000002 40.500000000000007 121.35000000000001
decision_type=2 2 2 2 2 2 2 2 2 2 2 2 2 2 2 2 2 2 2 2
left_child=1 -1 18 4 5 -4 -5 10 11 -10 -8 12 -9 14 -13 -12 -17 -15 -3 -18
right_child=-2 2 3 6 -6 -7 7 8 9 -11 15 13 -14 17 -16 16 19 -19 -20 -21
leaf_value=0.051188185460042362 -0.031057840885476334 -0.027373729882879835 0.10163692496332469 -0.073985914921320034 -0.023105475064167772 0.0087043863011244931 0.080837618249235188 0.10353594406694105 -0.06733081773220044 -0.0081037625979180766 -0.043315406856639024 -0.0050662568013626367 -0.042896111598889404 0.037208145313445747 -0.072293821433818406 -0.013571821973334822 0.10680582675726447 0.006135368238742684 -0.014049034734831141 0.11558982690910147
leaf_weight=4.2992009595036498 3.3285705074667922 5.3195261061191541 3.2436758838593942 2.5845366939902297 4.4596033170819283 3.1794854924082756 3.6768742799758893 3.5548176784068373 4.3473014459013921 5.0312732933089137 1.2894108928740022 5.6692950520664471 4.2188400477170944 3.5577568132430306 4.5416829884052277 1.8868186706677081 0.76479157060384728 3.7204883694648743 4.4481906965374947 0.73817716259509325
leaf_count=25 16 22 25 9 20 15 21 29 17 34 7 32 21 24 21 19 29 20 21 14
internal_value=8.396e-05 0.00155362 -0.00166819 0.00172885 0.0233683 0.055635 -0.00343758 0.000803003 -0.0100531 -0.0355576 0.0458087 -0.000584813 0.0240658 -0.0115416 -0.034968 0.0182833 0.0417142 0.0213244 -0.0213057 0.11112
internal_weight=73.8603 70.5317 66.2325 56.4648 10.8828 6.42316 45.5821 42.9975 34.6415 9.37857 8.35607 25.2629 7.77366 17.4892 10.211 4.6792 3.38979 7.27825 9.76772 1.50297
internal_count=441 425 400 357 60 40 297 288 198 51 90 147 50 97 53 69 62 44 43 43
is_linear=0
shrinkage=0.1


Tree=45
num_leaves=17
num_cat=0
split_feature=14 14 14 7 2 3 3 10 2 14 10 3 14 14 14 14
split_gain=0.316832 1.17339 0.609306 0.395479 0.95557 1.01127 0.790751 1.13587 1.23127 0.703023 1.4482 1.11357 0.421355 0.282845 0.826281 0.129395
threshold=16.750000000000004 28.350000000000005 32.650000000000006 0.28750000000000003 1.5000000000000002 2.5000000000000004 1.0000000180025095e-35 47.500000000000007 1.0000000180025095e-35 65.40000000000002 37.500000000000007 1.7500000000000002 86.15000000000002 82.550000000000011 104.30000000000003 105.35000000000001
decision_type=2 2 2 2 2 2 2 2 2 2 2 2 2 2 2 2
left_child=-1 -2 -3 6 5 -5 7 8 -4 -8 -11 -12 -7 -13 -15 -9
right_child=1 2 3 4 -6 12 9 15 -10 10 11 13 -14 14 -16 -17
leaf_value=-0.02003655768709213 0.053530451899547409 -0.040928273667720921 0.10472990275296415 -0.023516088899601606 0.063101969236716446 0.0052015103760463697 -0.041326655877718832 0.0045606933530632924 0.006780875555031836 0.050243304310358394 -0.064409854102666503 -0.025431340757662887 0.055616087261604163 0.043979303630021588 -0.018193423424116017 -0.020172773513804119
leaf_weight=7.070379849523305 4.177628479897975 3.6383638530969611 2.4153380990028372 7.1339214891195315 3.223629653453826 3.2742979675531387 6.9363106973469284 4.6085495650768262 2.7383973579853773 3.9124679239466813 3.8646280616521862 3.9601884856820098 3.358013816177845 3.5641498975455743 5.3407081048935652 3.9095316901803017
leaf_count=34 22 15 31 37 27 16 32 26 26 39 16 19 29 28 28 16
internal_value=8.27116e-05 0.0022362 -0.00122685 0.00125336 0.0140935 0.0026172 -0.00403513 0.0156292 0.0526854 -0.0137836 -0.00452834 -0.0173375 0.030727 -0.00319702 0.00669107 -0.00679119
internal_weight=73.1265 66.0561 61.8785 58.2401 16.9899 13.7662 41.2503 13.6718 5.15374 27.5785 20.6421 16.7297 6.63231 12.865 8.90486 8.51808
internal_count=441 407 385 370 109 82 261 99 57 162 130 91 45 75 56 42
is_linear=0
shrinkage=0.1


Tree=46
num_leaves=18
num_cat=0
split_feature=14 7 7 14 14 11 14 10 14 14 14 14 14 14 14 2 3
split_gain=0.301002 0.500014 2.5257 1.15884 1.26043 1.12303 1.20845 1.29256 1.20623 1.56885 1.08775 1.84515 0.648463 2.88196 1.39174 0.906732 0.875507
threshold=136.00000000000003 0.90000000000000013 1.0000000180025095e-35 54.100000000000009 83.300000000000011 1.0000000180025095e-35 36.900000000000013 47.500000000000007 65.40000000000002 74.850000000000009 91.65000000000002 111.55000000000003 82.250000000000014 91.100000000000009 98.050000000000011 1.0000000180025095e-35 1.7500000000000002
decision_type=2 2 2 2 2 2 2 2 2 2 2 2 2 2 2 2 2
left_child=1 2 5 -3 -5 -1 7 -7 -8 -10 -6 -12 -11 -14 -15 16 -16
right_child=-2 3 -4 4 10 6 8 -9 9 12 11 -13 13 14 15 -17 -18
leaf_value=-0.038362913635520773 0.025555133506316403 -0.047786322888626873 0.088582110741833295 0.049471009342059044 -0.070023726487069948 0.078697584579401639 -0.037866971497475324 -0.0037503435481765646 0.084085019003889219 -0.031469131602180407 0.056412167064146139 -0.058986800295607322 0.095738624115144139 -0.070812486742779471 -0.015455410582175533 -0.039694693895350019 0.061626547463249394
leaf_weight=7.2448428738862267 4.3599224882200351 6.9645928442478207 3.2812212547287336 3.9907169342041007 2.7749059051275236 4.068081021308898 7.9332581683993366 3.5702740624547005 2.3888092674315002 5.350252881646159 3.1999048339203 2.443689376115799 3.0560731645673505 3.0945219099521628 2.5566097674891335 2.8225286351516843 3.4781717527657747
leaf_count=39 31 29 24 22 13 27 37 17 18 24 31 13 26 19 19 26 26
internal_value=8.13952e-05 -0.00154666 0.00384521 -0.0151405 0.0031818 -0.00225707 0.00456941 0.0401603 -0.00429152 0.00741829 -0.0187612 0.00644415 -0.00157772 0.00907844 -0.0130805 0.00708961 0.0289711
internal_weight=72.5784 68.2185 48.8446 19.3738 12.4092 45.5634 38.3186 7.63836 30.6802 22.747 8.4185 5.64359 20.3582 15.0079 11.9518 8.85731 6.03478
internal_count=441 410 302 108 79 278 239 44 195 158 57 44 140 116 90 71 45
is_linear=0
shrinkage=0.1


Tree=47
num_leaves=18
num_cat=0
split_feature=14 14 10 7 3 10 1 2 14 14 14 1 1 14 10 3 10
split_gain=0.33005 0.77232 0.511512 0.886917 1.40641 1.48241 1.46002 0.994583 1.09421 1.61206 2.22721 0.935293 0.821561 0.762887 1.06539 0.763642 0.532774
threshold=15.900000000000002 28.350000000000005 69.500000000000014 0.28750000000000003 2.5000000000000004 40.500000000000007 1.5000000000000002 1.5000000000000002 64.500000000000014 91.100000000000009 98.050000000000011 1.5000000000000002 1.0000000180025095e-35 67.200000000000017 47.500000000000007 1.1000000000000003 40.500000000000007
decision_type=2 2 2 2 2 2 2 2 2 2 2 2 2 2 2 2 2
left_child=-1 -2 3 7 6 -6 -5 8 16 12 -11 -12 -10 -9 15 -15 -3
right_child=1 2 -4 4 5 -7 -8 13 9 10 11 -13 -14 14 -16 -17 -18
leaf_value=-0.021444848665316801 0.041477632693229127 -0.046724786831990203 -0.032349937046773608 0.041950561475289638 0.0084259418279487557 0.096375701906870767 -0.046700302001377543 0.016905305824168212 0.087765743683828598 -0.075050327845205572 0.060392681562296484 -0.0049893254992713458 0.021876645183609947 -0.051389000676177791 -0.086532279695393607 0.03049366126962897 -0.00085372494260208963
leaf_weight=6.4863521307706824 4.651608280837535 4.9612401649355906 4.7380038984119883 3.2883391203358752 3.8108763378113508 3.8552098087966442 4.2703079283237457 2.4657874703407279 3.625951528549197 3.334619913250207 3.5690382225438935 5.6539403516799212 3.9582028314471245 2.5182333299890143 3.6835005953907967 2.0794562846422195 5.1711426936089993
leaf_count=31 25 21 25 28 28 29 18 13 26 16 31 37 27 23 15 22 26
internal_value=7.43113e-05 0.00220092 -0.000794955 0.00186316 0.0224754 0.0526551 -0.00813333 -0.00578695 0.00349041 0.0169745 -0.0050113 0.0203117 0.0533779 -0.0319212 -0.0464596 -0.0143549 -0.0233141
internal_weight=72.1218 65.6355 60.9839 56.2458 15.2247 7.66609 7.55865 41.0211 30.2741 20.1418 12.5576 9.22298 7.58415 10.747 8.28119 4.59769 10.1324
internal_count=441 410 385 360 103 57 46 257 184 137 84 68 53 73 60 45 47
is_linear=0
shrinkage=0.1


Tree=48
num_leaves=16
num_cat=0
split_feature=12 14 10 7 14 3 3 14 14 14 14 1 10 3 14
split_gain=0.315696 1.36154 1.20033 0.930054 1.36141 1.39072 0.728136 0.589528 2.25818 1.13963 1.14229 1.30883 0.77468 0.912186 0.0939723
threshold=1.0000000180025095e-35 15.900000000000002 34.000000000000007 1.5500000000000003 106.65000000000002 1.0000000180025095e-35 2.5000000000000004 88.000000000000014 72.250000000000014 97.500000000000014 105.75000000000001 1.0000000180025095e-35 40.500000000000007 1.7500000000000002 65.40000000000002
decision_type=2 2 2 2 2 2 2 2 2 2 2 2 2 2 2
left_child=1 -1 -3 4 5 14 -7 8 12 -9 -11 -12 -4 -14 -2
right_child=3 2 7 -5 -6 6 -8 9 -10 10 11 -13 13 -15 -16
leaf_value=-0.051688605834199347 0.089447228467555054 0.055711148019294589 -0.020321148497600899 -0.038428760020399397 -0.043514909531511325 -0.011378250985022065 0.039241249013668433 0.062718727032422109 -0.056338836350783121 -0.053795197423952681 -0.017297576951691967 0.057476482029528625 0.064155744891248825 0.0011748884310432998 0.061512432945178309
leaf_weight=5.4283116310834876 2.2709140107035735 3.7247043065726748 5.7172531411051777 3.4045272804796687 3.0150440381839863 6.4996199011802656 5.0492783458903432 3.3747936002910164 8.1441688947379571 3.2518433425575486 5.44940591836348 4.1037455350160599 3.8127599880099279 5.7948505952954292 2.5637341849505901
leaf_count=21 16 31 26 20 23 37 39 29 39 21 38 26 22 29 24
internal_value=6.49381e-05 -0.00447387 0.00143518 0.00977862 0.0182392 0.0296037 0.010753 -0.00366364 -0.0137882 0.0110222 -0.0026026 0.0148231 0.00882472 0.0261687 0.0746339
internal_weight=71.605 48.8018 43.3735 22.8031 19.3986 16.3835 11.5489 39.6488 23.469 16.1798 12.805 9.55315 15.3249 9.60761 4.83465
internal_count=441 282 261 159 139 116 76 230 116 114 85 64 77 51 40
is_linear=0
shrinkage=0.1


Tree=49
num_leaves=18
num_cat=0
split_feature=14 14 10 2 10 3 7 14 14 11 14 14 2 7 10 3 14
split_gain=0.309871 0.983953 0.649083 0.501428 0.98717 0.630163 1.05725 0.517931 1.21757 1.69295 0.719143 0.607978 0.840082 2.07844 0.605979 1.58934 0.330273
threshold=15.100000000000001 17.700000000000006 31.500000000000004 1.5000000000000002 69.500000000000014 1.0000000180025095e-35 1.0000000180025095e-35 30.650000000000002 45.150000000000013 1.0000000180025095e-35 65.40000000000002 80.550000000000011 1.0000000180025095e-35 1.1000000000000003 56.500000000000007 2.5000000000000004 70.050000000000011
decision_type=2 2 2 2 2 2 2 2 2 2 2 2 2 2 2 2 2
left_child=-1 -2 -3 4 7 -5 16 -4 -9 -10 -11 -12 13 14 15 -13 -7
right_child=1 2 3 5 -6 6 -8 8 9 10 11 12 -14 -15 -16 -17 -18
leaf_value=0.024250375915006547 -0.063792432515274805 0.042428189548009081 0.049590655149762887 0.014447012718513008 -0.045020954142563643 -0.072515203679847096 0.017279465771116217 -0.042401273999827911 0.073418018206850191 -0.027748205299896161 0.043935357320026514 0.025074274179061964 -0.045204586736051704 0.090199254735775281 0.027805568107622032 -0.058363288196617319 -0.030947106446807135
leaf_weight=4.9274733960628501 2.4606717675924292 3.5141007723286739 2.8014580979943267 4.4322466650046399 3.8264501467347136 3.619331479072569 3.27919393312186 4.7382307052612296 3.9302806137129656 5.8778568059206036 4.6065812576562193 4.3771083708852583 2.9914241507649413 2.8362371847033492 4.1038059145212165 4.7716514086350799 4.0505243483930826
leaf_count=27 10 33 15 32 20 15 25 20 28 28 29 43 15 24 19 32 26
internal_value=5.72238e-05 -0.00174308 0.000651703 -0.00178523 0.0035569 -0.0173661 -0.0302443 0.00808675 0.00504564 0.0117575 0.00356048 0.0113297 0.00345764 0.0125055 -0.00412205 -0.0184436 -0.0505627
internal_weight=71.1446 66.2172 63.7565 60.2424 44.8611 15.3813 10.949 41.0346 38.2332 33.4949 29.5647 23.6868 19.0802 16.0888 13.2526 9.14876 7.66986
internal_count=441 414 404 371 273 98 66 253 238 218 190 162 133 118 94 75 41
is_linear=0
shrinkage=0.1


Tree=50
num_leaves=19
num_cat=0
split_feature=7 7 14 3 14 11 3 14 13 14 14 14 14 1 14 14 14 14
split_gain=0.314347 2.11228 1.09476 0.868832 0.667289 0.643261 1.59634 3.06799 2.10541 0.945103 1.05885 1.24879 1.84331 1.48987 0.943158 0.445348 0.764795 0.087016
threshold=0.90000000000000013 1.0000000180025095e-35 54.100000000000009 1.7500000000000002 22.150000000000002 1.0000000180025095e-35 1.0000000180025095e-35 56.400000000000013 1.0000000180025095e-35 65.40000000000002 77.700000000000003 82.550000000000011 93.350000000000009 1.0000000180025095e-35 84.300000000000026 83.300000000000011 103.95000000000002 67.200000000000017
decision_type=2 2 2 2 2 2 2 2 2 2 2 2 2 2 2 2 2 2
left_child=1 4 -2 -4 -1 17 7 -7 -9 -8 -11 -12 -13 -14 -10 -5 -17 -6
right_child=2 -3 3 15 5 6 9 8 14 10 11 12 13 -15 -16 16 -18 -19
leaf_value=0.034705091970970992 -0.043236597542003291 0.081225149892104664 0.051329631762883868 0.022528847870906376 -0.043334608749624588 0.15325734819542891 -0.044415307101980078 0.082625820966863495 -0.063511445590409596 0.05289549931445231 -0.075772418814215509 0.072783027335044159 -0.053906188779311942 0.027998159701211445 0.011294801039879742 -0.054170285247764217 0.015594460903816677 -0.021294755848224621
leaf_weight=4.6748430393636218 6.7732967957854298 3.3254658244550219 3.2302358811721197 3.0764568448066694 3.6214164942502967 1.7463255897164334 7.2062175013124969 2.7872599279507977 2.9206123352050781 2.9814434871077564 2.5698144957423201 2.7571263015270224 5.4360015122219902 3.7551347687840462 3.9851860553026199 3.607092222198844 2.7842429699376225 3.544826447032392
leaf_count=27 29 25 24 16 14 14 33 28 12 18 10 22 38 24 34 21 26 26
internal_value=4.75429e-05 0.0041527 -0.0107706 0.00654727 -0.00118845 -0.00506265 0.000363775 0.0312479 0.00926634 -0.0139363 -0.00138526 -0.0125324 0.00106917 -0.0204433 -0.0203424 -0.00873165 -0.0237788 -0.0324325
internal_weight=70.783 51.3117 19.4713 12.698 47.9862 43.3114 36.1451 11.4394 9.69306 24.7057 17.4995 14.5181 11.9483 9.19114 6.9058 9.46779 6.39134 7.16624
internal_count=441 325 116 87 300 273 233 88 74 145 112 94 84 62 46 63 47 40
is_linear=0
shrinkage=0.1


Tree=51
num_leaves=18
num_cat=0
split_feature=1 14 14 14 14 14 10 10 12 3 14 14 14 2 14 1 14
split_gain=0.328794 1.07387 2.28805 0.636718 1.04527 0.887765 1.76427 0.953849 0.723098 0.747409 0.582091 1.02408 0.78771 0.565743 0.309512 0.619049 0.189042
threshold=2.5000000000000004 15.100000000000001 16.750000000000004 61.550000000000004 50.800000000000004 65.40000000000002 37.500000000000007 34.000000000000007 1.0000000180025095e-35 0.40000000000000008 88.000000000000014 98.550000000000011 77.700000000000003 1.0000000180025095e-35 117.10000000000001 1.5000000000000002 145.05000000000004
decision_type=2 2 2 2 2 2 2 2 2 2 2 2 2 2 2 2 2
left_child=1 -1 -3 4 8 -5 7 13 9 -4 12 -12 -8 -7 15 -13 -16
right_child=-2 2 3 5 -6 6 10 -9 -10 -11 11 14 -14 -15 16 -17 -18
leaf_value=0.050462263417914002 -0.031594780371064959 -0.10772163232546506 -0.016105391329103918 -0.055115513323696297 0.060602847274495636 0.051827898637098392 -0.0010680361940949297 0.093662348550931224 -0.030543213199829274 0.042081093183366391 0.041803137571803248 1.602990622537254e-05 -0.052746262990442216 -0.016883669393488631 0.014864036123212344 -0.054442932696963986 -0.01654372037613995
leaf_weight=4.2037163674831381 3.1369002908468238 1.9732358828186978 3.6087903529405612 3.2516872137784949 4.2913161627948275 2.400310991331934 5.5721349231898767 2.5056749559007585 4.1914713457226744 5.6855065189301968 4.4632373852655318 4.4271023254841584 6.2666928321123123 2.3928318293765187 4.6506323721259824 3.9493742249906063 3.2595642432570457
leaf_count=25 16 7 17 13 25 26 32 35 22 32 38 31 30 27 30 20 15
internal_value=4.90749e-05 0.00152856 -0.00174231 0.00169064 0.0176169 -0.00487234 -0.000776446 0.0436633 0.00393825 0.0194884 -0.0107295 -0.000634479 -0.0284231 0.0175257 -0.0122642 -0.0256605 0.0019218
internal_weight=70.2302 67.0933 62.8896 60.9163 17.7771 43.1392 39.8876 7.29882 13.4858 9.2943 32.5887 20.7499 11.8388 4.79314 16.2867 8.37648 7.9102
internal_count=441 425 400 393 96 297 284 88 71 49 196 134 62 53 96 51 45
is_linear=0
shrinkage=0.1


Tree=52
num_leaves=18
num_cat=0
split_feature=7 7 3 14 14 10 14 14 11 3 14 14 14 14 3 14 12
split_gain=0.286531 1.65323 1.0859 0.617126 1.1323 1.02956 0.602833 1.24552 1.19498 1.40042 2.02183 0.830932 4.44325 2.01727 0.485979 0.152803 0.147497
threshold=0.90000000000000013 1.0000000180025095e-35 1.0000000180025095e-35 69.850000000000009 90.250000000000014 47.500000000000007 132.25000000000003 107.15000000000002 1.0000000180025095e-35 2.5000000000000004 91.100000000000009 15.900000000000002 36.900000000000013 65.40000000000002 1.1000000000000003 68.850000000000009 1.0000000180025095e-35
decision_type=2 2 2 2 2 2 2 2 2 2 2 2 2 2 2 2 2
left_child=1 6 -2 -4 -5 -6 7 8 -1 11 15 -10 -13 -14 16 -11 -15
right_child=2 -3 3 4 5 -7 -8 -9 9 10 -12 12 13 14 -16 -17 -18
leaf_value=-0.042156024449007963 -0.053313076865289737 0.072566724715702954 0.029259641237045216 -0.050974337979871213 0.064520173896981434 -0.026213710118043545 -0.034854067132652551 0.053023053956514611 -0.02753397696431728 -0.0077881999887666259 -0.085161418548001078 0.1529932508627122 -0.033980044937791873 0.037186899629422225 0.069295334382087195 0.02060113952560539 0.0031743863063687728
leaf_weight=6.4371593594551078 4.5046661794185665 3.2873318064957848 5.513432413339614 4.2478003762662393 2.5055981269106269 2.4967587068676949 4.6768943052738896 4.4513573134317985 3.0459638908505466 3.933695141226055 3.5920434948056936 2.4815724343061474 6.3950245305895796 2.6284538526087982 3.4452766235917807 3.6598816029727459 2.4760311739519238
leaf_count=34 22 25 29 21 30 14 25 39 15 22 21 19 30 23 26 25 21
internal_value=3.93388e-05 0.00399714 -0.0103358 0.00277741 -0.013007 0.0192334 -0.000776159 0.00296983 -0.00287881 0.00510761 -0.0233462 0.0206542 0.029077 0.00850078 0.0402755 0.00589463 0.0206885
internal_weight=69.7789 50.5107 19.2683 14.7636 9.25016 5.00236 47.2234 42.5465 38.0951 31.6579 11.1856 20.4723 17.4264 14.9448 8.54976 7.59358 5.10449
internal_count=441 325 116 94 65 44 300 275 236 202 68 134 119 100 70 47 44
is_linear=0
shrinkage=0.1


Tree=53
num_leaves=16
num_cat=0
split_feature=12 14 10 14 11 3 10 1 14 14 10 14 3 14 14
split_gain=0.340083 1.22484 0.939143 0.877776 0.609759 1.88475 0.838318 1.17782 0.491069 1.16267 0.940051 0.93161 0.780885 0.700027 0.687532
threshold=1.0000000180025095e-35 15.900000000000002 34.000000000000007 106.65000000000002 1.0000000180025095e-35 1.0000000180025095e-35 36.000000000000007 1.0000000180025095e-35 55.650000000000006 88.000000000000014 56.500000000000007 97.500000000000014 1.1000000000000003 72.250000000000014 117.10000000000001
decision_type=2 2 2 2 2 2 2 2 2 2 2 2 2 2 2
left_child=1 -1 -3 4 -2 -6 -7 -8 12 13 11 -11 -4 -10 -13
right_child=3 2 8 -5 5 6 7 -9 9 10 -12 14 -14 -15 -16
leaf_value=-0.050025762013753833 -0.020655021422677326 0.049938050645887459 -0.017089410926761972 -0.032486494951832423 0.087381271137682834 -0.035103414400411308 0.062387591231671063 -0.016125922627756108 -0.0037064337996471327 0.086642433304453301 -0.021346000298150661 -0.019521446273175674 0.040346663725189851 -0.051173115978905226 0.042044689329106565
leaf_weight=5.3007633760571471 3.1057634595781609 3.584705480374395 4.1209186203777772 3.9316705986857405 3.9404746117070326 3.3315663505345565 4.0109135303646326 3.6489616706967354 5.1549211367964762 2.1174488952383381 6.4379971101880065 3.6288730218075216 5.5619619898498058 7.8205866329371929 3.6266583930701017
leaf_count=21 19 31 21 31 37 22 30 20 24 24 29 33 32 39 28
internal_value=4.4343e-05 -0.00472629 0.000983541 0.0103274 0.0196596 0.0280448 0.00677245 0.0249858 -0.00357821 -0.0101309 0.00807517 0.0282836 0.0159026 -0.0323155 0.0112522
internal_weight=69.3242 47.3548 42.0541 21.9694 18.0377 14.9319 10.9914 7.65988 38.4694 28.7865 15.811 9.37298 9.68288 12.9755 7.25553
internal_count=441 282 261 159 128 109 72 50 230 177 114 85 53 63 61
is_linear=0
shrinkage=0.1


Tree=54
num_leaves=21
num_cat=0
split_feature=1 14 14 10 1 1 10 3 14 14 7 10 14 14 14 3 14 14 14 7
split_gain=0.307941 1.03731 1.83055 0.383008 1.31617 0.458503 1.85922 1.31639 2.72522 1.45873 1.24437 1.08954 0.821595 0.603507 0.488348 0.387454 0.329254 0.296163 0.411424 0.281642
threshold=2.5000000000000004 15.100000000000001 16.750000000000004 34.000000000000007 1.0000000180025095e-35 1.5000000000000002 52.500000000000007 0.40000000000000008 115.60000000000001 45.150000000000013 1.0000000180025095e-35 56.500000000000007 68.850000000000009 81.600000000000009 108.00000000000001 0.40000000000000008 89.950000000000003 50.800000000000004 87.750000000000014 1.5500000000000003
decision_type=2 2 2 2 2 2 2 2 2 2 2 2 2 2 2 2 2 2 2 2
left_child=1 -1 -3 4 15 7 14 9 10 -5 12 13 -9 -11 17 -4 -14 -7 -19 -12
right_child=-2 2 3 5 -6 6 -8 8 -10 11 19 -13 16 -15 -16 -17 -18 18 -20 -21
leaf_value=0.049693873346770445 -0.030932409350979257 -0.099699727661309884 -0.032326346639561791 -0.028082779052908832 0.089298817162155625 -0.062250517210606919 0.043393275021854111 -0.035252536255044202 -0.084267302725081872 0.14360826902702736 0.067148402430177875 0.016603604650546878 0.033401980340302159 0.062558559255697324 0.0048278900744752233 0.025544273399068347 -0.0099075666641630315 -0.0092469850306359219 -0.051764793315054007 0.023875693515326406
leaf_weight=4.1803859360516062 3.0659735426306716 1.8518395796418179 2.5399235086515537 2.4366575479507429 2.1045503467321396 3.6145162731409135 4.5299198627471915 6.2074298821389728 3.7974761128425589 1.6390147916972639 3.0948775662109247 2.918730117380619 4.0209908336400986 2.0904882145114243 3.3612779583781949 2.1247224742546678 3.1153419381007552 5.0360215380787832 4.1524283550679684 2.9261449021287262
leaf_count=25 16 7 20 12 20 15 25 30 19 14 26 15 25 28 22 25 25 27 24 21
internal_value=4.54663e-05 0.00149015 -0.00178312 0.00125363 0.0236515 -0.00161022 -0.0132273 0.00584486 -0.0068088 0.0381058 0.00838097 0.0623648 -0.00864704 0.0981777 -0.0290948 -0.00596657 0.0144953 -0.0380008 -0.0284616 0.0461184
internal_weight=68.8087 65.7427 61.5624 59.7105 6.7692 52.9413 20.6942 32.2472 23.1623 9.08489 19.3648 6.64823 13.3438 3.7295 16.1642 4.66465 7.13633 12.803 9.18845 6.02102
internal_count=441 425 400 393 65 328 113 215 146 69 127 57 80 42 88 45 50 66 51 47
is_linear=0
shrinkage=0.1


Tree=55
num_leaves=17
num_cat=0
split_feature=7 7 14 3 14 2 14 14 10 14 3 1 3 14 14 14
split_gain=0.26948 1.27523 1.07899 0.680489 0.621042 0.41368 0.667259 0.434125 0.859319 0.868127 3.56987 1.31724 0.696867 0.375411 0.649199 0.107348
threshold=0.90000000000000013 1.0000000180025095e-35 54.100000000000009 1.7500000000000002 22.150000000000002 1.5000000000000002 85.050000000000011 114.25000000000001 47.500000000000007 78.15000000000002 2.5000000000000004 1.5000000000000002 2.5000000000000004 83.300000000000011 103.95000000000002 126.45000000000002
decision_type=2 2 2 2 2 2 2 2 2 2 2 2 2 2 2 2
left_child=1 4 -2 -4 -1 7 -7 8 9 11 -11 -6 -10 -5 -15 -8
right_child=2 -3 3 13 5 6 15 -9 12 10 -12 -13 -14 14 -16 -17
leaf_value=0.035092428350497841 -0.042822311972611299 0.064752685868003423 0.047463999152250594 0.022638911139135087 0.034425335841765721 -0.0397697310044881 0.024540843316737032 0.029345530860578596 -0.00073159639365286393 0.15127374407034219 -0.033506075003300204 -0.044630036316577089 -0.046902886712605833 -0.049249833793730255 0.016039386812788669 -0.008183196072089104
leaf_weight=4.4752090722322455 6.5758894383907345 3.2220550905913106 3.1474825087934724 2.9942910298705083 4.4395706281065994 6.8939788192510587 2.4290565513074398 4.8401966961100689 7.4229509495198709 1.9561150623485435 2.2460770215839148 4.0126737728714943 5.8413566648960114 3.458951173350215 2.7210763092152774 1.7068438231945036
leaf_count=27 29 25 24 16 27 33 35 36 39 24 21 22 26 21 26 10
internal_value=4.47721e-05 0.00392404 -0.0101136 0.00734237 -0.000312369 -0.00410391 -0.020719 0.00185411 -0.00327977 0.0153622 0.0525087 -0.00310593 -0.0210646 -0.00642237 -0.0205029 0.011036
internal_weight=68.3838 49.4861 18.8977 12.3218 46.264 41.7888 11.0299 30.7589 25.9187 12.6544 4.20219 8.45224 13.2643 9.17432 6.18003 4.1359
internal_count=441 325 116 87 300 273 78 195 159 94 45 49 65 63 47 45
is_linear=0
shrinkage=0.1


Tree=56
num_leaves=19
num_cat=0
split_feature=3 14 14 14 14 10 14 14 0 14 14 14 10 14 7 2 14 1
split_gain=0.297355 1.80408 1.09368 1.03965 1.66739 0.88529 0.776024 1.22047 1.14841 0.662389 0.551938 1.81222 0.477865 0.752324 0.447797 0.532444 0.671678 0.377298
threshold=1.1000000000000003 19.850000000000005 16.750000000000004 32.650000000000006 49.550000000000004 37.500000000000007 36.900000000000013 54.100000000000009 1.0000000180025095e-35 88.300000000000011 86.15000000000002 106.65000000000002 43.000000000000007 82.550000000000011 1.1000000000000003 1.5000000000000002 101.30000000000003 1.5000000000000002
decision_type=2 2 2 2 2 2 2 2 2 2 2 2 2 2 2 2 2 2
left_child=2 -2 -1 -3 -5 9 -4 -8 10 -6 -9 -12 13 -7 15 16 -14 -11
right_child=1 3 6 4 5 12 7 8 -10 17 11 -13 14 -15 -16 -17 -18 -19
leaf_value=-0.054769463329400705 0.077131692383075018 -0.052522989392784318 0.045388442477329406 0.076530923524360042 0.064933020775291922 -0.062313043037376184 -0.066316415863159617 -0.034877813792847052 0.05497004947760803 0.034664678208171235 0.077941413751686117 -0.031666429882884539 -0.016390144519734591 -0.00055455667948743582 0.031293947987705455 -0.039161235793171309 0.034492345651831686 -0.036682350332292557
leaf_weight=4.2514372523874071 3.2214084565639487 3.5256242454051963 3.2961734533309963 2.9403774719685307 3.0783784911036483 3.8394895046949413 2.9413998648524311 5.2583836503326875 3.429973696358501 1.4707010569982233 2.3886594828218222 4.0934850201010704 6.8554747104644793 4.0563710778951645 3.449348170310258 4.1484381929039946 4.1738329231739044 1.4942646231502292
leaf_count=18 22 15 19 21 19 17 14 30 32 30 28 25 38 31 21 23 24 14
internal_value=4.95097e-05 0.00520598 -0.00844168 -0.000730185 0.00441257 -0.00209893 0.000758565 -0.0073636 0.00406673 0.0324417 -0.0108046 0.00872388 -0.00996914 -0.0305856 -0.00122999 -0.0086215 0.00286537 -0.00129235
internal_weight=67.9132 42.2537 25.6595 39.0323 35.5067 32.5663 21.4081 18.1119 15.1705 6.04334 11.7405 6.48214 26.523 7.89586 18.6271 15.1777 11.0293 2.96497
internal_count=441 275 166 253 238 217 148 129 115 63 83 53 154 48 106 85 62 44
is_linear=0
shrinkage=0.1


Tree=57
num_leaves=20
num_cat=0
split_feature=1 14 14 14 14 14 10 14 14 14 11 14 3 1 14 3 2 14 14
split_gain=0.310213 0.845794 0.539157 0.418785 1.18442 0.954373 1.10205 0.646515 0.780215 1.11387 0.501842 0.747328 0.987813 0.500871 1.26655 0.443272 0.370416 1.94365 0.00215178
threshold=2.5000000000000004 15.100000000000001 17.700000000000006 61.550000000000004 45.150000000000013 64.500000000000014 37.500000000000007 83.950000000000017 89.15000000000002 98.250000000000014 1.0000000180025095e-35 132.25000000000003 2.5000000000000004 1.5000000000000002 85.050000000000011 0.40000000000000008 1.0000000180025095e-35 86.15000000000002 129.65000000000001
decision_type=2 2 2 2 2 2 2 2 2 2 2 2 2 2 2 2 2 2 2
left_child=1 -1 -3 4 15 -5 7 -7 -9 -10 -8 12 13 14 -12 -4 17 -14 -11
right_child=-2 2 3 5 -6 6 10 8 9 18 11 -13 16 -15 -16 -17 -18 -19 -20
leaf_value=0.045591152674853051 -0.031290385650748362 -0.050596720449788739 -0.030362659610045736 -0.06649064170112727 0.051190051676333628 0.066451156891076557 -0.041955657735677707 -0.062021041326986354 -0.018594182789185794 0.10510715183540731 -0.004886790046258715 -0.042067985521226314 -0.056040716046327203 0.0038373816723236889 0.094621199635511535 0.010750272449469188 -0.036513408583900446 0.044100080447696755 0.11367141915310353
leaf_weight=4.0773832127451888 3.0181133523583403 2.1540860608220092 4.2961966320872325 2.3810512498021117 5.6045583970844737 3.3098385706543914 4.1028391607105759 1.1689641550183298 1.6222193185240033 0.64499441441148497 2.4106208384037053 4.4419024232774964 3.5886812582612038 5.1774411741644144 2.7250458421185613 6.7315764501690865 5.1483518313616514 4.21423664316535 0.53814281057566404
leaf_count=25 16 10 21 9 35 21 22 7 19 31 13 21 17 35 30 37 29 31 12
internal_value=4.30285e-05 0.00151288 -0.00146955 0.000351651 0.0137575 -0.00502447 -0.00128076 0.0338053 0.00661768 0.0352187 -0.00931533 -0.00448184 0.00269454 0.0257861 0.0479133 -0.00526649 -0.0156933 -0.0019562 0.109003
internal_weight=67.3562 64.3381 60.2607 58.1067 16.6323 41.4743 39.0933 7.28416 3.97432 2.80536 31.8091 27.7063 23.2644 10.3131 5.13567 11.0278 12.9513 7.80292 1.18314
internal_count=441 425 400 390 93 297 288 90 69 62 198 176 155 78 43 58 77 48 43
is_linear=0
shrinkage=0.1


Tree=58
num_leaves=19
num_cat=0
split_feature=3 10 7 11 14 10 14 14 3 14 7 2 10 14 3 14 10 10
split_gain=0.329478 2.50071 0.777015 0.96935 1.90414 1.35451 1.26486 0.770629 0.708183 0.702382 0.650923 1.37443 0.816377 3.35416 0.497377 0.451285 0.441059 0.171335
threshold=2.5000000000000004 69.500000000000014 0.90000000000000013 1.0000000180025095e-35 132.25000000000003 36.000000000000007 49.550000000000004 17.700000000000006 1.0000000180025095e-35 60.70000000000001 1.0000000180025095e-35 1.0000000180025095e-35 47.500000000000007 74.40000000000002 1.1000000000000003 76.40000000000002 43.000000000000007 56.500000000000007
decision_type=2 2 2 2 2 2 2 2 2 2 2 2 2 2 2 2 2 2
left_child=2 10 3 -1 5 8 7 -7 -5 -8 12 15 13 -2 17 -12 -4 -11
right_child=1 -3 16 4 -6 6 9 -9 -10 14 11 -13 -14 -15 -16 -17 -18 -19
leaf_value=-0.033218860795685062 0.14338765371939652 -0.076296490308804255 -0.05587304476900911 0.017965090419062083 -0.061500066428365266 0.036203092515153433 -0.038843727629649272 0.10907617118728985 -0.049312043872415827 0.026822866092339765 0.044684468430395752 -0.0050089102827719396 -0.014868438012745362 -0.018075626320711493 0.05817575705829469 0.10377393490444248 -0.0096519850402522131 -0.0068768718907721311
leaf_weight=6.5106419930234543 1.9139868766069463 3.024530202150344 4.1530764997005445 2.799733327701694 3.2836798424832514 2.9216853901743916 1.9976701736450184 2.8831549789756536 3.5466886544600129 2.948263497091828 2.527723163366316 3.6866347305476665 7.6013955324888229 3.9248519465327263 3.2339759329333901 2.6449402123689651 4.1052375212311745 3.0897260084748268
leaf_count=35 16 16 24 27 18 19 11 23 20 29 13 25 36 37 26 29 22 15
internal_value=4.22211e-05 0.00902998 -0.00544578 0.00137928 0.0098144 0.0198129 0.0344744 0.0723978 -0.0196326 0.0149406 0.020603 0.0416466 0.00673181 0.0348525 0.0265286 0.0748987 -0.0328964 0.00957823
internal_weight=66.7976 25.3241 41.4735 33.2152 26.7046 23.4209 17.0745 5.80484 6.34642 11.2696 22.2995 8.8593 13.4402 5.83884 9.27197 5.17266 8.25831 6.03799
internal_count=441 172 269 223 188 170 123 42 47 81 156 67 89 53 70 42 46 44
is_linear=0
shrinkage=0.1


Tree=59
num_leaves=20
num_cat=0
split_feature=14 14 14 14 1 14 3 14 7 14 7 14 14 14 10 3 14 3 14
split_gain=1.18599 0.883517 0.921548 0.474835 0.36062 0.782586 0.639777 1.49367 1.96125 1.07433 0.977486 0.703085 1.76832 0.553749 0.917037 1.33455 0.977267 0.3814 0.172091
threshold=7.4000000000000012 13.850000000000001 15.900000000000002 28.350000000000005 1.5000000000000002 113.90000000000002 1.0000000180025095e-35 115.60000000000001 1.0000000180025095e-35 84.300000000000026 1.5500000000000003 82.550000000000011 93.350000000000009 98.550000000000011 43.000000000000007 1.7500000000000002 70.050000000000011 2.5000000000000004 113.90000000000002
decision_type=2 2 2 2 2 2 2 2 2 2 2 2 2 2 2 2 2 2 2
left_child=-1 -2 -3 -4 6 13 9 8 11 -5 -10 17 -13 14 16 -16 -6 -8 -11
right_child=1 2 3 4 5 -7 7 -9 10 18 -12 12 -14 -15 15 -17 -18 -19 -20
leaf_value=-0.093743755861341829 0.061535179211317438 -0.062449926399938918 0.034122977780473095 0.0044213890255042545 -0.067270440749293101 0.027248950916460946 -0.048049916677772427 -0.059289521807067647 0.10829756680016736 0.10014965557566546 0.021711175302363009 0.087332047547221126 -0.033599519483184868 -0.053471201561281316 0.059347220032188119 -0.028189490989846518 0.0044459399932023922 -0.0063394989482819242 0.054109420766367877
leaf_weight=1.3211484607309092 2.3975553885102263 2.2997270971536627 4.2873293831944457 6.7476556077599508 4.1356956176459843 4.5148640852421513 4.6158206760883385 3.9031780138611785 2.3599890009500077 1.4283392108045521 2.9132666061632335 2.1389359887689343 2.781622277572751 3.7552883736789218 3.5031902249902487 3.4635389596223831 3.5150515548884869 4.175284581258893 1.8810334345325825
leaf_count=6 15 10 25 40 18 30 20 26 26 26 25 19 23 22 23 19 25 25 18
internal_value=5.18662e-05 0.00196367 -0.000324484 0.00205195 -0.000410742 -0.0100529 0.00628787 -0.00294951 0.00863364 0.0273106 0.060462 -0.0112986 0.0189687 -0.0192194 -0.0104199 0.015828 -0.0343211 -0.0282398 0.0739806
internal_weight=66.1385 64.8174 62.4198 60.1201 55.8328 22.8876 32.9451 22.8881 18.9849 10.057 5.27326 13.7117 4.92056 18.3728 14.6175 6.96673 7.65075 8.79111 3.30937
internal_count=441 435 420 410 385 137 248 164 138 84 51 87 42 107 85 42 43 45 44
is_linear=0
shrinkage=0.1


Tree=60
num_leaves=19
num_cat=0
split_feature=14 14 1 14 1 12 14 14 14 14 7 14 10 14 14 3 3 14
split_gain=0.35425 0.428046 1.48528 0.591696 1.30149 0.556385 0.833374 1.32181 1.28857 0.865421 0.680703 1.70138 0.934197 0.393394 1.18268 0.816534 1.01707 0.38535
threshold=136.00000000000003 111.55000000000003 1.5000000000000002 100.95000000000002 1.0000000180025095e-35 1.0000000180025095e-35 15.900000000000002 72.250000000000014 82.250000000000014 94.15000000000002 0.90000000000000013 55.650000000000006 40.500000000000007 39.750000000000007 54.100000000000009 1.0000000180025095e-35 2.5000000000000004 87.750000000000014
decision_type=2 2 2 2 2 2 2 2 2 2 2 2 2 2 2 2 2 2
left_child=1 3 -3 5 -5 6 -1 10 -9 17 11 12 -8 -7 -15 -16 -17 -10
right_child=-2 2 -4 4 -6 13 7 8 9 -11 -12 -13 -14 14 15 16 -18 -19
leaf_value=-0.046740304673153127 0.028634517689766072 -0.066966688413445163 0.02522837726136767 0.099365185840376624 -0.0070935167609554404 0.045059630629364758 0.027273532602446245 -0.071069396143410554 -0.005653555810609159 -0.04552837947469069 -0.015301594808401795 -0.017910091156481605 0.10222223564457951 -0.05337617438919149 0.067059106289317272 -0.034947238258933956 0.041571810669253528 0.045684344327172721
leaf_weight=5.0476871356368056 4.0661344644613555 3.8419256899505845 3.2052307697013021 1.8879502546042193 2.9314093571156263 3.161667611449956 3.567623473703863 4.275531791150569 3.114872891455887 3.3052986054681242 4.6076991856098166 4.3922925069928169 3.1152734961360693 2.6735215038061133 2.8209187658503634 3.4784255139529705 3.4697543270885944 2.7555431853979826
leaf_count=21 31 27 23 33 18 24 21 23 17 21 23 21 22 13 30 19 26 28
internal_value=4.57842e-05 -0.00183971 -0.025034 0.00115365 0.0346109 -0.00208506 -0.00922769 -0.00272838 -0.0257277 -0.00460017 0.0169982 0.0304361 0.0622113 0.0135612 0.00555739 0.0216858 0.00326454 0.0184442
internal_weight=65.7188 61.6526 7.04716 54.6055 4.81936 49.7861 34.1818 29.1341 13.4512 9.17571 15.6829 11.0752 6.6829 15.6043 12.4426 9.7691 6.94818 5.87042
internal_count=441 410 50 360 51 309 197 176 89 66 87 64 43 112 88 75 45 45
is_linear=0
shrinkage=0.1


Tree=61
num_leaves=18
num_cat=0
split_feature=3 14 14 14 7 12 14 14 14 2 1 14 1 10 2 14 10
split_gain=0.289653 1.44322 1.0882 1.26282 0.790893 0.715645 0.938632 0.748657 0.716721 1.42853 1.25527 0.865893 0.625958 1.07583 0.407043 0.397271 0.123113
threshold=1.1000000000000003 19.850000000000005 32.650000000000006 55.650000000000006 0.90000000000000013 1.0000000180025095e-35 81.850000000000009 95.250000000000014 105.75000000000001 1.0000000180025095e-35 1.5000000000000002 82.250000000000014 1.5000000000000002 34.000000000000007 1.5000000000000002 72.250000000000014 56.500000000000007
decision_type=2 2 2 2 2 2 2 2 2 2 2 2 2 2 2 2 2
left_child=4 -2 -3 -4 12 8 -7 -8 10 -10 11 -5 13 -1 -15 -14 -9
right_child=1 2 3 5 -6 6 7 16 9 -11 -12 -13 15 14 -16 -17 -18
leaf_value=-0.035354890627491219 0.071725747055919289 -0.053687166374314511 0.057066305688751429 -0.031249065181657557 -0.043336801084301699 0.064378304223227892 -0.051634640011678605 0.041435572191839604 0.071086405407662617 -0.033088222589190586 -0.057999707828504735 0.030029040647705497 -0.00071882617129408264 0.051939378482653058 0.0080778329004465663 -0.046107884762871018 0.005769535571692277
leaf_weight=3.0942364856600824 3.0219617895781985 3.4430977180600157 4.1400352623313657 4.4841684401035327 5.154705297201871 3.2677306607365626 2.0288767907768488 1.9091829061508181 2.6665153354406348 2.5996795310638845 6.1691572852432719 4.7472087987698615 4.2518235426396123 4.9890710902400297 3.6737788221798837 3.5287529677152634 1.962850362062454
leaf_count=23 22 15 29 21 27 19 15 31 19 22 34 38 24 39 29 24 10
internal_value=4.01666e-05 0.00525106 -0.000117515 0.00531128 -0.00849408 -0.00187038 0.021382 -0.00242802 -0.0121861 0.0196602 -0.0230759 0.000263022 0.000698619 0.0152597 0.0333384 -0.0213043 0.0233554
internal_weight=65.1328 40.4405 37.4185 33.9754 24.6924 29.8354 9.16864 5.90091 20.6667 5.26619 15.4005 9.23138 19.5377 11.7571 8.66285 7.78058 3.87203
internal_count=441 275 253 238 166 209 75 56 134 41 93 59 139 91 68 48 41
is_linear=0
shrinkage=0.1


Tree=62
num_leaves=19
num_cat=0
split_feature=14 14 1 14 1 12 14 14 14 14 10 2 14 11 3 10 1 14
split_gain=0.270942 0.393211 1.23724 0.491017 1.03722 0.383771 0.75722 1.04289 1.05532 0.667294 0.607866 0.885867 0.796332 0.361586 1.30519 0.653461 0.524293 0.327345
threshold=136.00000000000003 111.55000000000003 1.5000000000000002 100.95000000000002 1.0000000180025095e-35 1.0000000180025095e-35 15.900000000000002 72.250000000000014 82.250000000000014 94.15000000000002 52.500000000000007 1.0000000180025095e-35 38.250000000000007 1.0000000180025095e-35 1.0000000180025095e-35 36.000000000000007 1.0000000180025095e-35 87.750000000000014
decision_type=2 2 2 2 2 2 2 2 2 2 2 2 2 2 2 2 2 2
left_child=1 3 -3 5 -5 6 -1 10 -9 17 11 12 -8 -7 -15 -16 -17 -10
right_child=-2 2 -4 4 -6 13 7 8 9 -11 -12 -13 -14 14 15 16 -18 -19
leaf_value=-0.04372637999418727 0.02519440496739031 -0.062247599959339775 0.022254225281374353 0.091011457118049977 -0.005103728859837061 -0.020209574427820159 -0.0058227028994608243 -0.064615350352522652 -0.0051702802133803691 -0.039381156510770669 0.05314960273551568 -0.027205110310617505 0.061322428604607362 0.073492413801569456 -0.038630922455757152 0.044941457921993617 -0.0132895890054628 0.042417469378954381
leaf_weight=4.9710572212934485 4.0139116845093659 3.8219465017318717 3.1696713222190738 1.8292780919000495 2.9070067331194878 2.935671152547001 3.4890580549836177 4.0476467236876479 3.0841209404170495 3.264102307613939 3.4553979635238639 4.8871974814683199 3.5772485807538033 3.2319399528205386 3.0064735710620862 3.359877172857523 2.864354956895113 2.720605936832726
leaf_count=21 31 27 23 33 18 18 18 23 17 21 19 27 23 34 18 25 17 28
internal_value=3.31485e-05 -0.00163281 -0.0239384 0.00127506 0.0320185 -0.00170296 -0.00770975 -0.0014332 -0.0221575 -0.00320754 0.0162079 0.00552918 0.0281689 0.0113638 0.0188011 -0.000347879 0.0181439 0.0171335
internal_weight=64.6366 60.6227 6.99162 53.631 4.73628 48.8948 33.4964 28.5254 13.1165 9.06883 15.4089 11.9535 7.06631 15.3983 12.4626 9.23071 6.22423 5.80473
internal_count=441 410 50 360 51 309 197 176 89 66 87 68 41 112 94 60 42 45
is_linear=0
shrinkage=0.1


Tree=63
num_leaves=19
num_cat=0
split_feature=3 14 14 11 14 7 14 2 10 14 14 2 14 14 14 14 14 1
split_gain=0.258399 1.50846 1.28907 0.883178 0.910621 2.39315 1.896 1.29865 0.717624 1.40584 2.52151 0.780858 1.89172 3.02472 1.06959 1.73356 0.833793 0.251628
threshold=0.40000000000000008 15.900000000000002 19.850000000000005 1.0000000180025095e-35 106.65000000000002 0.90000000000000013 56.400000000000013 1.0000000180025095e-35 37.500000000000007 66.200000000000017 88.300000000000011 1.0000000180025095e-35 69.850000000000009 88.300000000000011 70.050000000000011 104.30000000000003 107.15000000000002 1.5000000000000002
decision_type=2 2 2 2 2 2 2 2 2 2 2 2 2 2 2 2 2 2
left_child=1 -1 -2 -3 5 6 -5 -8 9 -4 -11 12 -10 -14 -13 -16 -15 -12
right_child=2 3 8 4 -6 -7 7 -9 11 10 17 14 13 16 15 -17 -18 -19
leaf_value=-0.081087283712018787 0.055115805770547178 -0.039714008789957997 -0.033287986539272674 0.13548736534235081 -0.028487342417532202 -0.052976880251427327 0.063906496348306085 -0.031614403987422671 0.04632945500120525 0.16001424118527702 0.033882986908158712 -0.073240231324683935 -0.082041849219470747 -0.010705673526967548 0.04440705096268785 -0.05557753517242936 0.050596149851894347 -0.026157580729920998
leaf_weight=2.5518533792346743 4.5066378209739915 4.1972529087215706 2.4275713190436354 2.14049687981605 4.0077911352273086 2.7656145356595507 3.557662638835609 2.372405597474426 6.8761468119919362 1.6353003345429895 1.3862401666119697 3.7048163693398219 4.7937870882451525 5.0382020231336337 3.3928682282567024 3.5469409059733152 3.964831855148077 1.4059930695220826
leaf_count=10 30 23 12 21 30 14 32 21 39 13 30 19 26 34 24 22 27 14
internal_value=2.56802e-05 -0.00888858 0.00453574 0.0007873 0.0122394 0.0273023 0.0548123 0.025692 -0.00143571 0.0278705 0.061403 -0.00785053 0.00348014 -0.0178754 -0.0298559 -0.00669514 0.0162909 0.00365033
internal_weight=64.2724 21.5931 42.6793 19.0412 14.844 10.8362 8.07057 5.93007 38.1727 6.8551 4.42753 31.3176 20.673 13.7968 10.6446 6.93981 9.00303 2.79223
internal_count=441 151 290 141 118 88 74 53 260 69 57 191 126 87 65 46 61 44
is_linear=0
shrinkage=0.1


Tree=64
num_leaves=18
num_cat=0
split_feature=10 10 7 3 14 14 2 14 3 1 14 14 3 14 3 10 14
split_gain=0.234064 1.53963 1.33449 0.755277 3.38527 1.32117 2.14247 0.670219 0.593891 1.86745 1.09047 1.59906 1.42139 0.564111 0.580633 0.230725 0.16394
threshold=47.500000000000007 43.000000000000007 1.5500000000000003 2.5000000000000004 74.40000000000002 78.15000000000002 1.5000000000000002 75.950000000000017 1.0000000180025095e-35 1.5000000000000002 91.100000000000009 106.65000000000002 2.5000000000000004 28.350000000000005 1.0000000180025095e-35 37.500000000000007 58.850000000000001
decision_type=2 2 2 2 2 2 2 2 2 2 2 2 2 2 2 2 2
left_child=1 2 3 5 -5 13 -7 -3 9 -2 12 -12 -10 -1 -15 -6 -14
right_child=8 7 -4 4 15 6 -8 -9 10 -11 11 -13 16 14 -16 -17 -18
leaf_value=0.00820523808653679 0.012781690794161114 0.10562861476189836 -0.046291019692288486 0.13953844551241495 0.0081772130022705683 0.10078170871537806 -0.028903341366523245 0.026471219512010327 0.069922530790798201 -0.070635226521179026 -0.066649238646119796 0.020255394051716082 -0.017799391057186812 -0.0079949953650927646 -0.063848085841167912 -0.040549393277623719 0.012301512290273918
leaf_weight=4.1476717572659343 5.9114379901438969 1.9143053833395232 5.6017541242763391 2.1405631974339476 1.8785196677781644 2.7013922347687176 2.4107366453390568 2.4241306083276868 4.2556406185030955 4.9152178540825844 4.2377514094114286 4.2313824556767941 3.6564692631363869 3.4905382730066776 3.987540053203702 2.0132167376577854 3.5817698165774345
leaf_count=24 37 17 36 18 27 39 28 26 26 21 18 27 19 22 19 14 23
internal_value=2.77554e-05 0.00591809 -0.00256564 0.00819136 0.0385288 -0.00274219 0.0396259 0.0613989 -0.00623003 -0.0250889 0.00399784 -0.0232296 0.0240601 -0.0213725 -0.0377776 -0.0170293 -0.00290426
internal_weight=63.5 32.7104 28.3719 22.7702 6.0323 16.7379 5.11213 4.33844 30.7897 10.8267 19.963 8.46913 11.4939 11.6258 7.47808 3.89174 7.23824
internal_count=441 270 227 191 59 132 67 43 171 58 113 45 68 65 41 41 42
is_linear=0
shrinkage=0.1


Tree=65
num_leaves=17
num_cat=0
split_feature=14 14 1 14 1 10 10 10 7 12 1 1 14 14 2 14
split_gain=0.248567 0.290081 1.02087 0.516378 0.718464 0.333577 0.378219 0.787985 0.899959 1.02784 0.782479 0.599286 0.583428 0.763889 0.449595 0.187254
threshold=136.00000000000003 112.50000000000001 1.5000000000000002 100.95000000000002 1.0000000180025095e-35 60.500000000000007 47.500000000000007 43.000000000000007 1.5500000000000003 1.0000000180025095e-35 1.5000000000000002 1.0000000180025095e-35 32.650000000000006 83.300000000000011 1.0000000180025095e-35 62.900000000000006
decision_type=2 2 2 2 2 2 2 2 2 2 2 2 2 2 2 2
left_child=1 3 -3 5 -5 6 7 8 9 10 14 -11 -8 15 -1 -14
right_child=-2 2 -4 4 -6 -7 12 -9 -10 11 -12 -13 13 -15 -16 -17
leaf_value=0.033452865777109576 0.024361940864422824 -0.058293533901629113 0.020533780967243963 0.077049492433585429 -0.00060492633168009993 0.028035383674268013 -0.047570555084723659 0.045900486724227627 -0.048447287832430345 0.010161199325198305 -0.045685507469391519 0.066970486403010149 0.00076928299437919036 -0.038110560216943923 -0.015937728120431524 0.032072041775715709
leaf_weight=3.3827662775293081 3.9386146059259763 3.505210285075008 3.0923081962391734 2.0452952529303721 2.8539428180083632 3.371553096920251 4.4213949888944652 3.6536588347516945 3.8193868082016698 4.6003079134970895 4.6715452186763287 3.1138463076204062 4.7409558184444887 4.519441619515419 4.0491054924204946 3.2015228569507599
leaf_count=27 31 24 23 36 18 23 19 32 20 38 25 29 28 24 24 20
internal_value=3.83791e-05 -0.00158421 -0.0213466 0.000901886 0.0318136 -0.00228336 -0.00459742 0.00268056 -0.00400012 0.00456606 -0.0136153 0.0330925 -0.0163617 -0.00528907 0.0065434 0.0133871
internal_weight=62.9809 59.0422 6.59752 52.4447 4.89924 47.5455 44.1739 27.2906 23.637 19.8176 12.1034 7.71415 16.8833 12.4619 7.43187 7.94248
internal_count=441 410 47 363 54 309 286 195 163 143 76 67 91 72 51 48
is_linear=0
shrinkage=0.1


Tree=66
num_leaves=17
num_cat=0
split_feature=14 14 10 14 3 10 3 7 11 14 3 2 10 14 14 10
split_gain=0.202052 0.241006 1.20898 0.468979 0.535191 0.267335 0.386182 0.769767 1.6396 0.676911 1.40428 0.776001 0.631241 1.38861 0.131115 0.104139
threshold=136.00000000000003 111.55000000000003 56.500000000000007 100.95000000000002 2.5000000000000004 60.500000000000007 2.5000000000000004 0.90000000000000013 1.0000000180025095e-35 36.900000000000013 1.0000000180025095e-35 1.0000000180025095e-35 47.500000000000007 69.850000000000009 63.500000000000007 40.500000000000007
decision_type=2 2 2 2 2 2 2 2 2 2 2 2 2 2 2 2
left_child=1 3 -3 5 -5 6 7 8 -1 15 11 -11 13 -8 -12 -10
right_child=-2 2 -4 4 -6 -7 12 -9 9 10 14 -13 -14 -15 -16 -17
leaf_value=-0.050796645009340037 0.021990595748240079 0.030708236369992693 -0.05464276726715947 0.070986656840453174 0.0018817060901819439 0.024864188860633286 0.075680820857500497 -0.041863506814143858 0.02893083561581521 0.076247526616937567 -0.044798970516907455 -0.0034340311068464463 -0.013779752174538718 -0.0080098019087446841 -0.017218490127239534 0.056276789370660364
leaf_weight=5.3455887720920208 3.9276055963709942 2.8440554328262797 3.9849416315555573 1.9587830167729396 2.6193365110084414 3.4187501296401015 3.462438737973569 6.2773557174950829 3.1673719175159958 2.666376499924807 3.2436257191002369 2.25658486969769 6.6701321527361861 4.6385350776836276 3.6782803516834974 2.4853434301912785
leaf_count=27 31 32 18 23 28 23 26 33 22 26 15 21 35 37 25 19
internal_value=3.18327e-05 -0.00143699 -0.0190968 0.000887212 0.0314488 -0.00207016 -0.0041681 -0.0108486 -0.00232569 0.0124824 -0.00110513 0.0397231 0.00900228 0.0277604 -0.0301428 0.0409541
internal_weight=62.6451 58.7175 6.829 51.8885 4.57812 47.3104 43.8916 29.1205 22.8432 17.4976 11.8449 4.92296 14.7711 8.10097 6.92191 5.65272
internal_count=441 410 50 360 51 309 286 188 155 128 87 47 98 63 40 41
is_linear=0
shrinkage=0.1


Tree=67
num_leaves=18
num_cat=0
split_feature=1 14 10 3 2 7 14 12 14 10 12 10 14 1 12 14 14
split_gain=0.226247 0.733938 0.503967 0.444538 0.591009 0.844785 0.70307 0.628897 0.522573 1.1767 0.967271 0.420659 0.937357 1.93178 0.603104 0.417333 0.147269
threshold=2.5000000000000004 15.100000000000001 75.000000000000014 2.5000000000000004 1.5000000000000002 0.90000000000000013 55.650000000000006 1.0000000180025095e-35 105.75000000000001 40.500000000000007 1.0000000180025095e-35 56.500000000000007 64.500000000000014 1.5000000000000002 1.0000000180025095e-35 90.850000000000009 58.850000000000001
decision_type=2 2 2 2 2 2 2 2 2 2 2 2 2 2 2 2 2
left_child=1 -1 3 4 5 11 -6 -8 10 -10 15 12 14 -14 -3 16 -5
right_child=-2 2 -4 8 6 -7 7 -9 9 -11 -12 -13 13 -15 -16 -17 -18
leaf_value=0.044192392367267928 -0.027610674182273795 0.018033879356996772 0.039696672367998502 0.012735317421129525 0.0054557994904774936 -0.038878855024952634 -0.081957442217206716 -0.01536170480426146 -0.016792330130851549 0.087380961033130033 0.040130377493885261 -0.021295667044215445 0.10625425323448789 -0.0012230338891276507 -0.039455936678032766 -0.046344633916719301 -0.014071247176784095
leaf_weight=3.7453208547085515 2.827115084975957 3.7816286869347149 2.8135314658284178 3.2957168743014389 3.0988995619118196 5.0590758193284264 3.3241833511274308 2.4729444840922952 2.0422813845798364 2.3116000108420849 4.2992891524918369 4.0187877193093291 2.7770318374969065 4.2039914149791002 3.5264032036066055 3.1620995849370948 5.4194276332855225
leaf_count=25 16 22 16 21 21 28 30 21 21 21 38 19 33 37 19 20 33
internal_value=2.78456e-05 0.00134435 -0.00154162 -0.00373934 -0.0110594 -0.00270828 -0.0329949 -0.053549 0.00776384 0.0385162 -0.000513111 0.00728687 0.0153257 0.0415311 -0.00970714 -0.0152251 -0.00393408
internal_weight=62.1793 59.3522 55.6069 52.7934 32.2629 23.3669 8.89603 5.79713 20.5304 4.35388 16.1765 18.3078 14.2891 6.98102 7.30803 11.8772 8.71514
internal_count=441 425 400 384 230 158 72 51 154 42 112 130 111 70 41 74 54
is_linear=0
shrinkage=0.1


Tree=68
num_leaves=19
num_cat=0
split_feature=14 10 1 2 1 3 14 14 10 7 14 14 3 14 14 14 14 7
split_gain=0.22266 0.448499 1.26989 0.477314 0.342195 0.756483 1.33326 0.905593 0.961079 0.803113 0.595913 0.524506 0.510177 1.57102 1.85475 0.83458 0.499488 0.189975
threshold=15.900000000000002 34.000000000000007 1.0000000180025095e-35 1.5000000000000002 1.5000000000000002 0.40000000000000008 115.60000000000001 45.150000000000013 56.500000000000007 1.0000000180025095e-35 68.850000000000009 81.600000000000009 0.40000000000000008 104.90000000000002 69.850000000000009 98.550000000000011 90.250000000000014 1.5500000000000003
decision_type=2 2 2 2 2 2 2 2 2 2 2 2 2 2 2 2 2 2
left_child=-1 2 3 -2 5 7 9 -3 11 10 -7 -9 15 14 -14 -6 -12 -11
right_child=1 4 -4 -5 12 6 -8 8 -10 17 16 -13 13 -15 -16 -17 -18 -19
leaf_value=-0.019015443116243268 -0.035823871457400756 -0.023472951141078485 0.09096577644680795 0.032010485338113466 -0.002719453716700035 -0.031642660416097278 -0.062361531415107668 0.13566458314165394 0.0081590199071958289 0.056257869979364043 0.036719172094232311 0.053740710234521274 0.022879712057116353 0.057295386324849276 -0.062876365957775945 -0.07138323727264842 -0.018620276171674957 0.019302920844291985
leaf_weight=5.5853043012320986 2.2568140570074311 2.1546340882778185 2.0814918475225568 1.9196135862730441 4.0749585218727615 5.6048659719526821 3.3174256626516572 1.3881866447627547 2.6712551936507225 2.8432556930929413 3.7488776352256536 1.7881872106809167 5.0619225129485113 3.575554694980382 5.026438195258379 3.1297024190425873 2.8870637551881373 2.723618024494499
leaf_count=31 18 13 22 27 27 31 19 14 15 26 27 28 27 24 32 16 23 21
internal_value=2.78348e-05 0.00191859 0.0271567 -0.00464513 -0.00124042 0.00576227 -0.00415646 0.0319466 0.0523667 0.00668668 -0.00763472 0.0895443 -0.0110145 0.000339138 -0.0198475 -0.032547 0.0126429 0.0381775
internal_weight=61.8392 56.2539 6.25792 4.17643 49.9959 29.1274 21.1251 8.00226 5.84763 17.8077 12.2408 3.17637 20.8686 13.6639 10.0884 7.20466 6.63594 5.56687
internal_count=441 410 67 45 343 217 147 70 57 128 81 42 126 83 59 43 50 47
is_linear=0
shrinkage=0.1


Tree=69
num_leaves=18
num_cat=0
split_feature=14 14 14 3 14 14 10 10 14 7 14 14 10 14 14 2 3
split_gain=0.226276 0.950374 0.853328 0.774242 0.755646 0.664689 0.774755 1.01844 0.580137 0.542625 1.06786 0.939944 0.680293 1.86063 0.33961 0.239976 0.00139967
threshold=89.15000000000002 93.350000000000009 83.300000000000011 0.40000000000000008 45.150000000000013 19.850000000000005 52.500000000000007 37.500000000000007 67.200000000000017 1.1000000000000003 98.050000000000011 111.55000000000003 47.500000000000007 168.85000000000005 114.25000000000001 1.0000000180025095e-35 2.5000000000000004
decision_type=2 2 2 2 2 2 2 2 2 2 2 2 2 2 2 2 2
left_child=2 -2 3 4 -1 -5 7 -7 -9 10 -3 -11 13 16 -14 -6 -12
right_child=1 9 -4 5 15 6 -8 8 -10 11 12 -13 14 -15 -16 -17 -18
leaf_value=-0.04346714804741654 0.073413343387325983 -0.067917645823800485 -0.048822459397228693 0.046494074170233379 0.023526472574923005 0.036921455373364574 0.038279084337183494 -0.0044482921178399136 -0.052013372503308723 0.083338465534247522 0.10964050678994071 -0.010218297302454309 -0.026889051944975623 -0.042634153176020664 0.010686050849659144 -0.016199405256604762 0.11534929708207485
leaf_weight=6.4541014339774829 2.0291434437967864 2.4442382808774736 3.9071292802691451 4.3419403564184931 3.3591094519942999 3.6574674658477333 4.7041491307318202 6.1374031510204059 4.404355376958847 1.9874514322727908 1.0615474656224244 2.3361507775261998 5.0501114651560766 1.3823425956070421 4.5930017828941345 2.7783376388251781 0.72129365615546692
leaf_count=33 27 15 27 30 27 23 29 35 23 22 35 18 26 7 25 17 22
internal_value=3.23208e-05 0.00826935 -0.00444542 0.000392805 -0.0195783 0.0112108 0.00310649 -0.00854605 -0.024321 0.00151692 -0.00734725 0.0327874 0.00421154 0.044438 -0.00899208 0.00554312 0.11195
internal_weight=61.3493 21.6053 39.744 35.8369 12.5915 23.2453 18.9034 14.1992 10.5418 19.5761 15.2525 4.3236 12.8083 3.16518 9.64311 6.13745 1.78284
internal_count=441 197 244 217 77 140 110 81 58 170 130 40 115 64 51 44 57
is_linear=0
shrinkage=0.1


Tree=70
num_leaves=18
num_cat=0
split_feature=1 14 14 14 3 14 10 11 14 3 14 1 10 2 2 14 10
split_gain=0.217363 0.630019 0.403874 0.555931 1.14104 1.02499 0.791526 0.43789 0.606033 0.834242 0.378015 0.670307 0.334869 0.389578 0.284291 1.2662 0.0776156
threshold=2.5000000000000004 15.100000000000001 32.650000000000006 61.550000000000004 1.1000000000000003 64.500000000000014 37.500000000000007 1.0000000180025095e-35 132.25000000000003 2.5000000000000004 88.000000000000014 1.5000000000000002 34.000000000000007 1.0000000180025095e-35 1.0000000180025095e-35 94.15000000000002 47.500000000000007
decision_type=2 2 2 2 2 2 2 2 2 2 2 2 2 2 2 2 2
left_child=1 -1 16 4 -4 -5 12 -8 9 10 -9 -12 13 -7 15 -11 -3
right_child=-2 2 3 5 -6 6 7 8 -10 14 11 -13 -14 -15 -16 -17 -18
leaf_value=0.041274871752463152 -0.027315121048970811 -0.012865300629540484 -0.01897924734988081 -0.067763229500771169 0.053596071770093082 0.047272189210941964 -0.038123591518835785 0.0043118583476191878 -0.0366048380996606 -0.036308766802177338 0.087212978384672499 0.015550737598942528 0.064330367736385174 -0.014192395158736321 -0.031246109481087105 0.051473449192639992 -0.032329935864078507
leaf_weight=3.6998449340462676 2.7725309468805781 4.4948989227414113 3.6129136085510236 2.3019609153270713 5.4104618709534407 2.0395856741815797 3.6899232678115395 3.9169423934072292 4.0453793425112954 3.8874921919777989 2.2233499037101865 3.1608984507620335 2.2247792226262391 2.0857473844662309 4.7029377017170191 2.8462935322895646 3.7641404792666435
leaf_count=25 16 25 24 9 36 27 22 28 21 26 27 23 36 27 29 22 18
internal_value=3.96936e-05 0.0013449 -0.00137043 0.0022744 0.0245373 -0.00313664 0.00113544 -0.0059844 -0.00119927 0.00570735 0.0279479 0.0451427 0.03306 0.016196 -0.0123803 0.000795763 -0.0217365
internal_weight=60.8801 58.1075 54.4077 46.1487 9.02338 37.1253 34.8233 28.4732 24.7833 20.7379 9.30119 5.38425 6.35011 4.12533 11.4367 6.73379 8.25904
internal_count=441 425 400 357 60 297 288 198 176 155 78 50 90 54 77 48 43
is_linear=0
shrinkage=0.1


Tree=71
num_leaves=19
num_cat=0
split_feature=14 10 1 2 1 3 14 7 14 14 14 10 10 14 14 14 7 10
split_gain=0.247597 0.349425 0.959529 0.37681 0.311346 0.470757 1.13379 1.01668 0.590728 0.865487 0.54474 0.860099 0.454867 0.694821 0.693985 1.21077 0.407443 0.00375744
threshold=15.900000000000002 34.000000000000007 1.0000000180025095e-35 1.5000000000000002 1.0000000180025095e-35 0.40000000000000008 115.60000000000001 1.0000000180025095e-35 68.850000000000009 89.950000000000003 45.150000000000013 56.500000000000007 43.000000000000007 78.800000000000011 72.250000000000014 107.15000000000002 1.5500000000000003 40.500000000000007
decision_type=2 2 2 2 2 2 2 2 2 2 2 2 2 2 2 2 2 2
left_child=-1 2 3 -2 5 10 7 8 -7 -10 -3 17 13 -6 -14 -16 -9 -12
right_child=1 4 -4 -5 12 6 -8 16 9 -11 11 -13 14 -15 15 -17 -18 -19
leaf_value=-0.020190267763850227 -0.031002603126796091 -0.015088705504623507 0.082282842335444889 0.02993574519145796 -0.055632277743018356 -0.030595197147639371 -0.056116335649773079 0.079916288089898271 0.051027488442772356 -0.026093544078539973 0.078959764761049669 0.0026249433032590665 0.033833723024286333 0.0036529318730435727 -0.039554396522760882 0.035226910700151708 0.021133482735345516 0.086245205585136014
leaf_weight=5.501640409231185 2.1968838344328097 2.1314271762967136 1.9588936222717164 1.8856688789092002 4.3415221795439747 5.5423305816948467 3.2032028567045918 2.1611748933792105 3.1126158460974693 2.7327659255824983 1.4148124684579673 2.5602905042469501 4.4652286153286687 3.6295787915587425 6.3067812342196685 3.2968968600034714 2.5949536901898682 1.4168419959023593
leaf_count=31 18 13 22 27 23 31 19 23 23 23 22 14 26 32 36 20 20 18
internal_value=3.55756e-05 0.00206054 0.0247496 -0.00285611 -0.000742027 0.00648384 -0.00177008 0.00901311 -0.0072049 0.0149727 0.0277095 0.0446276 -0.00955155 -0.0286372 0.00126192 -0.0138823 0.0478443 0.0826051
internal_weight=60.4535 54.9519 6.04145 4.08255 48.9104 26.8704 19.347 16.1438 11.3877 5.84538 7.52337 5.39194 22.04 7.9711 14.0689 9.60368 4.75613 2.83165
internal_count=441 410 67 45 343 206 139 120 77 46 67 54 137 55 82 56 43 40
is_linear=0
shrinkage=0.1


Tree=72
num_leaves=18
num_cat=0
split_feature=14 14 14 14 7 3 1 14 3 14 10 10 2 10 14 2 1
split_gain=0.250848 0.846044 0.791288 0.40675 1.31664 0.883808 1.60276 0.783626 0.581044 0.596998 0.613937 0.719085 0.839298 1.03975 0.570183 0.244042 0.0716748
threshold=117.10000000000001 132.25000000000003 111.55000000000003 89.15000000000002 1.1000000000000003 2.5000000000000004 1.5000000000000002 83.300000000000011 0.40000000000000008 19.850000000000005 52.500000000000007 37.500000000000007 1.5000000000000002 40.500000000000007 45.150000000000013 1.0000000180025095e-35 1.0000000180025095e-35
decision_type=2 2 2 2 2 2 2 2 2 2 2 2 2 2 2 2 2
left_child=2 -2 3 7 5 6 -5 8 14 -10 11 -11 13 -13 -1 -16 -7
right_child=1 -3 -4 4 -6 16 -8 -9 9 10 -12 12 -14 -15 15 -17 -18
leaf_value=-0.037861948263552582 0.063202086791427387 -0.0078651477774956124 -0.053541179312981226 0.10404612245815947 0.086366022873830328 -0.040284092651158926 -0.026058725627070019 -0.047199321830631302 0.043387693868288925 0.030355737209426633 0.033294653174361706 -0.038756949326308354 -0.061403086172385005 0.039627709912533025 0.023573326577380371 -0.016874420639664805 -0.015806063947619933
leaf_weight=6.359193613752721 2.5987939317710689 4.7132696092594415 2.8582912432029834 1.8112941633444264 2.2206590645946553 2.4977407595142722 1.9839729247614739 3.8216678965836755 4.3212343715131309 3.5465903691947487 4.7136638946831217 3.5381674133241159 3.5281822867691517 3.2436719108372927 3.2648386238142848 2.7465769648551941 2.2956835944205523
leaf_count=33 28 34 19 33 26 23 15 27 30 23 29 20 17 21 27 17 19
internal_value=3.5077e-05 0.017393 -0.00237096 0.000560488 0.0177294 -1.70705e-05 0.0360339 -0.00418788 0.000473646 0.00991009 0.00211998 -0.00848484 -0.0218458 -0.00126651 -0.0169883 0.00509301 -0.028561
internal_weight=60.0635 7.31206 52.7514 49.8931 10.8094 8.58869 3.79527 39.0838 35.2621 22.8915 18.5703 13.8566 10.31 6.78184 12.3706 6.01142 4.79342
internal_count=441 62 379 360 116 90 48 244 217 140 110 81 58 41 77 44 42
is_linear=0
shrinkage=0.1


Tree=73
num_leaves=17
num_cat=0
split_feature=14 7 10 10 14 14 14 14 11 3 14 14 2 10 14 14
split_gain=0.243489 0.3487 0.968499 1.10446 0.798791 1.02292 0.442313 1.14632 0.437651 1.03548 1.26782 1.26148 0.439859 0.423065 0.371556 0.185712
threshold=136.00000000000003 0.90000000000000013 60.500000000000007 56.500000000000007 54.100000000000009 99.40000000000002 98.050000000000011 107.15000000000002 1.0000000180025095e-35 1.0000000180025095e-35 36.900000000000013 27.550000000000004 1.0000000180025095e-35 40.500000000000007 65.40000000000002 80.550000000000011
decision_type=2 2 2 2 2 2 2 2 2 2 2 2 2 2 2 2
left_child=1 2 3 6 -3 13 8 -8 -1 11 -11 -10 -13 -6 -12 -16
right_child=-2 4 -4 -5 5 -7 7 -9 9 10 14 12 -14 -15 15 -17
leaf_value=-0.021555491790757109 0.024689440648542799 -0.043548211391263393 0.058962973809548284 -0.034242497211005696 -0.00041564499694144428 -0.040179160404101813 -0.0070416121528355177 0.11873734552347376 -0.023568785234933672 0.047102634884621311 -0.04419566787321777 0.10706203072016984 0.042047062395308893 0.050132835980951029 0.013142181354350704 -0.02021123656471344
leaf_weight=5.3935072552412811 3.7535487199202171 5.8444741368293789 2.9073917120695105 7.8608694635331622 3.1614649081602675 3.5938593007158488 1.7725386016536497 1.2255851693917064 1.8395670875906969 3.6694902572780839 4.1906007118523103 2.1673277132213116 2.0016787815839052 3.476414617151022 2.8449618518352509 4.0400894191116095
leaf_count=31 31 29 22 37 25 30 30 26 10 30 21 25 21 24 19 30
internal_value=3.31071e-05 -0.00161985 0.0033886 -0.000977603 -0.0140547 0.00279231 0.00799436 0.0443748 0.00382286 0.0104182 -0.00384058 0.0454096 0.0758462 0.0260578 -0.0207187 -0.00642932
internal_weight=59.7434 55.9898 39.9136 37.0062 16.0762 10.2317 29.1453 2.99812 26.1472 20.7537 14.7451 6.00857 4.16901 6.63788 11.0757 6.88505
internal_count=441 410 302 280 108 79 243 56 187 156 100 56 46 49 70 49
is_linear=0
shrinkage=0.1


Tree=74
num_leaves=19
num_cat=0
split_feature=1 14 10 3 14 14 14 2 7 2 14 10 14 14 14 10 12 14
split_gain=0.221065 0.553875 0.326542 0.38795 0.485406 0.475904 0.58431 0.670301 0.467202 0.61844 1.42912 0.669307 0.769061 1.11586 0.725554 2.59066 0.461718 0.193719
threshold=2.5000000000000004 15.100000000000001 75.000000000000014 2.5000000000000004 39.750000000000007 67.200000000000017 82.250000000000014 1.0000000180025095e-35 1.5500000000000003 1.5000000000000002 55.650000000000006 56.500000000000007 50.800000000000004 62.900000000000006 78.15000000000002 40.500000000000007 1.0000000180025095e-35 97.500000000000014
decision_type=2 2 2 2 2 2 2 2 2 2 2 2 2 2 2 2 2 2
left_child=1 -1 3 8 -5 -6 -7 17 9 11 -11 12 -3 -14 -15 -16 -12 -8
right_child=-2 2 -4 4 5 6 7 -9 -10 10 16 -13 13 14 15 -17 -18 -19
leaf_value=0.039166604363474224 -0.027745082322264986 -0.016632950847857472 0.031704072139438953 -0.028947084643172211 0.053074710121204766 -0.02852333278840008 0.064835575478926988 -0.0093594141816745937 -0.046469679533404668 0.029902418517399283 -0.087214635905670523 -0.030560929034164533 0.10714405401575429 -0.024575597114358496 0.13049505033560146 -0.015761180289217244 -0.026654157685271004 0.027228553063460306
leaf_weight=3.6307013276964417 2.7314661256968966 5.4135961458087065 2.8523126468062392 3.0255056358873871 2.6938755586743381 3.451249085366725 2.2179826218634826 4.6477521564811468 3.1711748368106774 2.6419276837259522 2.8725931847002357 4.4464174062013617 1.585472997277974 2.9100624555721861 1.9096409587655214 3.3108732094988227 2.2410766081884503 3.581491925753653
leaf_count=25 16 30 16 16 20 21 23 38 20 20 27 21 13 20 35 25 19 36
internal_value=4.11008e-05 0.00138195 -0.00120776 -0.00308074 0.00788969 0.0146066 0.00715054 0.0189354 -0.0101364 -0.00592075 -0.0298193 0.0035473 0.0135713 0.0304005 0.0154354 0.0377387 -0.0606739 0.0416112
internal_weight=59.3352 56.6037 52.973 50.1207 19.6179 16.5924 13.8985 10.4472 30.5028 27.3317 7.7556 19.5761 15.1296 9.71605 8.13058 5.22051 5.11367 5.79947
internal_count=441 425 400 384 154 138 118 97 230 210 66 144 123 93 80 60 46 59
is_linear=0
shrinkage=0.1


Tree=75
num_leaves=18
num_cat=0
split_feature=14 14 14 14 14 14 10 3 7 14 14 10 14 2 3 14 1
split_gain=0.272929 0.344158 0.376272 0.209091 0.873871 0.771128 0.919698 0.62135 0.503829 0.712932 0.884626 0.630147 1.02717 0.826736 0.688034 0.322351 0.308659
threshold=15.900000000000002 28.350000000000005 32.650000000000006 61.550000000000004 65.40000000000002 72.250000000000014 69.500000000000014 1.1000000000000003 0.28750000000000003 90.250000000000014 116.70000000000002 37.500000000000007 82.250000000000014 1.0000000180025095e-35 1.7500000000000002 104.30000000000003 1.5000000000000002
decision_type=2 2 2 2 2 2 2 2 2 2 2 2 2 2 2 2 2
left_child=-1 -2 -3 7 -5 -6 8 -4 11 -10 -11 13 -13 -7 16 -16 -14
right_child=1 2 3 4 5 6 -8 -9 9 10 -12 12 14 -15 15 -17 -18
leaf_value=-0.021394222823805664 0.030328629168990241 -0.034002693770382703 -0.015995238858023474 -0.054250706660085635 0.055812118159814239 0.081777069793442403 -0.055184821043215898 0.036166687742784434 -0.010573005307879198 0.088327714149679229 -0.00074533868073362519 -0.062991470928016186 -0.0041501730488542922 -0.010742563265524883 0.047012552284044495 0.0031927970004463195 -0.04694845352795244
leaf_weight=5.392394693568348 4.0252530574798575 3.0667505525052539 3.7977001015096885 2.8686355501413336 2.5770176276564589 1.81620061583818 2.8569884598255149 5.7280849572271109 3.1425107438117257 2.6787035195156932 1.9099922394379971 3.2139798551797893 3.9314321267884207 2.0627804296091199 2.9787022583186626 3.8467462752014399 2.949195509776473
leaf_count=31 25 15 26 13 21 32 18 38 21 38 15 19 31 30 27 24 17
internal_value=4.76734e-05 0.00221085 -7.90902e-05 0.00216505 -0.0012503 0.00322614 -0.00109138 0.015371 0.00432548 0.026122 0.0512521 -0.00377649 -0.0121106 0.0325766 -0.000179338 0.0223162 -0.0224945
internal_weight=58.8431 53.4507 49.4254 46.3587 36.8329 33.9642 31.3872 9.52579 28.5302 7.73121 4.5887 20.799 16.9201 3.87898 13.7061 6.82545 6.88063
internal_count=441 410 385 370 306 293 272 64 254 74 53 180 118 62 99 51 48
is_linear=0
shrinkage=0.1


Tree=76
num_leaves=19
num_cat=0
split_feature=14 14 1 14 1 12 14 14 14 14 7 14 14 11 3 10 14 14
split_gain=0.235649 0.499681 0.400618 0.329049 0.616708 0.247384 0.671398 0.817446 1.13629 1.88334 1.04638 1.00979 0.458088 0.347877 1.29985 0.557271 0.234219 0.0219858
threshold=119.10000000000001 112.50000000000001 1.5000000000000002 100.95000000000002 1.0000000180025095e-35 1.0000000180025095e-35 15.900000000000002 55.650000000000006 63.500000000000007 72.250000000000014 0.45000000000000007 82.250000000000014 94.15000000000002 1.0000000180025095e-35 1.0000000180025095e-35 36.000000000000007 87.750000000000014 69.850000000000009
decision_type=2 2 2 2 2 2 2 2 2 2 2 2 2 2 2 2 2 2
left_child=1 3 -2 5 -5 6 -1 10 -9 -10 -8 -11 16 -7 -15 -16 -13 -17
right_child=2 -3 -4 4 -6 13 7 8 9 11 -12 12 -14 14 15 17 -18 -19
leaf_value=-0.042455422371698796 0.04077814103056647 -0.041752213278485814 -0.0086374882517805725 0.071875917241347648 -0.0038568251118791218 -0.024205227117655648 0.049956774003400213 -0.069747133321543128 0.080444483274978773 -0.065211432884366705 -0.020715114533576218 -0.0022714961842459558 -0.031075781146638427 0.074895105035352807 -0.041116993506245425 0.019982827529284306 0.0404148471909936 0.0076669014631174127
leaf_weight=4.6463543772697475 3.5347679199185214 3.0122363627888253 3.0615716418251395 1.7737075972836454 2.7306047966703773 2.6210463475435963 5.5556479096412676 3.0164331197738674 2.3070109970867625 3.3045900277793399 3.3633902408182621 2.6560798641294223 2.9430349140893668 2.8312870608642688 2.6756339743733388 3.0058029759675264 2.490885472856462 2.7994123455137014
leaf_count=21 36 22 20 36 18 18 39 12 16 23 20 17 21 34 18 21 28 21
internal_value=4.27049e-05 -0.00222693 0.0178428 0.000216776 0.0259652 -0.0024062 -0.00747979 -0.00114095 -0.0141835 -0.00195104 0.0233062 -0.0186333 0.000392877 0.00862113 0.0162271 -0.00335895 0.0183867 0.0140438
internal_weight=58.3295 51.7332 6.59634 48.7209 4.50431 44.2166 30.2834 25.6371 16.718 13.7016 8.91904 11.3946 8.09 13.9332 11.3121 8.48085 5.14697 5.80522
internal_count=441 385 56 363 54 309 197 176 117 105 59 89 66 112 94 60 45 42
is_linear=0
shrinkage=0.1


Tree=77
num_leaves=18
num_cat=0
split_feature=14 7 7 14 14 10 10 14 14 3 3 3 3 1 1 14 3
split_gain=0.199304 0.29796 0.856037 0.586928 0.859977 0.558874 1.07166 0.509861 0.741135 0.658864 0.638533 0.476439 0.535428 0.557743 0.402522 0.325447 0.124401
threshold=136.00000000000003 0.90000000000000013 1.0000000180025095e-35 54.100000000000009 83.300000000000011 47.500000000000007 40.500000000000007 22.150000000000002 81.850000000000009 1.7500000000000002 2.5000000000000004 2.5000000000000004 1.1000000000000003 1.5000000000000002 1.5000000000000002 85.050000000000011 1.1000000000000003
decision_type=2 2 2 2 2 2 2 2 2 2 2 2 2 2 2 2 2
left_child=1 2 5 -3 -5 6 7 -1 9 -9 16 12 13 -7 -6 -13 -10
right_child=-2 3 -4 4 14 11 -8 8 10 -11 -12 15 -14 -15 -16 -17 -18
leaf_value=0.051821674922026106 0.022554328831140304 -0.038723385355079548 0.057536337604423386 0.044188186023888819 -0.046452501624886088 0.009816414582369426 0.077369522223770609 -0.036882376484666621 0.060088755704067021 0.016496501448099159 -0.0056332925555683958 -0.054395769894630575 0.032032809522332957 -0.043744031972676456 0.0029072806573463049 -0.012935767097924215 0.12041033947180065
leaf_weight=1.8402801938354993 3.6789434114471069 5.7002132087945929 2.6983241620473555 3.2018196359276754 2.9498296587262303 4.3018082734197396 2.2078028772957614 6.2968298625200969 0.69354408700019055 3.6543405689299107 1.4368878072127698 3.495567522943019 3.6349725127220154 3.5475534275174141 3.7554669044911861 4.1305520161986351 0.67426093574613333
leaf_count=14 31 29 24 22 33 30 31 34 28 26 20 18 22 17 24 24 14
internal_value=3.05561e-05 -0.00149773 0.00321528 -0.0131578 0.0015518 -0.000865973 0.0124371 0.00261548 -0.00448346 -0.0172802 0.0409199 -0.0125635 0.000303233 -0.0143905 -0.0188073 -0.0319397 0.0898243
internal_weight=57.899 54.2201 38.6127 15.6073 9.90712 35.9144 16.8039 14.5961 12.7559 9.95117 2.80469 19.1105 11.4843 7.84936 6.7053 7.62612 1.36781
internal_count=441 410 302 108 79 278 167 136 122 60 62 111 69 47 57 42 42
is_linear=0
shrinkage=0.1


Tree=78
num_leaves=17
num_cat=0
split_feature=1 3 14 10 14 10 10 14 11 14 3 0 3 14 7 14
split_gain=0.1847 0.394533 1.2037 0.970997 0.953672 1.09773 0.551168 0.351993 0.395755 1.12984 1.0294 0.892598 0.781313 0.94458 0.614249 0.451165
threshold=1.5000000000000002 1.0000000180025095e-35 106.15000000000002 47.500000000000007 69.850000000000009 43.000000000000007 40.500000000000007 121.35000000000001 1.0000000180025095e-35 91.100000000000009 2.5000000000000004 1.0000000180025095e-35 1.1000000000000003 59.850000000000001 0.90000000000000013 45.150000000000013
decision_type=2 2 2 2 2 2 2 2 2 2 2 2 2 2 2 2
left_child=7 3 4 -2 5 -3 -6 8 -1 11 -11 12 -10 -14 15 -13
right_child=1 2 -4 -5 6 -7 -8 -9 9 10 -12 14 13 -15 -16 -17
leaf_value=-0.029903570142054983 0.017685089186381463 -0.026505138388694029 0.061843897332094111 -0.055178903423189041 -0.0063550515002318815 0.051375133784374777 -0.066357095914264849 0.034672850963363859 0.0041897367628163902 0.029430978724324947 -0.06105988953600288 -0.014262970623535843 0.017415440378192874 0.097617144707463327 -0.039217597022987584 0.035203347436803423
leaf_weight=3.582804985111582 3.0823280811309841 3.4576902016997355 2.7908976650796822 4.4975354224443436 2.7967877984046936 3.7975945770740509 3.3823829665780067 3.5294170684646806 4.0519548878073728 1.8180263815447677 4.0745286983437836 3.4089224375784397 2.6914401380345225 3.231829933822155 3.32633376121521 4.0159516669809818
leaf_count=29 30 20 23 21 25 22 20 36 31 34 35 20 21 25 17 32
internal_value=3.06766e-05 -0.00671371 0.00208541 -0.025549 -0.0103289 0.0142593 -0.0391992 0.00479041 0.00129831 0.00549796 -0.0331408 0.016483 0.0380273 0.0611748 -0.00350633 0.0124923
internal_weight=57.5364 23.8052 16.2254 7.57986 13.4345 7.25528 6.17917 33.7312 30.2018 26.619 5.89256 20.7264 9.97522 5.92327 10.7512 7.42487
internal_count=441 161 110 51 87 42 45 280 244 215 69 146 77 46 69 52
is_linear=0
shrinkage=0.1


Tree=79
num_leaves=17
num_cat=0
split_feature=9 1 3 14 14 14 10 3 0 14 14 7 3 12 14 10
split_gain=0.173723 0.375602 0.838059 0.90081 0.793676 0.520165 0.424182 0.759382 1.279 0.74563 0.716708 1.00828 0.258648 0.246522 0.425871 0.210623
threshold=1.0000000180025095e-35 1.5000000000000002 1.0000000180025095e-35 104.90000000000002 32.050000000000004 60.70000000000001 34.000000000000007 0.40000000000000008 1.5000000000000002 101.65000000000002 82.250000000000014 0.45000000000000007 1.0000000180025095e-35 1.0000000180025095e-35 74.850000000000009 47.500000000000007
decision_type=2 2 2 2 2 2 2 2 2 2 2 2 2 2 2 2
left_child=1 6 5 4 -4 -3 12 8 -8 10 11 15 -1 14 -6 -9
right_child=-2 2 3 -5 13 -7 7 9 -10 -11 -12 -13 -14 -15 -16 -17
leaf_value=-0.045513776188982898 0.022528743927322629 -0.073878106735091778 0.032389104782836936 0.04734837044586554 -0.010538353512731136 -0.017166802552225833 0.078122949132773109 -0.0073289118682323962 -0.0053437634889497293 -0.036607669817489405 0.047899554749447869 0.041848648528433049 0.0036110857732093177 -0.0041386096568036736 -0.064335515037077531 -0.039747439488828216
leaf_weight=2.3808575519360629 3.2348517915233961 2.7948549762368229 3.1270783301442853 3.3472308227792373 2.8616572320461255 3.8388069625943899 3.796830540988597 4.6129680816084164 3.5546688814647496 4.3197902706451705 3.8326462786644688 3.6454094164073458 1.9492885498329995 3.3233427945524454 3.0290964674204588 3.5436194688081741
leaf_count=21 25 13 20 26 18 31 37 30 33 35 39 25 26 22 22 18
internal_value=1.9614e-05 -0.00132983 -0.0112624 0.00133726 -0.0111421 -0.0410601 0.00567844 0.0102896 0.0377643 0.000167492 0.0103283 -0.00187277 -0.0233994 -0.0259157 -0.0382015 -0.0214131
internal_weight=57.193 53.9581 22.3221 15.6884 12.3412 6.63366 31.6361 27.3059 7.3515 19.9544 15.6346 11.802 4.33015 9.2141 5.89075 8.15659
internal_count=441 416 152 108 82 44 264 217 70 147 112 73 47 62 40 48
is_linear=0
shrinkage=0.1


Tree=80
num_leaves=17
num_cat=0
split_feature=14 10 1 2 1 10 10 2 3 10 14 10 10 12 14 14
split_gain=0.145428 0.300617 0.667108 0.285218 0.20129 0.675351 0.963221 1.10759 1.68705 0.77279 0.924507 0.888099 0.495937 0.472503 0.353987 0.28889
threshold=15.900000000000002 34.000000000000007 1.0000000180025095e-35 1.5000000000000002 1.0000000180025095e-35 60.500000000000007 52.500000000000007 1.5000000000000002 2.5000000000000004 36.000000000000007 77.700000000000003 40.500000000000007 43.000000000000007 1.0000000180025095e-35 72.250000000000014 100.95000000000002
decision_type=2 2 2 2 2 2 2 2 2 2 2 2 2 2 2 2
left_child=-1 2 3 -2 5 6 7 9 -9 -3 -11 -12 13 -6 -14 -16
right_child=1 4 -4 -5 12 -7 -8 8 -10 10 11 -13 14 -15 15 -17
leaf_value=-0.015935541565261779 -0.026066044675191392 -0.017749466375186183 0.074580244878482291 0.029425954436070358 -0.0058396011705001919 0.056356930326824595 -0.03278463325645993 -0.052063956581603982 0.04077657325402461 0.100321821849435 -0.0241086260533501 0.070492333107823199 0.026481039465704105 -0.056540043265454511 -0.029324157037901245 0.0071507184706652432
leaf_weight=5.1975282523781052 1.9873670465312891 1.9389877708163199 1.7553994092158971 1.7346864286810157 4.0098782517015961 2.3215138725936404 6.5221495777368537 4.7660566235426796 3.3211974310688674 2.6093348562717438 1.9638883264269682 2.0060077551752329 4.382755364291369 3.3939552297815681 3.7557896170765144 5.147445060312748
leaf_count=31 18 20 22 27 33 17 35 41 24 25 18 26 26 22 27 29
internal_value=8.27014e-06 0.00161374 0.0237629 -0.00020365 -0.00101573 0.00493978 -0.000221391 0.0125685 -0.0139371 0.0377331 0.0540845 0.0236937 -0.0083412 -0.0290809 0.00321636 -0.00823604
internal_weight=56.8139 51.6164 5.47745 3.72205 46.139 25.4491 23.1276 16.6055 8.08725 8.51822 6.57923 3.9699 20.6898 7.40383 13.286 8.90323
internal_count=441 410 67 45 343 206 189 154 65 89 69 44 137 55 82 56
is_linear=0
shrinkage=0.1


Tree=81
num_leaves=19
num_cat=0
split_feature=9 10 3 14 12 7 14 14 14 11 10 14 14 14 10 14 14 14
split_gain=0.155161 0.361253 0.847968 0.725439 0.754943 0.360066 0.340353 0.48604 0.329886 0.81925 0.910205 1.16 0.618373 0.36797 0.608997 0.302378 0.10019 0.0815626
threshold=1.0000000180025095e-35 69.500000000000014 2.5000000000000004 105.75000000000001 1.0000000180025095e-35 0.90000000000000013 56.400000000000013 82.250000000000014 132.25000000000003 1.0000000180025095e-35 36.000000000000007 49.550000000000004 47.750000000000007 58.850000000000001 56.500000000000007 68.850000000000009 80.550000000000011 77.050000000000011
decision_type=2 2 2 2 2 2 2 2 2 2 2 2 2 2 2 2 2 2
left_child=1 2 5 4 6 8 -4 -8 9 -1 12 -12 -11 -13 16 -7 -15 -6
right_child=-2 -3 3 -5 17 15 7 -9 -10 10 11 13 -14 14 -16 -17 -18 -19
leaf_value=-0.035494711339406064 0.021435756546912169 -0.029700324157451365 0.020208548160390728 0.058476296921064735 0.058213559670465133 -0.053373475151472449 -0.050674530860535354 0.0032677828848908818 -0.034305840638296156 -0.064112329334002779 0.06866381960840677 -0.038220455237714647 0.0065338332808831919 0.062572330429478754 -0.021347627478085537 -0.0097008302821099419 0.0280615555241778 0.03029719424882938
leaf_weight=4.8215584638528624 3.1906248880550256 4.1228310465812674 3.2655334323644656 3.6135022775270036 2.066561058163642 2.9685438722372046 2.843242883682251 4.0492686782963574 3.033146660309284 2.2091645672917393 4.1848817560821754 1.6697945557534692 2.8213649864774197 1.4325426267459991 2.6511476375162601 3.4025110162328929 2.0380272220354527 2.1204638620838523
leaf_count=30 25 26 22 37 15 14 18 31 20 10 38 10 34 12 13 27 33 26
internal_value=1.51536e-05 -0.00126678 0.0011163 0.018431 0.00834362 -0.00883952 -0.00638471 -0.0189841 -0.00340417 0.000889732 0.0112049 0.0261983 -0.0244905 0.00338981 0.0147397 -0.0300498 0.0423065 0.0440757
internal_weight=56.5047 53.3141 49.1913 17.9586 14.3451 31.2327 10.158 6.89251 24.8616 21.8285 17.0069 11.9764 5.03053 7.79151 6.12172 6.37105 3.47057 4.18702
internal_count=441 416 390 149 112 241 71 49 200 180 150 106 44 68 58 41 45 41
is_linear=0
shrinkage=0.1


Tree=82
num_leaves=17
num_cat=0
split_feature=9 7 10 14 10 3 14 14 14 14 14 14 14 3 2 14
split_gain=0.125627 0.333887 0.801752 0.492482 0.93631 0.372424 0.59847 0.343139 1.0271 0.815863 0.94711 0.560506 0.393509 0.387869 0.93189 0.115814
threshold=1.0000000180025095e-35 0.90000000000000013 60.500000000000007 90.250000000000014 47.500000000000007 1.7500000000000002 62.900000000000006 132.25000000000003 107.15000000000002 93.350000000000009 81.600000000000009 95.250000000000014 22.150000000000002 1.0000000180025095e-35 1.5000000000000002 56.400000000000013
decision_type=2 2 2 2 2 2 2 2 2 2 2 2 2 2 2 2
left_child=1 2 7 5 -5 -3 -7 8 9 10 12 -11 -1 -14 15 -15
right_child=-2 3 -4 4 -6 6 -8 -9 -10 11 -12 -13 13 14 -16 -17
leaf_value=0.024152896696564681 0.019271372819499106 -0.0525988633755946 0.058379334925623555 0.048057941699873714 -0.043806928604576217 0.017560689224342532 -0.04127776300436517 -0.027728441178307008 0.062953020595915607 -0.085722516205630483 0.057538087980535883 -0.01434426572579872 0.01390231360458574 0.011545581448867893 -0.065732178378058226 -0.012500234884241068
leaf_weight=4.4747513644397392 3.1938883322291067 3.4723220840096456 2.5189446583390227 2.9167164303362361 1.7906092852354047 3.3878314420580864 3.5298869423568249 3.9662180780433109 2.6581878876313558 1.7015917506068934 3.0560668841935685 3.1124565503560007 4.9758593505248454 3.6491611544042808 3.1545187542214981 4.4402365200221539
leaf_count=33 25 18 20 37 12 21 21 26 34 9 39 40 38 23 18 27
internal_value=1.25687e-05 -0.00115228 0.00387919 -0.0137192 0.0131137 -0.0258761 -0.0124627 -2.21094e-05 0.00349741 -0.00203545 0.00557328 -0.0395739 -0.00210063 -0.00934352 -0.0196307 -0.00165307
internal_weight=55.9992 52.8054 37.708 15.0974 4.70733 10.39 6.91772 35.189 31.2228 28.5646 23.7506 4.81405 20.6945 16.2198 11.2439 8.0894
internal_count=441 416 307 109 49 60 42 287 261 227 178 49 139 106 68 50
is_linear=0
shrinkage=0.1


Tree=83
num_leaves=17
num_cat=0
split_feature=14 14 1 14 3 12 14 14 7 14 7 14 3 11 3 14
split_gain=0.146003 0.237518 0.625643 0.367419 0.483439 0.184868 0.524107 0.629595 0.957861 1.32837 0.875437 0.402088 0.352661 0.259718 1.25754 0.28705
threshold=136.00000000000003 111.55000000000003 1.5000000000000002 100.95000000000002 2.5000000000000004 1.0000000180025095e-35 15.900000000000002 55.650000000000006 0.45000000000000007 66.200000000000017 0.45000000000000007 91.100000000000009 1.7500000000000002 1.0000000180025095e-35 1.0000000180025095e-35 49.550000000000004
decision_type=2 2 2 2 2 2 2 2 2 2 2 2 2 2 2 2
left_child=1 3 -3 5 -5 6 -1 10 9 -9 -8 12 -11 -7 -15 -16
right_child=-2 2 -4 4 -6 13 7 8 -10 11 -12 -13 -14 14 15 -17
leaf_value=-0.037827933507845773 0.019658249675218772 -0.048574927190892889 0.016809274890388266 0.068590275894989394 -0.00075951961726272884 -0.020778892210465253 0.046624634355207174 -0.094027256283923957 0.0235576360191035 -0.024362824355715774 -0.019484700235354379 -0.042934263689508839 0.025878163336992166 0.074656231117018301 0.020551453619674392 -0.018566090868857601
leaf_weight=4.4324016571044949 3.5382833173498502 3.3640198684297493 2.5903499904088676 1.7944999644532789 2.2853428055532277 2.5350401792675248 5.271961949765684 2.4395640939474097 5.0763726932927957 2.4183579639065993 3.2305255085229874 2.5719417424406856 3.3086056858301163 2.6492572240531436 2.9152910783886892 5.2616909686475992
leaf_count=21 31 27 23 23 28 18 39 11 36 20 20 22 28 34 23 37
internal_value=7.61148e-07 -0.00133309 -0.0201306 0.00109007 0.0297437 -0.00168598 -0.00620288 -0.000438474 -0.0122366 -0.0291575 0.0215064 -0.0100883 0.00466261 0.00803311 0.0147796 -0.00461974
internal_weight=55.6835 52.1452 5.95437 46.1909 4.07984 42.111 28.7497 24.3173 15.8148 10.7385 8.50249 8.29891 5.72696 13.3613 10.8262 8.17698
internal_count=441 410 50 360 51 309 197 176 117 81 59 70 48 112 94 60
is_linear=0
shrinkage=0.1


Tree=84
num_leaves=15
num_cat=0
split_feature=1 14 11 14 14 3 11 14 3 0 14 3 7 14
split_gain=0.143277 0.388315 0.372331 0.670355 0.687636 0.633672 0.288147 0.878678 0.787214 0.697715 0.709054 0.791419 0.445123 0.448365
threshold=1.5000000000000002 121.35000000000001 1.0000000180025095e-35 89.15000000000002 105.35000000000001 1.7500000000000002 1.0000000180025095e-35 91.100000000000009 2.5000000000000004 1.0000000180025095e-35 27.550000000000004 1.1000000000000003 0.90000000000000013 45.150000000000013
decision_type=2 2 2 2 2 2 2 2 2 2 2 2 2 2
left_child=1 6 -2 5 -5 -4 -1 9 -9 10 -8 -12 13 -11
right_child=2 -3 3 4 -6 -7 7 8 -10 12 11 -13 -14 -15
leaf_value=-0.026562566283380523 0.019789290139329549 0.036219480145534749 -0.0035287428575912771 0.052296586960252994 -0.01210089622124752 -0.050913390934448945 -0.013008918964614044 0.025375168355448865 -0.055341162286464629 -0.017151481481229951 0.0093931336648443234 0.077109118001609869 -0.034991917177501712 0.033198371978755997
leaf_weight=3.4599102237261858 4.4802516009658602 3.4045734149403861 5.5767457652837056 2.6285685505717984 4.4913354692980647 5.713759858161211 2.4412616696208751 1.744752999395131 3.9297230895608664 3.2857686690986156 2.9198453607968986 4.2209668625146151 3.1924855802208185 3.830402422696352
leaf_count=29 28 36 39 25 34 35 16 34 35 20 25 36 17 32
internal_value=-6.57232e-06 0.00426909 -0.00606399 -0.0123555 0.0116737 -0.0275086 0.000521388 0.00418684 -0.030523 0.0140889 0.033515 0.0494204 -0.00396791 0.0099502
internal_weight=55.3204 32.4297 22.8907 18.4104 7.1199 11.2905 29.0251 25.5652 5.67448 19.8907 9.58207 7.14081 10.3087 7.11617
internal_count=441 280 161 133 59 74 244 215 69 146 77 61 69 52
is_linear=0
shrinkage=0.1


Tree=85
num_leaves=18
num_cat=0
split_feature=10 10 7 14 7 14 7 14 3 3 1 12 14 14 14 3 10
split_gain=0.149192 1.0123 0.760538 0.612447 0.548153 0.458235 0.531429 0.463708 0.415451 0.614187 0.927419 0.419537 0.359339 0.498319 0.299055 0.272088 0.137948
threshold=47.500000000000007 43.000000000000007 1.5500000000000003 75.950000000000017 0.65000000000000013 32.650000000000006 1.0000000180025095e-35 80.550000000000011 1.0000000180025095e-35 1.7500000000000002 1.5000000000000002 1.0000000180025095e-35 114.25000000000001 102.55000000000001 65.40000000000002 2.5000000000000004 56.500000000000007
decision_type=2 2 2 2 2 2 2 2 2 2 2 2 2 2 2 2 2
left_child=1 2 4 -3 8 -2 12 -8 11 -10 14 -1 13 15 -11 16 -7
right_child=5 3 -4 -5 -6 6 7 -9 9 10 -12 -13 -14 -15 -16 -17 -18
leaf_value=0.0050207517105367271 -0.031373563040680029 0.10040021706526842 -0.037406282392301891 0.017943204204463704 0.054844068487262691 0.023689209818629903 0.058192899674529022 -0.00014238790189639674 -0.038354184143202394 0.009263439260909289 -0.033915226578279056 0.066318655026602558 0.0184814097010709 -0.050456733302569924 0.062930436573531215 -0.025763906980208959 -0.0071174345043036411
leaf_weight=3.5311712282709911 5.3874038234353092 1.6074393661692732 4.9060885584913185 2.0489476383663714 2.107485791668295 3.0307879298925453 2.6539857573807231 2.8005156237632036 4.5567991742864233 1.880485266447067 2.9985795910470188 1.6328605061862616 3.9819047823548308 3.1469622673466793 2.3185379896312952 3.6998509764671326 2.7930696271359921
leaf_count=36 26 17 36 26 23 22 20 22 28 16 28 26 24 16 34 22 19
internal_value=-8.81836e-06 0.00518665 -0.00230071 0.0541934 0.00675173 -0.00522203 0.00115099 0.0282417 0.000760992 -0.00962562 0.00856242 0.0244031 -0.00772249 -0.0159574 0.0388963 -0.00455759 0.00891462
internal_weight=55.0829 27.5884 23.932 3.65639 19.0259 27.4945 22.1071 5.4545 16.9184 11.7544 7.1976 5.16403 16.6526 12.6707 4.19902 9.52371 5.82386
internal_count=441 270 227 43 191 171 145 42 168 106 78 62 103 79 50 63 41
is_linear=0
shrinkage=0.1


Tree=86
num_leaves=17
num_cat=0
split_feature=14 14 14 14 10 0 10 14 14 14 14 14 7 14 10 10
split_gain=0.134995 0.225334 0.231525 0.648204 0.618142 0.550091 0.422473 0.444983 0.41973 1.02617 0.536604 0.235753 0.462144 0.38943 0.162912 0.0745099
threshold=15.100000000000001 32.650000000000006 61.550000000000004 65.40000000000002 37.500000000000007 1.5000000000000002 34.000000000000007 89.15000000000002 88.000000000000014 77.700000000000003 98.550000000000011 129.65000000000001 0.90000000000000013 107.15000000000002 47.500000000000007 40.500000000000007
decision_type=2 2 2 2 2 2 2 2 2 2 2 2 2 2 2 2
left_child=-1 14 5 -4 6 15 7 -5 9 -6 -10 12 13 -12 -2 -3
right_child=1 2 3 4 8 -7 -8 -9 10 -11 11 -13 -14 -15 -16 -17
leaf_value=0.0176943359548026 -0.003460016064440392 0.02322430781497023 -0.049733223287699101 -0.015361743714099664 0.015514404649452612 -0.016371765721920836 0.074774469205387564 0.056623170382820803 0.03797714010358455 -0.052344865894003015 -0.00657691354240193 -0.022617257135825197 -0.029266582604954357 0.044005584987228875 -0.032425914803064823 0.046644702671401826
leaf_weight=3.9958139676600686 4.1429129280149928 2.5975712127983552 2.6536087319254866 2.1249254923313887 4.0300640370696801 3.2792182825505733 1.6620925441384313 1.44114110362716 3.7684173020534244 4.9848304055631161 2.8684380138292891 4.7572271851822725 2.7233746643178165 3.2426708471029997 3.654445007443428 2.8474680790677667
leaf_count=27 26 18 13 15 32 20 35 40 39 33 22 26 22 29 18 26
internal_value=-2.97888e-06 -0.0013956 0.00144172 -0.00226211 0.00172387 0.0159853 0.0331362 0.0137292 -0.00450281 -0.0220087 0.00458779 -0.00466969 0.00499478 0.0202631 -0.0170357 0.0354719
internal_weight=54.7742 50.7784 42.981 34.2568 31.6032 8.72426 5.22816 3.56607 26.375 9.01489 17.3601 13.5917 8.83448 6.11111 7.79736 5.44504
internal_count=441 414 370 306 293 64 90 55 203 65 138 99 73 51 44 44
is_linear=0
shrinkage=0.1


Tree=87
num_leaves=17
num_cat=0
split_feature=10 10 7 14 7 3 10 3 1 14 7 14 10 14 14 1
split_gain=0.118809 0.864547 0.600024 0.501536 0.439554 0.364931 0.517409 0.752871 1.33938 0.329056 0.437629 0.324841 0.315451 0.298529 0.437048 0.247026
threshold=47.500000000000007 43.000000000000007 1.5500000000000003 75.950000000000017 0.65000000000000013 1.0000000180025095e-35 34.000000000000007 1.7500000000000002 1.5000000000000002 32.650000000000006 1.0000000180025095e-35 80.550000000000011 34.000000000000007 114.25000000000001 102.55000000000001 1.0000000180025095e-35
decision_type=2 2 2 2 2 2 2 2 2 2 2 2 2 2 2 2
left_child=1 2 4 -3 5 12 -7 -8 -9 -2 13 -12 -1 14 15 -11
right_child=9 3 -4 -5 -6 6 7 8 -10 10 11 -13 -14 -15 -16 -17
leaf_value=-0.0030633049400610999 -0.02700866318349663 0.093417609163342907 -0.033641323272080449 0.017835190631909619 0.049083585436545001 0.032497887876095956 -0.054904615174554618 0.051750114870837007 -0.046770164286865853 -0.016490806378898076 0.050398668755286785 0.001432560733912595 0.046747469898098554 0.016473711132351253 -0.047325150655223441 0.017082665475042783
leaf_weight=2.4555193374399229 5.3091447874903706 1.5454415539279573 4.8449785572011015 2.0326144979335368 2.088292794302105 2.3500102222897103 3.7090426096692664 2.808773058000952 2.7125832512974739 5.9769914187490993 2.6526869870722285 2.7690736968070269 2.6365474129561335 3.9932364150881758 3.1254672212526193 3.460319759324193
leaf_count=27 26 17 36 26 23 31 22 33 20 38 20 22 35 24 16 25
internal_value=-4.43963e-06 0.0046747 -0.00226841 0.0504809 0.00583366 0.00041644 -0.00939404 -0.0200595 0.00334816 -0.00466589 0.000731423 0.02539 0.0227275 -0.00734378 -0.0149145 -0.00418063
internal_weight=54.4707 27.1838 23.6057 3.57806 18.7608 16.6725 11.5804 9.2304 5.52136 27.2869 21.9778 5.42176 5.09207 16.556 12.5628 9.43731
internal_count=441 270 227 43 191 168 106 75 53 171 145 42 62 103 79 63
is_linear=0
shrinkage=0.1


Tree=88
num_leaves=19
num_cat=0
split_feature=1 14 10 3 14 14 14 7 2 14 7 12 14 14 3 14 1 14
split_gain=0.143264 0.721875 0.336291 0.218774 0.643792 0.666351 0.490934 0.594672 0.429588 0.637831 0.463933 0.418217 0.283837 0.756175 0.843819 0.278687 0.178635 0.0360075
threshold=2.5000000000000004 15.100000000000001 75.000000000000014 2.5000000000000004 32.650000000000006 67.200000000000017 82.250000000000014 1.0000000180025095e-35 1.5000000000000002 55.650000000000006 0.90000000000000013 1.0000000180025095e-35 106.65000000000002 64.500000000000014 1.1000000000000003 40.900000000000006 1.5000000000000002 97.500000000000014
decision_type=2 2 2 2 2 2 2 2 2 2 2 2 2 2 2 2 2 2
left_child=1 -1 3 8 -5 -6 -7 16 10 -10 12 -11 13 15 -15 -3 -8 -9
right_child=-2 2 -4 4 5 6 7 17 9 11 -12 -13 -14 14 -16 -17 -18 -19
leaf_value=0.045891197980667639 -0.023459491875371916 0.014540118676008655 0.032098979909335003 -0.041555946339453358 0.058903494546782079 -0.031413290598564847 0.0092317560153341808 0.036257965633624968 0.008899731044665184 -0.078232816117240644 -0.03106923583647854 -0.018071574694073302 -0.016767254898811153 0.098395639180934011 0.011045489254216424 -0.024979919549116467 -0.025669246763224657 0.056422823594991928
leaf_weight=3.3674652986228457 2.4843949675559989 3.3223286345601135 2.7298750579357138 2.5891728475689915 2.5615885835140935 3.1271256618201724 3.6648440337739867 1.7036165222525599 2.6566187925636759 2.6877201871247962 4.3461814681068054 2.0268908278085291 4.1356059922836712 1.8119140614289788 2.8382848966866732 3.8545847665518522 2.4448747597634792 1.8440564065240321
leaf_count=25 16 22 16 13 23 21 35 15 21 30 28 21 33 30 22 23 19 28
internal_value=-2.67462e-06 0.00112424 -0.00199398 -0.00403428 0.00456916 0.0123513 0.00302382 0.0141748 -0.00960886 -0.0302872 -0.00210355 -0.0523685 0.00578296 0.0136681 0.0450808 -0.00668535 -0.00473428 0.0467395
internal_weight=54.1971 51.7127 48.3453 45.6154 17.9353 15.3461 12.7845 9.65739 27.6801 7.37123 20.3089 4.71461 15.9627 11.8271 4.6502 7.17691 6.10972 3.54767
internal_count=441 425 400 384 154 141 118 97 230 72 158 51 130 97 52 45 54 43
is_linear=0
shrinkage=0.1


Tree=89
num_leaves=18
num_cat=0
split_feature=10 3 14 10 12 10 7 14 14 14 2 11 10 14 3 12 14
split_gain=0.144665 0.427781 0.433933 1.31668 0.74179 0.869586 0.492066 0.261657 0.940561 1.03251 0.593808 0.523766 0.435729 0.826167 1.87204 0.276971 0.150568
threshold=69.500000000000014 2.5000000000000004 105.75000000000001 40.500000000000007 1.0000000180025095e-35 47.500000000000007 0.45000000000000007 16.750000000000004 36.900000000000013 45.150000000000013 1.5000000000000002 1.0000000180025095e-35 36.000000000000007 106.65000000000002 1.1000000000000003 1.0000000180025095e-35 72.250000000000014
decision_type=2 2 2 2 2 2 2 2 2 2 2 2 2 2 2 2 2
left_child=1 7 4 -4 6 -6 16 -1 -9 -10 11 -11 -13 14 -14 -12 -3
right_child=-2 2 3 -5 5 -7 -8 8 9 10 15 12 13 -15 -16 -17 -18
leaf_value=-0.028425645222558096 -0.017089431966620609 -0.0071906489480487975 -0.015553243033485917 0.10300470589571507 0.087556268418499214 -0.0062499646378702187 0.01724819333369185 0.043499192519610264 -0.074892561956066209 0.047135549934031851 -0.052892773357180338 -0.036690354528955284 0.089137849213623055 -0.028769862778099894 -0.017808962481761028 -0.0056872214702234298 -0.039948079334989693
leaf_weight=4.2862304979935315 4.5369149558246127 2.3038625689223426 1.8598879124037913 1.8872686624526978 2.0640653590671714 1.8959147613495586 4.3335663913749158 3.9153930665925172 2.1862094588577774 2.6774064213968929 2.8786295977188265 2.7626542958896509 2.9276685211807472 3.87252990109846 3.7119390964508057 2.1874195500276983 3.5892019914463162
leaf_count=26 29 17 21 20 31 10 31 29 11 21 33 29 34 26 24 23 26
internal_value=-1.08174e-06 0.00157023 0.0138923 0.0441589 0.00589786 0.0426448 -0.00833137 -0.00546601 -0.00183729 -0.00948712 -0.00268398 0.00678818 -0.00134952 0.00793827 0.0293482 -0.0325104 -0.0271417
internal_weight=53.8768 49.3398 17.9338 3.74716 14.1866 3.95998 10.2266 31.4061 27.1198 23.2045 21.0182 15.9522 13.2748 10.5121 6.63961 5.06605 5.89306
internal_count=441 412 156 41 115 41 74 256 230 201 190 134 113 84 58 56 43
is_linear=0
shrinkage=0.1


Tree=90
num_leaves=18
num_cat=0
split_feature=14 14 1 14 1 12 14 14 14 14 14 7 14 10 10 10 1
split_gain=0.157788 0.210505 0.607071 0.45886 0.548187 0.153901 0.411343 0.610461 0.821158 1.26254 0.832899 0.736208 0.380335 0.574375 0.778667 0.334005 0.279519
threshold=136.00000000000003 112.50000000000001 1.5000000000000002 100.95000000000002 1.0000000180025095e-35 1.0000000180025095e-35 15.900000000000002 55.650000000000006 63.500000000000007 72.250000000000014 82.250000000000014 0.45000000000000007 28.350000000000005 36.000000000000007 47.500000000000007 40.500000000000007 1.5000000000000002
decision_type=2 2 2 2 2 2 2 2 2 2 2 2 2 2 2 2 2
left_child=1 3 -3 5 -5 6 -1 11 -9 -10 -11 -8 -7 -14 16 -12 -15
right_child=-2 2 -4 4 -6 12 7 8 9 10 15 -13 13 14 -16 -17 -18
leaf_value=-0.035152157470756513 0.020797319295423122 -0.049858029601550675 0.016609632885696151 0.076413883827600865 0.002816676449171821 0.050786293753283598 0.043669475135410085 -0.063308297029845112 0.066078081354116872 -0.062395198680199715 0.033002849025752588 -0.018217749153337959 -0.033906869186116871 0.074344394556892263 -0.017259388088427179 -0.013394448079251851 0.019898039990824748
leaf_weight=4.2628013640642193 3.4177754858974358 3.0365840825252226 2.5098419771529734 1.6871611904352892 2.5292594293132424 1.6972761517390598 5.1503388052806276 2.6967723518609992 2.211336910724639 2.9201798103749734 2.2341328475158662 3.0667736493051052 3.4394184020347875 1.9066573595628145 3.6747554428875446 5.0783975697122514 1.8654645248316226
leaf_count=21 31 24 23 36 18 17 39 12 16 23 29 20 31 25 23 37 16
internal_value=9.99784e-06 -0.00141186 -0.0197804 0.000881654 0.0322659 -0.00240977 -0.00658584 -0.00137251 -0.0132821 -0.00244084 -0.0172481 0.0205721 0.00675665 -0.000107986 0.0155024 0.000780908 0.0474185
internal_weight=53.3849 49.9672 5.54643 44.4207 4.21642 40.2043 27.6207 23.3579 15.1408 12.444 10.2327 8.21711 12.5836 10.8863 7.44688 7.31253 3.77212
internal_count=441 410 47 363 54 309 197 176 117 105 89 59 112 95 64 66 41
is_linear=0
shrinkage=0.1


Tree=91
num_leaves=16
num_cat=0
split_feature=1 3 14 10 7 14 11 14 3 0 14 3 7 14 14
split_gain=0.138442 0.483004 0.68092 0.604463 0.485247 0.359897 0.341676 0.78068 0.727057 0.599397 0.589753 0.551539 0.420308 0.329854 0.178028
threshold=1.5000000000000002 1.0000000180025095e-35 60.70000000000001 43.000000000000007 0.90000000000000013 121.35000000000001 1.0000000180025095e-35 91.100000000000009 2.5000000000000004 1.0000000180025095e-35 27.550000000000004 1.1000000000000003 0.90000000000000013 45.150000000000013 78.15000000000002
decision_type=2 2 2 2 2 2 2 2 2 2 2 2 2 2 2
left_child=5 2 -2 14 -5 6 -1 9 -9 10 -8 -12 13 -11 -3
right_child=1 3 -4 4 -6 -7 7 8 -10 12 11 -13 -14 -15 -16
leaf_value=-0.02980223742092716 -0.066324350283166258 -0.031538593313247203 -0.0027272510673313904 0.0428027087760324 -0.007883498081895533 0.035593427949004892 -0.0098681691753339795 0.026145294293423816 -0.05240841495522252 -0.012728318108224612 0.01331665864719679 0.071887764197828927 -0.033610442019590209 0.031732345747561626 0.00039994200484204503
leaf_weight=3.260613128077245 2.7645453140139606 3.8850008454173786 4.3054143711924553 4.8434450402855873 3.0962128303945065 3.2886035491246721 2.3743145177140867 1.6993933176854614 3.8420719210989773 3.1032135784626007 2.7021472663618624 3.9694458032026887 3.0457366928458214 3.6096686944365501 3.1687395488843322
leaf_count=29 14 24 37 34 21 36 16 34 35 20 25 36 17 32 31
internal_value=1.5519e-06 -0.00604873 -0.0275954 0.00411137 0.0230367 0.00432227 0.000597129 0.00466846 -0.0283185 0.0143893 0.0329329 0.0481651 -0.00279999 0.0111792 -0.0171909
internal_weight=52.9586 22.0634 7.06996 14.9934 7.93966 30.8952 27.6066 24.346 5.54147 18.8045 9.04591 6.67159 9.75862 6.71288 7.05374
internal_count=441 161 51 110 55 280 244 215 69 146 77 61 69 52 55
is_linear=0
shrinkage=0.1


Tree=92
num_leaves=18
num_cat=0
split_feature=14 14 14 14 10 0 14 14 14 13 10 10 10 1 14 14 10
split_gain=0.154953 0.179121 0.239113 0.595648 0.545668 0.458387 0.423575 0.767245 0.448528 0.59312 0.538721 0.361515 0.329962 0.338195 0.168528 0.097813 0.0878118
threshold=15.100000000000001 32.650000000000006 61.550000000000004 65.40000000000002 37.500000000000007 1.5000000000000002 88.000000000000014 77.700000000000003 104.30000000000003 1.0000000180025095e-35 56.500000000000007 56.500000000000007 34.000000000000007 1.0000000180025095e-35 94.550000000000011 54.100000000000009 47.500000000000007
decision_type=2 2 2 2 2 2 2 2 2 2 2 2 2 2 2 2 2
left_child=-1 16 5 -4 12 15 7 -6 10 -10 14 -11 13 -5 -8 -3 -2
right_child=1 2 3 4 6 -7 8 -9 9 11 -12 -13 -14 -15 -16 -17 -18
leaf_value=0.019276643600675408 -0.0055762605465569156 0.021802721090431899 -0.049185049097333094 -0.0098586038577848194 0.010163825042684378 -0.014015666977597147 0.030565360328110976 -0.050061499634065781 -0.046174679171373467 0.026178747692692086 -0.010984500947830151 -0.015631837959579686 0.069846771579412326 0.055402748202194853 0.074695464001057074 0.049352060320432656 -0.027108044295200886
leaf_weight=3.862646027468144 4.0580922588706008 2.8083629747852665 2.549162656068801 2.1592890860047222 3.8506394014693814 3.128349993377924 1.7876339904032676 4.6938391886651516 2.8984389980323586 4.3658883175812662 2.241627424955368 3.9291663207113743 1.5440446136053649 1.2559171412140129 1.6773647398222236 2.3817670308053493 3.5518158599734306
leaf_count=27 26 27 13 36 32 20 22 33 20 39 12 22 35 19 23 17 18
internal_value=-4.94221e-06 -0.00152859 0.00107077 -0.00275352 0.00113945 0.0162204 -0.00477494 -0.0229205 0.0043992 -0.00723287 0.0272154 0.00637409 0.0314846 0.0141408 0.0519282 0.0344452 -0.0156259
internal_weight=52.744 48.8814 41.2715 32.953 30.4038 8.31848 25.4446 8.54448 16.9001 11.1935 5.70663 8.29505 4.95925 3.41521 3.465 5.19013 7.60991
internal_count=441 414 370 306 293 64 203 65 138 81 57 61 90 55 45 44 44
is_linear=0
shrinkage=0.1


Tree=93
num_leaves=17
num_cat=0
split_feature=1 3 10 10 7 10 10 14 14 14 14 2 2 10 3 14
split_gain=0.152583 0.390478 0.685298 0.561761 0.412285 0.281857 0.43311 1.06111 0.975262 0.401858 1.11247 0.610929 0.335672 1.76909 0.21867 0.127511
threshold=1.5000000000000002 1.0000000180025095e-35 47.500000000000007 43.000000000000007 0.90000000000000013 60.500000000000007 52.500000000000007 84.300000000000026 77.050000000000011 93.350000000000009 95.250000000000014 1.0000000180025095e-35 1.5000000000000002 37.500000000000007 2.5000000000000004 78.15000000000002
decision_type=2 2 2 2 2 2 2 2 2 2 2 2 2 2 2 2
left_child=5 2 -2 15 -5 6 7 8 12 -9 -11 -12 13 -1 -13 -3
right_child=1 3 -4 4 -6 -7 -8 9 -10 10 11 14 -14 -15 -16 -17
leaf_value=-0.030917592442810428 0.012235715261548786 -0.030053374646328596 -0.051775661123980403 0.039141688622151109 -0.0076920210220381771 0.035059058719575924 -0.021295356803616924 0.093723003744954819 -0.047542665356583892 -0.05933619552015014 0.12326140557395589 -0.0017346218826047788 -0.008346503863694477 0.078528121755396474 0.056801832368211819 -0.002938752495008612
leaf_weight=2.8377121426165193 2.8029969194903996 3.8630476426333171 4.1468392461538315 4.8492733128368855 3.0694273598492146 2.7569530978798857 6.3959575966000548 1.2858915368560691 4.0604008622467509 1.0625896556302903 1.0059425319777804 1.1245113599579784 5.4540712563320994 3.0797965526580811 1.475566041190177 3.1474716970697045
leaf_count=19 30 24 21 34 21 19 38 29 23 7 29 23 39 31 23 31
internal_value=-4.3661e-06 -0.00637858 -0.0259587 0.00273634 0.0209881 0.00456225 0.00153594 0.008364 -0.00547236 0.044223 0.030589 0.0570874 0.00954951 0.026044 0.0314853 -0.0178799
internal_weight=52.4184 21.8791 6.94984 14.9292 7.9187 30.5394 27.7824 21.3865 15.432 5.9545 4.66861 3.60602 11.3716 5.91751 2.60008 7.01052
internal_count=441 161 51 110 55 280 261 223 112 111 82 75 89 50 46 55
is_linear=0
shrinkage=0.1


Tree=94
num_leaves=20
num_cat=0
split_feature=14 10 14 1 2 7 14 0 7 14 14 11 14 3 14 2 14 1 14
split_gain=0.13229 0.302175 0.532606 0.531875 0.279498 0.257217 0.452769 0.393385 0.459963 0.329582 0.847235 0.418776 0.747662 0.799336 0.555019 0.404738 0.212997 0.0371419 0.024869
threshold=19.850000000000005 34.000000000000007 32.650000000000006 1.0000000180025095e-35 1.5000000000000002 0.28750000000000003 99.40000000000002 1.5000000000000002 1.1000000000000003 132.25000000000003 113.90000000000002 1.0000000180025095e-35 104.30000000000003 1.0000000180025095e-35 65.40000000000002 1.0000000180025095e-35 12.850000000000003 1.0000000180025095e-35 78.15000000000002
decision_type=2 2 2 2 2 2 2 2 2 2 2 2 2 2 2 2 2 2 2
left_child=16 3 -3 4 -2 9 7 8 -7 10 11 -4 13 18 -15 17 -1 -16 -13
right_child=1 2 5 -5 -6 6 -8 -9 -10 -11 -12 12 -14 14 15 -17 -18 -19 -20
leaf_value=-0.0068451173483026683 -0.029829782761396598 -0.035609937843038085 -0.042552205362584972 0.070707047483218474 0.029094581074343359 0.013190485511262251 -0.016374410189246149 -0.003010698823059911 0.077780056978837608 -0.033966861685296827 0.055679607676604251 0.039985264229596702 -0.055974360104551736 -0.037165057587082689 0.0024861161531848273 0.044734350814510104 0.030481702954872594 -0.015066710587843805 0.056880776852671511
leaf_weight=2.7717420617118469 1.6442679392639541 4.8811353705823413 2.9823955302126803 1.5247665885835884 1.5770848339889196 2.1959459418430907 3.5760292294435203 2.6707137143239379 2.2143281735479832 3.5870577840832985 2.3345251795835784 1.8138661920093029 2.215005475562065 3.8943695574998838 2.3463060143403709 2.2616599658504128 3.4088498651981354 2.4794003665447235 1.6763345043873412
leaf_count=18 17 25 22 22 27 23 31 23 17 21 28 19 14 23 21 21 25 22 22
internal_value=7.96595e-06 -0.00184239 -0.00459938 0.0220492 -0.000982051 -0.000423507 0.0126302 0.027278 0.0456199 -0.00585955 -0.00127751 -0.00803767 -0.00186902 0.00641209 -0.00683715 0.00982744 0.0137422 -0.00653235 0.0481001
internal_weight=52.0558 45.8752 41.1291 4.74612 3.22135 36.2479 10.657 7.08099 4.41027 25.5909 22.0039 19.6693 16.6869 14.4719 10.9817 7.08737 6.18059 4.82571 3.4902
internal_count=441 398 332 66 44 307 94 63 40 213 192 164 142 128 87 64 43 43 41
is_linear=0
shrinkage=0.1


Tree=95
num_leaves=18
num_cat=0
split_feature=1 14 10 14 14 10 14 1 7 7 14 11 3 14 1 3 10
split_gain=0.151552 0.687709 0.316445 0.164266 0.264148 0.841771 0.73558 1.22417 0.474247 0.452036 0.716068 0.42483 1.00022 0.297322 0.325658 0.278398 0.209593
threshold=2.5000000000000004 15.100000000000001 75.000000000000014 136.00000000000003 112.50000000000001 56.500000000000007 100.95000000000002 1.5000000000000002 1.5500000000000003 0.28750000000000003 45.150000000000013 1.0000000180025095e-35 1.0000000180025095e-35 87.750000000000014 1.0000000180025095e-35 2.5000000000000004 37.500000000000007
decision_type=2 2 2 2 2 2 2 2 2 2 2 2 2 2 2 2 2
left_child=1 -1 3 4 6 -6 8 -8 9 11 -11 -3 16 14 15 -14 -13
right_child=-2 2 -4 -5 5 -7 7 -9 -10 10 -12 12 13 -15 -16 -17 -18
leaf_value=0.045572127383049069 -0.024560140667296934 -0.034777246845124198 0.031365882319531704 0.017322207074640054 0.018127670535977625 -0.067586274391315468 0.10067311580412464 -0.02068421912113149 -0.035269733157135878 -0.012345986480584771 0.07024411497381354 0.0093192003232805878 -0.012480082916681623 -0.042778648114994183 -0.033581718237931678 0.028078323224611068 0.051937429121660744
leaf_weight=3.2616405282169572 2.3953459858894339 4.6276077413931551 2.6863284334540358 3.3353984861169002 2.1161405376624307 2.4985647574067116 1.7164950045989817 1.6116409217938781 5.156120089814066 2.1506340866908422 2.0508550498634577 1.7808278566226388 3.9066111166030151 3.0464783301576963 3.1831705570220947 2.9859787719324231 3.2781002976698801
leaf_count=25 16 31 16 31 30 12 37 13 31 15 27 18 25 30 20 25 39
internal_value=4.69241e-06 0.00119599 -0.00194158 -0.00400109 -0.00577429 -0.0282809 -0.00284817 0.0419062 -0.00747873 -0.00217357 0.0279684 -0.00772587 -0.000840547 -0.0154039 -0.00712699 0.00509046 0.0369351
internal_weight=51.7879 49.3926 46.131 43.4446 40.1092 4.61471 35.4945 3.32814 32.1664 27.0103 4.20149 22.8088 18.1812 13.1222 10.0758 6.89259 5.05893
internal_count=441 425 400 384 353 42 311 50 261 230 42 188 157 100 70 50 57
is_linear=0
shrinkage=0.1


Tree=96
num_leaves=18
num_cat=0
split_feature=7 7 14 14 10 14 14 10 14 14 14 14 14 11 3 10 14
split_gain=0.125348 0.741696 0.512298 0.482564 0.414913 0.869365 0.850166 0.240885 0.249759 0.5164 0.405325 0.67737 0.30125 0.291456 0.765252 0.597595 0.210162
threshold=0.90000000000000013 1.0000000180025095e-35 30.650000000000002 22.150000000000002 40.500000000000007 90.850000000000009 83.300000000000011 34.000000000000007 82.250000000000014 132.25000000000003 107.15000000000002 91.100000000000009 99.40000000000002 1.0000000180025095e-35 2.5000000000000004 40.500000000000007 78.15000000000002
decision_type=2 2 2 2 2 2 2 2 2 2 2 2 2 2 2 2 2
left_child=1 3 -2 -1 5 -4 -6 16 13 10 11 -10 -13 -9 15 -15 -5
right_child=2 -3 4 7 6 -7 -8 8 9 -11 -12 12 -14 14 -16 -17 -18
leaf_value=0.035047501524898925 -0.044156938141595124 0.056307878550449136 -0.058969982761977374 -0.0047574759880224561 0.05904104288912642 0.025736964954675978 -0.014285887503073561 -0.044551834051550998 0.047064448619203308 -0.030854307750865086 0.043046655302729608 -0.045628871487469656 0.0045104827955836646 -0.014300534425480946 -0.044681933735540268 0.044055292530339081 0.04505363784885931
leaf_weight=3.408237498253583 3.0690904781222335 2.4447094197385004 2.6358171729370934 1.6643505720421701 2.8738151304423809 2.2423675695899874 3.5152290845289826 3.0082768723368636 2.1161112876143289 3.5368327412288627 3.1874209532979876 2.4259118016343564 2.3680356231052428 4.2325365990400332 3.9853533953428268 2.9977253265678883 1.7248667094390837
leaf_count=27 15 25 17 14 23 31 30 17 27 21 36 20 22 26 29 27 34
internal_value=4.1944e-06 0.00307288 -0.00793712 -0.000682472 0.00192883 -0.0200325 0.0186968 -0.00457963 -0.0076421 0.00202902 0.013547 -6.03501e-05 -0.0208619 -0.0169123 -0.00949882 0.00989427 0.0205928
internal_weight=51.4367 37.1004 14.3363 34.6557 11.2672 4.87818 6.38904 31.2474 27.8582 13.6343 10.0975 6.91006 4.79395 14.2239 11.2156 7.23026 3.38922
internal_count=441 325 116 300 101 48 53 273 225 126 105 69 42 99 82 53 48
is_linear=0
shrinkage=0.1


Tree=97
num_leaves=18
num_cat=0
split_feature=10 3 7 2 10 14 14 14 14 14 2 1 10 10 12 14 10
split_gain=0.150609 0.363801 0.411359 0.803791 0.429547 1.38687 0.275655 0.25809 0.853489 0.742815 0.572459 0.423379 1.12623 0.538878 0.284711 0.181678 0.635441
threshold=69.500000000000014 2.5000000000000004 1.0000000180025095e-35 1.0000000180025095e-35 47.500000000000007 80.550000000000011 76.40000000000002 16.750000000000004 36.900000000000013 45.150000000000013 1.5000000000000002 1.5000000000000002 56.500000000000007 36.000000000000007 1.0000000180025095e-35 98.90000000000002 40.500000000000007
decision_type=2 2 2 2 2 2 2 2 2 2 2 2 2 2 2 2 2
left_child=1 7 4 6 5 -3 -4 -1 -9 -10 11 12 13 -11 -12 16 -13
right_child=-2 2 3 -5 -6 -7 -8 8 9 10 14 15 -14 -15 -16 -17 -18
leaf_value=-0.028173742829491113 -0.017660941062627649 0.10366156295779057 0.039082958583041734 -0.0044748120808795555 -0.015979025928840509 -0.018196368119431067 0.09454406859795278 0.043165886098871002 -0.066490766629798456 0.015794533800825905 -0.054043712433385904 -0.03054964753122701 -0.024761286569853047 0.093593564057788542 -0.004883551183893841 -0.02549160138828313 0.037291608252085405
leaf_weight=4.1344964494928744 4.4145036265254012 1.4655720945447699 1.9369539469480508 3.1381951123476028 6.1401243396103382 2.5747696948237717 1.6678110831417141 3.702018782496455 2.0220733135938671 1.5013922335347172 2.7442627964774138 2.7189705399796367 2.5239910930395126 2.1874482427956536 2.0642479476518929 3.3962460379116237 2.8050185395404696
leaf_count=26 29 20 13 25 36 33 29 29 11 19 33 21 13 34 23 26 21
internal_value=-5.40451e-06 0.00166271 0.013372 0.0325288 0.000683547 0.0260057 0.0647431 -0.00498694 -0.00125176 -0.00873845 -0.00288237 0.00666831 0.0267105 0.0619286 -0.0329397 -0.0072908 0.00389937
internal_weight=51.1381 46.7236 16.9234 6.74296 10.1805 4.04034 3.60477 29.8002 25.6657 21.9637 19.9416 15.1331 6.21283 3.68884 4.80851 8.92024 5.52399
internal_count=441 412 156 67 89 53 42 256 230 201 190 134 66 53 56 68 42
is_linear=0
shrinkage=0.1


Tree=98
num_leaves=19
num_cat=0
split_feature=1 14 10 14 14 10 14 1 7 12 14 10 3 14 1 14 14 14
split_gain=0.135823 0.606389 0.276941 0.161351 0.239155 0.653414 0.641444 1.02909 0.382748 0.440971 0.570539 0.761789 0.457474 0.415608 0.737622 0.423665 0.400356 0.0401423
threshold=2.5000000000000004 15.100000000000001 75.000000000000014 136.00000000000003 112.50000000000001 56.500000000000007 100.95000000000002 1.5000000000000002 1.5500000000000003 1.0000000180025095e-35 55.650000000000006 52.500000000000007 0.40000000000000008 52.900000000000006 1.5000000000000002 78.15000000000002 88.000000000000014 74.850000000000009
decision_type=2 2 2 2 2 2 2 2 2 2 2 2 2 2 2 2 2 2
left_child=1 -1 3 4 6 -6 8 -8 9 10 12 16 -3 -11 15 -15 17 -12
right_child=-2 2 -4 -5 5 -7 7 -9 -10 13 11 -13 -14 14 -16 -17 -18 -19
leaf_value=0.043038975420847878 -0.023371908225376638 -0.019746035330951445 0.029268406505784363 0.017602860118165892 0.013836165229393477 -0.062729290721468531 0.094630757835676593 -0.017744691689103677 -0.032503905374150453 -0.01577114824796122 -0.017095977978574272 -0.075403349334672271 0.031072096543793781 0.038749534802363303 0.081668320672773631 -0.024360538735625582 0.024144377014618454 -0.034399041971378129
leaf_weight=3.2258390821516505 2.3685685731470576 3.0609407294541695 2.6907897554337969 3.2479745179880402 2.0733707970939568 2.4104030057787895 1.6591241483110926 1.6015509562566876 5.0098464349284759 2.8907248908653838 2.5413442142307741 2.4658054411411285 4.2050097398459911 2.1122981775552034 1.9176169759593902 2.1427775281481445 2.2330961793195456 2.8381326124072075
leaf_count=25 16 22 16 31 30 12 37 13 31 21 18 15 32 20 23 24 33 22
internal_value=8.59297e-06 0.00115451 -0.00184128 -0.0038151 -0.00559143 -0.0273242 -0.00278147 0.0394351 -0.00716292 -0.00235545 -0.0116967 -0.0270965 0.00966385 0.0155206 0.0301748 0.00696847 -0.0114494 -0.0262248
internal_weight=50.6952 48.3266 45.1008 42.41 39.162 4.48377 34.6783 3.26068 31.4176 26.4077 17.3443 10.0784 7.26595 9.06342 6.17269 4.25508 7.61257 5.37948
internal_count=441 425 400 384 353 42 311 50 261 230 142 88 54 88 67 44 73 40
is_linear=0
shrinkage=0.1


Tree=99
num_leaves=16
num_cat=0
split_feature=10 3 7 2 0 2 14 14 14 2 1 10 14 12 10
split_gain=0.135051 0.300686 0.347463 0.707477 0.416348 0.381267 0.256063 0.697837 0.614312 0.472336 0.391221 0.882634 0.513735 0.239102 0.158528
threshold=69.500000000000014 2.5000000000000004 1.0000000180025095e-35 1.0000000180025095e-35 1.5000000000000002 1.0000000180025095e-35 16.750000000000004 36.900000000000013 45.150000000000013 1.5000000000000002 1.5000000000000002 56.500000000000007 78.800000000000011 1.0000000180025095e-35 43.000000000000007
decision_type=2 2 2 2 2 2 2 2 2 2 2 2 2 2 2
left_child=1 6 4 -4 5 -3 -1 -8 -9 10 11 12 -10 -11 -12
right_child=-2 2 3 -5 -6 -7 7 8 9 13 14 -13 -14 -15 -16
leaf_value=-0.027669514405003703 -0.016819529482841523 -0.029932822027265889 0.060973570143816103 -0.0045459776730127121 0.037000004252788064 0.01542369870486566 0.039497477922986218 -0.060828497243380776 0.024187505776340157 -0.049766604043861608 -0.021897338466173404 -0.020437828993893736 0.10032027477360433 -0.0043889045807290698 0.0050474785129894046
leaf_weight=4.0995310470461872 4.3595950417220584 4.406699465587737 3.5006106854416421 3.1141648055054247 2.3888639914803207 3.1985080090817064 3.6840579872950938 1.9698710888624216 2.0212467890232815 2.6427874157670876 3.9201285857707262 2.4290497116744518 1.5785266890889031 2.0712210270576179 4.9288959493860602
leaf_count=26 29 34 42 25 24 31 29 11 20 33 36 13 33 23 32
internal_value=1.1886e-06 0.00159694 0.0123491 0.0301277 0.00058193 -0.0108573 -0.00448854 -0.000724299 -0.00759663 -0.00224441 0.00649561 0.0261415 0.0575723 -0.0298287 -0.00688911
internal_weight=50.3138 45.9542 16.6088 6.61478 9.99407 7.60521 29.3453 25.2458 21.5617 19.5919 14.8778 6.02882 3.59977 4.71401 8.84902
internal_count=441 412 156 67 89 65 256 230 201 190 134 66 53 56 68
is_linear=0
shrinkage=0.1


end of trees

feature_importances:
Column_14=779
Column_10=251
Column_3=187
Column_1=123
Column_7=121
Column_2=80
Column_11=43
Column_12=40
Column_0=36
Column_13=13
Column_9=3

parameters:
[boosting: gbdt]
[objective: binary]
[metric: binary_logloss]
[tree_learner: serial]
[device_type: cpu]
[data_sample_strategy: bagging]
[data: ]
[valid: ]
[num_iterations: 100]
[learning_rate: 0.1]
[num_leaves: 31]
[num_threads: 1]
[seed: 42]
[deterministic: 0]
[force_col_wise: 0]
[force_row_wise: 0]
[histogram_pool_size: -1]
[max_depth: -1]
[min_data_in_leaf: 20]
[min_sum_hessian_in_leaf: 0.001]
[bagging_fraction: 1]
[pos_bagging_fraction: 1]
[neg_bagging_fraction: 1]
[bagging_freq: 0]
[bagging_seed: 400]
[bagging_by_query: 0]
[feature_fraction: 1]
[feature_fraction_bynode: 1]
[feature_fraction_seed: 30056]
[extra_trees: 0]
[extra_seed: 12879]
[early_stopping_round: 0]
[early_stopping_min_delta: 0]
[first_metric_only: 0]
[max_delta_step: 0]
[lambda_l1: 0]
[lambda_l2: 0]
[linear_lambda: 0]
[min_gain_to_split: 0]
[drop_rate: 0.1]
[max_drop: 50]
[skip_drop: 0.5]
[xgboost_dart_mode: 0]
[uniform_drop: 0]
[drop_seed: 17869]
[top_rate: 0.2]
[other_rate: 0.1]
[min_data_per_group: 100]
[max_cat_threshold: 32]
[cat_l2: 10]
[cat_smooth: 10]
[max_cat_to_onehot: 4]
[top_k: 20]
[monotone_constraints: ]
[monotone_constraints_method: basic]
[monotone_penalty: 0]
[feature_contri: ]
[forcedsplits_filename: ]
[refit_decay_rate: 0.9]
[cegb_tradeoff: 1]
[cegb_penalty_split: 0]
[cegb_penalty_feature_lazy: ]
[cegb_penalty_feature_coupled: ]
[path_smooth: 0]
[interaction_constraints: ]
[verbosity: -1]
[saved_feature_importance_type: 0]
[use_quantized_grad: 0]
[num_grad_quant_bins: 4]
[quant_train_renew_leaf: 0]
[stochastic_rounding: 1]
[linear_tree: 0]
[max_bin: 255]
[max_bin_by_feature: ]
[min_data_in_bin: 3]
[bin_construct_sample_cnt: 200000]
[data_random_seed: 175]
[is_enable_sparse: 1]
[enable_bundle: 1]
[use_missing: 1]
[zero_as_missing: 0]
[feature_pre_filter: 1]
[pre_partition: 0]
[two_round: 0]
[header: 0]
[label_column: ]
[weight_column: ]
[group_column: ]
[ignore_column: ]
[categorical_feature: ]
[forcedbins_filename: ]
[precise_float_parser: 0]
[parser_config_file: ]
[objective_seed: 16083]
[num_class: 1]
[is_unbalance: 0]
[scale_pos_weight: 1]
[sigmoid: 1]
[boost_from_average: 1]
[reg_sqrt: 0]
[alpha: 0.9]
[fair_c: 1]
[poisson_max_delta_step: 0.7]
[tweedie_variance_power: 1.5]
[lambdarank_truncation_level: 30]
[lambdarank_norm: 1]
[label_gain: ]
[lambdarank_position_bias_regularization: 0]
[eval_at: ]
[multi_error_top_k: 1]
[auc_mu_weights: ]
[num_machines: 1]
[local_listen_port: 12400]
[time_out: 120]
[machine_list_filename: ]
[machines: ]
[gpu_platform_id: -1]
[gpu_device_id: -1]
[gpu_use_dp: 0]
[num_gpu: 1]

end of parameters

pandas_categorical:null
