tree
version=v4
num_class=1
num_tree_per_iteration=1
label_index=0
max_feature_idx=27
objective=binary sigmoid:1
feature_names=Column_0 Column_1 Column_2 Column_3 Column_4 Column_5 Column_6 Column_7 Column_8 Column_9 Column_10 Column_11 Column_12 Column_13 Column_14 Column_15 Column_16 Column_17 Column_18 Column_19 Column_20 Column_21 Column_22 Column_23 Column_24 Column_25 Column_26 Column_27
feature_infos=[0:4] [0:6] [0:4] [0:15] none none [0:0.20000000000000001] [0:4] none [0:1.2] [0.20000000000000001:822] [4.4000000000000004:285] [0:1] [0:1] [0:1] [0:1] [0:1] [0:1] [0:1] [0:1] none [0:6] [0.01:200.00999999999999] [16:99] [19:178] [49.200000000000003:98.599999999999994] [25:100] [0.38:913]
tree_sizes=1885 1790 1788 1887 1802 1995 2103 2004 1901 1904 2016 2307 2007 1806 1906 2005 2006 1891 1804 2013 1911 2007 1904 2103 1795 2111 2003 2004 2119 1914 2115 1904 1900 1805 1797 1914 1904 2125 2006 2008 2014 2220 2014 2015 2027 2025 2018 2024 1902 1913 2132 2337 2116 1921 1921 1709 2011 1925 1709 2029 2138 1823 2135 2143 2029 2254 2240 2151 2028 2032 2132 2241 2031 2365 2152 2040 1827 2045 2251 2252 1922 2041 2158 2145 2266 2033 2140 2032 2142 2035 2131 2149 2154 2142 1939 1937 2039 2044 1932 2048

Tree=0
num_leaves=17
num_cat=0
split_feature=10 22 11 23 12 25 25 27 21 26 25 25 1 23 27 11
split_gain=44.1601 39.8253 14.4717 11.9452 8.57957 6.45293 6.5599 6.30283 6.44901 6.15096 3.41721 2.76942 3.55378 2.05961 2.02852 0.576119
threshold=111.50000000000001 1.0850000000000002 84.450000000000017 84.500000000000014 1.0000000180025095e-35 95.750000000000014 84.250000000000014 132.50000000000003 1.5000000000000002 56.500000000000007 90.800000000000026 84.850000000000009 1.5000000000000002 65.500000000000014 60.500000000000007 77.700000000000003
decision_type=2 2 2 2 2 2 2 2 2 2 2 2 2 2 2 2
left_child=5 3 4 9 10 6 -1 8 -8 11 -3 15 14 -4 -13 -2
right_child=1 2 13 -5 -6 -7 7 -9 -10 -11 -12 12 -14 -15 -16 -17
leaf_value=-0.13052318333802931 0.15549472660730035 -0.062390635934351055 0.11990145091612511 -0.018592326376774077 0.001647883570426438 -0.17292021988340217 -0.072699995458008246 -0.10838901064494837 0.08095241536075154 0.041579366987304654 -0.15681606949380836 0.10627256467372242 0.057923531930009937 0.023848273365827895 0.20000003175326483 0.20000003175326486
leaf_weight=10.790544062852861 4.2177411913871792 6.4385168254375467 4.6870208382606489 6.0111113786697379 9.4635657072067261 7.5503485500812522 4.8184190690517443 6.6955376565456381 6.3071185946464539 5.9244751632213584 9.4693413376808149 4.0054823756217939 5.2848109006881705 4.2625032067298889 5.4523077011108398 9.3711538612842542
leaf_count=30 23 22 24 23 38 18 16 20 30 26 24 20 24 18 32 55
internal_value=3.49286e-08 0.0439678 -0.0351802 0.111428 -0.0737465 -0.0906884 -0.0689881 -0.031729 0.0144063 0.134244 -0.118598 0.153621 0.123604 0.074153 0.160305 0.186186
internal_weight=110.75 74.588 34.3209 40.2671 25.3714 36.162 28.6116 17.8211 11.1255 34.256 15.9079 28.3315 14.7426 8.94952 9.45779 13.5889
internal_count=443 329 126 203 84 114 96 66 46 180 46 154 76 42 52 78
is_linear=0
shrinkage=1


Tree=1
num_leaves=16
num_cat=0
split_feature=10 11 22 23 26 22 24 25 24 25 11 7 21 11 25
split_gain=35.9219 33.3828 15.6593 11.0815 6.96541 5.85044 5.50188 5.30703 5.39238 5.14594 4.07502 3.65308 6.66924 1.79851 0.0127317
threshold=111.50000000000001 84.450000000000017 1.4400000000000002 84.500000000000014 52.500000000000007 0.44500000000000006 32.500000000000007 95.750000000000014 34.500000000000007 90.950000000000017 85.700000000000003 1.0000000180025095e-35 1.5000000000000002 100.95000000000002 85.350000000000009
decision_type=2 2 2 2 2 2 2 2 2 2 2 2 2 2 2
left_child=7 2 3 4 6 13 -2 8 10 -4 -1 12 -7 -3 -15
right_child=1 5 9 -5 -6 11 -8 -9 -10 -11 -12 -13 -14 14 -16
leaf_value=-0.12310713864024517 0.049129326866860168 0.1160012919722968 -0.023941448473528078 -0.081828601543442722 -0.024887963254865055 -0.027002896148129393 0.18708610522363633 -0.15683779292540234 0.0095268910793940009 -0.1216577908076973 -0.03203233282938913 0.15054682263241681 0.12529181879134718 0.18452240869752676 0.19172058239932713
leaf_weight=12.966581463813787 5.252263471484186 5.3320542871952084 9.8832430243492144 5.2868404984474173 4.2158018201589575 5.9955892264843005 6.4298205971717834 7.4941870719194403 7.6531843692064276 11.852213114500044 7.9097161740064612 4.7127372771501532 5.5254242122173309 4.9002234637737256 4.9287192970514297
leaf_count=36 24 28 37 17 16 23 38 18 31 33 29 26 29 29 29
internal_value=3.04885e-06 0.0397288 -0.0175931 0.0435896 0.0852974 0.118094 0.125061 -0.0819491 -0.0622771 -0.0772256 -0.0886003 0.0763767 0.0460369 0.162764 0.188132
internal_weight=110.339 74.3149 42.9202 21.1847 15.8979 31.3947 11.6821 36.0237 28.5295 21.7355 20.8763 16.2338 11.521 15.161 9.82894
internal_count=443 329 165 95 78 164 62 114 96 70 65 78 52 86 58
is_linear=0
shrinkage=0.1


Tree=2
num_leaves=16
num_cat=0
split_feature=10 11 24 25 7 22 23 22 25 25 27 27 27 11 25
split_gain=29.3788 27.4158 13.2078 11.2871 9.18639 10.6391 7.77319 4.95729 4.54026 7.09787 6.38885 3.0964 4.91344 1.54337 0.00711514
threshold=111.50000000000001 84.450000000000017 34.500000000000007 90.050000000000011 0.28750000000000003 3.1250000000000004 75.500000000000014 0.44500000000000006 94.15000000000002 84.250000000000014 97.500000000000014 53.500000000000007 63.500000000000007 100.95000000000002 82.700000000000003
decision_type=2 2 2 2 2 2 2 2 2 2 2 2 2 2 2
left_child=8 2 4 -4 5 6 -2 13 9 -1 -11 -9 -13 -3 -15
right_child=1 7 3 -5 -6 -7 -8 11 -10 10 -12 12 -14 14 -16
leaf_value=-0.11210370288818923 0.15311586498858859 0.10571649700758663 0.1588560819850301 -0.027102059989624717 -0.11478343308083601 -0.10225787332603498 -0.024618948180532917 0.016039527186334734 -0.12785143197272969 0.064370817350591622 -0.070362517602665389 0.18340735184844859 0.039834331080276897 0.16978350203094045 0.17530937176149181
leaf_weight=10.678485691547396 4.8411228805780464 5.2688646316528347 6.6672625392675382 6.3944713026285172 13.249361202120779 6.4754219949245444 5.0042771995067596 6.5219602435827282 10.991248056292532 6.9360868930816633 7.1447232663631439 4.3823418617248517 5.2263472080230713 3.9546758830547315 5.672368511557579
leaf_count=30 27 28 38 24 38 19 19 28 29 32 23 26 24 24 34
internal_value=1.59555e-05 0.0361171 -0.015929 0.0678189 -0.0529221 -0.0027027 0.0627758 0.107631 -0.0743648 -0.0506209 -0.00399403 0.0692192 0.105315 0.149226 0.173039
internal_weight=109.409 73.6585 42.6319 13.0617 29.5702 16.3208 9.8454 31.0266 35.7505 24.7593 14.0808 16.1306 9.60869 14.8959 9.62704
internal_count=443 329 165 62 103 65 46 164 114 85 55 78 50 86 58
is_linear=0
shrinkage=0.1


Tree=3
num_leaves=17
num_cat=0
split_feature=10 22 11 23 12 26 25 1 11 11 27 22 11 23 11 24
split_gain=24.1512 23.0705 7.85143 6.89878 6.5874 4.27613 4.03085 5.14888 3.99558 2.63001 2.32885 4.26658 3.37251 1.63797 0.0176079 0.0131962
threshold=111.50000000000001 1.0850000000000002 84.450000000000017 84.500000000000014 1.0000000180025095e-35 56.500000000000007 95.750000000000014 1.5000000000000002 85.700000000000003 32.650000000000006 74.500000000000014 0.14500000000000005 100.95000000000002 65.500000000000014 102.55000000000001 33.500000000000007
decision_type=2 2 2 2 2 2 2 2 2 2 2 2 2 2 2 2
left_child=6 3 4 5 9 10 7 8 -1 -3 11 14 -13 -4 -2 -12
right_child=1 2 13 -5 -6 -7 -8 -9 -10 -11 15 12 -14 -15 -16 -17
leaf_value=-0.059136067105595193 0.16906146504698216 -0.14472861833166462 0.095035837516157975 -0.013477910793779777 0.0100859034724243 0.025719489060500575 -0.13475712686362348 -0.10771135095225287 0.03617990302001705 -0.061376402381490051 0.17238548111614554 0.01072914466171121 0.11437747265906686 0.0087341864973939747 0.15910955871205912 0.1639128572485935
leaf_weight=10.352685600519182 3.6149869412183824 6.467930108308793 4.5889817774295789 5.9697600007057181 9.3855532556772232 5.839257910847663 7.1684727966785422 10.151279374957086 7.6460455954074851 9.1276329010725004 3.6346487998962393 5.742779538035391 6.9245414733886719 4.2230794131755829 3.4983429163694382 3.7194784730672836
leaf_count=34 22 16 24 23 38 26 18 29 33 30 22 26 39 18 22 23
internal_value=3.43286e-05 0.0329778 -0.0274804 0.0854399 -0.0561085 0.103348 -0.0678114 -0.0507635 -0.0186449 -0.095945 0.120054 0.102191 0.0673881 0.0536768 0.164167 0.1681
internal_weight=108.055 72.737 33.7932 38.9438 24.9811 32.974 35.3185 28.15 17.9987 15.5956 27.1348 19.7807 12.6673 8.81206 7.11333 7.35413
internal_count=443 329 126 203 84 180 114 96 67 46 154 109 65 42 44 45
is_linear=0
shrinkage=0.1


Tree=4
num_leaves=16
num_cat=0
split_feature=10 11 24 25 7 23 26 22 26 7 21 12 25 11 25
split_gain=19.8942 19.8054 10.2375 8.86861 6.86644 5.49429 4.20776 3.96694 3.85891 2.99858 5.57356 2.6231 1.84926 1.45569 0.00479469
threshold=111.50000000000001 84.450000000000017 34.500000000000007 90.050000000000011 0.90000000000000013 75.500000000000014 43.000000000000007 0.44500000000000006 37.500000000000007 1.0000000180025095e-35 1.5000000000000002 1.0000000180025095e-35 92.450000000000017 100.95000000000002 82.700000000000003
decision_type=2 2 2 2 2 2 2 2 2 2 2 2 2 2 2
left_child=8 2 4 -4 5 6 -2 13 -1 10 -9 12 -10 -3 -15
right_child=1 7 3 -5 -6 -7 -8 9 11 -11 -12 -13 -14 14 -16
leaf_value=0.0034087173815951972 0.11245821304333897 0.087966442027337902 0.1428273500074943 -0.023899342594114609 -0.11249556706692246 -0.065313306640984212 -0.021848663349266537 -0.036232263339340133 -0.07154787360850344 0.12669395366377639 0.10423081526113812 -0.029838520364818329 -0.13315861664817136 0.15227996179436645 0.15697561958352249
leaf_weight=7.1780792325735083 4.5280907303094917 5.0441328734159496 6.4463990032672864 6.3165284544229507 10.347521871328352 9.3010567724704725 4.8111934065818787 5.9461922794580442 11.259128436446195 4.5389523208141318 5.3816718906164169 7.8243472278118125 8.5875256359577161 3.6689361780881864 5.3387968242168427
leaf_count=28 24 28 38 24 29 31 19 23 36 26 29 28 22 24 34
internal_value=4.96908e-05 0.0301853 -0.0143152 0.0603123 -0.0471725 -0.0109107 0.0432691 0.0922845 -0.0619261 0.0580173 0.0304993 -0.0788745 -0.0982065 0.130978 0.155063
internal_weight=106.519 71.6695 41.7508 12.7629 28.9879 18.6403 9.33928 29.9187 34.8491 15.8668 11.3279 27.671 19.8467 14.0519 9.00773
internal_count=443 329 165 62 103 74 43 164 114 78 52 86 58 86 58
is_linear=0
shrinkage=0.1


Tree=5
num_leaves=18
num_cat=0
split_feature=10 22 24 22 11 21 24 22 23 7 24 21 10 23 11 22 10
split_gain=16.6246 15.6653 7.0824 7.06426 5.68465 4.96569 6.99726 5.49547 4.76661 4.11227 3.9739 6.1641 6.13451 2.71626 0.850345 0.0728156 0.00577028
threshold=87.500000000000014 1.0850000000000002 33.500000000000007 3.9000000000000008 100.95000000000002 1.5000000000000002 34.500000000000007 0.30500000000000005 45.500000000000007 0.90000000000000013 32.500000000000007 1.5000000000000002 206.50000000000003 74.500000000000014 80.550000000000011 0.40500000000000008 238.50000000000003
decision_type=2 2 2 2 2 2 2 2 2 2 2 2 2 2 2 2 2
left_child=9 4 10 -4 5 -2 7 -7 -6 13 11 -3 -13 -1 -8 16 -10
right_child=1 2 3 -5 8 6 14 -9 15 -11 -12 12 -14 -15 -16 -17 -18
leaf_value=-0.057349759459358253 -0.024663873707386 -0.11793143234413078 0.097406648630683074 -0.050344541414231829 0.027204296427528675 -0.046395169465090744 0.16699219948998134 0.090300371022462092 0.15229897443587992 -0.0067047969872992153 -0.12551797571484324 -0.04282169457991325 0.10804784553938483 -0.13428827393901638 0.099594264849237168 0.16712564459506296 0.14606337449856235
leaf_weight=9.3604398220777565 8.5236275941133517 5.7466561794281068 7.5891725867986661 5.6414421200752258 4.0920981764793387 6.2280005812644976 4.7027396857738486 5.5724398493766785 3.0046607106924039 7.3853671103715888 6.2189344763755789 8.018817722797392 4.0595008283853522 9.0011378675699216 3.1099264770746231 3.6776600629091263 2.932313084602356
leaf_count=31 35 16 39 20 21 24 30 29 20 28 17 28 21 23 18 23 20
internal_value=7.64071e-05 0.02279 -0.0243555 0.0344066 0.0647875 0.0390618 0.0667562 0.0181556 0.117597 -0.0697203 -0.0566904 -0.0326772 0.00788528 -0.0950662 0.140164 0.156069 0.149219
internal_weight=104.865 79.118 37.2745 13.2306 41.8435 28.1367 19.6131 11.8004 13.7067 25.7469 24.0439 17.825 12.0783 18.3616 7.81267 9.61463 5.93697
internal_count=443 361 141 59 220 136 101 53 84 82 82 65 49 54 48 63 40
is_linear=0
shrinkage=0.1


Tree=6
num_leaves=19
num_cat=0
split_feature=11 10 24 21 10 27 23 7 25 11 12 1 27 27 1 26 12 23
split_gain=14.2684 11.3493 10.0406 9.42928 5.0663 4.82205 4.6024 7.03737 7.16405 4.56219 3.78378 4.77999 3.58455 3.40279 2.09848 0.571277 0.464702 0.00913813
threshold=84.450000000000017 116.50000000000001 34.500000000000007 1.5000000000000002 141.50000000000003 55.500000000000007 74.500000000000014 0.90000000000000013 93.050000000000011 34.500000000000007 1.0000000180025095e-35 1.5000000000000002 62.500000000000007 45.500000000000007 1.5000000000000002 47.500000000000007 1.0000000180025095e-35 67.500000000000014
decision_type=2 2 2 2 2 2 2 2 2 2 2 2 2 2 2 2 2 2
left_child=2 5 6 -4 -5 -2 7 8 9 -1 11 13 -13 -3 -8 17 -6 -15
right_child=1 10 3 4 16 -7 14 -9 -10 -11 -12 12 -14 15 -16 -17 -18 -19
leaf_value=0.0028455562899878301 -0.061691239935250865 0.025614373334941321 -0.078666404746277216 0.009094161309670749 0.11570355516704299 0.06186922666780257 -0.062814050923204232 -0.095826935606811867 -0.085385582872475288 0.14336293842755585 0.15328783842043464 0.061233079288295134 -0.062265942580704926 0.149565574265447 -0.12771160099487475 0.10044222018873508 0.16934715923307364 0.15735627994949739
leaf_weight=4.9552028775215167 10.917397260665892 4.0709500610828444 5.1209580302238491 5.0144541114568693 3.1680383682250977 4.4441420733928672 10.961921244859697 8.9170597046613675 4.4990283101797095 4.3291682451963425 5.7339114248752585 5.5395510792732239 4.082093209028244 2.9726055562496168 9.1343127042055112 3.0583826750516891 3.2939112335443497 3.0507281124591827
leaf_count=20 36 21 17 21 19 20 36 26 14 25 38 30 17 20 24 18 21 20
internal_value=9.3253e-05 0.0433449 -0.0318534 0.0341694 0.0845186 -0.0259448 -0.0574583 -0.0266032 0.0181806 0.0683668 0.0806814 0.0624012 0.0088372 0.101585 -0.0923118 0.13564 0.143048 0.153511
internal_weight=103.264 43.8698 59.3941 16.5974 11.4764 15.3615 42.7967 22.7005 13.7834 9.28437 28.5082 22.7743 9.62164 13.1527 20.0962 9.08172 6.46195 6.02333
internal_count=443 220 223 78 61 56 145 85 59 45 164 126 47 79 60 58 40 40
is_linear=0
shrinkage=0.1


Tree=7
num_leaves=18
num_cat=0
split_feature=10 22 12 1 23 25 11 23 23 22 21 10 27 22 22 11 22
split_gain=12.2657 11.4382 5.58962 6.60128 6.47531 4.80525 5.87886 4.68009 4.38636 3.89485 3.69454 4.06142 3.6501 2.71125 1.52755 1.19367 0.0355101
threshold=87.500000000000014 1.0850000000000002 1.0000000180025095e-35 1.0000000180025095e-35 70.500000000000014 71.450000000000017 100.95000000000002 82.500000000000014 45.500000000000007 0.52500000000000013 1.5000000000000002 213.50000000000003 171.00000000000003 2.3850000000000002 2.9950000000000006 97.500000000000014 0.40500000000000008
decision_type=2 2 2 2 2 2 2 2 2 2 2 2 2 2 2 2 2
left_child=12 5 3 -3 -4 -2 7 9 -8 10 -7 -12 13 15 -5 -1 -10
right_child=1 2 4 14 -6 6 8 -9 16 -11 11 -13 -14 -15 -16 -17 -18
leaf_value=-0.08451294094869044 0.15388476016082786 0.019775291995001214 0.12060152742609145 -0.11473026079072451 -0.029036176321266954 -0.052547426421617117 0.015466996439152468 -0.060112583663970709 0.14013902200039455 0.11896525140665189 0.12547019576389554 -0.016807458594262883 -0.12323915746154079 0.031744095019711906 -0.051034900228189496 -0.025448182872797837 0.15375584222926086
leaf_weight=7.8706066906452232 4.5262726917862883 9.0772053897380829 5.1133191883563978 8.8778333663940412 6.6564905196428299 5.1360422223806443 3.8370061516761762 6.0170646011829367 4.3274109438061714 4.7937481626868239 4.1122496873140317 3.9178100973367691 6.7850618064403525 4.3328179121017447 6.537861794233323 6.0530118346214294 3.4356053397059441
leaf_count=24 31 39 28 26 25 20 20 21 32 30 25 18 18 18 23 22 23
internal_value=0.000120382 0.0200359 -0.0206635 -0.0478796 0.035973 0.0568377 0.0444909 0.0162164 0.102933 0.0417888 0.013689 0.0560539 -0.0606134 -0.0373383 -0.0877168 -0.0588357 0.146165
internal_weight=101.407 76.3659 36.2627 24.4929 11.7698 40.1032 35.5769 23.9769 11.6 17.9599 13.1661 8.03006 25.0415 18.2564 15.4157 13.9236 7.76302
internal_count=443 361 141 88 53 220 189 114 75 93 63 43 82 64 49 46 55
is_linear=0
shrinkage=0.1


Tree=8
num_leaves=17
num_cat=0
split_feature=10 27 23 13 10 22 22 11 23 10 10 22 21 26 22 11
split_gain=10.6828 9.17804 8.0248 9.44186 5.84896 5.50685 4.03854 3.26498 3.03873 2.97383 2.608 2.27266 1.76117 1.64426 0.0762425 0.00792118
threshold=172.50000000000003 171.00000000000003 74.500000000000014 1.0000000180025095e-35 116.50000000000001 2.4350000000000005 0.44500000000000006 78.800000000000011 64.500000000000014 234.50000000000003 208.50000000000003 1.9100000000000001 2.5000000000000004 43.000000000000007 0.51550000000000018 105.35000000000001
decision_type=2 2 2 2 2 2 2 2 2 2 2 2 2 2 2 2
left_child=1 4 5 -4 8 9 -6 -5 -1 10 -2 -8 -10 -3 15 -11
right_child=2 13 3 7 6 -7 11 -9 12 14 -12 -13 -14 -15 -16 -17
leaf_value=0.016536737789682582 0.11024181278302532 -0.056718081015103297 -0.090716288750030072 0.0035630687655618561 0.11616259980671079 0.0025408182326742516 -0.022414946618696197 0.12954704998332991 -0.085908205056317369 0.14341082209285982 -0.0056235571710005769 0.071430329679085303 -0.021474786419776917 -0.11947787303154866 0.15862934591667927 0.13591488632888937
leaf_weight=8.5421160310506838 4.7640431672334724 7.9468215256929424 8.1504820510745049 4.52595404535532 5.2861851528286961 7.1383586078882209 7.391014561057089 3.7710202261805534 9.2948174476623553 2.7627359852194768 3.280328705906868 3.9648439735174179 7.8035383820533744 8.7941876798868162 3.3512650281190872 2.8785931915044785
leaf_count=35 31 28 27 20 35 31 31 24 28 20 17 19 29 24 22 22
internal_value=0.000146037 -0.0270174 0.0396136 -0.0142715 -0.00220478 0.0762739 0.0439608 0.0608235 -0.0321687 0.107167 0.0629943 0.0103507 -0.0565014 -0.0896863 0.146683 0.139586
internal_weight=99.6463 59.0235 40.6228 16.4475 42.2825 24.1753 16.642 8.29697 25.6405 17.037 8.04437 11.3559 17.0984 16.741 8.99259 5.64133
internal_count=443 229 214 71 177 143 85 44 92 112 48 50 57 52 64 42
is_linear=0
shrinkage=0.1


Tree=9
num_leaves=17
num_cat=0
split_feature=11 24 26 10 21 22 13 10 7 26 24 10 23 11 12 11
split_gain=9.09249 7.72099 7.34533 8.42202 7.16867 5.21629 3.6706 3.52717 5.93726 4.39581 4.45365 3.38061 2.12272 0.886337 0.411774 0.00646335
threshold=84.450000000000017 34.500000000000007 37.500000000000007 116.50000000000001 1.5000000000000002 0.26500000000000007 1.0000000180025095e-35 87.500000000000014 0.90000000000000013 47.500000000000007 31.500000000000004 141.50000000000003 67.500000000000014 111.55000000000003 1.0000000180025095e-35 103.00000000000001
decision_type=2 2 2 2 2 2 2 2 2 2 2 2 2 2 2 2
left_child=1 7 12 13 -3 15 -7 -1 9 10 -9 -6 -2 -4 -13 -5
right_child=2 4 3 5 11 6 -8 8 -10 -11 -12 14 -14 -15 -16 -17
leaf_value=-0.097727497102608127 0.070943041682750785 -0.065705264438512476 -0.030155178600836014 0.13885711954614016 0.016634383259058381 -0.025399508639967074 0.082704937164857648 0.10491213197189485 -0.092152360860946872 -0.054971015813396175 -0.020228150587665437 0.10242717609478127 0.16104602832598355 -0.085002405904398393 0.15474661124166919 0.13193398652626451
leaf_weight=10.85998325049877 6.7890840619802457 4.9982998669147483 6.4158105105161685 2.687335371971133 4.8180182129144651 7.7440513148903829 5.2839751243591309 5.6108722463250214 10.405127093195913 8.0806172639131528 5.7670669704675674 2.95824084430933 4.2523591369390488 5.4485851675271988 3.0606766939163208 2.7067549601197243
leaf_count=32 39 17 23 20 21 37 32 30 31 29 23 19 30 17 21 22
internal_value=0.000167692 -0.0258849 0.0358216 0.0103667 0.0333663 0.0526858 0.0184461 -0.0489245 -0.0311772 0.00142825 0.041483 0.0790609 0.105644 -0.0553431 0.129032 0.135383
internal_weight=97.8869 56.5589 41.328 30.2865 15.8352 18.4221 13.028 40.7237 29.8637 19.4586 11.3779 10.8369 11.0414 11.8644 6.01892 5.39409
internal_count=443 223 220 151 78 111 69 145 113 82 53 61 69 40 40 42
is_linear=0
shrinkage=0.1


Tree=10
num_leaves=18
num_cat=0
split_feature=25 10 27 1 23 26 23 12 25 0 24 11 24 23 26 13 26
split_gain=7.5651 7.68497 5.68022 5.16759 5.5164 4.04998 2.83191 9.9353 7.28428 4.24944 2.69587 2.30228 1.93418 1.79108 1.75403 1.44809 1.35301
threshold=94.950000000000017 180.50000000000003 171.00000000000003 1.5000000000000002 74.500000000000014 56.500000000000007 75.500000000000014 1.0000000180025095e-35 84.600000000000009 1.0000000180025095e-35 35.500000000000007 107.15000000000002 31.500000000000004 66.500000000000014 36.000000000000007 1.0000000180025095e-35 43.000000000000007
decision_type=2 2 2 2 2 2 2 2 2 2 2 2 2 2 2 2 2
left_child=1 2 6 5 10 12 7 9 -8 11 -5 -1 -3 -14 -15 -2 -4
right_child=15 3 16 4 -6 -7 8 -9 -10 -11 -12 -13 13 14 -16 -17 -18
leaf_value=-0.002384273375696782 -0.094245046430773083 0.17108036120715278 -0.036299201774262616 0.11342553257936726 -0.067592013057690054 -0.0034784619496681501 -0.099245917539016515 0.14802467784189891 0.051451608112701476 0.07210903575603661 -0.0082589146227770426 -0.090763243311458838 0.13664619399212205 0.0017351086108429025 0.10454439021253591 -0.032002169846959444 -0.099999008264350264
leaf_weight=7.025105990469461 7.9620403870940191 3.6803027093410519 6.5989574342966062 4.2043065056204778 6.110474705696106 4.1564863100647917 6.8937920033931714 5.3851033002138129 5.9985936209559441 4.7543628066778174 3.2112989276647568 5.0782481729984283 4.4306590706109983 3.2299285307526588 3.4130600541830063 7.0451615899801254 6.7403656542301178
leaf_count=31 25 26 25 27 23 20 22 33 28 24 17 18 35 18 23 28 20
internal_value=0.000184494 0.0122794 -0.0129309 0.0499547 0.00276019 0.0837116 0.00816131 0.0297756 -0.0291291 -0.00799845 0.0607306 -0.0394658 0.108275 0.0874015 0.0545569 -0.065025 -0.0684867
internal_weight=95.9182 80.911 48.4745 32.4365 13.5261 18.9104 35.1352 22.2428 12.8924 16.8577 7.41561 12.1034 14.754 11.0736 6.64299 15.0072 13.3393
internal_count=443 390 201 189 67 122 156 106 50 73 44 49 102 76 41 53 45
is_linear=0
shrinkage=0.1


Tree=11
num_leaves=21
num_cat=0
split_feature=11 24 26 21 12 17 25 23 7 25 10 22 26 11 11 10 11 22 27 26
split_gain=7.02007 6.40317 6.05134 5.90456 4.2201 5.43707 3.90351 2.91649 4.4588 4.90193 2.8821 2.86757 2.6836 3.36252 2.52266 1.54227 0.666444 0.655062 0.390323 0.384764
threshold=84.450000000000017 34.500000000000007 56.500000000000007 1.5000000000000002 1.0000000180025095e-35 1.0000000180025095e-35 93.65000000000002 74.500000000000014 0.90000000000000013 93.050000000000011 139.50000000000003 1.4400000000000002 34.000000000000007 100.95000000000002 34.500000000000007 114.50000000000001 121.75000000000001 0.59500000000000008 110.50000000000001 43.000000000000007
decision_type=2 2 2 2 2 2 2 2 2 2 2 2 2 2 2 2 2 2 2 2
left_child=1 7 4 -3 5 6 12 8 9 14 -5 -4 -2 -14 -1 -9 -15 -6 -17 -12
right_child=2 3 11 10 17 -7 -8 15 -10 -11 19 -13 13 16 -16 18 -18 -19 -20 -21
leaf_value=0.011384328702090982 0.15527452031897188 -0.058380480062859591 0.013708651938460931 0.015596808093872587 0.097496475610519814 -0.07957583180085169 -0.024534665665416986 -0.11117133333382552 -0.076621483832033058 -0.071738894511054793 0.14635217616973439 -0.093050557021885305 0.0064958264642028286 0.1477682764263798 0.11978199453216293 -0.067089736468365899 0.078374146528553568 0.16358817637508297 -0.029974274650713964 0.094809152653104897
leaf_weight=4.7159326523542422 3.6430997997522452 4.9402962028980246 5.5976487025618535 4.64263718575239 3.0458123162388793 3.4656513035297385 4.6184263154864302 6.8213666379451778 8.162572428584097 4.1239965707063666 2.9828940257430077 4.5700279772281647 6.2072078138589841 2.8176780268549919 3.9411502853035927 6.6309088915586454 2.7198267951607704 2.954164482653141 4.9475817382335663 2.8151038885116577
leaf_count=20 27 17 28 20 24 15 20 20 26 14 23 15 31 21 25 22 19 20 18 18
internal_value=0.000196845 -0.0230167 0.0322443 0.0316915 0.0551936 0.0360617 0.0560934 -0.0444043 -0.0188846 0.0179887 0.0743117 -0.034276 0.0802927 0.057034 0.0607325 -0.073452 0.113684 0.130038 -0.05123 0.121326
internal_weight=94.364 54.7244 39.6395 15.3809 29.4719 23.4719 20.0062 39.3435 20.9437 12.7811 10.4406 10.1677 15.3878 11.7447 8.65708 18.3999 5.5375 5.99998 11.5785 5.798
internal_count=443 223 220 78 177 133 118 145 85 59 61 43 98 71 45 60 40 44 40 41
is_linear=0
shrinkage=0.1


Tree=12
num_leaves=18
num_cat=0
split_feature=26 22 23 10 26 11 7 25 25 12 21 11 1 22 11 10 10
split_gain=6.3678 7.81399 5.88955 5.70026 4.27045 5.89331 4.58527 2.77942 6.09369 2.6723 3.65152 2.54506 1.83687 1.78686 0.93196 0.925797 0.244105
threshold=60.500000000000007 1.4400000000000002 62.500000000000007 103.50000000000001 43.000000000000007 86.350000000000009 1.0000000180025095e-35 92.350000000000009 90.800000000000026 1.0000000180025095e-35 1.5000000000000002 136.85000000000002 1.5000000000000002 0.31500000000000006 89.950000000000003 95.000000000000014 187.50000000000003
decision_type=2 2 2 2 2 2 2 2 2 2 2 2 2 2 2 2 2
left_child=1 2 11 -4 5 12 15 8 9 10 -5 14 -3 -11 -1 -6 -16
right_child=-2 4 3 7 6 -7 -8 -9 -10 13 -12 -13 -14 -15 16 -17 -18
leaf_value=0.085674859374212237 -0.077212461753507933 0.014068509571120505 -0.048985170664255728 0.028488075751964353 -0.12524831385058305 0.11407274264592844 0.0092722770946375363 0.12540726777709285 -0.077859427723429506 -0.033014773736078501 0.15071169168509391 0.014359489768975553 -0.05883739718661684 0.066663871954660045 0.17210945868137487 -0.070069808197445238 0.12850140044500477
leaf_weight=3.5548434853553754 9.5258541181683523 7.0474322661757487 9.7047159373760206 4.9267913848161786 5.4063069075346011 4.1596838086843482 6.5520123913884154 3.3985508456826201 4.3337222859263411 4.2312963157892218 4.8511912599205971 2.7231457456946364 6.7810498625040054 3.1277890130877495 2.8091273456811905 6.949243426322937 2.3637808710336685
leaf_count=22 33 30 34 28 15 26 28 23 17 22 38 17 24 20 20 25 21
internal_value=0.000221044 0.00911654 0.0366016 0.0160148 -0.0251692 0.0097105 -0.0583529 0.0413796 0.0280791 0.0548694 0.0891274 0.09876 -0.0216822 0.00935106 0.125094 -0.0942138 0.152183
internal_weight=92.4465 82.9207 46.025 34.5741 36.8957 17.9882 18.9076 24.8693 21.4708 17.1371 9.77798 11.4509 13.8285 7.35909 8.72775 12.3556 5.17291
internal_count=443 410 262 182 148 80 68 148 125 108 66 80 54 42 63 40 41
is_linear=0
shrinkage=0.1


Tree=13
num_leaves=16
num_cat=0
split_feature=25 26 27 23 23 13 1 24 11 23 11 10 10 26 11
split_gain=5.5567 5.45202 5.90376 6.44365 3.98769 3.55843 6.88087 3.27988 5.98789 4.56258 4.47547 2.38741 2.31959 0.77386 0.279496
threshold=69.750000000000014 60.500000000000007 220.50000000000003 61.500000000000007 48.500000000000007 1.0000000180025095e-35 1.5000000000000002 34.500000000000007 84.450000000000017 80.500000000000014 93.350000000000009 149.50000000000003 169.50000000000003 47.500000000000007 14.750000000000002
decision_type=2 2 2 2 2 2 2 2 2 2 2 2 2 2 2
left_child=-1 2 3 4 12 6 11 8 9 -7 -9 -5 -2 -6 -4
right_child=1 -3 14 5 13 7 -8 10 -10 -11 -12 -13 -14 -15 -16
leaf_value=0.11675971636424726 -0.025554048610805763 -0.078415522748331107 -0.047148066628360796 -0.029592696140817071 0.14843899349154852 0.0064656432803325038 -0.099255604377289836 0.12949035263595421 0.085137806067076716 -0.1115104045887408 -0.021908078485871892 0.058966986070817733 0.072952428134355291 0.082105298070697941 -0.078518351344717366
leaf_weight=3.9162103086709967 4.6260885894298571 9.0632791146635991 5.5949231982231122 6.0082313865423203 4.5797275081276885 8.9120204970240646 9.2144306227564812 5.2057096511125547 5.6208846867084494 5.1854839622974387 3.1243973299860954 6.170225977897644 4.9464828073978424 2.8551395609974861 5.7682711333036423
leaf_count=28 19 31 21 23 36 39 30 36 38 15 16 39 35 17 20
internal_value=0.000239623 -0.00501293 0.00353675 0.0149274 0.0680217 -0.00333664 -0.0340554 0.0200929 -0.00213322 -0.0369295 0.0727049 0.0152761 0.0253477 0.122966 -0.0630725
internal_weight=90.7915 86.8753 77.812 66.4488 17.0074 49.4414 21.3929 28.0485 19.7184 14.0975 8.33011 12.1785 9.57257 7.43487 11.3632
internal_count=443 415 384 343 107 236 92 144 92 54 52 62 54 53 41
is_linear=0
shrinkage=0.1


Tree=14
num_leaves=17
num_cat=0
split_feature=25 1 22 10 21 10 17 25 25 27 25 26 23 3 23 22
split_gain=5.00955 5.99868 4.3672 4.31593 2.97622 3.40526 2.20684 2.15073 5.28192 5.02464 3.72772 3.09445 2.09832 1.98956 1.56833 0.0472638
threshold=95.200000000000003 1.5000000000000002 0.43500000000000005 238.50000000000003 1.5000000000000002 204.00000000000003 1.0000000180025095e-35 85.850000000000009 90.800000000000026 83.500000000000014 82.050000000000011 47.500000000000007 74.500000000000014 1.7500000000000002 75.500000000000014 0.52500000000000013
decision_type=2 2 2 2 2 2 2 2 2 2 2 2 2 2 2 2
left_child=1 3 12 7 -4 6 -6 10 -9 -10 11 -1 -3 -2 15 -5
right_child=13 2 4 14 5 -7 -8 8 9 -11 -12 -13 -14 -15 -16 -17
leaf_value=0.080513275027677411 -0.099849156434344249 0.10300817883968183 -0.08538362091149837 0.12231207766314003 -0.0033682329917326323 0.058922398801725388 -0.090555427946775124 0.11331081536467569 0.075917303654074328 -0.054808873459632784 -0.072192786765677419 -0.027511608643259057 -0.010680802170649609 -0.018841821479876401 0.048398131494567037 0.14158446907665465
leaf_weight=5.3293395191431063 6.084674805402754 3.4840796589851371 9.6789626106619853 2.8880751803517324 6.2792976424098033 4.474119007587432 5.3994828015565872 6.5194181948900249 5.1635298728942853 6.8285312131047249 5.9379276856780043 5.2780006751418114 3.0398964658379555 6.0428650006651878 4.1789257973432541 2.2747763842344284
leaf_count=35 20 29 34 30 28 26 18 39 30 25 23 22 15 26 25 18
internal_value=0.000240099 0.00967696 -0.023071 0.0335423 -0.041534 -0.015259 -0.0436777 0.0174477 0.0408643 0.00147908 -0.0087517 0.0267622 0.0500339 -0.0594851 0.0939405 0.130804
internal_weight=88.8819 76.7544 32.3558 44.3985 25.8319 16.1529 11.6788 35.0567 18.5115 11.9921 16.5453 10.6073 6.52398 12.1275 9.34178 5.16285
internal_count=443 397 150 247 106 72 46 174 94 55 80 57 44 46 73 48
is_linear=0
shrinkage=0.1


Tree=15
num_leaves=18
num_cat=0
split_feature=25 26 24 27 21 22 27 23 27 0 11 26 27 3 1 7 10
split_gain=4.5283 4.23722 4.75627 8.54685 5.77338 5.29492 3.80033 2.48028 2.7713 3.34725 2.90027 1.94816 2.91632 1.78916 1.57116 1.41498 0.0188222
threshold=69.750000000000014 69.500000000000014 34.500000000000007 68.500000000000014 1.5000000000000002 1.2200000000000002 57.500000000000007 74.500000000000014 220.50000000000003 1.0000000180025095e-35 66.200000000000017 37.500000000000007 65.500000000000014 1.1000000000000003 1.5000000000000002 1.0000000180025095e-35 208.50000000000003
decision_type=2 2 2 2 2 2 2 2 2 2 2 2 2 2 2 2 2
left_child=-1 2 3 5 6 15 -4 8 9 10 -5 -6 -13 -14 -9 16 -2
right_child=1 -3 4 7 11 -7 -8 14 -10 -11 -12 12 13 -15 -16 -17 -18
leaf_value=0.10848013364610423 0.14296017626548277 -0.074933376652319958 -0.080495050296758477 0.035030584686162734 0.14838983159203376 -0.02031236641475364 0.036461341887592078 -0.042926332181599552 -0.077973549469514444 0.0725103423123485 -0.068246890650470265 -0.0044673796537706856 0.052045457038431379 0.15523151219983478 -0.11009631667653877 0.051834069657434173 0.13054438713079095
leaf_weight=3.7009297236800185 2.6228169873356801 7.7606640979647628 5.0178213268518466 4.4728156626224571 3.2311493530869475 6.0271626487374297 6.2247970551252365 7.5536376684904081 6.0279210507869712 4.7020175978541365 6.9350889772176743 4.2798330187797529 3.5354111716151237 3.2025361955165863 6.4608896225690842 3.2154414132237434 2.2845582403242588
leaf_count=28 21 27 22 22 27 26 34 28 21 26 27 26 22 25 20 19 22
internal_value=0.000236862 -0.00455762 0.00264827 -0.0151845 0.0378377 0.0507024 -0.0157388 -0.0409726 -0.0201323 0.00151037 -0.0277538 0.0801103 0.0600862 0.10109 -0.0738926 0.103396 0.13718
internal_weight=87.2555 83.5546 75.7939 50.3023 25.4915 14.15 11.2426 36.1524 22.1378 16.1099 11.4079 14.2489 11.0178 6.73795 14.0145 8.12282 4.90738
internal_count=443 415 388 232 156 88 56 144 96 75 49 100 73 47 48 62 43
is_linear=0
shrinkage=0.1


Tree=16
num_leaves=18
num_cat=0
split_feature=10 25 1 22 23 11 13 7 26 23 23 24 3 7 27 23 27
split_gain=3.94396 6.63457 3.93401 4.10857 4.18479 3.80322 3.59404 3.23817 3.00183 2.82336 5.66379 2.44783 2.23995 1.57998 1.24536 0.3676 0.0563837
threshold=87.500000000000014 71.450000000000017 1.5000000000000002 9.0350000000000019 87.500000000000014 100.95000000000002 1.0000000180025095e-35 0.45000000000000007 56.500000000000007 72.500000000000014 64.500000000000014 33.500000000000007 2.5000000000000004 0.45000000000000007 59.500000000000007 78.500000000000014 82.500000000000014
decision_type=2 2 2 2 2 2 2 2 2 2 2 2 2 2 2 2 2
left_child=7 -2 3 4 8 6 -4 12 9 10 14 -12 -1 -8 -3 -11 -16
right_child=1 2 5 -5 -6 -7 13 -9 -10 15 11 -13 -14 -15 16 -17 -18
leaf_value=-0.031346554297031669 0.13522595875322482 0.05398510180565444 -0.086942838176751039 -0.072499431348213642 -0.053875646097838736 0.052187452416460126 0.034550097506247046 0.016301611276320023 -0.010614456866621165 0.10737850103689844 -0.051127635012171019 0.060298323136565718 -0.11243348464546193 -0.043301124825624447 0.13425036302029134 0.1586059351883346 0.15657586525622166
leaf_weight=8.1642132103443164 4.133403852581977 2.1490448787808516 10.131188541650776 3.741918370127677 4.2236088514327994 5.0692923590540877 5.3581524640321732 7.4813113063573828 5.7356218993663779 2.9591331034898749 4.9813353307545167 3.2630078047513962 5.8461935073137274 5.0769164934754372 2.0899583213031292 2.6599252671003342 2.4660033546388149
leaf_count=33 37 17 34 13 15 36 30 32 27 23 23 24 17 21 20 21 20
internal_value=0.000249871 0.0126899 0.00423501 0.0263993 0.0385217 -0.0253941 -0.0445169 -0.0368175 0.0533579 0.0711969 0.0484824 -0.00702664 -0.0651821 -0.00332643 0.116735 0.131628 0.146334
internal_weight=85.5302 64.0385 59.9051 34.2696 30.5276 25.6355 20.5663 21.4917 26.304 20.5684 14.9493 8.24434 14.0104 10.4351 6.70501 5.61906 4.55596
internal_count=443 361 324 203 190 121 85 82 175 148 104 47 50 51 57 44 40
is_linear=0
shrinkage=0.1


Tree=17
num_leaves=17
num_cat=0
split_feature=10 23 26 22 27 23 23 3 10 1 26 25 23 23 11 1
split_gain=3.66981 4.08781 3.81622 3.51747 3.02768 3.84844 3.281 3.04842 3.96574 3.17567 3.00759 2.62455 2.18796 1.29474 0.0557381 0.0106609
threshold=234.50000000000003 74.500000000000014 69.500000000000014 2.4350000000000005 229.50000000000003 61.500000000000007 67.500000000000014 0.40000000000000008 123.50000000000001 1.5000000000000002 43.000000000000007 84.250000000000014 48.500000000000007 76.500000000000014 89.950000000000003 1.5000000000000002
decision_type=2 2 2 2 2 2 2 2 2 2 2 2 2 2 2 2
left_child=2 3 4 14 5 12 -7 11 13 -10 -3 -8 -1 -9 -2 -16
right_child=1 10 -4 -5 -6 6 7 8 9 -11 -12 -13 -14 -15 15 -17
leaf_value=0.016726588183587129 0.14272402081048893 0.05460106670796544 -0.083819177764711872 0.0055211606995115362 -0.055888229628597075 -0.061961601069275597 -0.07963997068282401 0.034854771065572464 0.15986113992547998 0.022565024338783529 -0.064420063910075084 0.012062442642243147 0.10550614721398995 -0.03627200806545168 0.11782747015819926 0.12778496428049332
leaf_weight=5.8833063095808011 1.935654010623695 3.848199285566805 6.466333106160163 3.6838931441307068 9.1004999279975873 8.747873838990925 5.7197609171271342 4.7147669196128863 3.5555046498775473 3.2017638832330704 4.7360362559556961 6.8691622912883759 5.255885899066925 5.5980000868439674 2.3830735199153423 1.959162652492523
leaf_count=31 17 26 22 19 35 37 24 22 30 17 20 35 39 22 29 18
internal_value=0.000266684 0.0395107 -0.0109112 0.0830922 -0.00287235 0.00686548 -0.00814383 0.00772966 0.0352616 0.0948068 -0.0110645 -0.0296024 0.0586161 -0.00375443 0.128611 0.12232
internal_weight=83.6589 18.546 65.1129 9.96178 58.6465 49.546 38.4068 29.659 17.07 6.75727 8.58424 12.5889 11.1392 10.3128 6.27789 4.34224
internal_count=443 129 314 83 292 257 187 150 91 47 46 59 70 44 64 47
is_linear=0
shrinkage=0.1


Tree=18
num_leaves=16
num_cat=0
split_feature=25 1 12 10 10 22 3 3 25 25 27 25 22 26 24
split_gain=3.49144 3.71604 3.49647 3.0492 2.3837 2.14204 2.33181 1.66064 1.64935 3.99148 3.59774 2.62223 3.1276 1.62513 0.749719
threshold=95.200000000000003 1.5000000000000002 1.0000000180025095e-35 238.50000000000003 131.50000000000003 0.6150000000000001 1.7500000000000002 1.7500000000000002 85.850000000000009 90.800000000000026 83.500000000000014 82.050000000000011 0.25500000000000006 52.500000000000007 35.500000000000007
decision_type=2 2 2 2 2 2 2 2 2 2 2 2 2 2 2
left_child=1 3 5 8 -4 -3 -7 -2 11 -10 -11 12 -1 14 -5
right_child=7 2 4 13 -6 6 -8 -9 9 10 -12 -13 -14 -15 -16
leaf_value=-0.040979099695327821 -0.091018582705874776 0.011046200614802961 -0.019105067137886643 0.13677991583849566 0.089664913735896148 -0.01700927074184538 -0.094032384167373029 -0.013601647879393273 0.099509438847395645 0.065260910315522155 -0.049112971850140685 -0.064012362489767161 0.072308806780647134 0.0070562697967972588 0.063861253028021592
leaf_weight=4.4047881960868818 5.4855784922838193 6.1611847467720535 3.8402382284402865 3.7509727254509908 4.2386509627103806 7.3035821616649619 8.5106531828641874 5.5987434461712837 6.2571911402046707 4.8088934868574125 6.4245825335383415 5.5952764526009551 5.4547636955976486 2.0931462235748768 2.2592807784676552
leaf_count=24 20 38 17 39 31 32 32 26 39 30 25 23 33 12 22
internal_value=0.000287355 0.0084252 -0.0182921 0.0279865 0.0379619 -0.038973 -0.0584603 -0.0519149 0.0144696 0.0355019 -0.000151117 -0.00933324 0.0216971 0.0829415 0.109369
internal_weight=82.1875 71.1032 30.0543 41.0489 8.07889 21.9754 15.8142 11.0843 32.9455 17.4907 11.2335 15.4548 9.85955 8.1034 6.01025
internal_count=443 397 150 247 48 102 64 46 174 94 55 80 57 73 61
is_linear=0
shrinkage=0.1


Tree=19
num_leaves=18
num_cat=0
split_feature=25 24 21 25 27 10 26 27 23 27 0 11 11 27 12 3 24
split_gain=3.26983 2.66906 4.97885 3.51943 3.37558 5.32978 4.35116 2.42656 2.26909 2.36279 2.63794 2.64951 2.0128 3.00964 1.15981 0.331676 0.260972
threshold=69.750000000000014 34.500000000000007 1.5000000000000002 95.350000000000009 68.500000000000014 67.500000000000014 47.500000000000007 57.500000000000007 74.500000000000014 220.50000000000003 1.0000000180025095e-35 66.200000000000017 81.600000000000009 63.500000000000007 1.0000000180025095e-35 1.1000000000000003 30.500000000000004
decision_type=2 2 2 2 2 2 2 2 2 2 2 2 2 2 2 2 2
left_child=-1 4 7 12 5 -2 16 -3 9 10 11 -6 15 -14 -10 -4 -7
right_child=1 2 3 -5 8 6 -8 -9 14 -11 -12 -13 13 -15 -16 -17 -18
leaf_value=0.098734109351931595 -0.08034840250232253 -0.0809260631906904 0.10257206245388524 -0.044117196483048494 0.038730320208973323 0.14400812137778393 0.0014488582840628567 0.012459374826570425 -0.040335493896526284 -0.069009732367280294 0.069419804321300765 -0.060776722424221996 0.10952548102872602 -0.030015756418581015 -0.098182129877014634 0.15157178641038294 0.099728676560881399
leaf_weight=3.2380551360547534 3.9519597291946438 4.8018433079123515 2.5967183336615545 2.5801023617386809 4.5135371536016482 2.5869605094194394 7.0397533290088177 6.6164850704371929 8.0339382141828519 5.6708330735564223 4.6580431051552287 6.5719968527555466 3.3857096992433071 2.8439741060137749 6.0959800630807868 2.9516774490475655 2.7416660450398922
leaf_count=28 13 22 20 12 23 23 38 36 33 22 27 27 31 18 19 25 26
internal_value=0.000276817 -0.00382938 0.0224707 0.0616633 -0.0169004 0.0207491 0.0530519 -0.0268128 -0.0341873 -0.0136635 0.00627219 -0.0202619 0.0848355 0.0458221 -0.0652919 0.128639 0.121226
internal_weight=80.8792 77.6412 25.7765 14.3582 51.8647 16.3203 12.3684 11.4183 35.5443 21.4144 15.7436 11.0855 11.7781 6.22968 14.1299 5.5484 5.32863
internal_count=443 415 164 106 251 100 87 58 151 99 77 50 94 49 52 45 49
is_linear=0
shrinkage=0.1


Tree=20
num_leaves=17
num_cat=0
split_feature=25 26 23 22 1 23 25 16 24 10 27 2 25 22 22 10
split_gain=2.77133 2.40329 3.14649 4.57265 6.09635 3.47342 3.91914 3.65371 3.74171 3.20771 3.16426 2.2589 2.03524 2.03021 1.40047 0.207061
threshold=69.750000000000014 69.500000000000014 64.500000000000014 6.8100000000000014 1.5000000000000002 67.500000000000014 77.450000000000017 1.0000000180025095e-35 33.500000000000007 107.50000000000001 68.500000000000014 1.0000000180025095e-35 89.950000000000017 0.54500000000000015 1.5200000000000002 161.00000000000003
decision_type=2 2 2 2 2 2 2 2 2 2 2 2 2 2 2 2
left_child=-1 2 3 4 13 -4 -7 8 10 -10 -8 -12 -11 -2 -6 -15
right_child=1 -3 5 -5 14 6 7 -9 9 12 11 -13 -14 15 -16 -17
leaf_value=0.092896588024868304 0.059937909430188986 -0.059182487119208496 -0.074842957670349111 -0.061036040222246284 0.035897003593825881 -0.081327687531873 0.047216383842116648 0.086513620452741899 -0.02765862340696439 0.14773822334277262 -0.076745548095219135 0.0045829315428380923 0.035611802504875854 0.17529630662357873 -0.04685370238307579 0.13470786238709093
leaf_weight=3.1044664382934561 3.9284214638173616 7.0335001051425925 7.4350895993411532 4.0710721909999839 4.0819933526217937 5.2235588543117037 4.3705681562423768 5.4816839322447768 3.6795305460691434 3.1021419242024422 10.11377030611038 5.1563375666737548 3.3855361118912697 2.6233660951256752 4.098754495382309 2.4129393622279167
leaf_count=28 35 27 32 16 28 21 30 35 15 29 37 25 24 19 17 25
internal_value=0.000282129 -0.00349117 0.00217219 0.0342363 0.0568581 -0.0120158 -0.000485613 0.0114806 -0.00231798 0.0469253 -0.0278093 -0.0492829 0.0892261 0.11382 -0.00556312 0.15585
internal_weight=79.3027 76.1983 69.1648 21.2165 17.1455 47.9482 40.5131 35.2896 29.8079 10.1672 19.6407 15.2701 6.48768 8.96473 8.18075 5.03631
internal_count=443 415 388 140 124 248 216 195 160 68 92 62 53 79 45 44
is_linear=0
shrinkage=0.1


Tree=21
num_leaves=18
num_cat=0
split_feature=25 1 12 26 11 10 11 0 27 11 23 11 27 11 11 10 11
split_gain=2.4933 2.87474 2.91875 2.78818 2.78669 2.87393 3.42337 2.76948 2.63155 2.25492 2.13841 2.0248 1.09931 1.71772 0.78976 0.195042 0.00327714
threshold=96.050000000000011 1.5000000000000002 1.0000000180025095e-35 52.500000000000007 84.450000000000017 184.50000000000003 75.950000000000017 1.5000000000000002 44.500000000000007 68.850000000000009 72.500000000000014 100.95000000000002 88.000000000000014 32.050000000000004 113.40000000000002 151.50000000000003 93.65000000000002
decision_type=2 2 2 2 2 2 2 2 2 2 2 2 2 2 2 2 2
left_child=1 3 11 4 5 7 -7 -1 -6 -5 -4 12 -3 -14 15 -10 -17
right_child=-2 2 10 9 8 6 -8 -9 14 -11 -12 -13 13 -15 -16 16 -18
leaf_value=0.039660989861559533 -0.054313178487223238 -0.079496390536504674 0.095050580417940803 -0.066274974121973584 0.0083163350944040725 0.15978917398907133 -0.0013059762638747319 -0.053589318411100262 0.15629747383071116 0.022018339549854108 -0.011684974796104088 0.018022150702703719 -0.07312487024180557 0.015368052932578978 0.059528665854629008 0.12114131977041019 0.11460349707070577
leaf_weight=6.0572727397084289 7.5504147857427588 8.0452810451388448 3.3959194719791403 5.2540388107299787 3.4212903268635255 2.6095707900822154 2.6675979383289814 6.7164115943014622 2.3022037148475647 6.4353962577879429 4.1966830790042877 5.3122101388871661 4.3321887701749784 4.4431628212332726 1.9170042648911474 1.4959943965077402 1.5727469883859155
leaf_count=32 33 31 24 19 25 26 15 30 17 34 24 35 18 22 18 17 23
internal_value=0.000289183 0.00616408 -0.0174462 0.0235147 0.0402528 0.0162766 0.0783559 -0.00937008 0.0806656 -0.0176668 0.0360543 -0.0357993 -0.052797 -0.0283189 0.11463 0.134296 0.117791
internal_weight=77.7254 70.175 29.7254 40.4495 28.7601 18.0509 5.27717 12.7737 10.7092 11.6894 7.5926 22.1328 16.8206 8.77535 7.28795 5.37095 3.06874
internal_count=443 410 154 256 203 103 41 62 100 53 48 106 71 40 75 57 40
is_linear=0
shrinkage=0.1


Tree=22
num_leaves=17
num_cat=0
split_feature=10 25 7 13 23 27 2 10 10 10 25 26 3 26 10 27
split_gain=2.49578 4.61334 2.84877 2.45286 2.73968 2.68602 2.49744 2.47961 2.16312 3.46245 2.06755 2.58684 1.7895 1.15614 0.913802 0.295153
threshold=87.500000000000014 71.450000000000017 0.45000000000000007 1.0000000180025095e-35 64.500000000000014 103.50000000000001 1.0000000180025095e-35 178.50000000000003 216.50000000000003 169.50000000000003 84.250000000000014 47.500000000000007 2.5000000000000004 43.000000000000007 153.50000000000003 60.500000000000007
decision_type=2 2 2 2 2 2 2 2 2 2 2 2 2 2 2 2
left_child=2 -2 12 4 7 8 14 -3 9 -5 -7 -12 -1 -9 -6 -10
right_child=1 3 -4 5 6 10 -8 13 15 -11 11 -13 -14 -15 -16 -17
leaf_value=-0.026714852918502202 0.12556565648802623 -0.020033756296920002 0.020750168661323325 0.08564362025161365 -0.10215326277815395 -0.061603374431191141 0.018872824440037017 0.13220286660041647 0.085769193488411555 -0.039067063447255919 0.073114950468689599 -0.036865199811780935 -0.10276678199098817 0.029441972570645143 -0.045179475252675454 0.13699482147965128
leaf_weight=7.3807562887668627 3.3067787513136855 5.5993238389492053 7.0272612720727912 4.8391577303409594 4.4818599969148654 4.5195408239960662 4.8087148629128924 2.1724964324384928 2.1067289710044852 4.1231053955852985 4.5964172929525358 3.9996462091803551 5.3269138187170029 2.2071922980248928 7.5700944177806377 2.4132294002920389
leaf_count=33 37 30 32 36 14 19 29 26 24 21 27 18 17 16 39 25
internal_value=0.00029041 0.0109438 -0.0303416 0.00385088 -0.017477 0.0253727 -0.0420562 0.0240524 0.056716 0.0282702 -0.0068468 0.0219425 -0.058595 0.0804154 -0.0663668 0.113119
internal_weight=76.4792 56.7443 19.7349 53.4375 26.8397 26.5978 16.8607 9.97901 13.4822 8.96226 13.1156 8.59606 12.7077 4.37969 12.052 4.51996
internal_count=443 361 82 324 154 170 82 72 106 57 64 45 50 42 53 49
is_linear=0
shrinkage=0.1


Tree=23
num_leaves=19
num_cat=0
split_feature=23 10 1 27 26 16 27 22 23 11 10 7 1 26 26 23 10 11
split_gain=2.36201 2.78995 3.18653 2.43492 2.55046 2.1385 2.36939 3.31415 4.54295 2.84842 4.66796 4.62912 3.09941 2.35673 2.3207 1.42294 0.742796 0.0599066
threshold=87.500000000000014 238.50000000000003 1.5000000000000002 220.50000000000003 69.500000000000014 1.0000000180025095e-35 44.500000000000007 5.6750000000000016 55.500000000000007 85.700000000000003 97.000000000000014 0.90000000000000013 1.5000000000000002 47.500000000000007 47.500000000000007 72.500000000000014 352.50000000000006 84.300000000000026
decision_type=2 2 2 2 2 2 2 2 2 2 2 2 2 2 2 2 2 2
left_child=1 3 16 4 5 6 -1 8 -8 10 -10 14 -11 -7 -12 -4 17 -3
right_child=-2 2 15 -5 -6 13 7 -9 9 12 11 -13 -14 -15 -16 -17 -18 -19
leaf_value=-0.05513990723664635 -0.057986619724410528 0.14165697184723666 0.044845180637187995 -0.053127642957990079 -0.062239531807360242 0.01104362248129565 0.14842610206101967 -0.060570588308513598 -0.093754629243950907 0.12595233888365895 0.12080510982599985 -0.073326122872112251 -0.012740685067412494 0.12629033136229204 0.0018986044452626719 -0.043073945193954938 0.046841179280179952 0.11682206478792306
leaf_weight=5.8882277086377135 6.3643798232078543 1.641455790027974 3.9782136268913746 8.5595516674220544 5.057710573077201 3.9637265466153613 2.8419585525989595 4.8951009362936011 4.6375971585512188 3.8674037195742121 4.135758947581051 3.1191997677087784 2.7620156034827232 3.2125253081321716 2.7214459255337715 3.4263547882437706 1.6247574053704736 2.3790153674781322
leaf_count=27 27 16 28 38 19 22 26 18 16 35 37 12 15 21 15 17 20 34
internal_value=0.000294394 0.00569261 0.0473086 -0.0040641 0.00485178 0.0129224 0.00269114 0.0144412 0.0296866 0.0138015 -0.0108613 0.0276722 0.0681687 0.062635 0.0736142 0.0041619 0.103902 0.126962
internal_weight=75.0764 68.712 13.0498 55.6622 47.1027 42.045 34.8687 28.9805 24.0854 21.2434 14.614 9.9764 6.62942 7.17625 6.8572 7.40457 5.64523 4.02047
internal_count=443 416 115 301 263 244 201 174 156 130 80 64 50 43 52 45 70 50
is_linear=0
shrinkage=0.1


Tree=24
num_leaves=16
num_cat=0
split_feature=25 1 12 26 11 11 27 11 0 10 22 3 22 10 11
split_gain=2.16944 2.05102 2.3482 2.09739 3.43046 2.00659 2.08481 2.0803 4.98661 1.74356 1.68144 1.77556 0.732335 0.130024 0.00231529
threshold=96.050000000000011 1.5000000000000002 1.0000000180025095e-35 52.500000000000007 63.500000000000007 84.450000000000017 44.500000000000007 65.40000000000002 1.5000000000000002 130.00000000000003 0.6150000000000001 1.7500000000000002 1.5050000000000001 135.50000000000003 95.250000000000014
decision_type=2 2 2 2 2 2 2 2 2 2 2 2 2 2 2
left_child=1 3 10 5 -5 7 -7 8 -1 -4 -3 -12 13 -8 -15
right_child=-2 2 9 4 -6 6 12 -9 -10 -11 11 -13 -14 14 -16
leaf_value=0.1150902082646907 -0.0517886437239383 0.015405329179132496 -0.016089736058656347 -0.082085163893284158 0.030570296945495692 0.008946631657080515 0.14752687923402147 -0.033080962709269759 -0.018407059994424657 0.082594092929391696 -0.011041184391728751 -0.079270287291388075 0.047709768618333884 0.11646206925904608 0.11076270149519428
leaf_weight=5.0262553840875679 7.2060267701745024 5.6492782011628213 3.4578924328088751 4.5446544438600522 6.6702697761356831 3.3109074719250184 1.8381896801292894 5.7472578324377528 6.311854250729084 3.7126654498279095 6.9694118425250045 8.4246579855680448 1.560528293251991 1.3451997675001623 1.5161115657538173
leaf_count=35 33 38 16 16 37 25 14 34 34 32 33 35 14 18 29
internal_value=0.000313121 0.00599438 -0.0144163 0.0212002 -0.0150814 0.0364647 0.0731224 0.0159297 0.0407731 0.0350053 -0.0312567 -0.0483807 0.107065 0.126774 0.113442
internal_weight=73.2912 66.0851 28.2139 37.8712 11.2149 26.6563 9.57094 17.0854 11.3381 7.17056 21.0433 15.3941 6.26003 4.6995 2.86131
internal_count=443 410 154 256 53 203 100 103 69 48 106 68 75 61 47
is_linear=0
shrinkage=0.1


Tree=25
num_leaves=19
num_cat=0
split_feature=23 10 1 10 22 10 25 26 11 27 11 22 26 23 22 10 22 11
split_gain=1.92973 2.33403 2.6959 2.33492 2.26253 2.9666 3.44796 2.18253 2.75921 2.31688 4.88246 2.77005 3.11471 1.21475 0.867711 0.70456 0.27516 0.0479298
threshold=87.500000000000014 238.50000000000003 1.5000000000000002 224.50000000000003 10.250000000000002 168.50000000000003 90.950000000000017 37.500000000000007 89.950000000000003 56.500000000000007 32.650000000000006 0.54500000000000015 47.500000000000007 72.500000000000014 0.54500000000000015 352.50000000000006 0.50500000000000012 82.550000000000011
decision_type=2 2 2 2 2 2 2 2 2 2 2 2 2 2 2 2 2 2
left_child=1 3 15 4 5 7 14 8 -1 16 -11 -12 -13 -4 -7 17 -9 -3
right_child=-2 2 13 -5 -6 6 -8 9 -10 10 11 12 -14 -15 -16 -17 -18 -19
leaf_value=-0.00024035232887646246 -0.053088391317783423 0.13842694752051393 0.043224328817919586 -0.081485918162167492 -0.067185844820370919 0.06833557337704374 -0.015734316662730133 -0.040278353413101493 0.12080806534778295 -0.066231872207186057 -0.024546327675447111 0.015744645218085912 0.13803169067884014 -0.038786428369241725 0.1529956801902142 0.04297183014615874 -0.073903308506475862 0.11479713576635926
leaf_weight=5.4479010216891748 6.1899259388446799 1.4111368171870693 3.8984859250485897 3.6027010343968859 4.3339850530028334 2.1541486568748933 3.3407183401286602 5.147729445248844 2.8777747638523579 6.6018897145986584 4.396056927740573 4.4089554063975793 3.9478558339178562 3.3651400208473206 2.7640792839229107 1.5255371704697607 4.6159293204545975 2.1914347428828478
leaf_count=29 27 15 28 17 18 25 21 23 25 28 27 23 24 17 24 20 17 35
internal_value=0.000300179 0.00530493 0.0444209 -0.00373156 0.0018668 0.00841502 0.0626634 -0.0035504 0.0416001 -0.01646 0.00357453 0.0397118 0.0735145 0.00522985 0.115915 0.0999325 -0.0561751 0.124053
internal_weight=72.2214 66.0315 12.3917 53.6397 50.037 45.703 8.25895 37.4441 8.32568 29.1184 19.3548 12.7529 8.35681 7.26363 4.91823 5.12811 9.76366 3.60257
internal_count=443 416 115 301 284 266 70 196 54 142 102 74 47 45 49 70 40 50
is_linear=0
shrinkage=0.1


Tree=26
num_leaves=18
num_cat=0
split_feature=25 26 25 7 23 10 13 10 27 25 26 11 27 23 11 27 22
split_gain=1.73786 1.61966 4.10183 3.78653 2.61432 2.78615 1.85768 3.25045 2.29228 2.04263 1.75956 1.70367 1.60975 2.69192 3.77425 1.40668 0.0814413
threshold=96.050000000000011 37.500000000000007 91.15000000000002 0.90000000000000013 83.500000000000014 224.50000000000003 1.0000000180025095e-35 87.500000000000014 103.50000000000001 91.350000000000009 47.500000000000007 104.30000000000003 79.500000000000014 73.500000000000014 113.40000000000002 132.50000000000003 1.135
decision_type=2 2 2 2 2 2 2 2 2 2 2 2 2 2 2 2 2
left_child=1 2 3 4 5 -1 12 -8 9 11 -10 16 13 14 -3 -14 -9
right_child=-2 6 -4 -5 -6 -7 7 8 10 -11 -12 -13 15 -15 -16 -17 -18
leaf_value=0.12983795619213534 -0.047060721763399309 0.082074569254429242 0.13297103466635016 -0.081257732648259126 -0.046169758800984222 -0.0089106264609067464 -0.046155083856719202 0.12349987643879168 0.053865636952916289 -0.011708878369627449 -0.037597298531089632 0.029733337557799118 0.042438272089660875 -0.093319902247869457 -0.057601847270485812 -0.031613190612282564 0.15034705315788918
leaf_weight=3.8097652513533813 6.9850106984376898 3.0458159111440199 3.2802873253822318 3.4716799706220618 2.3880607560276985 2.3338530547916889 6.1322987377643612 2.5940954275429267 3.6671696826815587 2.1443439126014709 4.9324133768677711 2.2975969426333904 5.4782243780791742 6.2769609540700904 5.3024684861302376 4.8242634460330009 2.001887634396553
leaf_count=38 33 34 26 19 12 25 25 32 22 14 24 19 31 24 28 21 16
internal_value=0.000300611 0.00547118 0.0338716 0.00678968 0.0426176 0.0771298 -0.00344225 0.0165592 0.038364 0.0735297 0.00140577 0.100044 -0.0225146 -0.0438429 -0.00664184 0.00776279 0.135194
internal_weight=70.9662 63.9812 15.2836 12.0034 8.53168 6.14362 48.6975 23.7698 17.6375 9.03792 8.59958 6.89358 24.9277 14.6252 8.34828 10.3025 4.59598
internal_count=443 410 120 94 75 63 290 152 127 81 46 67 138 86 62 52 48
is_linear=0
shrinkage=0.1


Tree=27
num_leaves=18
num_cat=0
split_feature=25 27 19 10 23 22 26 22 22 26 22 25 26 1 23 13 25
split_gain=1.67582 1.45938 1.64267 1.41427 2.03575 2.60678 1.88534 1.64754 2.49602 5.31232 2.86351 2.5961 1.2996 1.45959 1.36875 0.873653 0.824454
threshold=69.750000000000014 36.500000000000007 1.0000000180025095e-35 234.50000000000003 84.500000000000014 2.27 69.500000000000014 0.22500000000000003 1.4400000000000002 40.500000000000007 0.59500000000000008 91.65000000000002 43.000000000000007 1.5000000000000002 72.500000000000014 1.0000000180025095e-35 84.15000000000002
decision_type=2 2 2 2 2 2 2 2 2 2 2 2 2 2 2 2 2
left_child=-1 -2 3 6 5 15 7 16 9 11 -11 -9 13 -10 -14 -5 -3
right_child=1 2 -4 4 -6 -7 -8 8 12 10 -12 -13 14 -15 -16 -17 -18
leaf_value=0.082495928820412512 0.056179484483975944 -0.08262657297133319 0.061998665516850154 0.13900268997789741 -0.048678668747619426 -0.014688217052311756 -0.075737389104995653 0.042656321357267199 0.034196186226379037 0.032974078079833435 0.17711409022219488 -0.07865107550353917 -0.074698401481938279 -0.042851251380830083 -0.0054218157872280423 0.055085790164442296 -0.018097272098301819
leaf_weight=2.3958308715373269 3.9722868986427775 4.1921662352979174 3.3351441919803611 2.2345741968601924 3.199179843068122 4.1498758494853973 5.0457173064351073 3.2417182438075525 6.2402837984263915 2.6697485372424126 2.8490904308855534 3.8706993162631989 6.6378730759024602 4.05744419246912 5.0005304589867592 2.7891386933624744 3.751991543918848
leaf_count=28 28 21 27 31 14 24 20 28 37 18 22 20 26 19 23 35 22
internal_value=0.00031283 -0.00261555 -0.00630717 -0.0101084 0.0200091 0.0439631 -0.017944 -0.0110844 -0.00164697 0.0337648 0.107386 -0.0233612 -0.0220378 0.00383845 -0.0449332 0.0924125 -0.0521497
internal_weight=69.6333 67.2375 63.2652 59.93 12.3728 9.17359 47.5573 42.5115 34.5674 12.6313 5.51884 7.11242 21.9361 10.2977 11.6384 5.02371 7.94416
internal_count=443 415 387 360 104 90 256 236 193 88 40 48 105 56 49 66 43
is_linear=0
shrinkage=0.1


Tree=28
num_leaves=19
num_cat=0
split_feature=25 25 16 25 2 21 22 17 15 27 25 7 27 3 26 10 22 23
split_gain=1.4178 1.25289 2.09836 2.18072 1.7589 3.27771 4.82373 3.21484 3.02602 3.9697 4.04765 2.86373 2.61006 1.73739 1.71026 1.17387 0.721382 0.527728
threshold=69.750000000000014 96.050000000000011 1.0000000180025095e-35 84.850000000000009 1.5000000000000002 1.5000000000000002 0.83500000000000008 1.0000000180025095e-35 1.0000000180025095e-35 143.50000000000003 82.700000000000003 1.1000000000000003 176.00000000000003 1.7500000000000002 56.500000000000007 124.50000000000001 1.2850000000000004 72.500000000000014
decision_type=2 2 2 2 2 2 2 2 2 2 2 2 2 2 2 2 2 2
left_child=-1 2 4 -4 7 -6 -7 8 11 10 -10 13 -9 14 -2 -5 -15 -12
right_child=1 -3 3 15 5 6 -8 12 9 -11 17 -13 -14 16 -16 -17 -18 -19
leaf_value=0.077463683300433461 0.042421982181160618 -0.043206866867411632 -0.012270393870977569 0.12813360153652548 -0.039421560336409714 -0.021620606759166341 0.14960196623675576 -0.10340710072922904 -0.013784128951393039 -0.0564785990387148 0.10847585292841543 0.056992837749770237 -0.0026134034853450777 -0.04455914455924348 -0.053518081370513663 0.037822689012955671 -0.10733699044387027 0.17747240807797854
leaf_weight=2.3013729732483617 3.5578789487481135 6.7496493682265273 3.9739542268216592 2.9470390230417252 4.2257955931127054 2.9717172589153051 3.6864512339234352 6.3689815253019315 2.5474183745682257 2.6785501912236214 2.1326797548681498 3.6715957559645167 4.306106049567461 3.6225815415382385 3.8891153410077095 2.8130951523780823 3.6999411582946777 2.3084832020103931
leaf_count=28 24 33 20 18 27 27 29 29 19 12 22 28 24 26 16 25 16 20
internal_value=0.000304374 -0.00237997 0.0022591 0.0447142 -0.00606149 0.0294619 0.0731808 -0.0160306 0.00171234 0.0470296 0.0867018 -0.0220437 -0.062749 -0.0416916 -0.00768172 0.0840282 -0.0762797 0.14434
internal_weight=68.4524 66.151 59.4014 9.73409 49.6673 10.884 6.65817 38.7833 28.1082 9.66713 6.98858 18.4411 10.6751 14.7695 7.44699 5.76013 7.32252 4.44116
internal_count=443 415 382 63 319 83 56 236 183 73 61 110 53 82 40 43 42 42
is_linear=0
shrinkage=0.1


Tree=29
num_leaves=17
num_cat=0
split_feature=23 10 1 10 27 12 23 23 23 7 13 25 3 23 10 11
split_gain=1.49134 1.73762 2.10692 1.72606 1.69461 2.34553 3.37601 3.06782 3.24993 1.47461 1.71709 1.3945 1.32806 0.946474 0.676946 0.0244927
threshold=87.500000000000014 238.50000000000003 1.5000000000000002 224.50000000000003 220.50000000000003 1.0000000180025095e-35 75.500000000000014 68.500000000000014 64.500000000000014 0.45000000000000007 1.0000000180025095e-35 84.15000000000002 1.7500000000000002 72.500000000000014 352.50000000000006 82.550000000000011
decision_type=2 2 2 2 2 2 2 2 2 2 2 2 2 2 2 2
left_child=1 3 14 4 5 7 11 8 12 10 -9 -7 -1 -4 15 -3
right_child=-2 2 13 -5 -6 6 -8 9 -10 -11 -12 -13 -14 -15 -16 -17
leaf_value=0.037641105727106217 -0.048200972952544406 0.13067195601647258 0.039885293290926514 -0.072861217290663846 -0.042534760938489319 0.032638500139247156 -0.027103656991242966 -0.034656400785906344 -0.10518638512095771 0.077110842743206745 0.052433843042384846 0.12644172743785828 -0.033502688767335503 -0.034471225637360284 0.035069202708028942 0.11243479287284384
leaf_weight=4.354730177670719 5.7951635196804991 1.2037045024335369 3.7005466893315315 3.3151751868426791 7.2817875482141963 2.5021622776985151 3.6491318754851818 4.7349911369383317 4.6256507970392695 4.4785084426403037 4.3379074297845364 4.3228524588048458 6.6015712190419436 3.1854604557156563 1.3681782931089399 1.8969399351626632
leaf_count=30 27 15 28 17 37 18 21 26 19 24 33 39 37 17 20 35
internal_value=0.000296545 0.00486208 0.0401894 -0.00312797 0.00180233 0.00995364 0.0505388 -0.00463771 -0.0348999 0.030159 0.00698293 0.0920519 -0.00522563 0.00548804 0.0936608 0.119515
internal_weight=67.3545 61.5593 11.3548 50.2045 46.8893 39.6075 10.4741 29.1334 15.582 13.5514 9.0729 6.82501 10.9563 6.88601 4.46882 3.10064
internal_count=443 416 115 301 284 247 78 169 86 83 59 57 67 45 70 50
is_linear=0
shrinkage=0.1


Tree=30
num_leaves=19
num_cat=0
split_feature=24 23 25 23 16 24 25 10 13 23 22 27 11 11 11 10 11 22
split_gain=1.31222 1.43822 1.51205 1.75285 2.35771 3.46162 4.1492 2.76093 2.52403 1.97097 1.81334 2.44165 1.61858 1.4912 1.3608 0.762893 0.674511 0.0225584
threshold=24.500000000000004 87.500000000000014 95.200000000000003 40.500000000000007 1.0000000180025095e-35 30.500000000000004 84.250000000000014 238.50000000000003 1.0000000180025095e-35 74.500000000000014 2.4750000000000005 44.500000000000007 82.250000000000014 60.70000000000001 98.90000000000002 127.50000000000001 59.850000000000001 0.58500000000000008
decision_type=2 2 2 2 2 2 2 2 2 2 2 2 2 2 2 2 2 2
left_child=-1 2 3 -2 5 6 -5 10 -6 17 11 -7 13 -13 -14 -4 -8 -9
right_child=1 -3 15 4 8 7 16 9 -10 -11 -12 12 14 -15 -16 -17 -18 -19
leaf_value=-0.06507149575390167 -0.038367972297711335 -0.046715983347502675 -0.062371811473543252 -0.015732134461836602 0.024199226258838379 -0.072683776828776456 0.078098452149051936 0.11116139137316852 0.149525227520034 -0.0052626278231062062 -0.06483516004057642 0.035339199121173719 0.12714366732227508 -0.047578049474518887 0.010243411604842673 -0.0017475609508033549 0.1493227681067818 0.12957757320287885
leaf_weight=2.9355840347707263 5.5741294790059319 5.2660859748721114 4.0934753119945508 3.8201532848179323 3.8760303296148768 3.8466653674841025 2.2607045769691467 1.364612199366092 2.7450976427644491 2.3684392161667347 6.6256595849990836 4.3549968898296338 2.0735155977308746 4.320882635191083 1.9158359412103889 4.211114414036274 3.2284484654664993 1.2976125227287409
leaf_count=13 36 25 19 24 24 17 13 28 25 19 29 31 23 27 19 24 31 16
internal_value=0.000287178 0.00332094 0.0078658 0.014469 0.0211477 0.0114288 0.0642947 -0.00604278 0.076159 0.0610992 -0.0206411 -0.00290749 0.0182849 -0.00595641 0.0710038 -0.0316303 0.119989 0.120138
internal_weight=66.179 63.2435 57.9774 49.6728 44.0987 37.4775 9.30931 28.1682 6.62113 5.03066 23.1376 16.5119 12.6652 8.67588 3.98935 8.30459 5.48915 2.66222
internal_count=443 430 405 362 326 277 68 209 49 63 146 117 100 58 42 43 44 44
is_linear=0
shrinkage=0.1


Tree=31
num_leaves=17
num_cat=0
split_feature=10 7 21 7 22 21 0 22 25 23 21 11 10 10 0 10
split_gain=1.26686 1.83729 1.65905 3.14768 2.78392 2.61374 3.54063 2.95781 1.77005 1.79343 1.71425 1.29744 0.377663 0.0529771 0.0211634 0.00594251
threshold=87.500000000000014 0.45000000000000007 1.5000000000000002 0.90000000000000013 5.6750000000000016 3.5000000000000004 1.5000000000000002 1.4400000000000002 82.40000000000002 62.500000000000007 2.5000000000000004 83.300000000000011 224.50000000000003 193.50000000000003 1.5000000000000002 256.50000000000006
decision_type=2 2 2 2 2 2 2 2 2 2 2 2 2 2 2 2
left_child=1 11 8 4 5 7 -7 13 -2 -10 -5 -1 -11 14 -4 -15
right_child=2 -3 3 10 -6 6 -8 -9 9 12 -12 -13 -14 15 -16 -17
leaf_value=-0.079084854995286724 0.039348943461615916 0.019120448753362163 0.12702639053613007 -0.070510763765927256 -0.040416350972292528 0.078752094790181373 -0.062533946215787936 0.021171079366585549 0.012180076797462164 -0.041578478286313218 0.019307346495457622 -0.0084743546337079489 -0.085090889404917283 0.11999950366201578 0.14129526019736069 0.11100138584672892
leaf_weight=6.0387705862522143 4.3333345465362099 6.4187233075499526 2.2182961367070764 4.5774536095559579 3.4039999283850184 3.6602375805377951 3.4413420632481575 4.2387326955795288 5.0563789475709182 3.882944755256176 3.9660495687276125 4.5727538764476776 4.1018706783652306 1.8232485689222815 1.9560061320662496 1.2284717084839938
leaf_count=27 35 32 26 24 17 35 18 25 38 19 31 23 23 25 19 26
internal_value=0.00031357 -0.0231117 0.00864415 0.0226892 0.0427176 0.0579596 0.0102865 0.0874895 -0.0160223 -0.0344211 -0.0288156 -0.0486571 -0.0639312 0.126391 0.133713 0.116377
internal_weight=64.9186 17.0302 47.8884 30.5138 21.9703 18.5663 7.10158 11.4648 17.3745 13.0412 8.5435 10.6115 7.98482 7.22602 4.1743 3.05172
internal_count=443 82 361 246 191 174 53 121 115 80 55 50 42 96 45 51
is_linear=0
shrinkage=0.1


Tree=32
num_leaves=17
num_cat=0
split_feature=10 7 21 7 21 22 0 25 23 21 3 10 11 27 23 26
split_gain=1.05234 1.53645 1.38642 2.64583 2.39874 4.47395 2.13662 1.4518 1.48855 1.42763 1.25716 0.31771 0.0386677 0.0226153 0.00567814 0.0022409
threshold=87.500000000000014 0.45000000000000007 1.5000000000000002 0.90000000000000013 3.5000000000000004 1.4400000000000002 1.5000000000000002 82.40000000000002 62.500000000000007 2.5000000000000004 2.5000000000000004 224.50000000000003 54.350000000000001 46.500000000000007 75.500000000000014 47.500000000000007
decision_type=2 2 2 2 2 2 2 2 2 2 2 2 2 2 2 2
left_child=1 10 7 4 5 12 -6 -2 -9 -5 -1 -10 -4 -14 15 -15
right_child=2 -3 3 9 6 -7 -8 8 11 -11 -12 -13 13 14 -16 -17
leaf_value=-0.015772704412405164 0.035759123456987507 0.017117544619391592 0.13712590069718869 -0.065039111813477379 0.04589403409556006 0.0079016446334986088 -0.058184675591655112 0.01098377800310904 -0.038013545197432587 0.017387344643850455 -0.086598488379175775 -0.078279022922778774 0.13098916889370132 0.10900849696503281 0.12002192912790395 0.11537037899430264
leaf_weight=6.0559039711952227 4.2936948146671083 6.4509885348379603 1.6049798941239766 4.4720081668347103 4.1317117493599644 6.6912266984581947 3.7742135636508465 5.0469091888517124 3.825522817671299 3.9637303240597248 4.2754919677972794 4.0175283066928387 1.2508124988526104 1.0986588103696711 1.6077313944697378 1.1161655522882936
leaf_count=33 35 32 16 24 37 38 20 38 19 31 17 23 14 27 21 18
internal_value=0.000315644 -0.0211736 0.00800606 0.0210823 0.039873 0.0656938 -0.00379215 -0.0146032 -0.0313791 -0.0263091 -0.0450829 -0.0586392 0.123597 0.119317 0.115498 0.112215
internal_weight=63.6773 16.7824 46.8949 29.7112 21.2755 13.3696 7.90593 17.1837 12.89 8.43574 10.3314 7.84305 6.67835 5.07337 3.82256 2.21482
internal_count=443 82 361 246 191 134 57 115 80 55 50 42 96 80 66 45
is_linear=0
shrinkage=0.1


Tree=33
num_leaves=16
num_cat=0
split_feature=21 17 2 0 10 27 25 27 21 27 25 25 24 3 10
split_gain=1.11756 1.6192 4.49963 2.3304 2.29089 2.1474 1.72993 2.52613 2.65065 2.52506 1.51932 1.188 1.05813 0.956436 0.790843
threshold=4.5000000000000009 1.0000000180025095e-35 1.5000000000000002 1.5000000000000002 105.50000000000001 176.00000000000003 80.550000000000011 110.50000000000001 2.5000000000000004 72.250000000000014 73.500000000000014 88.750000000000014 32.500000000000007 2.5000000000000004 168.50000000000003
decision_type=2 2 2 2 2 2 2 2 2 2 2 2 2 2 2
left_child=1 3 5 6 -5 -3 10 8 11 -10 -1 -8 -6 -13 -14
right_child=-2 2 -4 4 12 -7 7 -9 9 -11 -12 13 14 -15 -16
leaf_value=0.0053252756026028842 0.062041378674378783 -0.10341316474777457 0.064234851680746566 -0.015024045043230506 0.12445429846959888 -0.0085932724044142823 0.015629247637441255 0.068106621215864513 0.11501453590472155 -0.018890912777988562 -0.085670543451816433 -0.066054998846188193 -0.0069289172507375407 -0.0094116280704883287 0.08633625616479991
leaf_weight=3.1136956391856065 2.8018328770995131 6.2020633816719037 3.5333775207400313 3.7839539125561696 3.1551464032381773 3.8842836311087012 4.4950989279896119 5.2457194179296485 2.9254823941737405 2.7152966316789389 4.4676084350794554 7.7461384348571283 1.613981753587723 4.8457927480340004 2.0820199176669121
leaf_count=30 21 29 29 20 34 24 39 32 34 19 23 38 10 31 30
internal_value=0.000314582 -0.00257706 -0.0328779 0.00635754 0.0474271 -0.0668977 -0.00592711 0.0055561 -0.00888094 0.0505566 -0.0482979 -0.0285025 0.0819194 -0.0442568 0.0456089
internal_weight=62.6115 59.8097 13.6197 46.1899 10.6351 10.0863 35.5548 27.9735 22.7278 5.64078 7.5813 17.087 6.85115 12.5919 3.696
internal_count=443 422 82 340 94 53 246 193 161 53 53 108 74 69 40
is_linear=0
shrinkage=0.1


Tree=34
num_leaves=16
num_cat=0
split_feature=24 27 26 3 22 10 11 0 25 27 25 26 25 27 10
split_gain=1.10868 2.76228 2.37407 1.85201 1.79486 1.54931 5.00099 1.53022 2.03784 3.03257 1.07833 0.969537 0.867062 0.655322 0.0347912
threshold=34.500000000000007 66.500000000000014 37.500000000000007 1.1000000000000003 0.6150000000000001 116.50000000000001 99.40000000000002 1.5000000000000002 80.550000000000011 86.000000000000014 91.15000000000002 43.000000000000007 91.350000000000009 117.50000000000001 170.50000000000003
decision_type=2 2 2 2 2 2 2 2 2 2 2 2 2 2 2
left_child=5 2 -2 -3 -4 11 7 8 -7 -10 -11 12 -1 -5 -8
right_child=1 3 4 13 -6 6 14 -9 9 10 -12 -13 -14 -15 -16
leaf_value=0.025967843024134435 0.06160751684621877 0.014148575816103565 0.0077018480512252799 0.13114386306449688 -0.087792015995771078 -0.08558162664468176 0.1342770240331552 0.036887865911783654 -0.060360178628206432 0.084520871434980105 0.0023261575626405428 -0.054636928790622388 -0.041353121753752248 0.057390385992661677 0.11338048563076791
leaf_weight=3.9811384901404407 2.8991552516818064 4.9902186002582294 3.6256881598383188 2.8941390663385391 4.3055768236517906 4.2357804942876163 1.4006715063005679 5.0790507309138766 5.3301762714982015 3.0691715599969029 3.325594425201416 9.1175703853368741 3.6830623745918274 2.0638317242264748 1.8478859718888996
leaf_count=22 30 39 36 39 18 22 16 39 32 22 18 39 20 16 35
internal_value=0.00028962 0.0191127 -0.0158314 0.0571558 -0.0441381 -0.00923357 0.00691102 -0.0109191 -0.0261323 -0.0046555 0.0417756 -0.0325997 -0.00638352 0.100443 0.12239
internal_weight=61.8487 20.7786 10.8304 9.94819 7.93126 41.0701 24.2883 21.0398 15.9607 11.7249 6.39477 16.7818 7.6642 4.95797 3.24856
internal_count=443 178 84 94 54 265 184 133 94 72 40 81 42 55 51
is_linear=0
shrinkage=0.1


Tree=35
num_leaves=17
num_cat=0
split_feature=24 23 25 24 25 16 10 12 25 15 23 3 3 25 23 3
split_gain=1.08648 0.932075 1.13953 1.5574 3.52138 2.67529 1.67897 1.41758 3.15629 2.3965 1.4928 1.2147 0.945747 0.909696 0.747052 0.593203
threshold=24.500000000000004 87.500000000000014 95.200000000000003 30.500000000000004 84.250000000000014 1.0000000180025095e-35 300.50000000000006 1.0000000180025095e-35 84.850000000000009 1.0000000180025095e-35 73.500000000000014 1.7500000000000002 2.5000000000000004 91.950000000000017 65.500000000000014 2.5000000000000004
decision_type=2 2 2 2 2 2 2 2 2 2 2 2 2 2 2 2
left_child=-1 2 3 4 -2 6 7 8 10 -9 -5 -10 -8 -6 -4 -7
right_child=1 -3 14 5 13 15 12 9 11 -11 -12 -13 -14 -15 -16 -17
leaf_value=-0.06132045616119744 -0.022067343845888664 -0.039304781555767429 0.0058151554705684946 0.074808055321706257 0.12525075580848774 0.10153131002793853 0.12205914623082342 0.075262981972138321 -0.023977641181027944 -0.035820782205016374 -0.028464302121660498 -0.086091618116215948 0.0019266968708907682 0.05077580792739142 -0.057142707747602023 0.035522158573411379
leaf_weight=2.7333055119961491 4.5862362971529347 4.7388756498694411 3.4245198294520369 3.2059260699898102 3.661958547309041 2.5717862630262962 1.4146079346537583 3.8043489325791588 5.4739934485405666 3.9675514101982117 2.4843458980321884 7.4107859190553427 1.2209140118211506 2.9705945439636707 4.1917080879211426 2.8927899226546288
leaf_count=13 29 25 17 39 35 26 23 36 32 29 16 38 20 21 26 18
internal_value=0.000292405 0.00319492 0.00697482 0.0129472 0.0453071 0.00240813 -0.00969283 -0.0173052 -0.0323093 0.0185548 0.0297198 -0.059703 0.0664074 0.0918948 -0.0288347 0.066588
internal_weight=60.7542 58.0209 53.2821 45.6658 11.2188 34.447 28.9825 26.347 18.5751 7.7719 5.69027 12.8848 2.63552 6.63255 7.61623 5.46458
internal_count=443 430 405 362 85 277 233 190 125 65 55 70 43 56 43 44
is_linear=0
shrinkage=0.1


Tree=36
num_leaves=17
num_cat=0
split_feature=27 27 0 11 27 25 23 11 23 22 0 10 21 25 22 10
split_gain=1.03334 2.65781 1.63316 2.59839 1.75847 1.5332 1.95358 1.90111 1.89112 1.51257 1.41932 2.07129 1.20839 3.2739 1.9718 2.4329
threshold=171.00000000000003 121.50000000000001 1.5000000000000002 63.500000000000007 64.250000000000014 95.200000000000003 38.000000000000007 115.00000000000001 63.500000000000007 0.96500000000000008 1.5000000000000002 87.500000000000014 2.5000000000000004 84.450000000000017 1.0850000000000002 213.50000000000003
decision_type=2 2 2 2 2 2 2 2 2 2 2 2 2 2 2 2
left_child=1 2 5 -4 9 6 -1 8 -8 -5 11 -2 14 -14 15 -10
right_child=10 -3 3 4 -6 -7 7 -9 12 -11 -12 -13 13 -15 -16 -17
leaf_value=-0.073854909452642212 -0.065923867603117567 0.07201833324237486 -0.046033785655704568 0.083580041676892036 0.12151738410276219 -0.067839549101437621 0.073002921952808358 0.073430477402067915 0.073611207761003425 -0.042184195044230849 -0.077191598578107562 0.037489013004147038 -0.04447752694256138 0.093261973388495512 -0.083007275052508378 -0.05236671177342675
leaf_weight=3.5041404422372606 3.1694764345884305 5.5317828059196463 2.8836198579519969 1.921617276966572 3.1922858152538538 4.3389966748654833 2.680604166351265 3.5696447473019353 2.6430596858263034 1.903736528009176 3.732109932228922 4.9801024906337261 3.9443108923733226 3.0677883289754391 5.1248973608016968 3.6499317772686481
leaf_count=17 15 35 14 32 36 24 37 37 19 12 19 34 32 31 22 27
internal_value=0.000282208 0.00682327 -0.00167757 0.0338821 0.0667204 -0.0125032 -0.00398414 0.00593623 -0.00547655 0.0209919 -0.0261186 -0.00272959 -0.0168912 0.0157834 -0.0369578 0.00054408
internal_weight=59.8381 47.9564 42.4246 9.90126 7.01764 32.5234 28.1844 24.6802 21.1106 3.82535 11.8817 8.14958 18.43 7.0121 11.4179 6.29299
internal_count=443 375 340 94 80 246 222 205 168 44 68 49 131 63 68 46
is_linear=0
shrinkage=0.1


Tree=37
num_leaves=19
num_cat=0
split_feature=10 10 23 23 26 22 23 10 22 27 10 10 26 24 11 11 23 7
split_gain=1.11757 1.31231 2.29296 2.85149 1.28778 1.21689 1.36202 1.62351 1.46861 1.24048 1.32863 2.3889 2.31437 1.35344 1.00185 0.822437 0.773646 0.51551
threshold=234.50000000000003 260.50000000000006 74.500000000000014 38.000000000000007 69.500000000000014 10.250000000000002 61.500000000000007 145.00000000000003 4.9400000000000004 229.50000000000003 213.50000000000003 103.50000000000001 40.500000000000007 33.500000000000007 85.700000000000003 68.850000000000009 47.500000000000007 1.0000000180025095e-35
decision_type=2 2 2 2 2 2 2 2 2 2 2 2 2 2 2 2 2 2
left_child=4 -2 3 -3 5 6 7 -1 9 10 11 14 13 -13 -8 -14 -9 -5
right_child=1 2 -4 17 -6 -7 8 16 -10 -11 -12 12 15 -15 -16 -17 -18 -19
leaf_value=0.080164375255529122 0.083029967381132289 -0.055203125290194534 -0.048602274525061301 0.067520413137116278 -0.057735253611235632 -0.054844914538042217 -0.065047967260605091 -0.046014218092337883 0.055329650104642317 -0.070447482839684147 -0.071431136127137682 -0.041487766804614357 0.047988362943710616 0.054221056423843277 -0.00065332028335957104 0.13578620598231744 0.036805146218437661 0.14993789170278923
leaf_weight=4.5488195270299894 3.1562121566385022 1.5448790267109851 3.9236482968553901 1.4205821128562095 4.4607956334948531 3.8543748930096617 4.8280818685889368 2.2499876264482737 3.4211961328983298 3.4248377382755271 2.7246267516165963 3.6807999685406667 2.0919249355792999 2.4683730723336339 4.8360436148941517 2.1774985790252686 2.2617227584123611 1.6294168327003715
leaf_count=36 32 13 29 31 22 19 23 15 18 17 18 25 14 28 27 27 25 24
internal_value=0.000257412 0.02795 0.00754229 0.0554851 -0.00661715 -0.0012604 0.0040745 0.0380071 -0.00629356 -0.0143304 -0.0059037 0.00298643 0.0362037 -0.00306877 -0.0328241 0.0927672 -0.00449683 0.111551
internal_weight=58.7038 11.6747 8.51853 4.59488 47.0291 42.5683 38.7139 9.06053 29.6534 26.2322 22.8073 20.0827 10.4186 6.14917 9.66413 4.26942 4.51171 3.05
internal_count=443 129 97 68 314 292 273 76 197 179 162 144 94 53 50 41 40 55
is_linear=0
shrinkage=0.1


Tree=38
num_leaves=18
num_cat=0
split_feature=10 25 25 14 22 27 26 22 23 10 23 3 2 10 25 10 27
split_gain=0.931552 1.23922 1.5202 2.63411 2.79955 2.30524 1.07107 1.01409 1.11148 1.33979 1.26962 1.72548 2.6151 3.00221 1.52459 0.732217 0.00162032
threshold=234.50000000000003 92.350000000000009 90.65000000000002 1.0000000180025095e-35 2.27 74.500000000000014 69.500000000000014 10.250000000000002 61.500000000000007 145.00000000000003 67.500000000000014 0.40000000000000008 1.0000000180025095e-35 123.50000000000001 84.250000000000014 165.50000000000003 61.500000000000007
decision_type=2 2 2 2 2 2 2 2 2 2 2 2 2 2 2 2 2
left_child=6 2 3 4 5 16 7 8 9 -1 -10 14 13 -13 -12 -11 -2
right_child=1 -3 -4 -5 -6 -7 -8 -9 10 15 11 12 -14 -15 -16 -17 -18
leaf_value=0.073083421978631893 0.10820723430759201 0.085515078519324508 -0.079958275316956984 0.12374736550406984 -0.10738081279584209 -0.064095382491224817 -0.053234928404824106 -0.050732386076929807 -0.046060571517191159 -0.047172444978197919 -0.071885948545029596 -0.043938139177593469 0.10182749462314725 0.068949757103565518 0.0082911315874844918 0.033532114128421268 0.11387803751651232
leaf_weight=4.4936114735901338 0.97298529744148154 2.666489139199256 1.6152079682797191 2.0326252644881606 1.8915401250123975 1.1953165195882318 4.3596034646034232 3.7554959021508685 6.1645756894722608 2.1030763573944569 4.2599124163389224 5.8332440815865976 3.5519986646249881 3.9518652055412531 5.350506380200386 2.415301269851625 1.0450399266555903
leaf_count=36 26 25 10 31 7 12 22 19 38 13 25 29 31 36 38 27 18
internal_value=0.000253423 0.025831 0.00764843 0.0274737 -0.0108598 0.0459574 -0.0060632 -0.0011527 0.00373126 0.0344199 -0.00576876 0.00505515 0.0283322 0.00165335 -0.0272481 -0.00403178 0.111144
internal_weight=57.6584 11.4192 8.75272 7.13751 5.10488 3.21334 46.2392 41.8796 38.1241 9.01199 29.1121 22.9475 13.3371 9.78511 9.61042 4.51838 2.01803
internal_count=443 129 104 94 63 56 314 292 273 76 197 159 96 65 63 40 44
is_linear=0
shrinkage=0.1


Tree=39
num_leaves=18
num_cat=0
split_feature=24 27 26 3 10 27 26 24 27 27 25 24 22 23 7 11 11
split_gain=0.889428 2.34581 1.92758 1.33817 1.2099 2.08949 2.33801 1.26334 4.95343 1.14257 1.25133 1.06131 0.944957 0.698228 0.570048 0.0848374 0.0151113
threshold=34.500000000000007 66.500000000000014 37.500000000000007 1.1000000000000003 66.500000000000014 68.500000000000014 47.500000000000007 30.500000000000004 121.50000000000001 171.00000000000003 80.550000000000011 32.500000000000007 0.6150000000000001 75.500000000000014 1.5500000000000003 104.90000000000002 66.200000000000017
decision_type=2 2 2 2 2 2 2 2 2 2 2 2 2 2 2 2 2
left_child=4 2 -2 -3 -1 6 15 8 -7 10 -9 -12 -4 -8 16 -6 -5
right_child=1 3 12 14 5 7 13 9 -10 -11 11 -13 -14 -15 -16 -17 -18
leaf_value=-0.046179997592017304 0.058612644780835124 0.017080693133839978 -0.0024297615038831365 0.1278399613893523 0.12156034112205544 -0.051742449823134529 0.034911038579981825 -0.067038634249727988 0.10551176776817993 -0.076839514756716062 0.052816643245607323 -0.028473901567235449 -0.074624760276293334 -0.038337626257442518 0.045939481599244825 0.089100917490684134 0.11326475132775425
leaf_weight=6.9940043166279784 2.5758883440867084 4.6454765135422331 3.3102345103397965 1.4457974834367635 1.9079910703003427 4.7285091895610112 2.7577641829848289 3.134021854028104 3.475302129983902 4.386139888316392 3.0492422990500927 3.3934079306200147 4.0083605609834194 2.464188301935792 1.5916223563253877 1.3931255321949718 1.4002655074000356
leaf_count=34 30 39 36 17 27 28 25 16 24 23 23 23 18 16 11 26 27
internal_value=0.000245611 0.0179006 -0.0157852 0.0545953 -0.00864551 -9.1611e-05 0.0419884 -0.0162714 0.0148737 -0.0345706 -0.0152113 0.0100001 -0.0419706 0.00034571 0.0938664 0.107862 0.120669
internal_weight=56.6613 18.9776 9.89448 9.08316 37.6837 30.6897 8.52307 22.1666 8.20381 13.9628 9.57667 6.44265 7.3186 5.22195 4.43769 3.30112 2.84606
internal_count=443 178 84 94 265 231 94 137 52 85 62 46 54 41 55 53 44
is_linear=0
shrinkage=0.1


Tree=40
num_leaves=18
num_cat=0
split_feature=21 17 2 27 27 0 10 11 10 27 25 25 21 25 11 23 25
split_gain=0.918897 1.1794 3.42834 1.74101 3.92036 2.21305 2.65811 1.56221 3.04159 1.48316 1.28281 1.50315 2.62155 2.02906 0.763037 0.0479638 0.0264988
threshold=4.5000000000000009 1.0000000180025095e-35 1.5000000000000002 176.00000000000003 121.50000000000001 1.5000000000000002 165.50000000000003 105.75000000000001 169.50000000000003 176.00000000000003 94.750000000000014 84.250000000000014 1.5000000000000002 90.950000000000017 94.15000000000002 73.500000000000014 88.65000000000002
decision_type=2 2 2 2 2 2 2 2 2 2 2 2 2 2 2 2 2
left_child=1 3 9 4 5 7 -7 10 -9 -3 11 14 -13 -14 -1 -8 -10
right_child=-2 2 -4 -5 -6 6 15 8 16 -11 -12 12 13 -15 -16 -17 -18
leaf_value=-0.020579719384913847 0.058974894150133607 -0.093877743434483976 0.060121602136383179 -0.058581470469403429 0.10870322327360507 0.0023216495544660246 0.11422615923456203 -0.016808878634199775 0.10958382362881919 -0.011706310705404347 -0.080873947607983776 -0.03977954669439758 0.13454939337068347 -0.0096446733924226355 -0.091923421595167698 0.14046951934807833 0.13076041472814079
leaf_weight=3.2881479160860243 2.5420035235583773 5.4542927611619216 3.1556114712730041 3.8305100798606864 3.7825447507202616 4.5072293002158395 1.5064018284901979 5.3024409580975762 1.3082609809935095 3.6776691852137446 3.7065260373055926 4.5385539159178716 2.2323027253150944 1.7338847927749155 2.755284383893013 1.2952195871621368 1.0776306297630069
leaf_count=27 21 29 29 22 25 30 35 32 30 24 19 26 29 16 19 16 14
internal_value=0.000239343 -0.00256967 -0.0297348 0.00559854 0.0122367 0.00126327 0.0498674 -0.0124298 0.0253823 -0.0607853 -0.0283552 -0.0149746 0.0121215 0.0715126 -0.0531063 0.126359 0.119149
internal_weight=55.6945 53.1525 12.2876 40.8649 37.0344 33.2519 7.30885 25.943 7.68833 9.13196 18.2547 14.5482 8.50474 3.96619 6.04343 2.80162 2.38589
internal_count=443 422 82 340 318 293 81 212 76 53 136 117 71 45 46 51 44
is_linear=0
shrinkage=0.1


Tree=41
num_leaves=20
num_cat=0
split_feature=21 17 2 27 27 0 10 27 10 26 11 11 24 23 10 3 3 10 23
split_gain=0.751104 0.978554 2.82689 1.46073 3.14399 1.85456 2.43038 1.51048 1.29805 1.10312 1.29214 3.07039 1.38179 1.34165 1.30529 1.29052 0.904675 0.149276 0.0348716
threshold=4.5000000000000009 1.0000000180025095e-35 1.5000000000000002 176.00000000000003 121.50000000000001 1.5000000000000002 165.50000000000003 100.50000000000001 92.500000000000014 69.500000000000014 105.75000000000001 147.85000000000002 29.500000000000004 67.500000000000014 81.500000000000014 2.5000000000000004 0.40000000000000008 170.50000000000003 73.500000000000014
decision_type=2 2 2 2 2 2 2 2 2 2 2 2 2 2 2 2 2 2 2
left_child=1 3 8 4 5 7 -7 9 -3 10 12 14 -1 -14 -12 16 -15 -16 -8
right_child=-2 2 -4 -5 -6 6 18 -9 -10 -11 11 -13 13 15 17 -17 -18 -19 -20
leaf_value=-0.060106049867915991 0.053557414332992472 -0.1087945689579877 0.054181517939523263 -0.054556501967655505 0.097424655828672366 0.0020891050724428438 0.11282436023574094 -0.080468428286601321 -0.028486186330955988 -0.065549713978931876 0.016266217826510929 -0.060359504853706419 -0.045912936466640748 0.048432369666309656 0.16319112232654179 0.095191994709459785 -0.042287077384171701 0.11476458187379351 0.13609679711071282
leaf_weight=4.1503027901053526 2.5204104259610167 3.0591136664152128 3.1516398126259437 3.708382509648799 3.7974905595183364 4.5080119539052239 1.3791170772165062 2.8163047954440108 5.8836318021640182 2.4893499761819831 1.4672656580805767 1.9399051051586864 3.0691847959533316 2.1648919936269522 1.0423399880528452 2.2713247388601303 2.2331199627369642 1.6349878301843999 1.2076665582135317
leaf_count=26 21 15 29 22 25 30 35 16 38 14 8 15 24 23 12 23 17 34 16
internal_value=0.000244611 -0.00234072 -0.027257 0.00521569 0.0113437 0.00124629 0.0464249 -0.0114335 -0.0559579 -0.00277815 0.00504531 0.0434735 -0.0117895 0.00880168 0.0920732 0.033981 0.00236896 0.133618 0.123689
internal_weight=54.4944 51.974 12.0944 39.8796 36.1713 32.3738 7.0948 25.279 8.94275 22.4627 19.9733 6.0845 13.8888 9.73852 4.14459 6.66934 4.39801 2.67733 2.58678
internal_count=443 422 82 340 318 293 81 212 53 196 182 69 113 87 54 63 40 46 51
is_linear=0
shrinkage=0.1


Tree=42
num_leaves=18
num_cat=0
split_feature=27 27 24 10 10 24 27 22 7 2 11 11 10 12 10 10 23
split_gain=0.794744 0.929811 1.23888 2.48053 1.30989 1.4741 2.53642 2.48063 2.17116 1.61544 1.55793 1.41824 1.10887 1.36364 1.24032 1.42893 0.783289
threshold=36.500000000000007 40.500000000000007 34.500000000000007 45.500000000000007 87.500000000000014 31.500000000000004 104.50000000000001 2.1050000000000004 0.28750000000000003 1.5000000000000002 82.250000000000014 98.90000000000002 135.50000000000003 1.0000000180025095e-35 189.50000000000003 225.50000000000003 67.500000000000014
decision_type=2 2 2 2 2 2 2 2 2 2 2 2 2 2 2 2 2
left_child=-1 -2 4 -4 16 6 10 8 9 -7 -6 -12 -5 14 -14 -16 -3
right_child=1 2 3 12 5 7 -8 -9 -10 -11 11 -13 13 -15 15 -17 -18
leaf_value=0.048810641586612746 -0.062958463908407966 -0.075617362423708978 0.1416513680742246 -0.03062616863435846 -0.060994242870200333 0.10530374268140885 0.0835954035521706 -0.071590335609744524 -0.065597302518590569 -0.017367898741607102 0.098133768709283739 -0.027209748069623882 0.075089272652758124 0.11271140214269425 -0.079322322028084244 0.028473290141532867 -0.016162179120857791
leaf_weight=3.1684494316577902 2.4463510215282431 4.0774224177002889 1.6022088974714268 4.4752196706831446 3.3135376870632189 2.7696884125471097 4.7181725762784481 5.608341233804822 2.0845100469887257 1.7529172943904994 1.7627922547981145 1.8501532822847364 2.1725559774786216 1.6412942958995698 2.0648484574630857 3.0405135853216052 4.8534614890813828
leaf_count=29 15 19 12 30 22 34 33 30 12 20 20 21 26 35 17 39 29
internal_value=0.000236118 -0.00282766 0.000250562 0.0240593 -0.0106382 0.00158972 0.0270474 -0.0226784 0.0188397 0.0577574 -0.0114718 0.0339466 0.00999328 0.0303741 0.0118056 -0.0151243 -0.0433066
internal_weight=53.4024 50.234 47.7876 14.9966 32.791 23.8601 11.6447 12.2155 6.60712 4.52261 6.92648 3.61295 13.3944 8.91921 7.27792 5.10536 8.93088
internal_count=443 414 399 159 240 192 96 96 66 54 63 41 147 117 82 56 48
is_linear=0
shrinkage=0.1


Tree=43
num_leaves=18
num_cat=0
split_feature=27 27 23 27 25 23 23 25 11 11 23 22 26 11 3 1 11
split_gain=0.732252 1.34717 0.907608 0.833623 1.88377 1.04494 2.46991 1.33427 1.50431 1.83499 2.15143 1.37339 1.35897 1.0885 0.850951 0.60404 0.226212
threshold=229.50000000000003 349.00000000000006 87.500000000000014 121.50000000000001 90.450000000000017 48.500000000000007 62.500000000000007 94.15000000000002 105.75000000000001 98.550000000000011 71.500000000000014 2.1200000000000006 40.500000000000007 67.200000000000017 2.5000000000000004 1.5000000000000002 106.65000000000002
decision_type=2 2 2 2 2 2 2 2 2 2 2 2 2 2 2 2 2
left_child=2 -2 3 5 -5 14 16 8 9 10 12 13 -8 -12 -1 -15 -7
right_child=1 -3 -4 4 -6 6 7 -9 -10 -11 11 -13 -14 15 -16 -17 -18
leaf_value=0.0010012147231138213 -0.07831565253248339 0.010153775739656862 -0.040319641650320454 -0.0028867183735312935 0.098078807304807017 0.12019592768920706 0.014128030213966367 -0.04520540931584071 0.084295925166333996 -0.069513864674287634 -0.076011156489293644 0.062910487820104707 0.13834729876908083 0.031868391428325753 -0.073073954552420425 -0.034831727469865521 0.063321562082640892
leaf_weight=3.2345328498631707 3.1533926576375952 3.7898004446178675 4.0532991066575041 4.4351469334214917 3.167771503329277 1.7708071973174839 1.5700724013149838 5.0609207991510621 2.5333553636446586 2.9842150397598735 2.7724370611831528 2.2674821205437174 2.0058668553829193 2.9271275419741869 2.9792109355330467 2.5323303956538439 1.1557669285684822
leaf_count=28 18 25 25 30 21 32 20 33 35 20 17 19 24 37 23 17 19
internal_value=0.00022045 -0.0300264 0.00484109 0.00926291 0.0391808 0.00253206 0.0108785 0.000568033 0.0123915 0.00171362 0.0168151 -0.00600134 0.0838069 -0.0249832 -0.0345145 0.00093002 0.097735
internal_weight=52.3935 6.94319 45.4503 41.397 7.60292 33.7941 27.5804 24.6538 19.5929 17.0595 14.0753 10.4994 3.57594 8.23189 6.21374 5.45946 2.92657
internal_count=443 43 400 375 51 324 273 222 189 154 134 90 44 71 51 54 51
is_linear=0
shrinkage=0.1


Tree=44
num_leaves=18
num_cat=0
split_feature=10 10 23 23 10 22 10 22 27 18 25 27 24 24 21 26 7
split_gain=0.732705 0.9621 1.47927 1.63689 0.810313 0.884137 0.845751 1.21368 1.22006 1.21229 1.08946 0.821288 3.53628 1.48253 0.770513 0.661372 0.319583
threshold=234.50000000000003 260.50000000000006 74.500000000000014 38.000000000000007 214.50000000000003 10.250000000000002 180.50000000000003 4.6800000000000006 229.50000000000003 1.0000000180025095e-35 91.950000000000017 79.500000000000014 33.500000000000007 32.500000000000007 1.5000000000000002 40.500000000000007 1.0000000180025095e-35
decision_type=2 2 2 2 2 2 2 2 2 2 2 2 2 2 2 2 2
left_child=4 -2 3 -3 5 6 7 8 9 11 -8 13 -13 15 -15 -1 -5
right_child=1 2 -4 16 -6 -7 10 -9 -10 -11 -12 12 -14 14 -16 -17 -18
leaf_value=-0.026230376151520421 0.075954664344041314 -0.03845282488776737 -0.042959801411215012 0.059766789123409783 -0.06121805170521491 -0.051168283196987935 0.080851749030815448 0.046653139674234997 -0.061925025977240311 0.054442998721834938 -0.018029005537471485 -0.038130535820259874 0.1039653322339838 -0.090932564199746158 -0.022691050744672987 0.042197687231220665 0.13335585556768517
leaf_weight=2.6574999392032748 2.6778534185141307 1.3661600630730393 3.3249039314687252 1.1076505491510036 2.4601074364036313 3.3533997163176528 2.848658161237835 4.1937753707170478 4.029609825462102 3.2380541563034049 1.8301310203969476 4.7264220565557471 2.7824323866516352 3.5846070162951946 3.0729601979255676 3.0148655623197556 1.2631125682964919
leaf_count=20 32 13 29 31 21 19 39 24 22 30 13 30 26 18 28 24 24
internal_value=0.000215273 0.0249156 0.00556149 0.048733 -0.00554109 -0.00205869 0.00251854 -0.00340921 -0.0111546 -0.00228923 0.0421741 -0.011549 0.0145236 -0.027427 -0.0594341 0.0101392 0.0989741
internal_weight=51.5322 9.73968 7.06183 3.73692 41.7925 39.3324 35.979 31.3002 27.1065 23.0768 4.67879 19.8388 7.50885 12.3299 6.65757 5.67237 2.37076
internal_count=443 129 97 68 314 293 274 222 198 176 52 146 56 90 46 44 55
is_linear=0
shrinkage=0.1


Tree=45
num_leaves=18
num_cat=0
split_feature=27 22 22 22 22 11 10 22 26 1 12 3 24 24 3 27 24
split_gain=0.616225 0.744817 2.35568 2.8334 2.14765 1.39571 1.77086 1.56818 1.29372 1.60318 1.12049 2.14525 1.14671 1.39669 0.762603 0.455524 0.000935839
threshold=36.500000000000007 0.51550000000000018 0.43500000000000005 0.30500000000000005 1.4400000000000002 63.500000000000007 111.50000000000001 0.14500000000000005 40.500000000000007 1.0000000180025095e-35 1.0000000180025095e-35 0.40000000000000008 31.500000000000004 33.500000000000007 2.5000000000000004 103.50000000000001 32.500000000000007
decision_type=2 2 2 2 2 2 2 2 2 2 2 2 2 2 2 2 2
left_child=-1 2 3 5 8 -2 -7 16 9 -3 12 -12 -6 -14 -10 -15 -8
right_child=1 4 -4 -5 10 6 7 -9 14 -11 11 -13 13 15 -16 -17 -18
leaf_value=0.043708437400273199 -0.092274029311778194 0.073180725566668145 -0.10195576004352414 0.11809272390070805 0.0093571192685686713 -0.05785855870054385 0.11200056974967885 -0.0090287765589248913 0.13457801842262665 -0.041949483915608009 -0.03764657714281814 0.06814771750920294 -0.093693547465391658 0.0082268059443100505 0.048209785246381275 -0.045583253744455522 0.10746897226930632
leaf_weight=3.0596043914556494 2.1850167289376241 2.2989631518721563 2.9052035063505164 1.697918016463517 6.1217982545495095 3.317416176199913 0.97083833348005988 2.8168346285820007 1.932949401438236 2.5522431805729866 3.4345159046351901 4.3370754886418581 3.7682683952152711 3.3846086785197258 2.1700652902945876 2.9395212531089783 0.85889289528131485
leaf_count=29 11 31 19 29 36 17 21 36 25 17 22 37 21 28 23 14 27
internal_value=0.000203855 -0.0025871 -0.021261 -0.00147239 0.00577598 -0.0214755 -0.00205107 0.0377927 0.047567 0.0126102 -0.00982517 0.0213938 -0.0247887 -0.0455007 0.0888983 -0.0167847 0.109873
internal_weight=50.7517 47.6921 14.7521 11.8469 32.94 10.149 7.96398 4.64657 8.95422 4.85121 23.9858 7.77159 16.2142 10.0924 4.10301 6.32413 1.82973
internal_count=443 414 160 141 254 112 101 84 96 48 158 59 99 63 48 42 48
is_linear=0
shrinkage=0.1


Tree=46
num_leaves=18
num_cat=0
split_feature=24 11 27 22 22 2 11 11 11 10 22 22 26 11 11 22 24
split_gain=0.657679 0.569058 1.62753 0.70593 1.5494 1.40161 1.1444 1.34392 1.0842 1.33635 1.42862 0.859445 1.42451 0.788852 1.63402 1.291 0.000545492
threshold=24.500000000000004 147.85000000000002 37.500000000000007 0.30500000000000005 1.4400000000000002 1.5000000000000002 102.55000000000001 47.750000000000007 63.500000000000007 111.50000000000001 0.14500000000000005 0.51550000000000018 40.500000000000007 38.250000000000007 65.40000000000002 3.1250000000000004 32.500000000000007
decision_type=2 2 2 2 2 2 2 2 2 2 2 2 2 2 2 2 2
left_child=-1 2 -2 8 6 13 7 -5 -4 -10 16 -9 -13 -6 -15 -16 -11
right_child=1 -3 3 4 5 -7 -8 11 9 10 -12 12 -14 14 15 -17 -18
leaf_value=-0.053084343541108997 0.096364803466332666 -0.046004423344593627 -0.085894129355112925 0.089153862608621612 -0.049631914287161912 0.039370050640696236 0.11356042998188159 -0.045745101859347805 -0.05324944050558339 0.11067975428800468 -0.011500370244030491 -0.022821432575158073 0.083328367316555102 0.050948232209164612 -0.064789079884796014 0.02092422478445307 0.10691460891085257
leaf_weight=2.2133316323161116 1.8747541559860099 2.2851207992061964 2.1162761449813825 2.434589631855486 6.1788032948970857 4.9458360299468032 1.6943309940397728 2.3969564903527498 3.2478913031518459 0.79477379284799077 2.7402781769633293 2.6986103830859065 2.3785028010606766 3.5398276299238187 4.5441903909668326 2.8652190305292606 0.74593835696578026
leaf_count=13 21 21 11 28 36 37 31 24 17 19 34 24 27 23 28 24 25
internal_value=0.000198858 0.00268261 0.0051442 0.00119664 0.00802813 -0.00752299 0.037613 0.0246264 -0.0226561 -0.00488061 0.0318157 0.00360735 0.0269071 -0.0210637 -0.00494221 -0.0316437 0.108857
internal_weight=49.6952 47.4819 45.1968 43.322 33.6769 22.0739 11.603 9.90866 9.64516 7.52888 4.28099 7.47407 5.07711 17.128 10.9492 7.40941 1.54071
internal_count=443 430 409 388 282 148 134 103 106 95 78 75 51 111 75 52 44
is_linear=0
shrinkage=0.1


Tree=47
num_leaves=18
num_cat=0
split_feature=10 11 22 27 26 22 27 27 10 23 25 27 3 14 22 10 24
split_gain=0.55158 0.788832 1.77311 1.08681 0.657914 0.554037 0.879451 2.09595 1.20451 0.958174 1.38243 1.25604 1.63254 1.08024 1.06954 1.00601 0.000108818
threshold=234.50000000000003 74.40000000000002 0.26500000000000007 63.500000000000007 69.500000000000014 10.250000000000002 349.00000000000006 220.50000000000003 213.50000000000003 81.500000000000014 82.40000000000002 77.500000000000014 1.7500000000000002 1.0000000180025095e-35 0.44500000000000006 83.500000000000014 34.500000000000007
decision_type=2 2 2 2 2 2 2 2 2 2 2 2 2 2 2 2 2
left_child=4 -2 16 -4 5 6 7 8 9 10 13 14 -13 -1 -12 -16 -3
right_child=1 2 3 -5 -6 -7 -8 -9 -10 -11 11 12 -14 -15 15 -17 -18
leaf_value=0.12898548985254341 0.071438638436771049 0.10907740863626941 0.036269758945265039 -0.055895538873674148 -0.045302159073985812 -0.0404518304096812 0.059740770514414288 -0.092838493741035991 -0.063122014757396094 -0.031089842110517435 0.039267389030779809 0.099932311820654277 0.0034313775368421105 0.027293475998908901 0.0074145989963175507 -0.06914839352029388 0.10726866523254641
leaf_weight=1.8614432411268484 2.4092700262553972 0.67881126562133409 2.0723574878647923 3.3439013822935522 3.6602799370884886 3.21052536740899 2.5278235040605059 2.327172588557004 2.3166298922151318 4.267795054242014 2.5686613759025949 2.7580437920987597 4.8111331798136234 2.3803997607901692 3.0142687149345875 3.9851748272776604 0.65219114813953638
leaf_count=27 24 19 34 30 22 19 18 14 20 31 30 28 32 26 19 28 22
internal_value=0.000195932 0.0223198 0.00478081 -0.0206314 -0.00490816 -0.000804442 0.00307413 -0.00165482 0.00593363 0.0121713 0.0208073 0.00815604 0.0385942 0.0719189 -0.0159231 -0.036177 0.108191
internal_weight=48.8459 9.15653 6.74726 5.41626 39.6894 36.0291 32.8185 30.2907 27.9635 25.6469 21.3791 17.1373 7.56918 4.24184 9.5681 6.99944 1.331
internal_count=443 129 105 64 314 292 273 255 241 221 190 137 60 53 77 47 41
is_linear=0
shrinkage=0.1


Tree=48
num_leaves=17
num_cat=0
split_feature=24 21 27 11 26 27 24 25 2 17 0 27 25 25 10 25
split_gain=0.525417 1.76981 1.22024 1.46312 1.11358 1.34333 0.847761 1.5146 2.1953 1.84754 1.55262 1.4376 1.36786 1.1468 0.795828 0.686066
threshold=34.500000000000007 1.5000000000000002 44.500000000000007 83.300000000000011 37.500000000000007 65.500000000000014 32.500000000000007 96.050000000000011 1.5000000000000002 1.0000000180025095e-35 1.5000000000000002 92.500000000000014 80.550000000000011 90.65000000000002 131.50000000000003 89.65000000000002
decision_type=2 2 2 2 2 2 2 2 2 2 2 2 2 2 2 2
left_child=6 2 -2 -4 -3 -6 7 8 9 10 12 -8 -1 -14 -7 -10
right_child=1 4 3 -5 5 14 11 -9 15 -11 -12 -13 13 -15 -16 -17
leaf_value=-0.073959492145334468 -0.083564513982443356 0.1206582022478888 -0.046812379830732109 0.058354908668151309 -0.02326586323354262 0.026634187638463088 0.015958575718805205 -0.067205107940823669 0.033317393543631578 -0.055759763380687714 0.078890117192585096 -0.065200247266744296 0.070055449100559705 -0.017217153152071858 0.11615605733067697 0.11624541936005656
leaf_weight=2.1087492564693182 2.1792731285095241 1.6205357178114335 2.6672901585698128 2.6245493106544018 2.9042558828368783 2.261927917599678 3.6185818165540677 2.7058640122413626 1.8284136615693558 4.8320030421018592 3.0644246977753928 5.4997907811775804 2.5889669191092253 3.5984241738915443 1.7701586801558731 2.1955459695309401
leaf_count=16 14 31 16 32 28 18 36 17 20 29 39 33 30 24 39 21
internal_value=0.000192046 0.014974 -0.0205882 0.00534656 0.0460238 0.028587 -0.00720245 0.00305676 0.0124609 -0.00396626 0.0180631 -0.0329928 -0.00440511 0.0193 0.0659359 0.0785644
internal_weight=48.0688 16.028 7.47111 5.29184 8.55688 6.93634 32.0408 22.9224 20.2165 16.1926 11.3606 9.11837 8.29614 6.18739 4.03209 4.02396
internal_count=443 178 62 48 116 85 265 196 179 138 109 69 70 54 57 41
is_linear=0
shrinkage=0.1


Tree=49
num_leaves=17
num_cat=0
split_feature=21 17 25 1 25 27 11 27 27 11 26 22 22 22 10 10
split_gain=0.541965 0.547702 2.6494 1.19861 0.927887 2.94032 1.88664 1.20756 1.37747 1.4619 2.97873 1.18035 0.775354 0.768779 0.705433 0.0095925
threshold=4.5000000000000009 1.0000000180025095e-35 91.950000000000017 1.5000000000000002 91.65000000000002 110.50000000000001 85.700000000000003 104.50000000000001 86.000000000000014 84.300000000000026 47.500000000000007 0.52500000000000013 0.50500000000000012 0.28000000000000008 224.50000000000003 172.50000000000003
decision_type=2 2 2 2 2 2 2 2 2 2 2 2 2 2 2 2
left_child=1 4 3 -3 7 6 -6 8 9 -1 13 -8 -12 14 -11 -15
right_child=-2 2 -4 -5 5 -7 11 -9 -10 10 12 -13 -14 15 -16 -17
leaf_value=-0.054826325381966905 0.048961457497825649 0.063631823471129653 -0.085992005121479143 -0.022315940020133124 -0.064437898131629465 0.104053513508488 -0.02039146617936291 -0.049596248164719935 0.078611488171258709 0.089562680681024798 0.0098540139612796514 0.071554732375832805 -0.067018892148659082 0.1231065947607045 -0.018082739436894601 0.10982566299969693
leaf_weight=4.3406302602961722 2.1733423564583054 3.0036297715269011 4.0182905700057745 3.5289722271263599 3.3077775500714761 3.4623550586402407 2.5152974594384432 5.3758100513368836 2.2011960186064234 1.2023668414913102 2.2193729532882571 3.1380284754559398 3.2094197068363428 1.1453055478632452 1.2331671882420776 1.0355919497087596
leaf_count=34 21 33 27 22 23 23 26 39 26 21 26 31 21 15 28 27
internal_value=0.000190006 -0.00216878 -0.0220992 0.017202 0.00394657 0.0257878 -0.00445214 -0.00840811 0.00494083 -0.0063316 0.0146234 0.0306457 -0.0355921 0.0736754 0.0350593 0.1168
internal_weight=47.1106 44.9372 10.5509 6.5326 34.3863 12.4235 8.9611 21.9629 16.5871 14.3859 10.0452 5.65333 5.42879 4.61643 2.43553 2.1809
internal_count=443 422 82 55 340 103 80 237 198 172 138 57 47 91 49 42
is_linear=0
shrinkage=0.1


Tree=50
num_leaves=19
num_cat=0
split_feature=24 24 10 11 11 15 12 21 22 23 22 25 7 3 7 7 23 24
split_gain=0.517243 0.579791 0.922394 1.89908 1.35728 1.18028 1.38907 1.14237 1.16194 1.14156 1.61022 1.52965 1.09128 1.04667 0.776351 0.723293 0.240027 0.00895986
threshold=24.500000000000004 26.500000000000004 172.50000000000003 42.70000000000001 104.90000000000002 1.0000000180025095e-35 1.0000000180025095e-35 1.5000000000000002 0.99500000000000011 72.500000000000014 1.5200000000000002 87.550000000000011 0.28750000000000003 1.7500000000000002 1.5500000000000003 0.90000000000000013 76.500000000000014 38.500000000000007
decision_type=2 2 2 2 2 2 2 2 2 2 2 2 2 2 2 2 2 2
left_child=-1 -2 5 -4 7 6 9 -5 12 10 -3 -11 -9 -8 17 16 -7 -6
right_child=1 2 3 4 14 15 13 8 -10 11 -12 -13 -14 -15 -16 -17 -18 -19
leaf_value=-0.048536253612100871 0.04137769629303005 0.0051613442593800296 0.10874352457798786 -0.056152003775634333 0.10631269687371009 0.0011631635933181058 0.001603448183684577 0.029198069218317059 0.062609062204720997 -0.038486218437761593 -0.079599724989087406 0.067790332100083645 -0.084942068109056815 0.095323822371486566 -0.0047965899029831418 -0.08856554736706132 -0.044651223668184581 0.12151787668813455
leaf_weight=2.082653844729065 3.5229728315025559 4.5619768183678442 2.045989539474248 3.6676785554736835 0.91082170605659418 2.2043829448521128 2.4196329805999985 1.7631617221049967 2.7527471007779241 2.4046862609684458 4.4058113470673561 3.1004958255216479 1.5957701876759527 2.3479882292449474 0.8695848500356077 2.6093246452510357 2.3762898147106171 0.67455515824258327
leaf_count=13 28 38 24 32 33 21 20 37 35 14 23 28 12 22 16 13 21 13
internal_value=0.000165892 0.00245892 -0.000908964 0.019569 0.00465606 -0.0119731 0.000944872 -0.0120323 0.0144444 -0.0144766 -0.0364812 0.0213683 -0.0250279 0.0477595 0.0711341 -0.0465419 -0.0226037 0.112782
internal_weight=46.3165 44.2339 40.7109 14.2803 12.2343 26.4306 19.2406 9.77936 6.11168 14.473 8.96779 5.50518 3.35893 4.76762 2.45496 7.19 4.58067 1.58538
internal_count=443 430 402 202 178 200 145 116 84 103 61 42 49 42 62 55 42 46
is_linear=0
shrinkage=0.1


Tree=51
num_leaves=21
num_cat=0
split_feature=25 21 25 27 27 27 26 11 3 23 10 11 27 21 27 23 25 26 3 11
split_gain=0.441308 0.848821 0.733959 0.832247 0.79168 1.8475 0.888165 1.38748 0.923459 1.74973 1.29469 1.21255 1.87149 2.42104 0.708971 0.962322 0.980167 1.31346 0.913538 0.0180394
threshold=95.200000000000003 2.5000000000000004 94.40000000000002 36.500000000000007 324.00000000000006 229.50000000000003 34.000000000000007 84.300000000000026 2.5000000000000004 40.500000000000007 66.500000000000014 48.45000000000001 97.500000000000014 1.5000000000000002 43.500000000000007 62.500000000000007 77.800000000000011 40.500000000000007 0.40000000000000008 82.550000000000011
decision_type=2 2 2 2 2 2 2 2 2 2 2 2 2 2 2 2 2 2 2 2
left_child=2 -2 3 -1 5 6 7 -5 14 -10 -11 -12 13 -13 -8 -16 -17 18 -18 -15
right_child=1 -3 -4 4 -6 -7 8 -9 9 10 11 12 -14 19 15 16 17 -19 -20 -21
leaf_value=0.058385522900997161 0.0096149544345795323 -0.062865309441626813 0.059041526540783512 -0.012120641304462554 0.047325202867417135 -0.099584712027852823 -0.047915854341344925 0.11850319701585105 -0.11177754682115125 -0.068618473604211361 0.10564883196384772 -0.036349321381864877 -0.095466759718320943 0.13194591694712762 0.079360790690758243 -0.050976374446237538 0.031865649975509509 0.065996460540950527 -0.058244523549874729 0.11132272989712073
leaf_weight=2.3441728232428423 3.4848965890705577 3.0124879442155361 2.2933608777821055 1.7749682301655476 2.8455250915139905 2.0483796522021285 1.8877955283969665 1.5006797872483728 2.0734542394056907 2.7361750900745374 1.1659832820296285 2.3048052536323667 1.6646433649584649 0.76539607532322385 2.1141180498525491 2.384137161076068 2.1908705118112248 3.7015394698828459 2.3126983614638448 0.9512960547581315
leaf_count=26 25 21 17 21 22 13 14 36 11 15 10 24 10 14 35 19 28 39 17 26
internal_value=0.000141478 -0.0239902 0.00415564 0.000732069 -0.00319414 -0.00774664 -0.00137588 0.0477223 -0.007502 -0.0284809 -0.0104682 0.0127523 -0.00629679 0.0306139 0.00926507 0.0177625 0.00546454 0.0218644 -0.0144082 0.120518
internal_weight=45.5574 6.49738 39.06 36.7666 34.4225 31.5769 29.5286 3.27565 26.2529 11.6618 9.5883 6.85212 5.68614 4.0215 14.5912 12.7034 10.5892 8.20511 4.50357 1.71669
internal_count=443 46 397 380 354 332 319 57 262 110 99 84 74 64 152 138 103 84 45 40
is_linear=0
shrinkage=0.1


Tree=52
num_leaves=19
num_cat=0
split_feature=10 10 23 22 25 25 10 3 3 11 23 10 3 27 27 27 22 3
split_gain=0.447162 0.683376 1.1303 1.1643 0.521131 0.80875 1.33202 0.734963 2.10514 1.48106 1.03405 0.831658 0.732258 0.583047 0.721786 0.111016 0.00416962 0.000140619
threshold=234.50000000000003 260.50000000000006 74.500000000000014 2.4350000000000005 93.350000000000009 91.450000000000017 117.50000000000001 0.40000000000000008 2.5000000000000004 27.550000000000004 68.500000000000014 103.50000000000001 2.5000000000000004 126.50000000000001 72.250000000000014 65.500000000000014 0.8650000000000001 2.5000000000000004
decision_type=2 2 2 2 2 2 2 2 2 2 2 2 2 2 2 2 2 2
left_child=4 -2 3 16 5 7 -7 11 9 -9 -10 -1 -6 14 -13 -11 17 -3
right_child=1 2 -4 -5 12 6 -8 8 10 15 -12 13 -14 -15 -16 -17 -18 -19
leaf_value=-0.076796818406091677 0.066554945255845835 0.10629254353785961 -0.042419122248521603 -0.014147184087631838 -0.049308159997581286 0.092238582344406128 -0.014575182106564059 -0.001843737269088119 -0.060749801546817944 0.083899378942118977 0.012076769746438348 -0.022151259727041336 0.0057804622061882697 -0.049930114399690632 0.061205723462287712 0.12359110914258076 0.11611552405393677 0.10378550801760156
leaf_weight=2.473464481532579 2.3633586037904006 0.49483144516125344 2.846866549924016 1.5897886324673889 5.3445812333375198 2.403854899108409 2.2699599266052246 2.2105987891554815 3.7429433618672192 1.2166816624812784 4.0694213770329952 2.45832210034132 4.3988431990146637 2.2427350282669067 1.7989379735663531 1.674473989754915 0.564381652045995 0.40836448827758431
leaf_count=15 32 21 29 12 39 19 23 14 33 16 35 26 30 16 23 25 11 24
internal_value=0.000123932 0.021113 0.00292334 0.045144 -0.00465584 0.00260057 0.0403617 -0.00546284 0.00981217 0.0597742 -0.0228148 -0.0274458 -0.0244374 -0.00866611 0.0130719 0.106888 0.109373 0.105159
internal_weight=44.5724 8.26759 5.90423 3.05737 36.3048 26.5614 4.67381 21.8876 12.9141 5.10175 7.81236 8.97346 9.74342 6.5 4.25726 2.89116 1.46758 0.903196
internal_count=443 129 97 68 314 245 42 203 123 55 68 80 69 65 49 41 56 45
is_linear=0
shrinkage=0.1


Tree=53
num_leaves=17
num_cat=0
split_feature=11 27 10 25 22 7 25 26 2 27 22 25 7 0 15 11
split_gain=0.398415 0.808417 0.623244 1.60949 1.49455 1.32152 0.928862 1.21008 1.29345 1.03032 0.757217 0.99915 1.28328 1.29983 0.699719 0.689837
threshold=147.85000000000002 39.500000000000007 87.500000000000014 71.450000000000017 0.8650000000000001 0.45000000000000007 80.550000000000011 60.500000000000007 1.5000000000000002 88.000000000000014 5.6750000000000016 93.250000000000014 0.90000000000000013 1.0000000180025095e-35 1.0000000180025095e-35 75.750000000000014
decision_type=2 2 2 2 2 2 2 2 2 2 2 2 2 2 2 2
left_child=1 -1 4 -4 -3 -6 14 8 10 -10 11 12 13 15 -5 -8
right_child=-2 2 3 6 5 -7 7 -9 9 -11 -12 -13 -14 -15 -16 -17
leaf_value=0.06034798701827631 -0.042870919309203566 -0.076640329090972528 0.11203888933825029 -0.0012297016839100362 -0.0298277922667903 0.057098587841419551 0.10954659313155531 -0.050643886019730078 0.018844004863833815 0.12083989989251892 -0.035758923383942133 0.089957149319125379 -0.046511830323681419 -0.020728858592445387 -0.071529362343282374 0.026080034531548738
leaf_weight=2.2649432122707358 2.0534674078226081 3.3836896643042547 1.3783752131275857 2.9716417419258532 4.5470179691910744 2.8420600276440382 1.9801104310900028 2.8000078424811354 1.9520851112902158 2.0103305019438267 3.3240127675235263 1.6694425418972958 3.1418735878542066 2.8524430170655251 2.704344782512635 1.9806781141087411
leaf_count=28 21 20 35 33 32 19 22 19 32 22 22 21 34 34 21 28
internal_value=0.000133265 0.00224573 -0.00108266 0.00660068 -0.0215986 0.00360669 0.00129402 0.0107104 0.0197947 0.0705916 0.00632994 0.0183652 0.00635938 0.0307406 -0.0347242 0.0678073
internal_weight=43.8565 41.8031 39.5381 28.7653 10.7728 7.38908 27.387 21.711 18.911 3.96242 14.9486 11.6245 9.95511 6.81323 5.67599 3.96079
internal_count=443 422 394 323 71 51 288 234 215 54 161 139 118 84 54 50
is_linear=0
shrinkage=0.1


Tree=54
num_leaves=17
num_cat=0
split_feature=21 17 25 27 27 0 10 27 1 25 26 22 22 25 25 24
split_gain=0.418526 0.625471 2.07411 0.9238 2.07613 1.10448 1.48573 0.952623 0.868976 0.85498 0.904323 1.69833 1.36487 1.37579 0.729127 0.0108434
threshold=4.5000000000000009 1.0000000180025095e-35 91.950000000000017 176.00000000000003 121.50000000000001 1.5000000000000002 165.50000000000003 100.50000000000001 1.5000000000000002 94.950000000000017 56.500000000000007 0.76500000000000012 0.43500000000000005 85.050000000000011 89.40000000000002 31.500000000000004
decision_type=2 2 2 2 2 2 2 2 2 2 2 2 2 2 2 2
left_child=1 3 8 4 5 7 -7 9 -3 10 11 12 13 -1 -13 -8
right_child=-2 2 -4 -5 -6 6 15 -9 -10 -11 -12 14 -14 -15 -16 -17
leaf_value=-0.032472730838922548 0.045426531280021998 0.054229099566011352 -0.083874842603886543 -0.047786973945378654 0.085203774447670438 0.0044678184694237179 0.12459631857211842 -0.073120947110290505 -0.022573587426792777 -0.048168638104167688 -0.032597793513400197 0.12999118646319646 -0.067684231264594025 0.080768907617076224 0.039371944612794071 0.10873962803834272
leaf_weight=2.039082427509145 1.9476979449391354 2.6775028305128199 3.6373216100037098 3.023705016821622 3.2790743075311175 3.7727270238101474 0.73046898329630483 2.1600860506296149 3.2752272952347994 3.3541758134961119 3.9661471853032699 1.5726674124598505 2.3475716202519834 2.2641000389121473 2.0391745064407587 1.0528531137388197
leaf_count=32 21 33 27 22 25 30 15 16 22 23 36 25 21 36 23 36
internal_value=0.000129654 -0.00201214 -0.024381 0.00477602 0.0103374 0.000633822 0.0400206 -0.0104504 0.0119718 -0.00275118 0.00795518 0.0236275 -0.00635105 0.0271088 0.0788294 0.115235
internal_weight=43.1396 41.1919 9.59005 31.6018 28.5781 25.2991 5.55605 19.743 5.95273 17.5829 14.2287 10.2626 6.65075 4.30318 3.61184 1.78332
internal_count=443 422 82 340 318 293 81 212 55 196 173 137 89 68 48 51
is_linear=0
shrinkage=0.1


Tree=55
num_leaves=15
num_cat=0
split_feature=11 11 26 12 27 24 10 10 24 10 27 11 10 24
split_gain=0.408806 1.16066 1.1802 1.24839 1.10357 0.956305 1.02872 0.809483 0.766633 1.49135 0.862516 0.663632 1.1448 1.14762
threshold=84.450000000000017 91.100000000000009 34.000000000000007 1.0000000180025095e-35 80.500000000000014 34.500000000000007 124.50000000000001 161.00000000000003 30.500000000000004 87.500000000000014 140.00000000000003 100.95000000000002 169.50000000000003 39.500000000000007
decision_type=2 2 2 2 2 2 2 2 2 2 2 2 2 2
left_child=4 -2 -3 11 -1 8 -7 -8 9 -6 -10 -4 -13 -14
right_child=1 2 3 -5 5 6 7 -9 10 -11 -12 12 13 -15
leaf_value=-0.055116923978461164 0.07443697944746068 0.089066820430368426 -0.05791305507439018 0.057592229164720093 -0.044216812464064809 0.10342903955011516 -0.056901103397782531 0.051390533634943829 0.0014394074038584434 0.04907101261764607 -0.059015170671725514 -0.035046018343385825 0.11074259670011172 -0.027345816949228427
leaf_weight=4.1372542623430517 2.5460753161460188 1.3782285293564189 3.5923059284687024 2.3490275866352013 2.7207982242107454 1.7054193690419186 1.2068190630525353 1.6126735038124023 4.7605881439521891 4.6296490523964167 4.680030170828104 4.4629021994769573 1.3704830077476802 1.0730843758210538
leaf_count=39 35 37 28 39 18 17 9 32 37 37 34 32 39 10
internal_value=0.000133583 0.0122549 0.00112598 -0.00830774 -0.00785361 0.0013198 0.0421216 0.00503878 -0.00967561 0.0145401 -0.0285299 -0.0230524 -0.00492009 0.0501015
internal_weight=42.2253 16.7721 14.226 12.8478 25.4532 21.316 4.52491 2.81949 16.7911 7.35045 9.44062 10.4988 6.90647 2.44357
internal_count=443 220 185 148 223 184 58 41 126 55 71 109 81 49
is_linear=0
shrinkage=0.1


Tree=56
num_leaves=18
num_cat=0
split_feature=23 27 27 27 25 22 22 3 25 21 27 23 1 23 11 10 24
split_gain=0.390608 0.451034 0.61862 0.60505 1.18925 0.556371 0.646309 0.519104 1.19957 0.874381 0.81647 1.41974 1.44804 1.42974 1.25586 0.695202 0.44753
threshold=87.500000000000014 220.50000000000003 356.00000000000006 121.50000000000001 90.450000000000017 5.6750000000000016 3.1250000000000004 0.40000000000000008 84.250000000000014 1.5000000000000002 96.500000000000014 68.500000000000014 1.5000000000000002 62.500000000000007 117.55000000000003 139.50000000000003 34.500000000000007
decision_type=2 2 2 2 2 2 2 2 2 2 2 2 2 2 2 2 2
left_child=1 3 -3 5 -5 6 7 8 15 -10 11 13 16 14 -9 -1 -13
right_child=-2 2 -4 4 -6 -7 -8 10 9 -11 -12 12 -14 -15 -16 -17 -18
leaf_value=-0.06244636505590058 -0.0315279564022376 -0.057431104666198531 0.011010944353359448 -0.0028556464626612 0.086029742575283175 -0.035582554559776346 0.059452234180788426 0.071319331511786793 0.01720517341065865 0.12166972899406453 -0.06377545240248314 0.12627195422166168 -0.0078850058864835346 -0.092564292670079887 -0.046940121297146087 0.032295030866843259 0.044410544257515588
leaf_weight=1.6852293908596121 3.5620353929698458 2.7033469900488845 2.5819221828132868 3.4590455163270226 2.6649677995592356 3.602220442146062 2.1083431057631961 1.6408911659382268 1.6413025003857913 1.5654531847685573 2.2965351445600399 1.5001961465459319 3.4536184566095471 2.4278166312724352 1.9834119116421787 1.4332078560255466 1.2036351468414066
leaf_count=11 27 22 21 29 20 27 21 35 18 34 21 27 32 22 21 34 21
internal_value=0.000134243 0.00310601 -0.0239963 0.0074911 0.0358243 0.000953764 0.00669108 0.0013511 0.0252571 0.068202 -0.0090728 0.00121638 0.0350234 -0.033179 0.00660145 -0.018904 0.0898306
internal_weight=41.5132 37.9511 5.28527 32.6659 6.12401 26.5419 22.9396 20.8313 6.32519 3.20676 14.5061 12.2096 6.15745 6.05212 3.6243 3.11844 2.70383
internal_count=443 416 43 373 49 324 297 276 97 52 179 158 80 78 56 45 48
is_linear=0
shrinkage=0.1


Tree=57
num_leaves=17
num_cat=0
split_feature=25 10 25 16 23 24 23 3 12 24 14 27 11 24 26 25
split_gain=0.356024 1.25622 0.68315 0.52547 0.817626 0.656589 1.83233 1.76354 0.77617 1.48656 0.895128 0.884417 1.52086 0.521275 0.478402 0.78061
threshold=71.450000000000017 139.50000000000003 77.450000000000017 1.0000000180025095e-35 68.500000000000014 30.500000000000004 72.500000000000014 2.5000000000000004 1.0000000180025095e-35 33.500000000000007 1.0000000180025095e-35 171.00000000000003 61.550000000000004 27.500000000000004 47.500000000000007 89.40000000000002
decision_type=2 2 2 2 2 2 2 2 2 2 2 2 2 2 2 2
left_child=1 -1 -2 5 -5 6 7 -4 11 -10 -11 12 -7 -8 15 -14
right_child=2 -3 3 4 -6 8 13 -9 9 10 -12 -13 14 -15 -16 -17
leaf_value=-0.048154635000235563 -0.043630684877481778 0.11157953505081167 0.13607413322008857 -0.011462935849296547 0.065662305701281745 0.061697036538812769 -0.052367584023842707 0.0063384721453740682 -0.02906447610907259 0.010436001366387676 0.12520750389147575 -0.082686094295842019 0.04063884473539775 0.011029544190727041 -0.059413894458228346 -0.037258613894813865
leaf_weight=0.87916752137243648 3.5759884766302994 1.1189913752023128 1.9942499212920681 2.5257574962452045 3.0157881649211049 2.1338779386132982 2.6152755990624428 2.207679090090096 3.1865452979691318 1.2773779504932463 1.451960711274296 2.2900987784378222 1.8272039829753319 2.5729205012321472 3.7698579016141593 4.3467225227504969
leaf_count=10 36 32 23 27 34 21 20 23 31 20 27 18 31 21 33 36
internal_value=0.000134286 0.0412983 -0.00198609 0.00224277 0.0305097 -0.00303606 0.0188263 0.0679115 -0.013157 0.0173282 0.0714924 -0.0257093 -0.0149056 -0.0209278 -0.0313441 -0.0142045
internal_weight=40.7895 1.99816 38.7913 35.2153 5.54155 29.6738 9.39013 4.20193 20.2836 5.91588 2.72934 14.3678 12.0777 5.1882 9.94378 6.17393
internal_count=443 42 401 365 61 304 87 46 217 78 47 139 121 41 100 67
is_linear=0
shrinkage=0.1


Tree=58
num_leaves=15
num_cat=0
split_feature=11 27 27 1 7 21 24 10 24 22 22 25 1 11
split_gain=0.374229 0.927102 0.880843 1.7588 0.856496 1.47285 0.74592 0.937827 1.4456 1.43567 0.833645 0.674352 0.485366 0.445677
threshold=84.450000000000017 86.000000000000014 56.500000000000007 1.5000000000000002 0.28750000000000003 1.5000000000000002 34.500000000000007 87.500000000000014 30.500000000000004 2.5050000000000003 4.0600000000000014 84.250000000000014 1.0000000180025095e-35 101.65000000000002
decision_type=2 2 2 2 2 2 2 2 2 2 2 2 2 2
left_child=1 12 4 13 5 -2 7 -3 -9 -10 -8 -7 -1 -4
right_child=2 6 3 -5 -6 11 10 8 9 -11 -12 -13 -14 -15
leaf_value=-0.021476609304051743 -0.061517888644677401 -0.048452526638864422 0.12457573732729599 -0.012891256315008018 0.045239035258245172 -0.025634313965231127 0.09000103801132156 0.056537129772451983 0.023065572411378955 -0.066827901069314286 -0.0043183714419959803 0.068567858200340781 -0.083358763377812367 0.044973110931532077
leaf_weight=3.5232130177319076 4.2552911173552257 4.0081301331520107 1.9376619122922414 2.9284877609461546 2.426082813879475 1.3114769135136159 1.8742752107791596 3.9489571303129178 3.8087042113766074 3.3299546092748642 1.8740646913647649 1.8068880438804624 1.979647248983383 1.1041182607877997
leaf_count=34 33 29 37 38 33 19 39 33 36 20 13 33 19 27
internal_value=0.000145153 -0.00762802 0.012146 0.0424251 -0.00630091 -0.0232586 0.00291702 -0.00699702 0.00798898 -0.0188668 0.042844 0.0289497 -0.0437386 0.0956812
internal_weight=40.117 24.3469 15.77 5.97027 9.79974 7.37366 18.8441 15.0957 11.0876 7.13866 3.74834 3.11836 5.50286 3.04178
internal_count=443 223 220 102 118 85 170 118 89 56 52 52 53 64
is_linear=0
shrinkage=0.1


Tree=59
num_leaves=18
num_cat=0
split_feature=22 24 27 10 25 26 14 10 11 10 24 27 7 11 24 14 26
split_gain=0.34103 0.504382 0.911768 0.813673 1.18692 0.787779 0.851867 0.742201 1.10569 0.850642 1.26053 1.61838 1.09936 0.520813 0.437783 0.507679 0.23195
threshold=0.085000000000000006 34.500000000000007 66.500000000000014 81.500000000000014 89.550000000000011 47.500000000000007 1.0000000180025095e-35 116.50000000000001 98.050000000000011 161.00000000000003 31.500000000000004 96.500000000000014 0.45000000000000007 103.95000000000002 30.500000000000004 1.0000000180025095e-35 43.000000000000007
decision_type=2 2 2 2 2 2 2 2 2 2 2 2 2 2 2 2 2
left_child=-1 7 5 -4 16 6 -3 14 9 12 11 -11 -9 -10 15 -2 -5
right_child=1 2 3 4 -6 -7 -8 8 13 10 -12 -13 -14 -15 -16 -17 -18
leaf_value=-0.036239743444185124 -0.03961099691732442 0.068753172367111634 0.12082662388360579 0.048413753593173355 -0.015847976017292979 -0.048920140728855366 -0.031133526882065384 0.086847127192219195 0.019260149581881464 -0.052809385293338201 -0.062448325964120172 0.070769686446963923 -0.016411679713157361 0.12144469906595419 -0.047646399263144901 0.01830276308796035 0.11863650855953128
leaf_weight=2.4190121239516875 2.7168550938367861 1.9029124542139453 1.217645085416734 0.83027009945362795 2.5643373811617494 2.6036934857256711 1.5486516240052879 2.0609055748209348 0.87125637708231751 1.8890912365168313 3.8133431556634605 2.4137464873492718 2.0633596684783697 1.166709227254614 4.8078374825417995 3.417845580726862 1.0851176348514853
leaf_count=37 20 31 11 25 28 23 21 22 13 18 38 23 18 34 33 25 23
internal_value=0.00013632 0.00251624 0.0196261 0.0483408 0.0286383 -0.00739139 0.0239359 -0.00545675 0.00956081 -0.00179389 -0.0205859 0.0165143 0.035187 0.0777595 -0.0250525 -0.00734532 0.0881968
internal_weight=39.3926 36.9736 11.7526 5.69737 4.47973 6.05526 3.45156 25.2209 14.2784 12.2404 8.11618 4.30284 4.12427 2.03797 10.9425 6.1347 1.91539
internal_count=443 406 162 87 76 75 52 244 166 119 79 41 40 47 78 45 48
is_linear=0
shrinkage=0.1


Tree=60
num_leaves=19
num_cat=0
split_feature=23 27 10 10 25 21 25 27 27 13 23 26 23 27 3 27 23 10
split_gain=0.34637 0.440574 0.52019 0.976994 0.908271 0.757449 0.925983 0.551678 1.03169 0.954286 1.03189 1.0313 0.922074 0.463556 0.609551 0.453258 0.319728 0.0684182
threshold=87.500000000000014 220.50000000000003 116.50000000000001 127.50000000000001 84.250000000000014 1.5000000000000002 91.950000000000017 121.50000000000001 100.50000000000001 1.0000000180025095e-35 72.500000000000014 40.500000000000007 73.500000000000014 37.500000000000007 1.7500000000000002 356.00000000000006 62.500000000000007 234.50000000000003
decision_type=2 2 2 2 2 2 2 2 2 2 2 2 2 2 2 2 2 2
left_child=1 2 4 -4 -1 -6 -7 8 9 12 11 -11 13 -5 -15 -3 -16 -12
right_child=-2 15 3 7 5 6 -8 -9 -10 10 17 -13 -14 14 16 -17 -18 -19
leaf_value=-0.054312942841717685 -0.030756097575965292 -0.054053268366760845 0.095446260814819911 -0.035959589359375731 -0.026058431995739196 0.073821173950424909 -0.0075253178777134446 0.056880691268653617 -0.06111661085680338 -0.063824911462093098 0.12271271735123911 0.069219384911638981 -0.053829213799340553 0.093213824592062205 0.046051104965981256 0.0061848371407851079 -0.026307788970423476 0.084908184033576306
leaf_weight=3.1619355529546764 3.3156688250601283 2.5434117112308732 1.5151611948385859 1.1457280092872695 3.9452420994639379 2.6659976821392775 2.9452891293913126 2.2951131579466155 2.0726051167584947 1.0761218543630096 1.120129387360066 1.2704835364129392 2.6329586179926991 1.2637225035578015 1.1526023964397611 2.4546282505616546 1.2987327971495686 0.83602412836626161
leaf_count=23 27 22 21 12 26 27 22 24 22 17 22 36 26 29 26 21 17 23
internal_value=0.000149737 0.00304481 0.00756869 0.0186641 -0.00785457 0.00751696 0.0311235 0.0114669 0.00395164 0.0153839 0.0529191 0.00820705 -0.00616805 0.0196487 0.0367984 -0.0244692 0.00771491 0.106556
internal_weight=38.7116 35.3959 30.3978 17.6794 12.7185 9.55653 5.61129 16.1642 13.8691 11.7965 4.30276 2.34661 7.49374 4.86079 3.71506 4.99804 2.45134 1.95615
internal_count=443 416 373 275 98 75 49 254 230 208 98 53 110 84 72 43 43 45
is_linear=0
shrinkage=0.1


Tree=61
num_leaves=16
num_cat=0
split_feature=27 22 22 22 22 27 7 22 26 26 10 26 10 10 10
split_gain=0.350383 0.481768 1.3408 1.30814 1.02805 0.847115 0.833507 1.93136 1.61238 0.709441 0.669471 0.901928 0.585345 0.675245 0.552339
threshold=36.500000000000007 0.51550000000000018 1.4400000000000002 0.43500000000000005 0.28000000000000008 61.500000000000007 1.0000000180025095e-35 3.4900000000000007 47.500000000000007 40.500000000000007 93.500000000000014 56.500000000000007 178.50000000000003 225.50000000000003 141.50000000000003
decision_type=2 2 2 2 2 2 2 2 2 2 2 2 2 2 2
left_child=-1 3 5 4 10 -3 8 -8 14 -7 -2 12 -12 -14 -4
right_child=1 2 6 -5 -6 9 7 -9 -10 -11 11 -13 13 -15 -16
leaf_value=0.036925817473945098 -0.067370933012904574 0.11571402191393199 -0.024179833269538466 -0.091315807430984886 0.076244162317909675 -0.0074712897285168197 -0.035161329168120856 0.062400409028143325 -0.069096624709864482 0.067926487169211902 0.074880345520419778 -0.064484000006581485 -0.059208647925393078 0.052586108210607163 0.03925895166932359
leaf_weight=2.4267331385053685 1.9902206733822803 1.3322040680795932 2.5576262436807173 2.0788124185055485 1.3777888936456291 2.8048768409062177 3.8986010840162617 4.2314163725823164 4.8665636712685227 2.2482602093368769 1.5252464101649823 1.5022225920110939 1.1349483637604865 1.0311441631056366 2.9617547243833542
leaf_count=29 13 25 20 19 31 38 32 33 37 33 30 12 17 38 36
internal_value=0.00016222 -0.00234794 0.00526263 -0.0201587 -0.00288124 0.0447768 -0.00836406 0.0156165 -0.0271358 0.026075 -0.0180568 0.000840802 0.0274253 -0.00599 0.00986205
internal_weight=37.9684 35.5417 24.9013 10.6404 8.56157 6.38534 18.516 8.13002 10.3859 5.05314 7.18378 5.19356 3.69134 2.16609 5.51938
internal_count=443 414 254 160 141 96 158 65 93 71 110 97 85 55 56
is_linear=0
shrinkage=0.1


Tree=62
num_leaves=19
num_cat=0
split_feature=24 24 10 11 25 27 3 25 25 23 1 3 23 22 1 11 11 24
split_gain=0.325723 0.355832 0.545781 1.31791 0.920005 0.919299 0.876275 0.806742 0.618291 1.1513 0.788594 0.551706 0.540434 0.401857 0.37554 0.230562 0.154853 0.056758
threshold=24.500000000000004 26.500000000000004 172.50000000000003 42.70000000000001 93.350000000000009 62.500000000000007 2.5000000000000004 91.450000000000017 82.40000000000002 76.500000000000014 1.5000000000000002 2.5000000000000004 69.500000000000014 0.99500000000000011 1.5000000000000002 66.200000000000017 80.550000000000011 35.500000000000007
decision_type=2 2 2 2 2 2 2 2 2 2 2 2 2 2 2 2 2 2
left_child=-1 -2 4 -4 7 6 17 8 9 -3 12 -6 -10 14 15 -7 -15 -5
right_child=1 2 3 5 11 13 -8 -9 10 -11 -12 -13 -14 16 -16 -17 -18 -19
leaf_value=-0.042960015141964306 0.034802844399360135 0.069108910992682612 0.098665332566701569 0.075571225403421288 -0.076798805073757415 -0.058658194017520628 -0.011437484841904485 0.050293415315329007 0.035642043332115063 -0.034860585776167706 -0.065268384511353389 -0.014322161213538659 -0.027944507391980566 0.024955598726525356 -0.08703977822811175 0.013005492409226743 -0.017740053794965845 0.11300035046070485
leaf_weight=1.6750412937253703 3.053476318717002 2.3698414866812554 1.6787448781542469 0.70591700682416403 2.7647494133561841 0.7559837019070984 1.352042776532471 2.8518379703164092 2.2805062020197493 1.9344587083905933 3.0110120354220271 2.8918019458651543 3.2294605108909309 1.8317650994285943 1.2456698943860829 1.1053551379591224 1.5841056555509565 0.95087003847584128
leaf_count=13 28 31 24 26 24 10 32 28 23 17 28 21 28 21 13 31 20 25
internal_value=0.000134948 0.00216278 -0.000899702 0.0169649 -0.0102872 0.00257567 0.0483017 0.00218674 -0.00851029 0.0223825 -0.0241155 -0.0448588 -0.00162683 -0.0185165 -0.0445418 -0.0161007 0.00515554 0.0970527
internal_weight=37.2726 35.5976 32.5441 11.2105 21.3337 9.53171 3.00883 15.6771 12.8253 4.3043 8.52098 5.65655 5.50997 6.52288 3.10701 1.86134 3.41587 1.65679
internal_count=443 430 402 202 200 178 83 155 127 48 79 45 51 95 54 41 41 51
is_linear=0
shrinkage=0.1


Tree=63
num_leaves=19
num_cat=0
split_feature=25 11 11 11 10 10 24 11 10 10 26 12 25 21 25 23 25 23
split_gain=0.338899 0.448205 0.650057 1.63086 0.739244 0.818607 0.690963 0.684952 0.741541 0.935721 0.738096 0.888217 0.756657 0.577681 1.1061 0.490486 0.74841 0.600648
threshold=70.250000000000014 9.5500000000000025 34.500000000000007 39.750000000000007 45.500000000000007 60.500000000000007 32.500000000000007 84.450000000000017 105.50000000000001 156.50000000000003 37.500000000000007 1.0000000180025095e-35 85.050000000000011 1.5000000000000002 81.65000000000002 62.500000000000007 89.550000000000011 69.500000000000014
decision_type=2 2 2 2 2 2 2 2 2 2 2 2 2 2 2 2 2 2
left_child=-1 -2 6 -4 -5 -6 -3 8 -7 -10 12 15 -9 -11 -15 16 -12 -17
right_child=1 2 3 4 5 7 -8 10 9 13 11 -13 -14 14 -16 17 -18 -19
leaf_value=0.051759467946767113 0.058590403023386556 -0.057563598715645772 0.11697084954612157 0.050271695266751987 -0.090180858648300138 -0.076947853893964718 0.0050972235481565467 0.0020117449301598213 0.038504859509795784 -0.069916034936591792 -0.038733470014263048 0.069813719889337864 0.11527677747325732 -0.064137585180448028 0.039596004650698013 -0.081921455325049769 0.057178848303252552 -0.0021993925343606092
leaf_weight=1.2284423529636104 1.192904520779847 4.0790377333760253 1.206452708691361 2.4518808461725738 1.1376412212848688 1.9314291793853069 3.0950971560087055 1.0805729867424809 2.882129864767192 2.3235620521008968 1.4714646684005841 1.5388334300369022 1.2986236177384851 1.8868773686699567 2.2579756886698306 1.7311853272840383 1.819613594561815 2.0812224727123976
leaf_count=31 10 29 12 21 7 16 32 25 28 18 21 30 34 18 39 18 21 33
internal_value=0.000122118 -0.00166643 -0.00376369 0.0033223 -0.00197301 -0.00743767 -0.0305302 -0.00321717 -0.0205381 -0.00888624 0.0145131 0.00093511 0.0638346 -0.0300023 -0.00762704 -0.0139861 0.0142958 -0.0384006
internal_weight=36.6949 35.4665 34.2736 27.0995 25.893 23.4411 7.17413 22.3035 11.282 9.35054 11.0215 8.64232 2.3792 6.46842 4.14485 7.10349 3.29108 3.81241
internal_count=443 412 402 341 329 308 61 301 119 103 182 123 59 75 57 93 42 51
is_linear=0
shrinkage=0.1


Tree=64
num_leaves=18
num_cat=0
split_feature=23 25 3 25 23 23 15 10 26 7 25 25 23 23 27 0 3
split_gain=0.315055 0.370156 1.2334 0.572759 0.50995 1.27137 0.948395 0.73085 0.594038 0.934761 0.547957 0.418261 0.667258 0.53279 0.829183 1.01423 0.473001
threshold=87.500000000000014 95.200000000000003 2.5000000000000004 94.40000000000002 77.500000000000014 76.500000000000014 1.0000000180025095e-35 33.000000000000007 34.000000000000007 0.90000000000000013 92.450000000000017 91.450000000000017 44.500000000000007 74.500000000000014 126.50000000000001 1.5000000000000002 2.5000000000000004
decision_type=2 2 2 2 2 2 2 2 2 2 2 2 2 2 2 2 2
left_child=1 3 -3 4 5 7 -6 -1 9 -9 11 12 -10 14 15 16 -14
right_child=-2 2 -4 -5 6 -7 -8 8 10 -11 -12 -13 13 -15 -16 -17 -18
leaf_value=0.085330244011795287 -0.030394831777332973 -0.070340860329258723 0.031163260785308379 0.061391434994428479 0.075662860104623447 -0.090345479332284123 -0.013296275583745937 0.11373772231625075 -0.052284798216586416 -0.022386068270688887 -0.048125492450496812 0.046979833890095302 0.053107344263547053 -0.043476555015223718 -0.023145850182668608 0.1240192413495082 -0.017282044436543013
leaf_weight=1.0413504354655874 3.0965530686080447 2.5490437634289256 2.2571382448077202 1.8339189887046803 2.5011744173243633 1.5467175371013571 2.3008538992144167 1.0842015524394839 2.4407689869403866 0.94343674764968444 2.7049756525084367 1.7356518935412157 1.88253410812467 1.780604483094067 3.1622228212654591 1.1644870534073559 1.9368696822784839
leaf_count=10 27 24 19 16 31 14 33 37 28 13 28 23 37 17 25 29 32
internal_value=9.83187e-05 0.00297131 -0.0226712 0.00736347 0.0035854 -0.00301641 0.0330388 0.00377902 -0.00072961 0.0504009 -0.00689771 0.00100976 -0.00544168 0.00607605 0.0169074 0.0423208 0.017412
internal_weight=35.9625 32.866 4.80618 28.0598 26.2258 21.4238 4.80203 19.8771 18.8358 2.02764 16.8081 14.1031 12.3675 9.92672 8.14611 4.98389 3.8194
internal_count=443 416 43 373 357 293 64 279 269 50 219 191 168 140 123 98 69
is_linear=0
shrinkage=0.1


Tree=65
num_leaves=20
num_cat=0
split_feature=21 17 25 1 27 11 22 22 18 22 11 25 25 23 1 24 10 27 24
split_gain=0.293366 0.405845 1.68435 0.613796 0.543919 1.18523 0.75835 0.832131 0.786542 0.474782 0.3913 0.873999 0.635255 0.628868 0.696148 0.474136 0.397685 0.270823 0.219392
threshold=4.5000000000000009 1.0000000180025095e-35 91.950000000000017 1.5000000000000002 176.00000000000003 42.70000000000001 7.2250000000000005 3.3950000000000005 1.0000000180025095e-35 2.4750000000000005 136.85000000000002 91.750000000000014 95.350000000000009 73.500000000000014 1.5000000000000002 29.500000000000004 107.50000000000001 69.500000000000014 33.500000000000007
decision_type=2 2 2 2 2 2 2 2 2 2 2 2 2 2 2 2 2 2 2
left_child=1 4 3 -3 5 -1 7 8 9 10 11 13 -13 14 16 -15 -7 -17 -18
right_child=-2 2 -4 -5 -6 6 -8 -9 -10 -11 -12 12 -14 15 -16 17 18 -19 -20
leaf_value=0.088357579207755665 0.041315489329963519 0.052256331315278563 -0.081551314147858323 -0.018154908823331605 -0.040193720270717777 0.046171115773743783 -0.054009999630661804 0.071606975154298716 0.069425506991640656 -0.058088298410917685 -0.050208522821023331 0.08710553537471255 0.0024756796437951276 -0.077774401145996541 0.085682660488266407 0.016480148035054598 0.0057206391635414976 -0.037161792792296262 -0.061653776763413853
leaf_weight=1.7386953476816476 1.6466660322621454 2.2618980742990962 2.952277883887291 2.7351369448006153 2.494844887405633 0.97599245049059957 2.1371554154902688 1.9000871740281571 1.5714991185814149 1.5094810640439398 1.3591352961957444 1.9356791609898203 1.637088121846318 1.5999330980703232 1.1539417565800247 1.7197311201598497 0.86440500617027272 2.0789996623061597 1.0962735218927262
leaf_count=16 21 33 27 22 22 11 17 20 27 14 21 33 16 14 32 29 25 23 20
internal_value=0.000101044 -0.00191147 -0.0216647 0.0137166 0.00418116 0.00893707 0.00252611 0.00875356 0.00193001 -0.00472817 0.000857096 0.00617059 0.048327 -0.00970156 0.0198726 -0.0321101 -0.00598698 -0.0128774 -0.0319504
internal_weight=35.3689 33.7223 7.94931 4.99704 25.7729 23.2781 21.5394 19.4022 17.5022 15.9307 14.4212 13.062 3.57277 9.48928 4.09061 5.39866 2.93667 3.79873 1.96068
internal_count=443 422 82 55 340 318 302 285 265 238 224 203 49 154 88 66 56 52 45
is_linear=0
shrinkage=0.1


Tree=66
num_leaves=20
num_cat=0
split_feature=11 23 22 22 7 10 7 11 22 25 25 10 11 17 3 27 25 24 22
split_gain=0.299011 0.451113 0.418484 1.22215 0.713913 0.651923 0.6616 1.06688 0.778291 1.45589 0.850513 0.725603 0.716229 0.64899 0.65712 0.479843 0.288131 0.287548 0.035344
threshold=10.750000000000002 87.500000000000014 5.6750000000000016 4.1500000000000012 0.45000000000000007 76.000000000000014 0.90000000000000013 84.450000000000017 0.085000000000000006 83.000000000000014 85.350000000000009 252.50000000000003 126.05000000000003 1.0000000180025095e-35 2.5000000000000004 62.500000000000007 91.65000000000002 31.500000000000004 0.91500000000000015
decision_type=2 2 2 2 2 2 2 2 2 2 2 2 2 2 2 2 2 2 2
left_child=-1 2 3 5 -4 17 8 -8 -7 11 -11 18 13 14 16 -9 -12 -2 -10
right_child=1 -3 4 -5 -6 6 7 15 9 10 12 -13 -14 -15 -16 -17 -18 -19 -20
leaf_value=0.044106699512361278 -0.051886044437458693 -0.040085912765111226 -0.055796259047241219 0.10059112529307238 0.016955234817941613 -0.044632112253034428 -0.054772851770605591 0.084112916368783708 0.10896338089958396 -0.049254857541429067 0.084578000896273903 0.013588561170880826 -0.029250959462673698 -0.0065844796961611442 0.14095213592450248 -0.012297835035592989 0.010772559435065726 -0.0062736179968308813 0.1341183083886763
leaf_weight=1.4772880412638176 2.6492674499750235 2.8264052886515847 3.0284702219068995 1.3259172067046154 2.4320464003831148 1.4861334748566175 3.2084660474210969 1.0643857165705415 1.2821460650302468 1.8681974988430718 0.92793399607762772 0.89437705953605462 1.6379245305433867 1.4950466472655533 0.98865340137854207 1.002417550422251 1.2301917127333579 2.8896280080080032 0.98972983798012126
leaf_count=13 22 26 24 15 20 28 26 27 37 24 25 20 17 20 21 18 21 24 15
internal_value=8.51808e-05 -0.00187202 0.00168077 0.00717062 -0.0233936 0.00192521 0.0111228 -0.0186788 0.0234046 0.0323413 0.00997983 0.0898858 0.0276019 0.0476631 0.0734363 0.0373529 0.0425068 -0.0280902 0.119922
internal_weight=34.7046 33.2273 30.4009 24.9404 5.46052 23.6145 18.0756 5.27527 12.8003 11.3142 8.14795 3.16625 6.27975 4.64183 3.14678 2.0668 2.15813 5.5389 2.27188
internal_count=443 430 404 360 44 345 299 71 228 200 128 72 104 87 67 45 46 46 52
is_linear=0
shrinkage=0.1


Tree=67
num_leaves=19
num_cat=0
split_feature=27 13 25 25 25 22 12 22 22 22 22 10 14 27 22 1 11 23
split_gain=0.282261 0.34718 0.722084 1.10615 0.845201 0.702069 0.608386 0.513457 0.421235 1.10769 0.892135 0.733146 0.744502 0.481735 0.418403 0.40807 0.370828 0.141667
threshold=36.500000000000007 1.0000000180025095e-35 84.250000000000014 83.000000000000014 88.15000000000002 0.71500000000000008 1.0000000180025095e-35 0.20500000000000004 0.51550000000000018 0.43500000000000005 1.3800000000000001 138.00000000000003 1.0000000180025095e-35 121.50000000000001 2.5650000000000004 1.5000000000000002 85.700000000000003 72.500000000000014
decision_type=2 2 2 2 2 2 2 2 2 2 2 2 2 2 2 2 2 2
left_child=-1 8 3 7 -4 -6 15 -3 9 11 -10 -2 -13 16 17 -7 -12 -9
right_child=1 2 4 -5 5 6 -8 14 10 -11 13 12 -14 -15 -16 -17 -18 -19
leaf_value=0.035171360600173035 -0.049788283713840982 -0.046358318484158965 0.090562856386192478 -0.10354031194536942 0.070888390240173724 0.0061057181367771196 0.036205891289183272 0.084194527358733964 0.054494249415997578 -0.10286320169791614 -0.064105339076580059 0.10794471202315555 -0.024985505742706419 0.0099610779647119081 -0.015073603765951019 -0.057310672189409419 -0.0086701659906907019 0.028626466647660283
leaf_weight=2.1517514165025196 1.7054970059543877 1.4731977418996418 1.6378109557554115 1.2312300037592647 1.6160084661096314 1.9697525901719926 2.491075711324811 0.91984102665446721 2.2539628001395604 1.6793452366255222 2.4860147386789304 0.8649882029276339 0.8214411330409348 3.9270283114165068 1.4733475334942339 2.0927172899246216 2.3449375545606017 0.91535386722534895
leaf_count=29 14 23 30 13 39 21 27 22 37 13 20 33 14 29 11 21 27 20
internal_value=0.000115859 -0.00224848 0.0082696 -0.019015 0.024998 0.0118537 -0.00270337 0.00274906 -0.0125946 -0.0364425 -0.0016121 -0.00355756 0.0431959 -0.0160517 0.0246152 -0.0265622 -0.0371972 0.0564784
internal_weight=34.0553 31.9036 15.8203 6.01297 9.80737 8.16955 6.55355 4.78174 16.0832 5.07127 11.0119 3.39193 1.68643 8.75798 3.30854 4.06247 4.83095 1.83519
internal_count=443 414 227 89 138 108 69 76 187 74 113 61 47 76 53 42 47 42
is_linear=0
shrinkage=0.1


Tree=68
num_leaves=18
num_cat=0
split_feature=24 10 21 1 10 10 22 22 10 11 10 24 27 27 10 10 10
split_gain=0.261805 0.852626 0.85498 0.847811 0.839274 0.618709 0.561042 0.820276 0.821673 1.09658 0.460617 0.419893 0.401671 0.699928 0.494509 0.0408575 0.0138891
threshold=34.500000000000007 40.500000000000007 1.5000000000000002 1.5000000000000002 169.50000000000003 87.500000000000014 16.435000000000006 4.0250000000000012 76.000000000000014 100.95000000000002 116.50000000000001 33.500000000000007 68.500000000000014 86.000000000000014 172.50000000000003 198.50000000000003 146.50000000000003
decision_type=2 2 2 2 2 2 2 2 2 2 2 2 2 2 2 2 2
left_child=6 -2 4 5 -3 -4 7 8 -1 11 -11 12 -10 -14 -15 -7 -12
right_child=1 2 3 -5 -6 15 -8 -9 9 10 16 -13 13 14 -16 -17 -18
leaf_value=-0.052883303909447232 0.10467378060120552 -0.065980489815844812 0.0073096737701230643 -0.015527380868690316 0.018235366319604811 0.11285049594070395 -0.059079408363057334 0.039260369763465808 0.023461719218340619 0.020531049469865437 0.1279530947054025 0.033240964217633687 -0.081658558432865402 -0.034588833398638275 0.026836710299804441 0.081829421196536467 0.10457126942865741
leaf_weight=3.6689980775117972 0.92597915418445964 2.5058550182729942 1.0871625160798433 2.1165425968356431 2.2422155300155282 1.2271273438818751 1.8308819718658913 4.0163058182224622 1.7179108979180417 1.0321845859289163 0.46444067172706105 1.7435580147430307 1.9549417733214793 3.6057754494249821 2.0590260541066527 0.64919594861567009 0.56081324664410204
leaf_count=29 10 20 10 31 39 31 16 32 29 9 8 19 24 34 27 37 38
internal_value=9.20502e-05 0.0129405 0.00429765 0.0328124 -0.0262106 0.0673369 -0.00600703 -0.0013408 -0.0110427 0.000641336 0.0676878 -0.0118071 -0.0202186 -0.0300666 -0.0122621 0.102117 0.115163
internal_weight=33.4089 10.7541 9.8281 5.08003 4.74807 2.96349 22.6548 20.824 16.8076 13.1387 2.05744 11.0812 9.33765 7.61974 5.6648 1.87632 1.02525
internal_count=443 178 168 109 59 78 265 249 217 188 55 133 114 85 61 68 46
is_linear=0
shrinkage=0.1


Tree=69
num_leaves=18
num_cat=0
split_feature=23 25 27 27 11 10 10 27 0 24 22 27 11 25 25 26 23
split_gain=0.254145 0.3159 0.322958 0.38544 0.703772 0.500599 0.757951 0.610985 0.658812 0.764674 0.334697 0.793625 0.506358 0.76705 0.821247 0.513602 0.0634299
threshold=87.500000000000014 71.450000000000017 220.50000000000003 121.50000000000001 32.650000000000006 45.500000000000007 63.500000000000007 97.500000000000014 1.5000000000000002 36.500000000000007 3.9000000000000008 77.500000000000014 89.950000000000003 89.550000000000011 93.65000000000002 47.500000000000007 67.500000000000014
decision_type=2 2 2 2 2 2 2 2 2 2 2 2 2 2 2 2 2
left_child=1 -1 3 5 -5 -3 -7 8 10 16 11 12 -8 15 -15 -14 -10
right_child=-2 2 -4 4 -6 6 7 -9 9 -11 -12 -13 13 14 -16 -17 -18
leaf_value=0.052221372582683889 -0.028282613276584174 0.050973165093985917 -0.024827996539249744 -0.0076063615787075852 0.068051862142656003 -0.086344291468399795 -0.060963800373393696 -0.040564763733583052 0.11649161402822493 -0.010249646624383489 -0.048064212377084317 0.059220876996208816 0.026276051568282877 0.097324177348602825 -0.012935362513520725 -0.059275405467861843 0.076128060233766864
leaf_weight=1.240843351464721 2.8795648962259284 1.68082632869483 4.2299186736345282 2.4655955247580996 2.4523390647955239 1.1045962646603609 1.5939508955925719 3.142504663206636 0.84266929887235098 1.1241681326646356 1.4082763120532025 2.0534424111247063 1.0511865003500136 1.3395382284652444 1.3627601549960671 2.1108689806424081 0.72367931110784411
leaf_count=39 27 16 39 23 25 8 18 33 23 22 15 33 35 27 15 23 22
internal_value=9.18917e-05 0.00282206 0.000685265 0.00509798 0.0301208 -0.0012004 -0.00611116 -0.000821065 0.00835526 0.0526791 -0.0025654 0.00417099 -0.0109855 0.00259876 0.0417207 -0.0308349 0.097843
internal_weight=32.8067 29.9272 28.6863 24.4564 4.91793 19.5385 17.8576 16.753 13.6105 2.69052 10.92 9.51175 7.4583 5.86435 2.7023 3.16206 1.56635
internal_count=443 416 377 338 48 290 274 266 233 67 166 151 118 100 42 58 45
is_linear=0
shrinkage=0.1


Tree=70
num_leaves=19
num_cat=0
split_feature=10 11 27 26 1 26 11 23 22 23 10 25 25 3 0 25 22 22
split_gain=0.244471 1.0756 0.645355 0.616599 0.343526 0.332304 0.36838 0.424907 1.0056 0.936881 0.814026 0.774721 0.708856 0.949757 0.579479 0.45793 0.363839 0.0010281
threshold=234.50000000000003 52.900000000000006 63.500000000000007 56.500000000000007 1.5000000000000002 60.500000000000007 10.750000000000002 61.500000000000007 5.7800000000000011 67.500000000000014 145.00000000000003 95.200000000000003 91.450000000000017 0.40000000000000008 1.5000000000000002 80.950000000000017 1.4400000000000002 1.0600000000000003
decision_type=2 2 2 2 2 2 2 2 2 2 2 2 2 2 2 2 2 2
left_child=5 -2 3 17 -4 6 -1 8 10 -9 -8 12 13 16 15 -15 -11 -3
right_child=1 2 4 -5 -6 -7 7 9 -10 11 -12 -13 -14 14 -16 -17 -18 -19
leaf_value=0.051511326764229592 0.12846215430575153 0.1045636530253322 0.017148966459690454 -0.011209365536027525 -0.04863602718731011 -0.035729862595164467 0.088092299369111657 -0.057205275200629895 -0.05290498682264632 -0.014075076651527924 -0.0011818203855679102 -0.060391862644555185 0.05553457149213601 0.015641817441140404 -0.020618611940853845 0.094749022138815142 -0.074448609787182304 0.11138706052999424
leaf_weight=1.3082766979932845 0.77290187543257971 0.56060168764088281 1.2783710847143086 0.8370380864944309 2.0940932370722294 2.9375333897769442 2.1613604994490769 3.4784779958426979 1.3757598269730804 2.6115044003818166 1.9364961509127168 1.7704623546451319 2.6940035135485223 1.4667802145704629 1.5433507226407526 1.4602620452642439 1.6158077288419006 0.36431876104325056
leaf_count=11 12 38 34 15 21 26 32 37 12 34 36 20 30 19 20 22 15 9
internal_value=9.50894e-05 0.018482 0.00192634 0.0509753 -0.0236995 -0.00402544 -4.92408e-05 -0.00309956 0.0210694 -0.0110495 0.0459046 0.0011485 0.0107129 -0.00317003 0.0289638 0.0551073 -0.0371517 0.107251
internal_weight=32.2674 5.90732 5.13442 1.76196 3.37246 26.3601 23.4225 22.1143 5.47362 16.6406 4.09786 13.1622 11.3917 8.69771 4.47039 2.92704 4.22731 0.92492
internal_count=443 129 117 62 55 314 288 277 80 197 68 160 140 110 61 41 49 47
is_linear=0
shrinkage=0.1


Tree=71
num_leaves=20
num_cat=0
split_feature=24 27 10 10 22 22 10 11 26 10 26 7 11 10 11 25 14 10 10
split_gain=0.249441 0.809116 0.544548 0.782224 0.435196 0.712616 0.741144 0.93727 0.403857 0.396225 0.390304 0.744638 0.378647 0.591063 0.361484 0.319528 0.278401 0.00780288 0.0014838
threshold=34.500000000000007 66.500000000000014 81.500000000000014 161.00000000000003 16.435000000000006 4.0250000000000012 76.000000000000014 100.95000000000002 47.500000000000007 116.50000000000001 56.500000000000007 0.90000000000000013 16.750000000000004 167.50000000000003 100.95000000000002 90.800000000000026 1.0000000180025095e-35 146.50000000000003 186.50000000000003
decision_type=2 2 2 2 2 2 2 2 2 2 2 2 2 2 2 2 2 2 2
left_child=4 8 -3 -4 5 6 -1 10 14 -9 11 12 -8 -14 -2 18 -15 -11 -5
right_child=1 2 3 15 -6 -7 7 9 -10 17 -12 -13 13 16 -16 -17 -18 -19 -20
leaf_value=-0.051992114526829829 -0.019993935666874258 0.10492191926317418 -0.017912340690397877 0.11392875941072721 -0.054323095506885966 0.036718607535001405 -0.026357439579049624 0.021109199850035228 -0.046606784828547777 0.12285558298818636 -0.049918724057949539 -0.042851912927321434 0.076375947286103696 -0.0328485110550766 0.052053133498431298 0.026429317259910257 0.035398967248051451 0.10424127374023043 0.10618267250361386
leaf_weight=3.4726636074483492 1.6731733032502218 1.0695909820497034 2.0673434291966264 0.43288360373117007 1.7138127461075772 3.8674295507371417 1.3656622655689696 0.98278603795915731 2.2506061908788979 0.4147667707875371 2.1014679335057727 2.9116393725853413 1.8638253989629445 1.196204031817615 1.192894520005211 0.85510224057361472 1.194676611572504 0.49271375208627433 0.57679984578862786
leaf_count=29 25 11 29 11 16 32 12 9 24 8 18 28 30 23 35 13 22 38 30
internal_value=0.000101074 0.0130558 0.0416569 0.024448 -0.00597377 -0.00180228 -0.0111154 0.000219128 -0.0149028 0.0651037 -0.0113151 -0.0018069 0.0194565 0.0341618 0.00999299 0.0714097 0.00125343 0.112749 0.109504
internal_weight=31.696 10.1184 5.00172 3.93213 21.5776 19.8638 15.9964 12.5237 5.11667 1.89027 10.6335 8.53201 5.62037 4.25471 2.86607 1.86479 2.39088 0.907481 1.00968
internal_count=443 178 94 83 265 249 217 188 84 55 133 115 87 75 60 54 45 46 41
is_linear=0
shrinkage=0.1


Tree=72
num_leaves=18
num_cat=0
split_feature=11 27 22 24 24 22 25 26 22 26 10 27 24 11 11 25 10
split_gain=0.233022 0.45864 0.32128 0.49641 0.761441 0.764716 0.753827 0.648663 0.688507 0.939644 0.562341 0.55737 0.568077 0.902436 0.471738 0.306852 0.00643095
threshold=147.85000000000002 39.500000000000007 0.085000000000000006 33.500000000000007 30.500000000000004 2.2150000000000003 92.450000000000017 69.500000000000014 2.1850000000000005 40.500000000000007 189.50000000000003 154.00000000000003 32.500000000000007 66.200000000000017 89.950000000000003 90.800000000000026 135.50000000000003
decision_type=2 2 2 2 2 2 2 2 2 2 2 2 2 2 2 2 2
left_child=1 -1 -3 4 5 14 -7 8 9 10 -5 12 13 -6 -4 -10 -11
right_child=-2 2 3 7 11 6 -8 -9 15 16 -12 -13 -14 -15 -16 -17 -18
leaf_value=0.053412618445110339 -0.039760183498492807 -0.042610090067240175 -0.050068856656491051 0.059319658299033108 0.078197350132285709 0.077041017426887182 -0.0024850501916635704 -0.046999166782180864 -0.030261333453702344 0.12115940958462419 -0.027422264908405849 -0.077526846805280242 -0.049417765271671917 -0.032234655895220891 0.020744596200737223 0.025586595352006532 0.10880256035100531
leaf_weight=1.6388807310722828 1.3997494345530856 1.7413693758426259 2.3258624924346862 1.7241532031912341 1.2644814038649195 2.443433228880167 2.3271403471007943 1.2830516025423992 1.9241968449205162 0.81459417985752203 1.3192399728577582 1.9804582726210354 2.6998137244954705 1.7840281373355535 1.5796650102129204 2.0130835482850671 0.87205085344612598
leaf_count=28 21 31 29 36 14 24 19 13 20 12 33 20 27 33 26 23 34
internal_value=0.000113317 0.0019903 -0.00100918 0.00173952 -0.00894905 0.011385 0.0382473 0.0193614 0.029185 0.0548995 0.0217191 -0.0317755 -0.0160129 0.0135711 -0.021427 -0.00170697 0.114771
internal_weight=31.1353 29.7355 28.0966 26.3553 16.4049 8.6761 4.77057 9.95037 8.66732 4.73004 3.04339 7.72878 5.74832 3.04851 3.90553 3.93728 1.68665
internal_count=443 422 394 363 192 98 43 171 158 115 69 94 74 47 55 43 46
is_linear=0
shrinkage=0.1


Tree=73
num_leaves=21
num_cat=0
split_feature=24 24 10 11 15 12 23 22 11 27 3 21 11 7 7 25 23 23 22 10
split_gain=0.261358 0.260672 0.45682 0.878575 0.730061 0.663706 0.670407 0.840352 0.638232 0.542925 0.508289 0.475472 0.660239 0.884214 0.407895 0.378513 0.218586 0.111082 0.00202249 0.000189825
threshold=24.500000000000004 26.500000000000004 172.50000000000003 42.70000000000001 1.0000000180025095e-35 1.0000000180025095e-35 72.500000000000014 1.5200000000000002 104.90000000000002 63.500000000000007 1.7500000000000002 1.5000000000000002 59.850000000000001 0.90000000000000013 0.90000000000000013 89.750000000000014 69.500000000000014 76.500000000000014 0.93900000000000006 238.50000000000003
decision_type=2 2 2 2 2 2 2 2 2 2 2 2 2 2 2 2 2 2 2 2
left_child=-1 -2 4 -4 5 6 7 -3 11 18 -7 -5 -13 16 17 -8 -14 -6 19 -10
right_child=1 2 3 8 14 10 15 -9 9 -11 -12 12 13 -15 -16 -17 -18 -19 -20 -21
leaf_value=-0.041877389710128804 0.032530427301313711 0.0054319847668788928 0.090723847791429293 -0.045144386667981116 -0.00023128142883003367 0.0016563523923631919 -0.013091233789296658 -0.070473618300557081 0.10682990175370577 -0.024304231287185382 0.079667717432969312 -0.043070957811679175 0.034867150431826636 -0.040030674041299605 -0.080982400406962377 0.050356690488974246 0.11123454320086756 -0.040302569917806272 0.11440069994945774 0.10321499373554895
leaf_weight=1.4134388230741048 2.5755049963481751 2.9072711565531844 1.3862684478517602 2.3373517105355859 1.3902099162805819 1.6836769971996539 1.7309914287179711 2.9268898069858551 0.26800242206081726 0.45666636014357209 1.6573640345595775 1.4061346375383439 0.57086366019211743 0.85723035875707854 1.8341032583266494 2.0583078309427947 1.0913208440179003 1.3770315186120567 0.35946857184171677 0.31719080812763423
leaf_count=13 28 38 24 32 21 20 16 23 13 11 22 18 18 12 13 26 36 21 10 28
internal_value=0.000119016 0.00215244 -0.000787058 0.0174644 -0.0101908 0.00195454 -0.0113771 -0.0326484 0.00421355 0.0652196 0.0403548 -0.00943659 0.0118246 0.0424628 -0.0444108 0.021373 0.0850068 -0.0201715 0.108497 0.104871
internal_weight=30.6053 29.1918 26.6163 9.0505 17.5658 12.9645 9.62346 5.83416 7.66423 1.40133 3.34104 6.2629 3.92555 2.51941 4.60134 3.7893 1.66218 2.76724 0.944662 0.585193
internal_count=443 430 402 202 200 145 103 61 178 62 42 116 84 66 55 42 54 42 51 41
is_linear=0
shrinkage=0.1


Tree=74
num_leaves=19
num_cat=0
split_feature=23 27 10 10 25 10 27 27 27 13 1 27 23 26 11 23 1 10
split_gain=0.251896 0.274499 0.374445 0.605315 0.556995 0.535566 0.341447 0.335199 0.541265 0.673472 0.674706 0.829158 0.653914 0.659798 0.377675 0.328181 0.319878 0.0530134
threshold=87.500000000000014 220.50000000000003 116.50000000000001 127.50000000000001 84.250000000000014 83.500000000000014 356.00000000000006 121.50000000000001 100.50000000000001 1.0000000180025095e-35 1.0000000180025095e-35 46.500000000000007 72.500000000000014 40.500000000000007 89.15000000000002 66.500000000000014 1.0000000180025095e-35 226.50000000000003
decision_type=2 2 2 2 2 2 2 2 2 2 2 2 2 2 2 2 2 2
left_child=1 2 4 -4 -1 16 -3 8 9 10 11 -5 13 -11 -12 -13 -6 -14
right_child=-2 6 3 7 5 -7 -8 -9 -10 12 14 15 17 -15 -16 -17 -18 -19
leaf_value=-0.050501979065026584 -0.029368808727269182 -0.050596666357910783 0.086427680522698003 -0.058159029306275249 0.047801704969069839 -0.02921664869902876 0.007772371325127982 0.051506619015077318 -0.048674547719650574 -0.058585337726277845 -0.077126453803114947 0.11406727453289472 0.11732503479614804 0.067572349159317105 -0.0076259326803894386 0.029319729639881095 -0.0049050530349304695 0.079494457007746974
leaf_weight=2.3240944147110074 2.6414108481258145 1.9905641153454769 1.1775232395157207 0.72812737524509286 2.7776346462778747 2.7970307958312333 2.0184605177491903 1.7817402422660951 1.6145128337666381 0.78109576238784961 1.3382654879242184 0.8385361845139413 0.79094851179979719 0.88341988541651517 1.8806638189125804 1.0040983301587401 1.9668062403798101 0.6967181118670851
leaf_count=23 27 22 21 13 31 28 21 24 22 17 13 30 20 36 31 23 16 25
internal_value=0.000122962 0.00296704 0.00711236 0.0179243 -0.0076998 0.00549077 -0.0212091 0.0113865 0.00461487 0.0142366 -0.00601332 0.0321859 0.0514302 0.0083712 -0.0365207 0.0678862 0.0259521 0.0996079
internal_weight=30.0317 27.3902 23.3812 13.5156 9.86557 7.54147 4.00902 12.3381 10.5564 8.94187 5.78969 2.57076 3.15218 1.66452 3.21893 1.84263 4.74444 1.48767
internal_count=443 416 373 275 98 75 43 254 230 208 110 66 98 53 44 53 47 45
is_linear=0
shrinkage=0.1


Tree=75
num_leaves=18
num_cat=0
split_feature=1 10 27 22 24 22 25 25 22 22 11 25 25 14 24 22 22
split_gain=0.263871 0.335144 0.529504 0.472108 0.592039 1.08333 0.790807 0.643702 0.566571 0.869247 0.446599 0.354358 0.286028 0.444636 0.207368 0.182638 0.00178835
threshold=2.5000000000000004 234.50000000000003 63.500000000000007 10.250000000000002 30.500000000000004 2.3200000000000003 93.350000000000009 91.450000000000017 2.1850000000000005 0.76500000000000012 74.40000000000002 86.500000000000014 85.850000000000009 1.0000000180025095e-35 31.500000000000004 1.4850000000000001 1.0600000000000003
decision_type=2 2 2 2 2 2 2 2 2 2 2 2 2 2 2 2 2
left_child=1 3 14 4 5 11 7 8 9 12 -4 -1 13 -6 -3 -12 -16
right_child=-2 2 10 -5 6 -7 -8 -9 -10 -11 15 -13 -14 -15 16 -17 -18
leaf_value=-0.048184805815250961 0.044920294922283152 0.020699300984703881 0.046186547304959275 -0.053756269847662179 0.01522410379306346 0.068130041706911615 -0.053142486609929221 0.060841950642025217 -0.045657737074618308 0.066573682059117345 0.0036874777067602872 0.012378271513421638 0.01861597542345508 -0.063492093820446863 0.10360237857483096 -0.056358782027063105 0.11296253130184164
leaf_weight=1.616901868954314 1.2592481402680267 0.4078407302731637 1.3861031302949416 1.9554182980209578 1.1546956486999971 2.9092192221432924 3.7919884040020397 1.4943506475538004 3.0023812185972929 1.7713990886695681 0.97668652795255217 2.4003063957206905 1.5902129679452626 1.8956433748826385 0.44073553092312068 1.052319972310215 0.38020903524011374
leaf_count=24 16 15 23 20 24 27 39 20 28 37 26 33 25 28 35 14 9
internal_value=0.000132163 -0.00186594 0.0226891 -0.00670136 -0.00244688 0.0216572 -0.0138038 -0.000129251 -0.0098073 0.00697959 0.00243429 -0.011998 -0.0157688 -0.0336943 0.0789826 -0.0274548 0.107937
internal_weight=29.4857 28.2264 4.64389 23.5825 21.6271 6.92643 14.7007 10.9087 9.41433 6.41195 3.41511 4.01721 4.64055 3.05034 1.22879 2.02901 0.820945
internal_count=443 427 122 305 285 84 201 162 142 114 63 57 77 52 59 40 44
is_linear=0
shrinkage=0.1


Tree=76
num_leaves=16
num_cat=0
split_feature=24 26 24 10 12 15 24 25 7 22 10 25 10 24 27
split_gain=0.250923 0.26043 0.946449 0.581092 0.417049 1.06914 0.413199 0.489565 0.527813 0.489031 0.472535 0.394294 0.380679 0.30882 0.213558
threshold=24.500000000000004 37.500000000000007 36.500000000000007 123.50000000000001 1.0000000180025095e-35 1.0000000180025095e-35 37.500000000000007 88.15000000000002 0.65000000000000013 3.2850000000000006 169.50000000000003 91.450000000000017 131.50000000000003 31.500000000000004 73.500000000000014
decision_type=2 2 2 2 2 2 2 2 2 2 2 2 2 2 2
left_child=-1 2 3 -2 6 12 7 10 9 11 -3 -9 -6 -5 -12
right_child=1 4 -4 13 5 -7 -8 8 -10 -11 14 -13 -14 -15 -16
leaf_value=-0.041945184554102677 0.046515991474071552 0.00056065661937486214 0.10839643999079647 0.012176457903136984 0.026784092752399426 -0.034057008149211684 -0.044556883157683372 -0.050122258225021012 0.016946245611339186 -0.078098358673596255 0.032885673015206805 0.015318018534004647 0.092021521819658725 -0.049198525402702156 0.11463548877300112
leaf_weight=1.3520052153617168 1.9410699494183088 2.3759295754134686 1.0168576077558098 1.4586187754757705 2.3255484015680845 2.3469768334180117 3.095080964267253 1.6904868031851932 3.0010605817660689 1.7913096956908701 0.60735861596185692 2.0220149309607223 1.4535385556519029 1.8719983736518768 0.67435558722354472
leaf_count=13 26 27 38 24 25 38 38 19 35 15 26 31 37 37 14
internal_value=0.000120011 0.00217523 0.0200644 0.00302598 -0.00308565 0.018954 -0.0119348 -0.0036332 -0.0167903 -0.0351858 0.0269601 -0.0144802 0.0518762 -0.0223198 0.0758972
internal_weight=29.0242 27.6722 6.28854 5.27169 21.3837 6.12606 15.2576 12.1625 8.50487 5.50381 3.65764 3.7125 3.77909 3.33062 1.28171
internal_count=443 430 125 87 305 100 205 167 100 65 67 50 62 61 40
is_linear=0
shrinkage=0.1


Tree=77
num_leaves=18
num_cat=0
split_feature=23 25 27 25 27 11 10 10 27 0 21 23 23 23 12 25 26
split_gain=0.212646 0.250746 0.264359 0.418141 0.456792 0.779098 0.33427 0.695254 0.528607 0.786108 0.639773 0.260141 0.766601 0.820884 0.317467 0.277944 0.00360408
threshold=87.500000000000014 71.450000000000017 220.50000000000003 74.40000000000002 121.50000000000001 32.650000000000006 45.500000000000007 63.500000000000007 97.500000000000014 1.5000000000000002 2.5000000000000004 40.500000000000007 62.500000000000007 67.500000000000014 1.0000000180025095e-35 88.15000000000002 47.500000000000007
decision_type=2 2 2 2 2 2 2 2 2 2 2 2 2 2 2 2 2
left_child=1 -1 3 -3 6 -6 -5 -8 9 11 16 -9 -13 -14 15 -15 -11
right_child=-2 2 -4 4 5 -7 7 8 -10 10 -12 12 13 14 -16 -17 -18
leaf_value=0.050020903174814293 -0.02753856812272136 -0.058416923112269925 -0.023813584216593159 0.0463059003982811 -0.0042208022622168568 0.083312509889277395 -0.086001901450998619 -0.042061279790966716 -0.037684686503908979 0.10702563782898743 -0.0001222026107135595 0.07571292350934028 -0.070776287092339671 0.072165450659364902 -0.026445581552104965 0.0096297750892623667 0.11777769525174092
leaf_weight=1.0786290876567424 2.5323858354240647 0.98887322423980251 3.7208701400086275 1.4592968132346928 2.102153366431593 1.9694631124148143 0.96326754242181678 1.3360508191399256 2.712810343829914 0.66765165945980631 0.85602863389067341 1.2999864779412744 1.5897214799188075 1.0443080323748293 1.4625264178030191 2.2249728625174612 0.58483652165159583
leaf_count=39 27 13 39 16 23 24 8 13 30 30 24 38 20 25 26 36 12
internal_value=0.000126188 0.00281437 0.000776232 0.00507948 0.00817669 0.0381195 0.000651701 -0.00386752 0.00187441 0.0115722 0.0665074 -0.00135899 0.00577612 -0.00860599 0.0122811 0.0296056 0.112046
internal_weight=28.5938 26.0614 24.9828 21.2619 20.2731 4.07162 16.2015 14.7422 13.7789 11.0661 2.10852 8.95757 7.62152 6.32153 4.73181 3.26928 1.25249
internal_count=443 416 377 338 325 47 278 262 254 224 66 158 145 107 87 61 42
is_linear=0
shrinkage=0.1


Tree=78
num_leaves=20
num_cat=0
split_feature=21 17 25 10 25 27 11 2 11 11 13 24 10 27 10 10 11 10 26
split_gain=0.225103 0.353133 1.38667 0.918377 0.647219 0.554915 0.801311 0.445559 0.615355 0.954797 0.48322 0.753379 0.595353 0.546127 0.388323 0.637105 0.433248 0.65097 0.374008
threshold=4.5000000000000009 1.0000000180025095e-35 91.950000000000017 21.000000000000004 88.65000000000002 176.00000000000003 42.70000000000001 1.0000000180025095e-35 112.15000000000002 141.20000000000002 1.0000000180025095e-35 31.500000000000004 135.50000000000003 86.000000000000014 116.50000000000001 167.50000000000003 81.600000000000009 208.50000000000003 43.000000000000007
decision_type=2 2 2 2 2 2 2 2 2 2 2 2 2 2 2 2 2 2 2
left_child=1 3 4 -1 -3 6 -5 8 10 -10 13 -12 -13 18 -9 -16 -17 -18 -8
right_child=-2 2 -4 5 -6 -7 7 14 9 -11 11 12 -14 -15 15 16 17 -19 -20
leaf_value=0.13607158423420726 0.041381482648288198 -0.01593996352289993 -0.08157098204238461 0.077566726677332318 0.066774448825363417 -0.053197516040833941 -0.01399759157344637 -0.053175464468791823 0.12577252235768696 -0.018525738970817645 0.08692479365549205 -0.069687502082697486 0.03389076107915872 0.021791244987649061 0.073612849869284014 -0.080701692575800774 -0.058909430829993385 0.067107365746000291 -0.083718338820733706
leaf_weight=0.518747370690117 1.2634268919937302 2.6673971611307925 2.4483907362446189 1.4560150951147139 1.4658658634871242 1.707995994016527 1.735870587406682 2.3792778332717708 1.0761995837092388 0.7989899837411939 1.3909273145254704 0.90216808766126666 1.4417684664949773 2.0255665332078934 0.86498753377236459 0.91735758422873948 0.80685150856152155 0.83327417320106179 1.3819387671537695
leaf_count=6 21 39 27 16 16 20 33 24 30 17 28 8 39 20 20 12 12 36 19
internal_value=0.000131917 -0.00181128 -0.0219327 0.00473248 0.0133948 0.00127738 0.00644321 0.000187957 0.0122381 0.0642892 0.00124426 0.0286219 -0.00597593 -0.018636 -0.0221467 -0.000575736 -0.0256677 0.00511404 -0.0449006
internal_weight=28.083 26.8196 6.58165 20.2379 4.13326 19.7192 18.0112 16.5552 10.7534 1.87519 8.87824 3.73486 2.34394 5.14338 5.80175 3.42247 2.55748 1.64013 3.11781
internal_count=443 422 82 340 55 334 314 298 194 47 147 75 47 72 104 80 60 48 52
is_linear=0
shrinkage=0.1


Tree=79
num_leaves=20
num_cat=0
split_feature=23 25 10 23 11 27 10 24 23 25 7 12 10 22 26 1 23 22 26
split_gain=0.199509 0.507326 0.544308 0.655867 0.502155 0.485167 0.451822 0.455765 0.737609 0.598125 0.785871 0.587189 0.522797 0.368575 0.24815 0.216982 0.186758 0.00124718 1.44515e-05
threshold=74.500000000000014 86.500000000000014 89.500000000000014 77.500000000000014 86.350000000000009 124.50000000000001 270.00000000000006 28.500000000000004 72.500000000000014 84.850000000000009 0.28750000000000003 1.0000000180025095e-35 169.50000000000003 2.5650000000000004 47.500000000000007 1.0000000180025095e-35 57.500000000000007 0.8650000000000001 43.000000000000007
decision_type=2 2 2 2 2 2 2 2 2 2 2 2 2 2 2 2 2 2 2
left_child=6 2 -2 -4 5 -3 7 15 9 10 14 12 16 17 -9 -1 -11 18 -8
right_child=1 4 3 -5 -6 -7 13 8 -10 11 -12 -13 -14 -15 -16 -17 -18 -19 -20
leaf_value=0.0082817499637750439 -0.097793335114673752 -0.035172300503092488 -0.074820314773567806 0.018858133478788407 0.057049401697636087 0.030370734065759204 0.10204253161144594 0.11245467943714618 0.064408396347697211 -0.036938737807603671 -0.02932899401201304 0.027744373711318934 0.0032738780706266222 0.0040126160677249672 0.031782498382699718 0.061194064512945838 -0.076986768528698124 0.11067531120222646 0.10326214897017046
leaf_weight=1.4725407725200119 1.1003923304378966 2.799951552413404 1.1949447426013651 1.9953506747260688 1.5415037062484769 1.8928776904940603 0.17993709794245549 0.78503855911549114 1.3041355400346208 2.0557201420888287 1.4611357003450391 1.4738586596213279 1.8321485032793132 0.63040307909250259 0.74141030036844313 1.6361334626562893 2.6857403023168445 0.39341775234788656 0.21117785479873419
leaf_count=24 10 34 18 39 29 19 22 27 19 19 15 33 31 10 18 19 26 12 19
internal_value=0.000120226 -0.0106831 -0.0371476 -0.0162297 0.00753075 -0.00873517 0.00686316 0.0019092 -0.00671226 -0.0151174 0.0230927 -0.0293027 -0.0420932 0.0609491 0.0732715 0.0361302 -0.0596234 0.1067 0.102701
internal_weight=27.3878 10.525 4.29069 3.1903 6.23433 4.69283 16.8628 15.4479 12.3392 11.0351 2.98758 8.04747 6.57361 1.41494 1.52645 3.10867 4.74146 0.784533 0.391115
internal_count=443 149 67 57 82 53 294 231 188 169 60 109 76 63 45 43 45 53 41
is_linear=0
shrinkage=0.1


Tree=80
num_leaves=17
num_cat=0
split_feature=1 1 24 11 7 25 25 25 25 25 7 22 25 10 24 10
split_gain=0.223859 0.33479 0.571448 0.561599 0.540453 0.436679 0.424546 0.307993 0.312081 1.0171 0.326456 0.282563 0.548814 0.632735 0.512691 0.216995
threshold=2.5000000000000004 1.5000000000000002 28.500000000000004 32.650000000000006 0.90000000000000013 96.050000000000011 89.050000000000026 94.40000000000002 90.65000000000002 89.050000000000026 0.45000000000000007 0.085000000000000006 82.050000000000011 170.50000000000003 34.500000000000007 131.50000000000003
decision_type=2 2 2 2 2 2 2 2 2 2 2 2 2 2 2 2
left_child=1 5 -3 -4 6 7 15 8 9 11 -10 -1 13 -13 -14 -5
right_child=-2 2 3 4 -6 -7 -8 -9 10 -11 -12 12 14 -15 -16 -17
leaf_value=-0.039195174802474607 0.042484503925679151 0.031283977448287002 -0.076580991283473704 0.0040004908793829525 -0.05585173073712707 -0.03801448498808311 -0.020369534368346032 0.05491685502337397 -0.042677769070367501 0.11528460450275116 0.01473951001786169 0.10066294615524043 -0.034574464071032943 0.00076567539297543003 0.046775738716719702 0.075771745563633308
leaf_weight=1.1511386277852595 1.1910378225147713 2.0178218525834382 1.8489603064954279 0.73567897547036387 2.0235087694600224 1.8805538080632693 2.3332339453045279 1.5786389727145422 2.0607451221439983 0.9692655678372829 1.9062290866859255 1.2632271999027582 2.5608582166023557 1.2729585203342138 1.1107228802284224 0.9856566428206861
leaf_count=24 16 27 22 11 23 25 33 17 37 21 26 23 36 39 33 30
internal_value=0.000101963 -0.00186227 -0.016228 -0.0283221 -0.0136417 0.00720603 0.007424 0.0133355 0.0079967 0.0189924 -0.0150873 0.00630941 0.0147476 0.0505227 -0.00996449 0.0450975
internal_weight=26.8902 25.6992 9.94486 7.92704 6.07808 15.7543 4.05457 13.8738 12.2951 8.32817 3.96697 7.35891 6.20777 2.53619 3.67158 1.72134
internal_count=443 427 146 119 97 281 74 256 239 176 63 155 131 62 69 41
is_linear=0
shrinkage=0.1


Tree=81
num_leaves=18
num_cat=0
split_feature=24 27 11 13 22 22 10 11 23 26 26 22 10 25 25 12 22
split_gain=0.194817 0.720271 0.680597 0.495402 0.369092 0.446245 0.52793 0.741348 0.402665 0.384159 0.344112 0.32468 0.306598 0.253252 0.322199 0.229131 0.00774753
threshold=34.500000000000007 64.250000000000014 83.300000000000011 1.0000000180025095e-35 16.435000000000006 4.0250000000000012 76.000000000000014 100.95000000000002 73.500000000000014 40.500000000000007 47.500000000000007 0.8650000000000001 116.50000000000001 80.550000000000011 90.950000000000017 1.0000000180025095e-35 1.0200000000000002
decision_type=2 2 2 2 2 2 2 2 2 2 2 2 2 2 2 2 2
left_child=4 10 3 -3 5 6 -1 8 13 -10 11 -2 -9 -8 -15 -5 -14
right_child=1 2 -4 15 -6 -7 7 12 9 -11 -12 -13 16 14 -16 -17 -18
leaf_value=-0.047425772384998344 -0.023535618843699938 -0.021696396445369952 0.1126858549066973 0.022844187736348776 -0.054991598306255288 0.03152594984348394 -0.019613903060780345 0.023995531530909261 0.0041104399561825286 -0.05384390300551424 -0.054069660430698767 0.058750729270272743 0.10369960064442081 0.064762185714177217 -0.0044340346284677786 0.091737571964554648 0.12479687977669685
leaf_weight=2.8978447690606215 1.2774856492178503 1.6290344420121983 0.99079477763734747 1.1065007245633749 1.4009328028187145 3.2792697288095942 1.5987332650693113 0.86055843252688535 1.9229874098673461 2.8226517736911774 1.6465332170482723 0.7676564916037022 0.40567386074690148 1.3643312719650569 1.3278218666091559 0.85639852168969821 0.30488148890435696
leaf_count=29 35 23 33 22 16 32 23 9 28 32 22 18 38 30 20 25 8
internal_value=0.000108154 0.0128289 0.0393096 0.0190696 -0.00567975 -0.00156395 -0.00959852 0.000735304 -0.0102878 -0.0303601 -0.0200433 0.00735106 0.0641367 0.0119118 0.0306333 0.0529019 0.112752
internal_weight=26.4601 8.2744 4.58273 3.59193 18.1857 16.7848 13.5055 10.6076 9.03653 4.74564 3.69168 2.04514 1.57111 4.29089 2.69215 1.9629 0.710555
internal_count=443 178 103 70 265 249 217 188 133 60 75 53 55 73 50 47 46
is_linear=0
shrinkage=0.1


Tree=82
num_leaves=19
num_cat=0
split_feature=2 23 22 22 7 27 27 25 22 22 16 22 10 10 26 27 27 11
split_gain=0.187578 0.234491 0.849216 0.979664 0.548818 0.823358 0.476827 0.371809 0.901635 0.57674 0.315841 0.481831 0.457013 0.602206 0.317799 0.397524 0.63783 0.0825095
threshold=2.5000000000000004 61.500000000000007 6.1300000000000008 3.1250000000000004 0.45000000000000007 42.500000000000007 119.50000000000001 95.050000000000011 6.1300000000000008 3.2850000000000006 1.0000000180025095e-35 2.2150000000000003 103.50000000000001 123.50000000000001 56.500000000000007 89.500000000000014 63.500000000000007 113.40000000000002
decision_type=2 2 2 2 2 2 2 2 2 2 2 2 2 2 2 2 2 2
left_child=1 2 3 4 5 -1 17 8 9 10 11 12 -3 -14 15 16 -15 -7
right_child=-2 7 -4 -5 -6 6 -8 -9 -10 -11 -12 -13 13 14 -16 -17 -18 -19
leaf_value=-0.050341642213395092 0.038103672553397604 -0.057333333316659546 -0.056025841218157173 0.12503778000993496 -0.045575465417511014 0.081682003645960344 -0.00040172042101261761 -0.041112929629555504 0.06424464572026102 -0.061274541273123831 0.037298529603515949 0.039511720703485659 0.068943236495530913 0.050866985670716992 -0.054735539959525431 0.047795839585793025 -0.056017130340546166 0.13136062191451883
leaf_weight=0.78543249983341201 1.2382892980240274 2.2342157643288356 1.3235418982803819 0.95645484421402205 1.1596044030738992 0.7322893798118455 0.64116984058637161 2.7824522517621508 1.8440364599227894 1.9057991234585632 1.7430254959035671 1.7223865371197469 0.94413477927446354 0.80679130303906355 1.6160163485910741 1.1330168186686931 1.8128141519846392 0.61517689703032374
leaf_count=12 22 28 15 14 27 31 13 34 21 16 34 21 13 38 24 29 34 17
internal_value=0.000121291 -0.0017784 0.0150343 0.0342672 0.0121967 0.0363464 0.0705847 -0.00741174 -0.00146259 -0.0101682 -0.00206006 -0.00874041 -0.0184642 -0.00470759 -0.0176599 -0.00169378 -0.0230987 0.104362
internal_weight=25.9966 24.7584 6.21367 4.89013 3.93367 2.77407 1.98864 18.5447 15.7622 13.9182 12.0124 10.2694 8.54699 6.31277 5.36864 3.75262 2.61961 1.34747
internal_count=443 421 129 114 100 73 61 292 258 237 221 187 166 138 125 101 72 48
is_linear=0
shrinkage=0.1


Tree=83
num_leaves=19
num_cat=0
split_feature=24 11 23 22 7 22 27 7 15 27 21 11 24 22 3 25 27 2
split_gain=0.249226 0.27164 0.360969 0.316268 0.645956 0.565131 0.43166 0.333689 0.790833 0.457467 0.655935 0.485598 0.462635 0.703762 0.342612 0.507498 0.312635 0.0634754
threshold=24.500000000000004 10.750000000000002 87.500000000000014 5.6750000000000016 0.45000000000000007 4.535000000000001 220.50000000000003 1.5500000000000003 1.0000000180025095e-35 56.500000000000007 1.5000000000000002 106.15000000000002 33.500000000000007 0.17500000000000002 0.40000000000000008 92.350000000000009 66.500000000000014 1.0000000180025095e-35
decision_type=2 2 2 2 2 2 2 2 2 2 2 2 2 2 2 2 2 2
left_child=-1 -2 3 5 -5 6 7 9 -9 10 -3 -12 14 -14 -11 -16 -15 -18
right_child=1 2 -4 4 -6 -7 -8 8 -10 12 11 -13 13 16 15 -17 17 -19
leaf_value=-0.04421247254495296 0.051710196589760053 -0.041099759276514755 -0.041829009841319903 -0.060543751615719399 0.02213966816323255 0.081714828471817963 -0.045974874930220823 0.030687648538298425 -0.075098922578866967 0.053892922868699213 -0.020786572737818924 0.087048415229549495 -0.023300378118335841 0.028249504960300195 -0.042397858856525396 0.039683646719752996 0.11652689896539099 0.07857742083422091
leaf_weight=1.2078063702210808 1.0650940854102398 2.5555875704158222 1.8893669452518214 2.046237509232014 1.7554359920322893 1.0193529445677985 1.5097266733646382 1.4518797002965576 1.3768385504372418 1.2505653396947307 0.75099714566022135 0.94065277563640848 0.81275893817655775 0.76089525199495289 1.8038547299802306 1.2933278940618036 1.3055173299508167 0.66539259848650534
leaf_count=13 12 37 24 23 19 13 21 33 15 32 19 32 18 21 35 17 35 24
internal_value=0.000122334 0.00233018 6.20423e-05 0.00377806 -0.0223644 0.00945807 0.00498816 0.0101284 -0.0208025 0.0173358 -0.00912649 0.0391758 0.0315764 0.0583908 0.00971561 -0.00812209 0.0826954 0.103715
internal_weight=25.4613 24.2535 23.1884 21.299 3.80167 17.4973 16.478 14.9683 2.82872 12.1395 4.24724 1.69165 7.89231 3.54456 4.34775 3.09718 2.73181 1.97091
internal_count=443 430 418 394 42 352 339 318 48 270 88 51 182 98 84 52 80 59
is_linear=0
shrinkage=0.1


Tree=84
num_leaves=20
num_cat=0
split_feature=24 2 11 23 25 22 14 25 22 25 25 25 3 27 22 27 13 25 12
split_gain=0.206259 0.323162 0.246338 0.300478 0.823928 0.455011 0.474824 0.399177 0.480966 0.35765 0.380525 0.496743 0.509103 1.03684 0.384785 0.312585 0.266696 0.216589 0.198188
threshold=24.500000000000004 2.5000000000000004 10.750000000000002 61.500000000000007 94.950000000000017 6.1300000000000008 1.0000000180025095e-35 90.450000000000017 1.5200000000000002 92.350000000000009 89.950000000000017 85.850000000000009 0.40000000000000008 62.500000000000007 1.8200000000000003 126.50000000000001 1.0000000180025095e-35 81.250000000000014 1.0000000180025095e-35
decision_type=2 2 2 2 2 2 2 2 2 2 2 2 2 2 2 2 2 2 2
left_child=-1 2 -2 5 9 6 7 8 -4 10 11 12 15 -14 -13 18 -12 -15 -5
right_child=1 -3 3 4 -6 -7 -8 -9 -10 -11 16 14 13 17 -16 -17 -18 -19 -20
leaf_value=-0.040582816497708632 0.046644984955539384 0.056139805702704854 0.02379430681456737 0.016437118330645015 -0.062174471534318002 -0.040906342941464752 0.077822475072342315 0.047146492582467864 -0.08734577894576348 0.035451545542051925 -0.069167045381882439 0.084427712898899984 -0.048944891073643748 0.087359241737468604 -0.0022279806993019545 -0.085415551553453095 -0.0062695447253268231 0.023359020160016765 -0.051205528084276933
leaf_weight=1.1854745289310837 1.0628112014383138 1.0595090235583473 0.86757624114398202 0.88825842109509012 2.5132223116233936 1.0774328764528034 1.4794343356043098 1.4119797580642623 0.70643730508163571 2.36952212487813 1.4509002221748224 1.1455986385699364 1.5306240489007907 1.1867012010188775 0.9271047506481408 1.0633172867819665 1.2592121196212247 0.95376364025287319 0.8453891979297623
leaf_count=13 12 21 39 24 33 13 39 24 10 34 16 30 23 26 13 10 27 19 17
internal_value=0.000127458 0.00215533 -0.000360007 -0.00266469 -0.00956571 0.0174221 0.0314958 0.00854287 -0.0260868 0.000141612 -0.00729494 0.00306469 -0.0105874 0.0139011 0.0456673 -0.0427292 -0.0399427 0.0588416 -0.0165479
internal_weight=24.9843 23.7988 22.7393 21.6765 16.1336 5.54286 4.46543 2.98599 1.57401 13.6204 11.2509 8.54076 6.46805 3.67109 2.0727 2.79696 2.71011 2.14046 1.73365
internal_count=443 430 409 397 272 125 112 73 49 239 205 162 119 68 43 51 43 45 41
is_linear=0
shrinkage=0.1


Tree=85
num_leaves=18
num_cat=0
split_feature=17 25 25 25 25 21 25 25 21 12 10 7 26 10 11 26 24
split_gain=0.203021 0.892786 0.613839 0.845217 0.315021 1.14725 1.01375 0.567228 0.421859 0.404169 0.398385 0.371924 0.360948 0.341345 0.202671 0.16396 0.00339013
threshold=1.0000000180025095e-35 91.950000000000017 88.40000000000002 81.250000000000014 84.15000000000002 1.5000000000000002 89.950000000000017 91.15000000000002 1.5000000000000002 1.0000000180025095e-35 130.00000000000003 0.45000000000000007 47.500000000000007 213.50000000000003 94.15000000000002 47.500000000000007 32.500000000000007
decision_type=2 2 2 2 2 2 2 2 2 2 2 2 2 2 2 2 2
left_child=4 2 3 -2 8 7 16 12 14 15 -10 -9 -6 -12 -1 -8 -7
right_child=1 -3 -4 -5 5 6 9 11 10 -11 13 -13 -14 -15 -16 -17 -18
leaf_value=0.053191234229311907 0.046399433187527629 -0.064990887144217024 0.063864076065172234 -0.060820114005526005 -0.014860496929322956 0.11667503323639379 -0.022753401398368303 -0.019821867603129879 -0.075126463649468345 0.05958089764759647 0.054811053454062258 0.043423246476309914 -0.091816235743969993 -0.03895951168418052 -0.0099320822709444995 0.024696520244420476 0.10724299637129293
leaf_weight=0.98421208560467421 1.2915615367237472 2.316573818679899 1.4917157201562075 1.7068573470460249 1.2082666219212099 0.98685159441083647 1.6276997611857953 2.0967652233084668 1.5009349817410114 1.7113430134486405 0.61849374056328077 1.6707103594671933 1.2298638424836097 1.0426119606709106 1.0526501950807867 1.3178159544477237 0.62078632297925651
leaf_count=21 29 31 20 21 28 22 25 24 18 33 19 22 15 35 23 28 29
internal_value=0.000103877 -0.0145698 0.0114436 -0.0146356 0.0057567 0.0143782 0.0445669 -0.0160969 -0.0149229 0.0209311 -0.0377855 0.00822457 -0.0536792 -0.00404511 0.0205691 -0.00152443 0.113033
internal_weight=24.4757 6.80671 4.49013 2.99842 17.669 12.4701 6.2645 6.20561 5.1989 4.65686 3.16204 3.76748 2.43813 1.66111 2.03686 2.94552 1.60764
internal_count=443 101 70 50 342 226 137 89 116 86 72 46 43 54 44 53 51
is_linear=0
shrinkage=0.1


Tree=86
num_leaves=19
num_cat=0
split_feature=24 13 24 12 23 27 23 10 11 1 23 25 10 10 25 0 23 27
split_gain=0.178194 0.187218 0.333432 0.526503 0.489448 0.254789 0.365851 0.251229 0.479633 0.24794 0.657244 0.375601 0.487873 0.70268 0.621228 0.44246 0.118215 0.00044414
threshold=24.500000000000004 1.0000000180025095e-35 34.500000000000007 1.0000000180025095e-35 69.500000000000014 96.500000000000014 75.500000000000014 103.50000000000001 86.350000000000009 1.5000000000000002 59.500000000000007 84.850000000000009 83.500000000000014 135.50000000000003 91.15000000000002 1.5000000000000002 75.500000000000014 45.500000000000007
decision_type=2 2 2 2 2 2 2 2 2 2 2 2 2 2 2 2 2 2
left_child=-1 9 5 4 -4 7 -7 -3 -9 11 -11 15 -13 -14 -15 -2 -12 -10
right_child=1 2 3 -5 -6 6 -8 8 17 10 16 12 13 14 -16 -17 -18 -19
leaf_value=-0.03889226194101239 0.091986105433156384 -0.020288797209785655 -0.050202148444992538 0.094961940451756655 0.048419149482021945 0.0088321545516861343 -0.04788481086452448 0.0043931725862197974 0.10936467697329273 0.023084116236260565 -0.072898833759641984 0.037632002570573031 -0.091148586604083925 -0.053515793092594827 0.047797791799104344 -0.003229076095537613 -0.033412521316806158 0.10439762842260703
leaf_weight=1.1175529463216687 0.9423785899998619 0.88441451918333802 0.83232518925797228 1.0933612257940697 1.2727266415022311 2.8169110049493611 1.9074101652950046 1.187469597905874 0.29660121665801842 1.8483386628795413 1.4714719671756031 1.5854489277116952 1.20914788171649 1.1034388158004733 1.3404363760491831 1.0123108499683438 1.5641278233379123 0.45800674636848271
leaf_count=13 22 13 17 39 33 38 23 21 11 31 22 21 11 27 26 24 18 33
internal_value=9.59108e-05 0.00200473 0.0116042 0.0386653 0.00942486 0.000141572 -0.0140669 0.0238902 0.0440092 -0.00653931 -0.023928 0.00526707 -0.00869147 -0.0287963 0.0020535 0.0426753 -0.0525531 0.10635
internal_weight=23.9439 22.8263 10.7492 3.19841 2.10505 7.55081 4.72432 2.82649 1.94208 12.0771 4.88394 7.19316 5.23847 3.65302 2.44388 1.95469 3.0356 0.754608
internal_count=443 430 228 89 50 139 61 78 65 202 71 131 85 64 53 46 40 44
is_linear=0
shrinkage=0.1


Tree=87
num_leaves=18
num_cat=0
split_feature=17 25 25 25 25 21 25 25 21 26 10 12 7 10 11 3 24
split_gain=0.166742 0.761963 0.523947 0.677896 0.301347 0.923042 0.944337 0.460674 0.358625 0.342304 0.339567 0.307494 0.300875 0.287008 0.171558 0.161409 0.0028719
threshold=1.0000000180025095e-35 91.950000000000017 88.40000000000002 81.250000000000014 84.15000000000002 1.5000000000000002 89.950000000000017 91.15000000000002 1.5000000000000002 47.500000000000007 130.00000000000003 1.0000000180025095e-35 0.45000000000000007 213.50000000000003 94.15000000000002 1.7500000000000002 31.500000000000004
decision_type=2 2 2 2 2 2 2 2 2 2 2 2 2 2 2 2 2
left_child=4 2 3 -2 8 7 16 9 14 -6 -10 15 -9 -12 -1 -8 -7
right_child=1 -3 -4 -5 5 6 11 12 10 -11 13 -13 -14 -15 -16 -17 -18
leaf_value=0.048583899778025519 0.041551193339141979 -0.061652672946833714 0.060019288799285801 -0.056092894225537038 -0.010951089946097937 0.11583295799689873 -0.02592907176537277 -0.017334570761033119 -0.072219091962327647 -0.087860490456187199 0.049997790902172851 0.053531966738897735 0.040535146998646077 -0.037747445378711941 -0.01032976745390206 0.02154874307879253 0.10692802683137413
leaf_weight=0.94674689322710648 1.2551228895317756 2.1848282935097814 1.4417857804801313 1.6400717847282065 1.1762606815900638 0.78332028142176546 1.3413775282679128 2.0315010506892581 1.4335590042173865 1.1391327842138705 0.59285131411161263 1.6532617084449155 1.61080214404501 1.0041998543310908 1.0342658263398332 1.5360118882963432 0.67360947746783495
leaf_count=21 29 31 20 21 28 17 25 24 18 15 19 33 22 35 23 28 34
internal_value=9.3849e-05 -0.0134947 0.0107657 -0.0137623 0.00532017 0.0139549 0.0416834 -0.0139126 -0.0152609 -0.0487892 -0.0368886 0.019163 0.00825821 -0.00517499 0.0178257 -0.000584401 0.111716
internal_weight=23.4787 6.52181 4.33698 2.89519 16.9569 11.9453 5.98758 5.9577 5.01162 2.31539 3.03061 4.53065 3.6423 1.59705 1.98101 2.87739 1.45693
internal_count=443 101 70 50 342 226 137 89 116 43 72 86 46 54 44 53 51
is_linear=0
shrinkage=0.1


Tree=88
num_leaves=19
num_cat=0
split_feature=11 27 10 10 25 25 22 0 17 21 10 10 10 23 24 23 23 27
split_gain=0.212639 0.294565 0.245569 0.484959 0.322218 0.593481 0.506658 0.245927 0.539307 0.457742 0.28093 0.367502 0.352154 0.317318 0.261907 0.242901 0.237129 0.00190071
threshold=9.5500000000000025 229.50000000000003 116.50000000000001 127.50000000000001 84.250000000000014 92.450000000000017 1.5200000000000002 1.5000000000000002 1.0000000180025095e-35 1.5000000000000002 167.50000000000003 234.50000000000003 266.00000000000006 74.500000000000014 34.500000000000007 44.500000000000007 69.500000000000014 92.500000000000014
decision_type=2 2 2 2 2 2 2 2 2 2 2 2 2 2 2 2 2 2
left_child=-1 2 4 -4 -2 6 -6 10 9 -9 16 14 -13 15 -12 -14 -5 -11
right_child=1 -3 3 7 5 -7 -8 8 -10 17 11 12 13 -15 -16 -17 -18 -19
leaf_value=0.049833604746708046 -0.047496738127005694 -0.031580483153561427 0.080553753416683263 -0.0053636279804709008 0.072586853540877239 -0.032235856947126149 -0.010400361554976281 0.0044509855748132978 -0.04129410009463666 0.1051780940332669 -0.063834758716897783 0.05878681306122429 -0.024347554419046583 -0.05106310791208532 -0.004571697770210454 0.065908075402845587 0.063397713168430334 0.11405673434617843
leaf_weight=0.82834327034652488 1.8566090222448171 2.8837217804975799 0.9433314292691638 0.967791121685876 1.4985817240085455 2.8389795403927565 1.4451341233216224 0.72924312483519249 0.67699150170665223 0.51025426620617509 1.698717500199564 1.0338555164635184 0.55919342441484354 1.0746456661727277 1.3292656154371796 0.63882339117117226 1.0409892034949733 0.45712058513890952
leaf_count=10 24 36 23 18 26 33 18 16 16 38 31 26 14 20 30 30 24 10
internal_value=8.79572e-05 -0.00176959 0.00268473 0.0118151 -0.0112513 0.000385716 0.0318466 0.0057645 0.0341654 0.0642756 -0.00231537 -0.0126487 0.010401 -0.0116102 -0.0378186 0.0237798 0.0302698 0.109374
internal_weight=23.0116 22.1832 19.2995 11.6602 7.6393 5.7827 2.94372 10.7169 2.37361 1.69662 8.34328 6.3345 3.30652 2.27266 3.02798 1.19802 2.00878 0.967375
internal_count=443 433 397 296 101 77 44 273 80 64 193 151 90 64 61 44 42 48
is_linear=0
shrinkage=0.1


Tree=89
num_leaves=18
num_cat=0
split_feature=21 17 2 27 25 21 25 25 26 21 24 24 10 24 7 11 24
split_gain=0.166562 0.271097 0.845005 0.469838 0.232028 0.749193 0.864585 0.401432 0.312437 0.30218 0.274311 0.483088 0.267579 0.263598 0.248714 0.135665 0.00214695
threshold=4.5000000000000009 1.0000000180025095e-35 1.5000000000000002 176.00000000000003 84.15000000000002 1.5000000000000002 89.950000000000017 91.15000000000002 47.500000000000007 1.5000000000000002 34.500000000000007 29.500000000000004 130.00000000000003 32.500000000000007 0.28750000000000003 94.15000000000002 31.500000000000004
decision_type=2 2 2 2 2 2 2 2 2 2 2 2 2 2 2 2 2
left_child=1 4 3 -3 9 7 16 8 -6 15 11 -8 -11 -9 -14 -1 -7
right_child=-2 2 -4 -5 5 6 10 13 -10 12 -12 -13 14 -15 -16 -17 -18
leaf_value=0.044556707879315247 0.039103638154461079 -0.077848353267356937 0.045661147059104443 -0.0081999397279385253 -0.010045905005880977 0.11404982793756911 0.049364903379619414 -0.015727127666848591 -0.085016228103952526 -0.066861748056856754 0.060479777015916308 -0.028969260208417332 0.03560698215838122 0.039100989248811918 -0.04542677125455441 -0.0083766746803855749 0.10583704666915823
leaf_weight=0.91713791899384034 1.0444872966036189 2.075535483192652 1.3827554341405628 1.8160022262018172 1.151736002764663 0.70557777653448261 1.3177144411019983 2.0385800023796041 1.0744774122722445 1.3495829999446871 1.0901650730520485 1.9557123265694825 0.74413846887182422 1.5387376188300548 0.77140810718992725 1.0256492453627286 0.57991919247433543
leaf_count=21 21 29 29 24 28 17 20 23 15 18 27 38 38 23 15 23 34
internal_value=0.000104787 -0.00178674 -0.0214872 -0.0453466 0.00460333 0.0123431 0.0382671 -0.012891 -0.0462302 -0.0138331 0.0170333 0.00256407 -0.0344772 0.00785649 -0.00563893 0.0166118 0.110345
internal_weight=22.5793 21.5348 5.27429 3.89154 16.2605 11.4526 5.64909 5.80353 2.22621 4.80792 4.36359 3.27343 2.86513 3.57732 1.51555 1.94279 1.2855
internal_count=443 422 82 53 340 225 136 89 43 115 85 58 71 46 53 44 51
is_linear=0
shrinkage=0.1


Tree=90
num_leaves=19
num_cat=0
split_feature=11 27 23 12 23 23 10 11 11 22 25 7 25 21 10 24 10 22
split_gain=0.177192 0.264617 0.207636 0.280345 0.515707 0.419819 0.31742 0.547723 0.549566 0.361409 0.310316 0.238888 0.224258 0.190734 0.452745 0.232404 0.168504 0.00260766
threshold=9.5500000000000025 229.50000000000003 83.500000000000014 1.0000000180025095e-35 68.500000000000014 77.500000000000014 169.50000000000003 49.550000000000004 104.90000000000002 2.27 84.15000000000002 1.1000000000000003 90.65000000000002 2.5000000000000004 95.000000000000014 33.500000000000007 76.000000000000014 3.1250000000000004
decision_type=2 2 2 2 2 2 2 2 2 2 2 2 2 2 2 2 2 2
left_child=-1 2 3 5 16 6 13 -8 9 -9 -6 -10 -4 14 -2 -16 -5 -18
right_child=1 -3 12 4 10 -7 7 8 11 -11 -12 -13 -14 -15 15 -17 17 -19
leaf_value=0.045996022743487103 0.024492239733080914 -0.030102023297850628 0.0039889665163762075 0.031401092174728147 -0.030814037558692411 0.050734260057568939 0.12093372796515003 0.010736029739794409 0.10861870966722975 -0.072511540846715974 0.043188304664582185 0.0051040610464359783 -0.04920232523371694 -0.048049770500217422 -0.0062783639193524964 -0.062938245397661005 0.10426608064529939 0.11545184399779729
leaf_weight=0.81019323132932441 2.2018913906067663 2.8343917364254585 1.7219213061034673 0.41490545077249341 1.2103780813049527 1.4390499736182381 0.44734960456844453 1.1936071706004447 0.55091489100595925 0.92614868935197581 1.065440827864222 0.37448688340373337 1.4686727211810646 1.7382269444642586 1.3963174917735162 1.5033282907679675 0.47007428656797856 0.3744065857026726
leaf_count=10 27 36 29 7 25 35 7 39 34 12 30 15 20 31 24 17 36 9
internal_value=9.389e-05 -0.00164952 0.00271038 0.0075476 0.0322429 0.000131031 -0.00691685 0.0176117 0.00243311 -0.0256359 0.00383069 0.0667289 -0.0204957 -0.0194415 -0.00969398 -0.0356538 0.0835861 0.109225
internal_weight=22.1417 21.3315 18.4971 15.3065 3.53521 11.7713 10.3323 3.49251 3.04516 2.11976 2.27582 0.925402 3.19059 6.83976 5.10154 2.89965 1.25939 0.844481
internal_count=443 433 397 348 107 241 206 107 100 51 55 49 49 99 68 41 52 45
is_linear=0
shrinkage=0.1


Tree=91
num_leaves=19
num_cat=0
split_feature=24 26 2 22 10 23 23 11 24 22 25 10 13 27 25 22 22 10
split_gain=0.179174 0.200823 0.353807 0.549189 0.431572 0.349578 0.593704 0.548756 0.445198 0.593643 0.549773 0.411756 0.38109 0.328539 0.308197 0.301481 0.201568 0.139598
threshold=24.500000000000004 60.500000000000007 1.5000000000000002 0.52500000000000013 83.500000000000014 74.500000000000014 77.500000000000014 54.100000000000009 26.500000000000004 0.14500000000000005 82.050000000000011 191.50000000000003 1.0000000180025095e-35 117.50000000000001 90.800000000000026 2.5850000000000004 2.5650000000000004 213.50000000000003
decision_type=2 2 2 2 2 2 2 2 2 2 2 2 2 2 2 2 2 2
left_child=-1 2 5 14 -5 8 -7 -8 -2 -10 16 12 -12 -6 -4 -13 -11 -9
right_child=1 -3 3 4 13 6 7 17 9 10 11 15 -14 -15 -16 -17 -18 -19
leaf_value=-0.041224354319475555 0.070026852801917006 -0.027055238779385368 0.021465254990460633 0.0050942714334996642 0.041287156213458041 -0.070896247728138947 -0.052881056506178463 0.057808660458141675 0.10553092817463756 0.078940190799408824 -0.059903483463207376 -0.02021600780456486 -0.0022929794539913342 0.12362588476169041 -0.066583935885411102 0.076609079321097062 0.0072064792131047665 0.0044647571501411232
leaf_weight=1.0005626631900693 1.0577069623395861 2.1211018478497854 0.88231397554045432 1.1394656975753608 0.96480487158987649 1.7449899725615967 1.1563794633839282 1.0901023300830273 0.50881698861485158 0.86169763072393812 2.5485976804047823 0.62052226241212316 2.0896788609679788 0.973613899666816 0.72353500756435096 0.66749794990755618 0.71821263385936618 0.89201002230402071
leaf_count=13 15 31 33 18 30 24 18 23 32 34 31 25 39 17 13 15 9 23
internal_value=0.000108461 0.00210046 0.00541819 0.0292002 0.053934 -0.0025631 -0.0241352 0.00186376 0.00904828 0.00100121 -0.00608446 -0.020058 -0.0339483 0.0826436 -0.0182064 0.0299622 0.0463307 0.0338023
internal_weight=21.7616 20.761 18.6399 4.68373 3.07788 13.9562 4.88348 3.13849 9.07273 8.01502 7.50621 5.9263 4.63828 1.93842 1.60585 1.28802 1.57991 1.98211
internal_count=443 430 399 111 65 288 88 64 200 185 153 110 70 47 46 40 43 46
is_linear=0
shrinkage=0.1


Tree=92
num_leaves=19
num_cat=0
split_feature=27 24 27 22 22 14 11 22 22 7 26 1 22 27 27 0 24 1
split_gain=0.168513 0.176111 0.494635 0.261948 0.409492 0.406271 0.612537 0.542282 0.511634 0.535602 0.519484 0.302491 0.253425 0.361908 0.325194 0.227314 0.239126 0.10018
threshold=36.500000000000007 34.500000000000007 66.500000000000014 16.435000000000006 4.0250000000000012 1.0000000180025095e-35 87.850000000000009 0.52500000000000013 1.0200000000000002 1.0000000180025095e-35 56.500000000000007 1.0000000180025095e-35 2.1850000000000005 44.500000000000007 61.500000000000007 1.5000000000000002 35.500000000000007 1.5000000000000002
decision_type=2 2 2 2 2 2 2 2 2 2 2 2 2 2 2 2 2 2
left_child=-1 3 12 4 5 8 7 -7 9 10 -2 -9 13 -3 -15 16 -4 -18
right_child=1 2 15 -5 -6 6 -8 11 -10 -11 -12 -13 -14 14 -16 -17 17 -19
leaf_value=0.034918140098354179 0.074479216943332205 -0.049612036780735363 0.10742836572820608 -0.054073891932002439 0.030672134005606436 -0.06489221645212441 0.067079710385417421 0.041916707257507874 -0.072243275560505124 -0.071607069421253125 -0.040969191326697775 -0.021242099004592133 -0.063896225992453773 0.089212557437801099 -0.02203363837397896 0.0028164753409993062 0.05753031463628603 0.0047291875730274728
leaf_weight=1.3062430335558044 0.97589151072316072 0.79417311819270198 0.66284417116548944 1.1487957462668408 2.6628555338829747 1.3779433635063467 1.2241904787370002 1.5370806036517026 2.0754773423541337 0.79950644203927357 0.64893723255954683 1.4966793302446602 0.87150067393667985 0.58928281947737537 0.47423351020552218 1.1768514299765227 0.84520064177922882 0.62508141971193254
leaf_count=29 37 13 17 15 31 23 32 26 30 16 16 22 15 30 14 28 30 19
internal_value=0.000119848 -0.00215444 0.0121109 -0.00833129 -0.00422545 -0.0133937 0.0044957 -0.0128706 -0.0357998 -0.00460048 0.0283705 0.0107579 -0.0194064 0.00146515 0.0396067 0.038098 0.057563 0.0350822
internal_weight=21.2928 19.9865 6.03917 13.9474 12.7986 10.1357 5.63589 4.4117 4.49981 2.42434 1.62483 3.03376 2.72919 1.85769 1.06352 3.30998 2.13313 1.47028
internal_count=443 414 166 248 233 202 103 71 99 69 53 48 72 57 44 94 66 49
is_linear=0
shrinkage=0.1


Tree=93
num_leaves=19
num_cat=0
split_feature=25 3 25 27 24 11 25 22 10 23 25 10 24 27 11 10 22 13
split_gain=0.165127 0.462795 0.171209 0.294763 0.250676 0.563161 0.308543 0.542455 0.5166 0.300443 0.276616 0.248733 0.392394 0.275753 0.388008 0.244243 0.199784 0.175175
threshold=95.200000000000003 2.5000000000000004 94.40000000000002 36.500000000000007 34.500000000000007 61.550000000000004 92.450000000000017 4.6800000000000006 63.500000000000007 71.500000000000014 77.800000000000011 234.50000000000003 37.500000000000007 44.500000000000007 83.300000000000011 213.50000000000003 1.2200000000000002 1.0000000180025095e-35
decision_type=2 2 2 2 2 2 2 2 2 2 2 2 2 2 2 2 2 2
left_child=2 -2 3 -1 6 -6 7 8 -5 10 -10 13 -13 -7 -15 16 -11 -12
right_child=1 -3 -4 4 5 11 -8 -9 9 15 17 12 -14 14 -16 -17 -18 -19
leaf_value=0.051421948176895327 -0.055701946318988005 0.020531450474854655 0.0391972791846395 -0.086620469944880249 0.075216525786795579 -0.069416527782839452 -0.056363423723788657 0.050561645303118866 -0.029708036715127669 0.023983376859517517 0.0078561824788991978 0.10437227611293101 -0.02659957666839213 -0.04125534826624741 0.047941528994210954 -0.057075013922810294 -0.030908909023897348 0.069072187102883001
leaf_weight=1.088739999919208 1.7377176601439708 1.4699851302430031 1.2747855549678195 0.89871802181005289 1.2172044229228038 0.76567508559674102 1.319538835203274 1.4898528214544056 0.78469751996453885 1.2414847437758001 0.86430472659412738 0.47792484960518766 0.43875921983271837 1.0202625659294424 0.93427049292949949 1.3872695016907526 1.423039326444268 1.0180830244207755
leaf_count=26 27 19 17 12 31 9 25 19 20 26 26 32 16 25 35 27 20 31
internal_value=0.000104233 -0.0207667 0.00389846 0.0011496 -0.00243219 0.0163395 -0.011171 -0.0046233 -0.0154164 -0.00589213 0.0201717 -0.00336555 0.0416843 -0.0185469 0.00138093 -0.0230486 -0.00533288 0.0409647
internal_weight=20.8523 3.2077 17.6446 16.3698 15.2811 4.8541 10.427 9.10745 7.6176 6.71888 2.66709 3.63689 0.916684 2.72021 1.95453 4.05179 2.66452 1.88239
internal_count=443 46 397 380 354 148 206 181 162 150 77 117 48 69 60 73 46 57
is_linear=0
shrinkage=0.1


Tree=94
num_leaves=17
num_cat=0
split_feature=26 2 25 15 23 17 11 11 21 23 27 25 26 25 26 24
split_gain=0.148478 0.201288 0.57482 0.513607 0.396943 0.396888 0.382335 0.524397 0.361244 0.359168 0.339813 0.263094 0.338899 0.310312 0.271042 0.211074
threshold=60.500000000000007 1.5000000000000002 96.050000000000011 1.0000000180025095e-35 67.500000000000014 1.0000000180025095e-35 114.15000000000002 147.85000000000002 2.5000000000000004 72.500000000000014 176.00000000000003 93.450000000000017 56.500000000000007 90.800000000000026 36.000000000000007 32.500000000000007
decision_type=2 2 2 2 2 2 2 2 2 2 2 2 2 2 2 2
left_child=1 5 3 4 -3 6 8 -8 11 10 -7 12 13 14 -1 -10
right_child=-2 2 -4 -5 -6 9 7 -9 15 -11 -12 -13 -14 -15 -16 -17
leaf_value=-0.02418819507941115 -0.024579444782787525 0.010366234940376353 -0.049157665768562488 -0.01295886672821165 0.093391829568306273 -0.041464121693512761 0.11408567396001756 -0.012200699890667872 0.060368305872434337 -0.070923796567720201 0.029248067506971138 0.025851046085426467 -0.078251915376727432 -0.04811549319926671 0.048367502411655799 0.00088357147272600405
leaf_weight=0.98997170547955349 2.1796342348679891 0.88778571877628509 0.94589798059314478 1.3090008348808626 1.6388489499222485 1.4441692973487072 0.7374275434995059 0.59340450167655945 1.2716820624773393 1.3713619802147148 1.28366543573793 1.2878502812236545 0.95460860710591067 1.3504280070774255 1.0728138440754262 1.1235466056969015
leaf_count=26 33 30 15 38 33 23 33 15 33 22 19 20 14 17 38 34
internal_value=8.97865e-05 0.00303407 0.0206622 0.0378803 0.0642191 -0.00321841 0.00812339 0.0577759 -8.42715e-05 -0.0291761 -0.00818835 -0.0138693 -0.0255809 -0.0108498 0.0135466 0.0324654
internal_weight=20.4421 18.2625 4.78153 3.83564 2.52663 13.4809 9.38173 1.33083 8.0509 4.0992 2.72783 5.65567 4.36782 3.41321 2.06279 2.39523
internal_count=443 410 116 101 63 294 230 48 182 64 42 115 95 81 64 67
is_linear=0
shrinkage=0.1


Tree=95
num_leaves=17
num_cat=0
split_feature=27 27 27 11 0 23 22 22 18 25 26 24 10 27 21 26
split_gain=0.162898 0.249135 0.21144 0.299548 0.282311 0.505068 0.491521 0.370587 0.40572 0.365653 0.258722 0.406937 0.360808 0.508529 0.0973349 0.00128495
threshold=229.50000000000003 356.00000000000006 121.50000000000001 32.650000000000006 1.5000000000000002 75.500000000000014 5.6750000000000016 0.14500000000000005 1.0000000180025095e-35 90.800000000000026 43.000000000000007 33.500000000000007 214.50000000000003 47.500000000000007 1.5000000000000002 56.500000000000007
decision_type=2 2 2 2 2 2 2 2 2 2 2 2 2 2 2 2
left_child=2 -2 4 -4 6 9 7 -1 10 15 11 -9 13 -12 -13 -6
right_child=1 -3 3 -5 5 -7 -8 8 -10 -11 12 14 -14 -15 -16 -17
leaf_value=0.058626674538391425 -0.0510436841802007 0.0059921329707437335 -0.004211683818876817 0.052551758110937902 0.10539897876872467 -0.024861959141554257 -0.068026990047308306 -0.069642520965244314 0.051163690583081171 0.016832420520481624 -0.029177447424826437 -0.024068806574312568 -0.04692062723526047 0.059687976089826345 0.024295447830214895 0.11341500396229576
leaf_weight=0.91909082466737047 1.4586323630064719 1.6124385795556007 1.8070137882605188 1.9147821391234172 0.44930331507930465 1.1817980040796099 1.2684651273302723 1.7818817670922711 1.0046288000885395 0.92044264421565458 1.1262739449739463 0.86900623235851504 1.0843386229826135 1.5036695963935924 0.7984617801848799 0.36035459348931909
leaf_count=37 21 22 27 33 38 27 17 36 26 22 15 20 34 36 25 7
internal_value=9.73706e-05 -0.0210975 0.00392862 0.0249919 -0.00197994 0.0255288 -0.00971497 -0.00157544 -0.00834937 0.0599497 -0.0166955 -0.0364161 0.00161844 0.0216313 -0.000909736 0.108967
internal_weight=20.0606 3.07107 16.9895 3.7218 13.2677 2.9119 10.3558 9.08735 8.16826 1.7301 7.16363 3.44935 3.71428 2.62994 1.66747 0.809658
internal_count=443 43 400 60 340 94 246 229 192 67 166 81 85 51 45 45
is_linear=0
shrinkage=0.1


Tree=96
num_leaves=18
num_cat=0
split_feature=1 10 27 22 24 22 25 25 24 22 1 11 22 24 24 3 22
split_gain=0.162342 0.239109 0.373986 0.300857 0.338498 0.625587 0.45993 0.565157 0.307707 0.359459 0.295956 0.245366 0.226538 0.166612 0.0743788 0.0399365 0.000517633
threshold=2.5000000000000004 234.50000000000003 63.500000000000007 10.250000000000002 30.500000000000004 2.3200000000000003 93.350000000000009 91.65000000000002 38.500000000000007 2.5850000000000004 1.5000000000000002 89.950000000000003 0.76500000000000012 33.500000000000007 31.500000000000004 1.7500000000000002 1.0600000000000003
decision_type=2 2 2 2 2 2 2 2 2 2 2 2 2 2 2 2 2
left_child=1 3 14 4 5 11 7 8 9 12 15 -1 13 -6 -3 -4 -16
right_child=-2 2 10 -5 6 -7 -8 -9 -10 -11 -12 -13 -14 -15 16 -17 -18
leaf_value=-0.038557028516836733 0.042031977780197585 0.038313902480227209 0.025756164768765296 -0.0519234291995503 0.0088138191461563289 0.063664770808997753 -0.04983634301537402 0.068694309589452246 0.041330467068313614 -0.062742905472254584 -0.02736059678386038 0.01989632436378707 0.029763317648902044 -0.043944893815235059 0.10231929497390682 0.067537123389166759 0.10860163097930285
leaf_weight=1.4813619381748204 0.88169192743953217 0.24021398994955179 0.45279888866934936 1.3493477310985316 1.0168551900424052 1.9054152700118718 2.5408657719381154 1.0180061254650352 0.9277580814086831 1.4874104252085087 1.3004181575961411 1.3937803356675429 1.2668324643746016 1.4551566875888964 0.25907845312030986 0.46241291455226019 0.26561691146343946
leaf_count=26 16 15 15 20 25 27 39 18 33 17 22 31 35 34 35 26 9
internal_value=9.30822e-05 -0.00187135 0.0241134 -0.00675992 -0.00255517 0.0192283 -0.0132767 -0.000324559 -0.0117418 -0.0211631 0.00330027 -0.0102206 -0.00462153 -0.0222427 0.0844004 0.0468661 0.1055
internal_weight=19.705 18.8233 2.98054 15.8428 14.4934 4.78056 9.71288 7.17202 6.15401 5.22625 2.21563 2.87514 3.73884 2.47201 0.764909 0.915212 0.524695
internal_count=443 427 122 305 285 84 201 162 144 111 63 57 94 59 59 41 44
is_linear=0
shrinkage=0.1


Tree=97
num_leaves=18
num_cat=0
split_feature=27 27 23 0 23 22 25 18 23 22 24 10 10 3 27 24 26
split_gain=0.142866 0.205827 0.305294 0.239756 0.426458 0.40272 0.346851 0.213803 0.296959 0.280497 0.258505 0.496171 0.306104 0.232435 0.198484 0.11684 0.000723986
threshold=229.50000000000003 121.50000000000001 71.500000000000014 1.5000000000000002 75.500000000000014 5.6750000000000016 90.800000000000026 1.0000000180025095e-35 49.500000000000007 0.16500000000000004 33.500000000000007 156.50000000000003 93.500000000000014 1.1000000000000003 356.00000000000006 30.500000000000004 56.500000000000007
decision_type=2 2 2 2 2 2 2 2 2 2 2 2 2 2 2 2 2
left_child=1 3 -3 5 6 7 16 8 -1 -10 11 15 -12 -14 -2 -11 -5
right_child=14 2 -4 4 -6 -7 -8 -9 9 10 12 -13 13 -15 -16 -17 -18
leaf_value=-0.0561318148582787 -0.04748928110979643 -0.0020262523249639582 0.056124499421821628 0.10506273071944106 -0.022708858662639358 -0.063787089609579128 0.01529720953986371 0.040572021894035568 0.051585575803175347 0.030674168275828945 -0.039854647415214092 -0.066686623067742617 0.0083550700270796172 0.092558673868100169 0.0042644005532231806 -0.014501063130994092 0.11141400368652928
leaf_weight=1.0907839203719101 1.3988349437713616 1.9611650723381893 1.6730180783197282 0.41028412949526616 1.1632572580128906 1.2017385130748142 0.91070989548461512 1.0373263596557079 0.91479632642585773 1.0728462259285159 0.55421533877961326 1.5460732169449327 0.68306163139641263 0.63034601270919666 1.5758740135934202 1.2276450851932166 0.31903952360153198
leaf_count=25 21 34 26 38 27 17 22 29 34 21 10 35 22 33 22 20 7
internal_value=8.98664e-05 0.00374781 0.0247438 -0.00223107 0.023603 -0.00950305 0.0564515 -0.00205364 -0.00778136 0.000174591 -0.0080559 -0.0228765 0.0224686 0.0487671 -0.0200724 0.00656664 0.107841
internal_weight=19.371 16.3963 3.63418 12.7621 2.80329 9.95883 1.64003 8.75709 7.71977 6.62898 5.71419 3.84656 1.86762 1.31341 2.97471 2.30049 0.729324
internal_count=443 400 60 340 94 246 67 229 200 175 141 76 65 55 43 41 45
is_linear=0
shrinkage=0.1


Tree=98
num_leaves=17
num_cat=0
split_feature=1 10 27 27 27 3 1 11 10 27 23 23 25 11 25 26
split_gain=0.148521 0.21964 0.602103 0.564548 0.494232 0.396675 0.296975 0.480428 0.287397 0.278816 0.199957 0.451874 0.333803 0.299462 0.317315 0.000194341
threshold=2.5000000000000004 172.50000000000003 159.00000000000003 171.00000000000003 62.500000000000007 2.5000000000000004 1.5000000000000002 81.600000000000009 123.50000000000001 119.50000000000001 48.500000000000007 64.500000000000014 94.15000000000002 84.450000000000017 85.65000000000002 43.000000000000007
decision_type=2 2 2 2 2 2 2 2 2 2 2 2 2 2 2 2
left_child=1 3 4 9 5 15 7 -6 -5 10 -1 -12 13 -13 -15 -3
right_child=-2 2 -4 8 6 -7 -8 -9 -10 -11 11 12 -14 14 -16 -17
leaf_value=-0.039046689482682154 0.040553149223720109 0.10322972155651876 0.095862205488235055 -0.020649578242113834 -0.023505938638168786 -0.0027438354725306188 -0.047338470068845825 0.088878005855068096 -0.080233514327295447 0.042737433465696778 0.059387996271165047 -0.021458135453205067 -0.055058170296576184 -0.013094317354940675 0.071884639781930146 0.10655583556620898
leaf_weight=1.3481085025705448 0.86602254142053325 0.3429071464925062 0.78287030814681191 2.0586052308790381 1.2623243918642399 0.66639195231255144 1.7621044486295432 0.54444101126864564 1.3341393945738671 1.525018543936312 1.1710368850035591 2.0085203996859495 1.2219486264511941 0.77935011265799392 1.0073834222275762 0.36018523329403251
leaf_count=19 16 33 19 32 36 34 36 31 17 23 32 35 18 17 27 18
internal_value=9.35475e-05 -0.00183428 0.0143848 -0.00928507 0.0014683 0.0525377 -0.0181286 0.0103592 -0.04408 0.00374278 -0.00414799 0.0034547 -0.00960037 0.00503556 0.0348179 0.104934
internal_weight=19.0414 18.1753 5.72122 12.4541 4.93835 1.36948 3.56887 1.80677 3.39274 9.06137 7.53635 6.18824 5.0172 3.79525 1.78673 0.703092
internal_count=443 427 207 220 188 85 103 67 49 171 148 129 97 79 44 51
is_linear=0
shrinkage=0.1


Tree=99
num_leaves=18
num_cat=0
split_feature=26 2 7 10 10 17 11 11 21 23 27 25 26 27 22 21 24
split_gain=0.142338 0.193698 0.500958 0.444183 0.513253 0.321561 0.330883 0.409861 0.339822 0.285667 0.335609 0.266002 0.284545 0.260347 0.226671 0.219618 0.159769
threshold=60.500000000000007 1.5000000000000002 0.45000000000000007 87.500000000000014 167.50000000000003 1.0000000180025095e-35 114.15000000000002 147.85000000000002 2.5000000000000004 72.500000000000014 176.00000000000003 93.450000000000017 56.500000000000007 97.500000000000014 0.47500000000000003 1.5000000000000002 32.500000000000007
decision_type=2 2 2 2 2 2 2 2 2 2 2 2 2 2 2 2 2
left_child=1 5 3 -3 -5 6 8 -8 11 10 -7 12 13 15 -6 -1 -10
right_child=-2 2 -4 4 14 9 7 -9 16 -11 -12 -13 -14 -15 -16 -17 -18
leaf_value=0.034362424341983243 -0.025156174576193725 -0.06517435700674104 0.069850003429867177 0.095054817671911762 -0.051947963910748629 -0.043150365938328494 0.11154948786492845 -0.0075101528818160169 0.058088654114650168 -0.06735394147502409 0.029306653856024684 0.027691706004376357 -0.076365039625483092 -0.05198839349569126 0.027513280111916973 -0.033507354513035985 0.0041222282046162722
leaf_weight=1.2652745189843759 1.9915766371414054 0.81416618591174428 1.4265548687253611 0.65742432861588929 0.70743088453309588 1.3394507353659717 0.63129257396212757 0.53347902081441134 1.1601230563246647 1.2204609196633098 1.2228664358262902 1.1654594982974229 0.8925356501713394 1.079612575471401 0.72885929548647255 0.76506652589887369 1.0407044889871029
leaf_count=37 33 16 30 24 22 23 33 15 33 22 19 20 14 17 24 27 34
internal_value=0.000109339 0.00313131 0.0213124 -0.00249931 0.0218726 -0.00326708 0.00749092 0.0570188 -0.000337875 -0.027536 -0.00857024 -0.0143519 -0.0265943 -0.0123104 -0.0116246 0.00878795 0.0325696
internal_weight=18.6423 16.6508 4.33444 2.90788 2.09371 12.3163 8.53355 1.16477 7.36878 3.78278 2.56232 5.16795 4.00249 3.10995 1.43629 2.03034 2.20083
internal_count=443 410 116 86 70 294 230 48 182 64 42 115 95 81 46 64 67
is_linear=0
shrinkage=0.1


end of trees

feature_importances:
Column_10=221
Column_25=209
Column_27=188
Column_22=177
Column_11=173
Column_23=157
Column_24=115
Column_26=104
Column_21=57
Column_7=52
Column_1=49
Column_3=49
Column_12=33
Column_0=26
Column_2=19
Column_13=19
Column_17=18
Column_14=10
Column_15=9
Column_16=7
Column_18=4
Column_19=1

parameters:
[boosting: gbdt]
[objective: binary]
[metric: binary_logloss]
[tree_learner: serial]
[device_type: cpu]
[data_sample_strategy: bagging]
[data: ]
[valid: ]
[num_iterations: 100]
[learning_rate: 0.1]
[num_leaves: 31]
[num_threads: 1]
[seed: 42]
[deterministic: 0]
[force_col_wise: 0]
[force_row_wise: 0]
[histogram_pool_size: -1]
[max_depth: -1]
[min_data_in_leaf: 20]
[min_sum_hessian_in_leaf: 0.001]
[bagging_fraction: 1]
[pos_bagging_fraction: 1]
[neg_bagging_fraction: 1]
[bagging_freq: 0]
[bagging_seed: 400]
[bagging_by_query: 0]
[feature_fraction: 1]
[feature_fraction_bynode: 1]
[feature_fraction_seed: 30056]
[extra_trees: 0]
[extra_seed: 12879]
[early_stopping_round: 0]
[early_stopping_min_delta: 0]
[first_metric_only: 0]
[max_delta_step: 0]
[lambda_l1: 0]
[lambda_l2: 0]
[linear_lambda: 0]
[min_gain_to_split: 0]
[drop_rate: 0.1]
[max_drop: 50]
[skip_drop: 0.5]
[xgboost_dart_mode: 0]
[uniform_drop: 0]
[drop_seed: 17869]
[top_rate: 0.2]
[other_rate: 0.1]
[min_data_per_group: 100]
[max_cat_threshold: 32]
[cat_l2: 10]
[cat_smooth: 10]
[max_cat_to_onehot: 4]
[top_k: 20]
[monotone_constraints: ]
[monotone_constraints_method: basic]
[monotone_penalty: 0]
[feature_contri: ]
[forcedsplits_filename: ]
[refit_decay_rate: 0.9]
[cegb_tradeoff: 1]
[cegb_penalty_split: 0]
[cegb_penalty_feature_lazy: ]
[cegb_penalty_feature_coupled: ]
[path_smooth: 0]
[interaction_constraints: ]
[verbosity: -1]
[saved_feature_importance_type: 0]
[use_quantized_grad: 0]
[num_grad_quant_bins: 4]
[quant_train_renew_leaf: 0]
[stochastic_rounding: 1]
[linear_tree: 0]
[max_bin: 255]
[max_bin_by_feature: ]
[min_data_in_bin: 3]
[bin_construct_sample_cnt: 200000]
[data_random_seed: 175]
[is_enable_sparse: 1]
[enable_bundle: 1]
[use_missing: 1]
[zero_as_missing: 0]
[feature_pre_filter: 1]
[pre_partition: 0]
[two_round: 0]
[header: 0]
[label_column: ]
[weight_column: ]
[group_column: ]
[ignore_column: ]
[categorical_feature: ]
[forcedbins_filename: ]
[precise_float_parser: 0]
[parser_config_file: ]
[objective_seed: 16083]
[num_class: 1]
[is_unbalance: 0]
[scale_pos_weight: 1]
[sigmoid: 1]
[boost_from_average: 1]
[reg_sqrt: 0]
[alpha: 0.9]
[fair_c: 1]
[poisson_max_delta_step: 0.7]
[tweedie_variance_power: 1.5]
[lambdarank_truncation_level: 30]
[lambdarank_norm: 1]
[label_gain: ]
[lambdarank_position_bias_regularization: 0]
[eval_at: ]
[multi_error_top_k: 1]
[auc_mu_weights: ]
[num_machines: 1]
[local_listen_port: 12400]
[time_out: 120]
[machine_list_filename: ]
[machines: ]
[gpu_platform_id: -1]
[gpu_device_id: -1]
[gpu_use_dp: 0]
[num_gpu: 1]

end of parameters

pandas_categorical:null
