tree
version=v4
num_class=1
num_tree_per_iteration=1
label_index=0
max_feature_idx=14
objective=regression
feature_names=Column_0 Column_1 Column_2 Column_3 Column_4 Column_5 Column_6 Column_7 Column_8 Column_9 Column_10 Column_11 Column_12 Column_13 Column_14
feature_infos=[0:4] [0:6] [0:4] [0:15] none none [0:0.20000000000000001] [0:4] none [0:1.2] [0.20000000000000001:822] [0.050000000000000003:11.4] [4.4000000000000004:285] [1:5] [2:1518]
tree_sizes=1474 1468 1556 1557 1542 1543 1550 1550 1557 1715 1637 1631 1562 1471 1637 1551 1640 1634 1479 1643 1562 1715 1636 1555 1478 1477 1563 1559 1532 1641 1557 1645 1553 1560 1718 1642 1556 1650 1478 1549 1729 1556 1731 1552 1639 1482 1643 1546 1567 1635 1563 1550 1632 1646 1647 1642 1560 1643 1660 1480 1728 1560 1730 1559 1560 1568 1643 1649 1646 1569 1644 1647 1564 1563 1657 1571 1647 1649 1489 1570 1559 1487 1654 1653 1565 1654 1646 1640 1662 1640 1569 1649 1563 1581 1656 1491 1561 1574 1647 1647

Tree=0
num_leaves=17
num_cat=0
split_feature=11 14 14 2 11 1 13 10 14 7 11 3 10 10 10 14
split_gain=462.513 393.536 320.34 281.466 391.7 338.656 340.817 313.973 179.74 121.314 120.61 83.6005 67.9503 57.5681 76.0315 30.2108
threshold=1.6050000000000002 101.50000000000001 51.500000000000007 1.0000000180025095e-35 0.34500000000000003 1.5000000000000002 3.5000000000000004 224.50000000000003 21.500000000000004 0.45000000000000007 0.36500000000000005 2.5000000000000004 241.50000000000003 226.50000000000003 145.00000000000003 21.500000000000004
decision_type=2 2 2 2 2 2 2 2 2 2 2 2 2 2 2 2
left_child=1 2 3 4 -1 6 -6 -8 -2 13 -5 -4 15 14 -7 -12
right_child=8 -3 11 10 5 9 7 -9 -10 -11 12 -13 -14 -15 -16 -17
leaf_value=11.296398062298666 12.101228983498828 11.920673427363782 11.444631759724402 11.679006763139251 11.529006760283195 11.465370399897994 12.199006759772297 11.735006765528404 11.732852917568078 11.775558487401359 11.424952708162264 11.184006760879242 11.574461307905182 11.393292477691057 11.73138771933419 11.279006758339566
leaf_weight=23 27 36 32 24 20 22 35 25 26 29 37 20 22 21 21 23
leaf_count=23 27 36 32 24 20 22 35 25 26 29 37 20 22 21 21 23
internal_value=11.6433 11.6057 11.5736 11.6131 11.6841 11.7357 11.8865 12.0057 11.9205 11.6059 11.4818 11.3444 11.4241 11.529 11.5953 11.369
internal_weight=443 390 354 302 196 173 80 60 53 93 106 52 82 64 43 60
internal_count=443 390 354 302 196 173 80 60 53 93 106 52 82 64 43 60
is_linear=0
shrinkage=1


Tree=1
num_leaves=16
num_cat=0
split_feature=11 14 11 14 11 11 10 2 14 12 12 10 14 12 3
split_gain=415.731 552.363 239.829 179.612 154.879 198.371 248.903 140.903 219.342 124.989 117.014 105.398 82.843 120.934 69.855
threshold=0.84500000000000008 79.000000000000014 1.6050000000000002 21.500000000000004 0.68500000000000016 0.53500000000000014 146.50000000000003 1.5000000000000002 40.500000000000007 77.700000000000003 83.300000000000011 156.50000000000003 16.500000000000004 86.350000000000009 1.1000000000000003
decision_type=2 2 2 2 2 2 2 2 2 2 2 2 2 2 2
left_child=4 2 7 -4 5 11 -7 8 9 -2 -6 12 -1 -14 -13
right_child=1 -3 3 -5 10 6 -8 -9 -10 -11 -12 14 13 -15 -16
leaf_value=-0.052444444947382984 0.25744034478793271 0.59128705788226366 0.41209931660581517 0.016714706569910049 -0.065702994282429039 0.40150447249412535 -0.060389125240700586 -0.19454574208049213 -0.21541329431533815 -0.00077018918175446359 -0.34577066957950597 0.13865435667659926 -0.41663753762841227 -0.10534691352110644 -0.10282808256149292
leaf_weight=34 37 21 27 20 26 20 28 34 25 38 35 23 24 26 25
leaf_count=34 37 21 27 20 26 20 28 34 25 38 35 23 24 26 25
internal_value=2.00476e-09 0.105813 0.0494868 0.243851 -0.0886894 -0.0420216 0.132067 -0.0186855 0.0411069 0.126614 -0.226398 -0.105326 -0.172874 -0.254766 0.0128823
internal_weight=443 202 181 47 241 180 48 134 100 75 61 132 84 50 48
internal_count=443 202 181 47 241 180 48 134 100 75 61 132 84 50 48
is_linear=0
shrinkage=0.1


Tree=2
num_leaves=17
num_cat=0
split_feature=11 14 14 12 12 14 12 10 11 0 11 14 11 11 11 3
split_gain=336.742 454.644 299.992 189.141 175.326 357.191 516.035 167.102 134.394 109.122 375.803 601.818 90.2409 168.982 62.6943 85.6775
threshold=0.84500000000000008 70.000000000000014 41.500000000000007 105.35000000000001 93.350000000000009 12.500000000000002 77.700000000000003 151.50000000000003 0.76500000000000012 1.0000000180025095e-35 0.34500000000000003 27.500000000000004 0.6150000000000001 0.51500000000000012 0.31500000000000006 0.40000000000000008
decision_type=2 2 2 2 2 2 2 2 2 2 2 2 2 2 2 2
left_child=8 2 3 4 5 -2 7 -7 9 12 -11 -12 13 14 -1 -16
right_child=1 -3 -4 -5 -6 6 -8 -9 -10 10 11 -13 -14 -15 15 -17
leaf_value=-0.018732074824058347 -0.17477448339517598 0.47717307850166607 -0.28440621078014372 -0.12587704290635884 0.41805497504770756 0.63732992589473725 -0.17865309970719476 0.24595213135083518 -0.27418195129402223 -0.27706671181050213 0.61166221719412572 -0.14541080792744954 -0.23628192076252566 0.18074212260544301 -0.031481782495975497 -0.29868567526340484
leaf_weight=36 33 27 25 32 20 20 21 24 31 22 21 21 36 24 20 30
leaf_count=36 33 27 25 32 20 20 21 24 31 22 21 21 36 24 20 30
internal_value=2.80059e-09 0.0952313 0.0363032 0.0897547 0.148231 0.0931651 0.229196 0.423851 -0.0798204 -0.051129 0.0577471 0.233126 -0.0988555 -0.0538795 -0.119355 -0.191804
internal_weight=443 202 175 150 118 98 65 44 241 210 64 42 146 110 86 50
internal_count=443 202 175 150 118 98 65 44 241 210 64 42 146 110 86 50
is_linear=0
shrinkage=0.1


Tree=3
num_leaves=17
num_cat=0
split_feature=11 14 11 14 11 11 2 14 12 12 13 12 0 0 7 11
split_gain=272.761 372.611 196.236 146.127 122.881 371.822 113.531 149.264 108.868 113.766 97.1191 163.47 95.0939 88.1511 142.101 83.0181
threshold=0.84500000000000008 79.000000000000014 1.6050000000000002 21.500000000000004 0.58500000000000008 0.51500000000000012 1.5000000000000002 41.500000000000007 30.100000000000005 104.30000000000003 2.5000000000000004 77.700000000000003 1.5000000000000002 1.0000000180025095e-35 0.45000000000000007 0.36500000000000005
decision_type=2 2 2 2 2 2 2 2 2 2 2 2 2 2 2 2
left_child=4 2 6 -4 5 8 7 10 -1 12 -2 -12 15 14 -6 -10
right_child=1 -3 3 -5 13 -7 -8 -9 9 -11 11 -13 -14 -15 -16 -17
leaf_value=-0.29090870178881145 -0.087500640678973438 0.48444106124696279 0.36701746111114825 0.010388130098581314 -0.34627673560037064 0.35427648606507678 -0.18007692500729772 -0.19859360547905619 0.083575540656844777 -0.20178687649388471 0.36264437033484381 0.019644921295570605 0.19514969550073147 -0.0097007717799257355 -0.047837598566655759 -0.1743409771185655
leaf_weight=21 21 21 27 20 39 23 34 22 24 31 24 33 23 27 27 26
leaf_count=21 21 21 27 20 39 23 34 22 24 31 24 33 23 27 27 26
internal_value=1.25045e-09 0.0857082 0.0394464 0.21526 -0.0718384 -0.0152346 -0.0222197 0.0314517 -0.0832247 -0.0412885 0.0963363 0.164066 0.0268684 -0.161918 -0.224188 -0.050541
internal_weight=443 202 181 47 241 148 134 100 125 104 78 57 73 93 66 50
internal_count=443 202 181 47 241 148 134 100 125 104 78 57 73 93 66 50
is_linear=0
shrinkage=0.1


Tree=4
num_leaves=17
num_cat=0
split_feature=14 11 14 11 2 11 1 13 12 12 11 7 1 10 10 14
split_gain=225.75 295.13 285.128 208.829 159.466 259.178 243.454 230.172 214.002 98.3514 98.0176 75.0168 64.6074 49.7492 40.8824 22.698
threshold=101.50000000000001 0.74500000000000011 51.500000000000007 1.6150000000000004 1.0000000180025095e-35 0.34500000000000003 1.5000000000000002 3.5000000000000004 77.700000000000003 81.600000000000009 0.36500000000000005 0.45000000000000007 1.5000000000000002 241.50000000000003 178.50000000000003 21.500000000000004
decision_type=2 2 2 2 2 2 2 2 2 2 2 2 2 2 2 2
left_child=2 -2 3 4 5 -1 7 -7 -9 -5 -6 14 -4 15 -8 -12
right_child=1 -3 12 9 10 6 11 8 -10 -11 13 -13 -14 -15 -16 -17
leaf_value=-0.28029791285162386 -0.0321704143488949 0.49859795421361924 -0.1210820891239025 0.38142701402306556 0.061057680224378907 -0.08110861366703398 -0.016418336286689296 0.52701577013731005 0.1439435936510563 0.071572761592410869 -0.16738383776030027 0.097760065669814752 -0.33604037885008187 -0.04007939547300339 -0.17634482729819514 -0.2938878766220549
leaf_weight=23 22 20 27 20 24 21 33 25 35 21 37 30 29 22 31 23
leaf_count=23 22 20 27 20 24 21 33 25 35 21 37 30 29 22 31 23
internal_value=-6.99648e-10 0.220576 -0.0231028 0.0108701 -0.0177019 0.0352909 0.0767683 0.203829 0.303557 0.222721 -0.116689 -0.0327201 -0.2324 -0.168712 -0.0938827 -0.215877
internal_weight=443 42 401 345 304 198 175 81 60 41 106 94 56 82 64 60
internal_count=443 42 401 345 304 198 175 81 60 41 106 94 56 82 64 60
is_linear=0
shrinkage=0.1


Tree=5
num_leaves=17
num_cat=0
split_feature=1 13 11 14 11 14 2 12 12 10 14 0 11 14 12 11
split_gain=193.707 308.72 406.046 528.975 295.59 200.173 211.314 134.233 139.111 100.811 88.2034 85.671 62.9935 48.2142 32.2834 26.8408
threshold=1.5000000000000002 3.5000000000000004 0.84500000000000008 34.500000000000007 1.4650000000000001 27.500000000000004 1.0000000180025095e-35 118.95000000000002 104.30000000000003 178.50000000000003 42.500000000000007 1.5000000000000002 1.0150000000000003 27.500000000000004 93.65000000000002 0.84500000000000008
decision_type=2 2 2 2 2 2 2 2 2 2 2 2 2 2 2 2
left_child=1 11 5 4 -4 6 -3 8 9 12 -11 15 13 -2 -7 -1
right_child=7 2 3 -5 -6 14 -8 -9 -10 10 -12 -13 -14 -15 -16 -17
leaf_value=-0.11401404426211403 -0.031189283210298291 0.30495693164487042 -0.057616095907158327 0.65944050814096755 0.4218664185330272 -0.21296138148153984 -0.046859812854151979 0.15546009153127671 -0.35883676154272903 -0.084277817692075457 -0.34753176819533116 -0.24548382437787952 -0.13970577645869484 0.17588126920163633 -0.054568601196462466 0.040792174451053147
leaf_weight=21 23 31 36 26 20 31 38 20 21 35 20 32 21 22 22 24
leaf_count=21 23 31 36 26 20 31 38 20 21 35 20 32 21 22 22 24
internal_value=2.04344e-09 0.0502082 0.114604 0.28669 0.113628 -0.00106 0.111203 -0.0870896 -0.121252 -0.0800177 -0.180007 -0.1204 0.00330626 0.0700452 -0.147213 -0.0314507
internal_weight=443 281 204 82 56 122 69 162 142 121 55 77 66 45 53 45
internal_count=443 281 204 82 56 122 69 162 142 121 55 77 66 45 53 45
is_linear=0
shrinkage=0.1


Tree=6
num_leaves=17
num_cat=0
split_feature=14 14 11 11 2 11 12 7 12 1 10 12 11 14 10 14
split_gain=185.718 223.799 219.875 147.968 125.505 214.112 175.037 280.567 137.66 119.738 89.9394 84.7938 84.3907 64.2804 35.742 19.3635
threshold=101.50000000000001 51.500000000000007 0.74500000000000011 1.6150000000000004 1.0000000180025095e-35 0.34500000000000003 55.650000000000006 0.45000000000000007 84.450000000000017 1.5000000000000002 244.50000000000003 81.600000000000009 0.36500000000000005 62.500000000000007 241.50000000000003 21.500000000000004
decision_type=2 2 2 2 2 2 2 2 2 2 2 2 2 2 2 2
left_child=1 3 -2 4 5 -1 9 8 -8 -7 -10 -5 -6 -3 15 -14
right_child=2 13 -4 11 12 6 7 -9 10 -11 -12 -13 14 -15 -16 -17
leaf_value=-0.254736839142709 -0.018089969456195832 -0.34469629554521469 0.44003714889287954 0.3348333832621575 0.062205561002095545 0.42123809635639192 -0.24320817681796411 0.24263333662136183 0.10055461859232502 0.095781232760502752 -0.16143392205238344 0.047127052644888562 -0.14618265520076495 -0.12339214224900519 -0.041964472085237507 -0.26302560775176337
leaf_weight=23 22 21 20 20 24 20 34 37 38 26 20 21 37 35 22 23
leaf_count=23 22 21 20 20 24 20 34 37 38 26 20 21 37 35 22 23
internal_value=-1.62493e-09 -0.0209545 0.200066 0.00914372 -0.0149071 0.0321055 0.0698047 0.0100834 -0.0834422 0.237284 0.0102137 0.187472 -0.102723 -0.206381 -0.150995 -0.190972
internal_weight=443 401 42 345 304 198 175 129 92 46 58 41 106 56 82 60
internal_count=443 401 42 345 304 198 175 129 92 46 58 41 106 56 82 60
is_linear=0
shrinkage=0.1


Tree=7
num_leaves=17
num_cat=0
split_feature=1 13 11 10 10 14 2 12 12 11 3 14 0 12 14 11
split_gain=163.155 246.187 315.274 443.752 288.235 159.603 161.399 97.2442 118.058 90.4706 83.9445 101.633 75.5774 27.3724 26.2485 20.7366
threshold=1.5000000000000002 3.5000000000000004 0.84500000000000008 146.50000000000003 288.50000000000006 27.500000000000004 1.0000000180025095e-35 118.95000000000002 104.30000000000003 1.0150000000000003 2.5000000000000004 27.500000000000004 1.5000000000000002 93.65000000000002 26.500000000000004 0.84500000000000008
decision_type=2 2 2 2 2 2 2 2 2 2 2 2 2 2 2 2
left_child=1 12 5 -4 -5 6 -3 8 9 10 11 -2 15 -7 -11 -1
right_child=7 2 3 4 -6 13 -8 -9 -10 14 -12 -13 -14 -15 -16 -17
leaf_value=-0.095298928731963758 -0.23435134745162467 0.27123930007219316 0.65169805969510763 -0.044534733050908798 0.40814880511977458 -0.18938072516072182 -0.036230133856205569 0.12651749774813653 -0.32787365686325803 -0.10253089856017719 0.13776079900907698 0.056923744522035129 -0.22375838542357088 -0.043532091243700555 -0.25375255368029082 0.040770277411987382
leaf_weight=21 23 31 21 39 22 31 38 20 21 22 27 25 32 22 24 24
leaf_count=21 23 31 21 39 22 31 38 20 21 22 27 25 32 22 24 24
internal_value=5.09389e-10 0.0460789 0.103585 0.25522 0.118728 0.00166528 0.101908 -0.0799271 -0.109004 -0.0710181 -0.00329928 -0.0826456 -0.106273 -0.12884 -0.181429 -0.0227287
internal_weight=443 281 204 82 61 122 69 162 142 121 75 48 77 53 46 45
internal_count=443 281 204 82 61 122 69 162 142 121 75 48 77 53 46 45
is_linear=0
shrinkage=0.1


Tree=8
num_leaves=17
num_cat=0
split_feature=14 11 14 11 2 11 11 13 11 12 10 1 12 11 14 10
split_gain=155.939 171.4 168.952 115.263 110.257 188.49 253.056 83.1716 79.3175 76.8805 68.3114 154.221 56.7855 55.7787 50.9714 26.4372
threshold=101.50000000000001 0.74500000000000011 51.500000000000007 1.6150000000000004 1.0000000180025095e-35 0.40500000000000008 0.56500000000000006 3.5000000000000004 0.6150000000000001 81.600000000000009 258.50000000000006 1.5000000000000002 87.850000000000009 0.91000000000000014 62.500000000000007 186.50000000000003
decision_type=2 2 2 2 2 2 2 2 2 2 2 2 2 2 2 2
left_child=2 -2 3 4 5 -1 -7 15 12 -5 11 -9 -6 -10 -4 -8
right_child=1 -3 14 9 8 6 7 10 13 -11 -12 -13 -14 -15 -16 -17
leaf_value=-0.17374018591803475 -0.009286395121704448 0.3951992662250996 -0.30347904052053182 0.30465852975845342 -0.10416876704742511 0.36223793803499293 -0.17958978354930877 0.30156845306528024 -0.27540262722011127 0.030705888001691731 -0.057501179325793475 -0.0064264879838840383 0.11825482736934315 -0.082136537157930442 -0.10641218943255289 -0.018941942283085416
leaf_weight=37 22 20 21 20 24 26 20 29 28 21 28 37 22 32 35 21
leaf_count=37 22 20 21 20 24 26 20 29 28 21 28 37 22 32 35 21
internal_value=1.23952e-09 0.183326 -0.0192012 0.00695015 -0.0142769 0.0297873 0.0765608 0.0215414 -0.0965857 0.164341 0.0733795 0.128905 0.00220773 -0.172327 -0.180312 -0.0973067
internal_weight=443 42 401 345 304 198 161 135 106 41 94 66 46 60 56 41
internal_count=443 42 401 345 304 198 161 135 106 41 94 66 46 60 56 41
is_linear=0
shrinkage=0.1


Tree=9
num_leaves=19
num_cat=0
split_feature=1 13 14 11 2 14 11 11 12 12 11 3 14 0 12 3 14 11
split_gain=133.397 180.482 280.042 298.97 177.28 197.173 100.685 79.0625 72.2593 94.9516 80.079 66.1609 86.1889 63.2187 49.4031 37.033 20.0253 14.4421
threshold=1.5000000000000002 3.5000000000000004 101.50000000000001 1.3950000000000002 1.0000000180025095e-35 16.500000000000004 0.36500000000000005 0.6150000000000001 118.95000000000002 104.30000000000003 1.0150000000000003 2.5000000000000004 27.500000000000004 1.5000000000000002 77.050000000000011 1.7500000000000002 26.500000000000004 0.84500000000000008
decision_type=2 2 2 2 2 2 2 2 2 2 2 2 2 2 2 2 2 2
left_child=1 13 3 4 5 -3 -6 -7 9 10 11 12 -2 17 -8 -16 -12 -1
right_child=8 2 -4 -5 6 7 14 -9 -10 -11 16 -13 -14 -15 15 -17 -18 -19
leaf_value=-0.072934756898099473 -0.20970543221287105 0.31627179859206084 0.4367721708047958 0.35844615786163897 0.093816469680695305 -0.16678561389446259 -0.046783959746360786 0.11439497590065002 0.10568691309541466 -0.29362234423557915 -0.09823289093646137 0.12567145191133022 0.058527673944830896 -0.19623204935342076 -0.13239097377019268 -0.32252588897943496 -0.23031743041550123 0.04062007512742033
leaf_weight=21 23 29 21 27 21 20 25 20 20 21 22 27 25 32 21 20 24 24
leaf_count=21 23 29 21 27 21 20 25 20 20 21 22 27 25 32 21 20 24 24
internal_value=-1.28682e-09 0.0416654 0.0909027 0.0512128 -0.00196226 0.11774 -0.0968986 -0.0261953 -0.0722715 -0.097336 -0.0632698 0.000441281 -0.0700007 -0.0887815 -0.157581 -0.22514 -0.167147 -0.0123722
internal_weight=443 281 204 183 156 69 87 40 162 142 121 75 48 77 66 41 46 45
internal_count=443 281 204 183 156 69 87 40 162 142 121 75 48 77 66 41 46 45
is_linear=0
shrinkage=0.1


Tree=10
num_leaves=18
num_cat=0
split_feature=12 10 12 10 12 10 2 1 12 14 14 12 11 11 14 10 10
split_gain=118.956 209.126 157.108 201.351 154.889 130.678 145.712 143.417 241.326 112.878 159.348 105.309 72.8306 61.3134 50.8922 24.698 23.7081
threshold=129.45000000000002 214.50000000000003 103.95000000000002 45.500000000000007 98.90000000000002 184.50000000000003 1.0000000180025095e-35 1.5000000000000002 61.550000000000004 48.500000000000007 17.500000000000004 115.00000000000001 0.82500000000000007 1.0150000000000003 22.500000000000004 178.50000000000003 247.50000000000003
decision_type=2 2 2 2 2 2 2 2 2 2 2 2 2 2 2 2 2
left_child=2 -2 3 -1 5 6 7 8 -5 10 16 15 -12 -9 -8 -4 -7
right_child=1 -3 11 4 -6 9 14 13 -10 -11 12 -13 -14 -15 -16 -17 -18
leaf_value=0.28671640840172768 -0.064170827753841878 0.39313194036483767 -0.3173347993330522 0.4411466571092606 0.24076371926652348 -0.11792983369901777 -0.027759559242986145 0.06772694350094409 -0.0076900531416353975 -0.27939188670455323 -0.074341396632648646 -0.0023401656458454747 0.17018923183967327 -0.149592763800174 -0.23110642559826375 -0.17064740499481559 -0.26836404763162136
leaf_weight=25 20 20 22 25 23 20 32 37 23 29 21 31 29 20 20 24 22
leaf_count=25 20 20 22 25 23 20 32 37 23 29 21 31 29 20 20 24 22
internal_value=-1.03407e-10 0.164481 -0.0163256 0.0140191 -0.00863018 -0.0292635 0.0309261 0.0987223 0.226079 -0.107361 -0.0531336 -0.144798 0.0674864 -0.00852559 -0.10597 -0.240802 -0.196729
internal_weight=443 40 403 326 301 278 157 105 48 121 92 77 50 57 52 46 42
internal_count=443 40 403 326 301 278 157 105 48 121 92 77 50 57 52 46 42
is_linear=0
shrinkage=0.1


Tree=11
num_leaves=18
num_cat=0
split_feature=11 14 14 11 11 10 10 12 12 12 12 14 12 10 14 12 3
split_gain=110.084 232.978 129.227 96.9093 129.527 181.417 110.192 87.7901 158.17 82.4911 172.169 256.686 305.47 134.001 74.0064 67.8017 49.7607
threshold=0.84500000000000008 70.000000000000014 40.500000000000007 0.68500000000000016 0.53500000000000014 146.50000000000003 156.50000000000003 86.350000000000009 106.65000000000002 105.35000000000001 93.350000000000009 12.500000000000002 76.40000000000002 151.50000000000003 17.500000000000004 83.300000000000011 1.1000000000000003
decision_type=2 2 2 2 2 2 2 2 2 2 2 2 2 2 2 2 2
left_child=3 2 9 4 6 -6 7 14 -9 10 11 -2 13 -13 -1 -5 -8
right_child=1 -3 -4 15 5 -7 16 8 -10 -11 -12 12 -14 -15 -16 -17 -18
leaf_value=-0.088083363892510536 -0.19304412495006215 0.32786218645396059 -0.18463075629302436 -0.032246169161338073 0.36197858445346354 -0.032356419946466174 0.16714176318567733 0.16743050689498584 -0.22551180452108383 -0.095138320615214697 0.35540817171335221 0.4907161378860474 -0.17164014361798763 0.13679278674332992 -0.35110415006461354 -0.24543499886989595 -0.036670386567711835
leaf_weight=20 33 27 28 26 20 28 23 21 20 31 20 20 20 23 23 35 25
leaf_count=20 33 27 28 26 20 28 23 21 20 31 20 20 20 23 23 35 25
internal_value=1.12053e-09 0.0544495 0.0122658 -0.0456381 -0.00872314 0.13195 -0.0598769 -0.128944 -0.0242487 0.0497699 0.0884954 0.0328885 0.151234 0.301408 -0.228769 -0.154568 0.0609896
internal_weight=443 202 175 241 180 48 132 84 41 147 116 96 63 43 43 61 48
internal_count=443 202 175 241 180 48 132 84 41 147 116 96 63 43 43 61 48
is_linear=0
shrinkage=0.1


Tree=12
num_leaves=17
num_cat=0
split_feature=1 13 14 11 12 2 14 12 14 11 14 10 0 10 12 11
split_gain=110.268 141.082 229.252 230.24 127.355 176.888 299.389 87.0078 60.9927 77.4475 76.6909 171.239 60.0846 54.6867 28.4429 10.9848
threshold=1.5000000000000002 3.5000000000000004 101.50000000000001 1.3950000000000002 30.100000000000005 1.0000000180025095e-35 16.500000000000004 103.00000000000001 47.500000000000007 0.78500000000000014 17.500000000000004 156.50000000000003 1.5000000000000002 168.50000000000003 75.750000000000014 0.84500000000000008
decision_type=2 2 2 2 2 2 2 2 2 2 2 2 2 2 2 2
left_child=1 12 3 4 -3 6 -6 14 10 -10 13 -12 15 -2 -7 -1
right_child=8 2 -4 -5 5 7 -8 -9 9 -11 11 -13 -14 -15 -16 -17
leaf_value=-0.055778437675464726 -0.024732694606627189 -0.21843537474456043 0.39435128910200939 0.3151191916730669 0.46964823277223683 -0.062850005569912146 -0.0054619798695461621 -0.19595407677193485 -0.035707835406064987 -0.28720098044723275 -0.15222170948982239 0.19458546072244645 -0.18220451306551697 -0.2282459872896257 0.095015101552009595 0.043255985776583357
leaf_weight=21 31 23 21 27 21 21 36 30 25 24 24 35 32 23 25 24
leaf_count=21 31 23 21 27 21 21 36 30 25 24 24 35 32 23 25 24
internal_value=-3.40153e-10 0.0378816 0.0814141 0.0455032 -0.00116107 0.0364127 0.169579 -0.0634618 -0.0657082 -0.158888 -0.0253027 0.0535114 -0.0774513 -0.111414 0.0229462 -0.00296008
internal_weight=443 281 204 183 156 133 57 76 162 49 113 59 77 54 46 45
internal_count=443 281 204 183 156 133 57 76 162 49 113 59 77 54 46 45
is_linear=0
shrinkage=0.1


Tree=13
num_leaves=16
num_cat=0
split_feature=12 10 12 7 12 3 14 7 12 0 10 11 14 11 1
split_gain=101.8 163.25 127.143 448.21 318.251 156.15 141.024 81.8124 190.216 157.657 205.354 74.9563 85.252 46.9488 33.6368
threshold=129.45000000000002 214.50000000000003 61.550000000000004 0.90000000000000013 36.900000000000013 0.40000000000000008 79.000000000000014 0.45000000000000007 93.350000000000009 1.0000000180025095e-35 318.50000000000006 0.6150000000000001 16.500000000000004 0.84500000000000008 1.0000000180025095e-35
decision_type=2 2 2 2 2 2 2 2 2 2 2 2 2 2 2
left_child=2 -2 3 4 5 -1 7 9 -9 10 11 -4 -13 -11 -14
right_child=1 -3 6 -5 -6 -7 -8 8 -10 13 -12 12 14 -15 -16
leaf_value=-0.16409622889757158 -0.049863292342051863 0.35417913496494297 0.044491601433302913 -0.25000992171904624 0.39357041953465877 0.15941957184994543 -0.26734410066689768 0.24006306860828774 -0.095019612875249654 -0.12209200333981288 0.25986202346241993 0.03513465356968698 -0.3055118100345135 -0.3288989523830621 -0.13440817020557547
leaf_weight=25 20 20 37 34 39 37 28 32 36 21 23 21 20 23 27
leaf_count=25 20 20 37 34 39 37 28 32 36 21 23 21 20 23 27
internal_value=8.38821e-10 0.152158 -0.0151025 0.0640372 0.169756 0.0289697 -0.0549677 -0.0301905 0.0626664 -0.0669013 -0.0107689 -0.0700499 -0.132374 -0.230196 -0.207218
internal_weight=443 40 403 135 101 62 268 240 68 172 128 105 68 44 47
internal_count=443 40 403 135 101 62 268 240 68 172 128 105 68 44 47
is_linear=0
shrinkage=0.1


Tree=14
num_leaves=18
num_cat=0
split_feature=9 12 10 14 12 12 13 12 11 10 3 14 11 14 12 10 14
split_gain=104.316 98.3041 132.233 107.407 116.736 143.685 132.39 119.97 181.057 349.321 137.829 104.539 100.092 116.645 75.3557 20.826 2.71318
threshold=1.0000000180025095e-35 129.45000000000002 214.50000000000003 49.500000000000007 102.55000000000001 86.350000000000009 3.5000000000000004 80.550000000000011 0.34500000000000003 95.000000000000014 2.5000000000000004 27.500000000000004 0.85500000000000009 109.00000000000001 112.15000000000002 163.50000000000003 20.500000000000004
decision_type=2 2 2 2 2 2 2 2 2 2 2 2 2 2 2 2 2
left_child=1 3 -3 4 5 7 -7 8 -1 -10 11 15 13 -5 -6 -11 -8
right_child=-2 2 -4 12 14 6 16 -9 9 10 -12 -13 -14 -15 -16 -17 -18
leaf_value=-0.22885321500897407 0.19433702740531703 -0.044876968674361709 0.31876122272573415 -0.16894211694598199 -0.23644460593660674 -0.041562311706088845 0.29230289629527501 -0.23297660608183254 0.4277725391767242 -0.10301869091662495 0.14738987010593216 0.097491727359592925 -0.28229758281792916 0.12832425993401558 -0.010384176732522661 -0.23521699974170099 0.24083854004740718
leaf_weight=25 26 20 20 33 30 21 21 22 22 22 36 20 28 22 29 26 20
leaf_count=25 26 20 20 33 30 21 21 22 22 22 36 20 28 22 29 26 20
internal_value=-1.39068e-10 -0.0121169 0.136942 -0.0279322 0.000428029 0.0320014 0.162618 -0.0148093 0.0169767 0.0657525 -0.0108287 -0.0945915 -0.128389 -0.0500356 -0.12533 -0.174626 0.267198
internal_weight=443 417 40 377 294 235 62 173 151 126 104 68 83 55 59 48 41
internal_count=443 417 40 377 294 235 62 173 151 126 104 68 83 55 59 48 41
is_linear=0
shrinkage=0.1


Tree=15
num_leaves=17
num_cat=0
split_feature=1 11 10 10 14 7 10 14 11 2 12 7 10 12 11 11
split_gain=92.363 124.01 356.46 188.936 135.083 83.8428 81.4239 72.8025 72.222 331.316 65.9424 47.1 63.0118 63.1105 59.4798 46.2864
threshold=1.5000000000000002 0.84500000000000008 124.50000000000001 288.50000000000006 24.500000000000004 0.90000000000000013 220.50000000000003 22.500000000000004 0.40500000000000008 1.0000000180025095e-35 93.65000000000002 0.45000000000000007 117.50000000000001 62.900000000000006 0.77500000000000013 0.80500000000000016
decision_type=2 2 2 2 2 2 2 2 2 2 2 2 2 2 2 2
left_child=1 4 -3 6 8 10 7 -4 -1 -10 -6 12 -2 -14 -13 -15
right_child=11 2 3 -5 5 -7 -8 -9 9 -11 -12 14 13 15 -16 -17
leaf_value=-0.038246599718546256 -0.23811000299453738 0.44662179148197173 -0.12284164503216743 0.21176683185356004 -0.14749377846717834 -0.28798894340341746 -0.21798747277259825 0.14697777308523655 0.45104549154639245 -0.095016800999641424 0.086924670971930032 0.12085616102925055 0.092706724398192913 -0.22011642707511783 -0.085395775683994951 -0.039466682791307169
leaf_weight=39 25 25 20 35 30 22 25 20 20 25 20 27 21 23 29 37
leaf_count=39 25 25 20 35 30 22 25 20 20 25 20 27 21 23 29 37
internal_value=6.22073e-10 0.0346698 0.108883 0.0244487 -0.0247962 -0.125307 -0.0764148 0.0120681 0.0613556 0.147678 -0.0537264 -0.0601371 -0.0993288 -0.0564951 0.0140471 -0.108716
internal_weight=443 281 125 100 156 72 65 40 84 45 50 162 106 81 56 60
internal_count=443 281 125 100 156 72 65 40 84 45 50 162 106 81 56 60
is_linear=0
shrinkage=0.1


Tree=16
num_leaves=18
num_cat=0
split_feature=9 11 11 11 14 14 11 11 10 3 11 14 10 10 3 12 14
split_gain=83.3009 93.6383 107.286 192.08 240.804 112.461 110.236 193.373 107.745 96.526 103.973 90.0346 54.8434 87.2387 80.0586 44.6422 37.1989
threshold=1.0000000180025095e-35 1.6050000000000002 1.0150000000000003 0.84500000000000008 20.500000000000004 41.500000000000007 0.58500000000000008 0.50500000000000012 156.50000000000003 1.0000000180025095e-35 1.2550000000000001 21.500000000000004 117.50000000000001 244.50000000000003 2.5000000000000004 86.350000000000009 39.500000000000007
decision_type=2 2 2 2 2 2 2 2 2 2 2 2 2 2 2 2 2
left_child=1 2 3 6 -5 9 7 8 15 -4 -11 -3 -8 14 -14 -1 -10
right_child=-2 11 5 4 -6 -7 12 -9 16 10 -12 -13 13 -15 -16 -17 -18
leaf_value=-0.18642488319326092 0.17366185887501792 0.25174479615688322 -0.23744650468939829 -0.044140409964781545 0.38224402535016888 -0.32723853829361144 -0.27041240125894545 0.27587530905536067 0.18624905823242099 0.1840093400107608 -0.12375107520948286 -0.016634938731789589 -0.12988683743321378 -0.23242109391093255 0.13694345219568774 -0.030008489266037941 -0.0043111647665500649
leaf_weight=37 26 25 21 26 27 21 20 24 21 21 23 25 23 25 22 36 20
leaf_count=37 26 25 21 26 27 21 20 24 21 21 23 25 23 25 22 36 20
internal_value=-7.51575e-10 -0.0108278 -0.0283187 0.00159256 0.173074 -0.126052 -0.0382694 0.017884 -0.03643 -0.0610532 0.0231346 0.117555 -0.124371 -0.0826453 0.000563526 -0.109288 0.0932929
internal_weight=443 417 367 281 53 86 228 138 114 65 44 50 90 70 45 73 41
internal_count=443 417 367 281 53 86 228 138 114 65 44 50 90 70 45 73 41
is_linear=0
shrinkage=0.1


Tree=17
num_leaves=18
num_cat=0
split_feature=14 11 11 11 10 14 14 10 14 14 14 12 12 11 10 14 12
split_gain=76.8421 129.39 73.7695 67.3854 59.8714 73.1706 85.3589 69.8165 51.5264 68.5684 39.7738 126.196 72.8641 48.5343 45.8984 67.824 9.74155
threshold=101.50000000000001 0.74500000000000011 1.6050000000000002 2.0650000000000004 258.50000000000006 33.500000000000007 15.500000000000002 225.50000000000003 8.5000000000000018 6.5000000000000009 34.500000000000007 78.800000000000011 108.00000000000001 0.36500000000000005 151.50000000000003 17.500000000000004 74.850000000000009
decision_type=2 2 2 2 2 2 2 2 2 2 2 2 2 2 2 2 2
left_child=2 -2 4 -4 7 6 -6 8 9 -1 13 -12 -13 -10 15 -15 -16
right_child=1 -3 3 -5 5 -7 -8 -9 10 -11 11 12 -14 14 16 -17 -18
leaf_value=-0.05457906140522524 -0.038661054555665368 0.31277643114328391 0.23746547007134985 -0.0033783342904196339 -0.15414279932156205 -0.22952903948724268 0.12558141529560091 0.13618305002649625 0.028716592037028844 0.19236182855523154 0.18444618467000073 -0.1860686246691079 0.062039385810494424 -0.077551982484080573 -0.081782201528549203 -0.29591474580764771 0.016917068064212799
leaf_weight=22 22 20 21 26 24 30 20 30 31 23 27 29 20 33 20 25 20
leaf_count=22 22 20 21 26 24 30 20 30 31 23 27 29 20 33 20 25 20
internal_value=-1.11948e-10 0.12869 -0.0134788 0.104233 -0.0291071 -0.109104 -0.0269954 -0.00796519 -0.025263 0.0716352 -0.0465333 0.0108532 -0.0848 -0.0803424 -0.114841 -0.171674 -0.0324326
internal_weight=443 42 401 47 354 74 44 280 250 45 205 76 49 129 98 58 40
internal_count=443 42 401 47 354 74 44 280 250 45 205 76 49 129 98 58 40
is_linear=0
shrinkage=0.1


Tree=18
num_leaves=16
num_cat=0
split_feature=1 14 11 12 12 11 11 12 12 11 7 11 10 12 12
split_gain=76.312 122.216 141.155 64.9702 146.036 65.3787 74.8432 54.3706 125.389 81.8945 39.7 51.2307 44.3531 45.757 37.4368
threshold=1.5000000000000002 70.000000000000014 1.8150000000000002 30.100000000000005 49.550000000000004 1.2050000000000003 0.88500000000000012 87.850000000000009 101.30000000000003 0.53500000000000014 0.45000000000000007 0.77500000000000013 117.50000000000001 62.900000000000006 97.500000000000014
decision_type=2 2 2 2 2 2 2 2 2 2 2 2 2 2 2
left_child=1 2 3 -1 -5 6 7 -6 -9 -10 12 -12 -2 -14 -15
right_child=10 -3 -4 4 5 -7 -8 8 9 -11 11 -13 13 14 -16
leaf_value=-0.15228843727419455 -0.20707855224609376 0.19828500573180224 0.25323990424651477 0.24010907903961512 -0.13594871094593636 -0.16805775734995093 0.12843206875464494 0.19567853600407642 -0.21832828209128069 0.058354788646101954 0.11257128097392895 -0.078844696386107083 0.072335920403046275 -0.18950153494683597 -0.030097591767416283
leaf_weight=31 25 38 21 23 39 28 34 24 23 20 27 29 21 26 34
leaf_count=31 25 38 21 23 39 28 34 24 23 20 27 29 21 26 34
internal_value=-2.07708e-10 0.0315137 0.00543419 -0.0180069 0.0037875 -0.0285661 -0.000667709 -0.0420771 0.0125646 -0.0896385 -0.0546626 0.0134451 -0.090644 -0.0547075 -0.0991726
internal_weight=443 281 243 222 191 168 140 106 67 43 162 56 106 81 60
internal_count=443 281 243 222 191 168 140 106 67 43 162 56 106 81 60
is_linear=0
shrinkage=0.1


Tree=19
num_leaves=18
num_cat=0
split_feature=13 14 14 12 12 7 12 12 14 12 12 14 14 14 11 14 11
split_gain=67.3278 154.031 89.1798 71.5541 425.814 106.82 125.242 225.798 108.771 106.427 73.4201 56.2124 51.2232 70.1568 30.2051 18.5978 16.888
threshold=3.5000000000000004 101.50000000000001 51.500000000000007 35.550000000000004 55.650000000000006 1.0000000180025095e-35 89.15000000000002 102.55000000000001 18.500000000000004 15.900000000000002 116.05000000000003 19.500000000000004 49.500000000000007 27.500000000000004 1.0600000000000003 70.000000000000014 0.71500000000000008
decision_type=2 2 2 2 2 2 2 2 2 2 2 2 2 2 2 2 2
left_child=12 2 3 9 -5 6 11 -8 -7 -2 -9 -6 13 14 16 -4 -1
right_child=1 -3 15 4 5 8 7 10 -10 -11 -12 -13 -14 -15 -16 -17 -18
leaf_value=-0.074417242136868567 0.085786735063249422 0.2248954123872168 -0.20030102715605783 0.47616909089542575 -0.066650267758152706 -0.045457934750163041 0.25915254798752291 -0.24234501013443588 0.24359019796053569 -0.20378505495066446 0.0050077722274831371 -0.28794844634830952 -0.19509064921488364 0.10830641525009504 0.0025805581808090211 -0.06873495907268741 -0.19978964953195483
leaf_weight=22 22 34 21 21 22 23 27 21 30 30 28 24 24 26 25 22 21
leaf_count=22 22 34 21 21 22 23 27 21 30 30 28 24 24 26 25 22 21
internal_value=6.18079e-11 0.0234906 -4.11931e-05 0.0230101 0.0506773 -0.000381737 -0.0518769 0.0269486 0.118154 -0.0812739 -0.101001 -0.18211 -0.0646988 -0.0314072 -0.0848272 -0.132988 -0.135646
internal_weight=443 325 291 248 196 175 122 76 53 52 49 46 118 94 68 43 43
internal_count=443 325 291 248 196 175 122 76 53 52 49 46 118 94 68 43 43
is_linear=0
shrinkage=0.1


Tree=20
num_leaves=17
num_cat=0
split_feature=12 10 10 9 14 11 10 2 11 10 12 11 12 11 3 14
split_gain=65.5998 85.8021 116.725 108.372 61.3905 105.676 75.015 52.0437 122.19 175.124 356.891 89.2153 97.5305 81.8761 66.5008 22.6029
threshold=147.85000000000002 393.00000000000006 339.00000000000006 1.0000000180025095e-35 49.500000000000007 0.85500000000000009 123.50000000000001 1.0000000180025095e-35 0.34500000000000003 119.00000000000001 65.40000000000002 1.2850000000000004 90.250000000000014 0.54500000000000015 2.5000000000000004 15.500000000000002
decision_type=2 2 2 2 2 2 2 2 2 2 2 2 2 2 2 2
left_child=1 2 3 4 7 6 -6 8 -1 10 -10 12 14 -9 -11 -15
right_child=-2 -3 -4 -5 5 -7 -8 13 9 11 -12 -13 -14 15 -16 -17
leaf_value=-0.1960240362655549 0.17250268523182188 -0.21074214614927769 0.23099403258945261 0.2042658104137941 -0.1617545640894345 -0.24976598083972934 0.081481156512745664 0.052198098523494531 0.54078979283571249 -0.11895879705037389 -0.049458826155889604 -0.16513439904038724 0.18531470447564971 -0.20928552318364382 0.099932991292165679 -0.083286104244845255
leaf_weight=21 21 20 21 22 21 30 32 39 20 35 21 26 32 24 23 35
leaf_count=21 21 20 21 22 21 30 32 39 20 35 21 26 32 24 23 35
internal_value=3.88562e-10 -0.00858426 0.00147335 -0.0111774 -0.02438 -0.0997883 -0.0148953 -0.00170293 0.0305176 0.0608193 0.238467 -0.00197003 0.0451663 -0.0602259 -0.0321569 -0.13454
internal_weight=443 422 402 381 359 83 53 276 178 157 41 116 90 98 58 59
internal_count=443 422 402 381 359 83 53 276 178 157 41 116 90 98 58 59
is_linear=0
shrinkage=0.1


Tree=21
num_leaves=19
num_cat=0
split_feature=11 14 11 11 12 14 3 12 12 14 12 10 10 12 12 14 7 10
split_gain=66.8669 226.155 74.5197 171.144 69.2135 68.7687 62.3248 60.349 123.149 182.094 241.537 90.5082 47.0448 70.3908 72.045 58.6837 31.7753 8.9364
threshold=0.84500000000000008 70.000000000000014 0.58500000000000008 0.51500000000000012 30.100000000000005 40.500000000000007 2.5000000000000004 105.35000000000001 93.350000000000009 12.500000000000002 76.40000000000002 156.50000000000003 156.50000000000003 101.65000000000002 78.15000000000002 42.500000000000007 0.90000000000000013 153.50000000000003
decision_type=2 2 2 2 2 2 2 2 2 2 2 2 2 2 2 2 2 2
left_child=2 5 3 4 -1 7 17 8 9 -2 11 -11 13 14 -6 -14 -8 -4
right_child=1 -3 6 -5 12 -7 16 -9 -10 10 -12 -13 15 -15 -16 -17 -18 -19
leaf_value=-0.20321189268503251 -0.17596680598728587 0.31181548751062821 -0.14044206790626049 0.25920320516047268 -0.11248954117298127 -0.14275876822482264 -0.10449353504180908 -0.095710123979276238 0.287096059396863 0.39603736372221088 -0.17309938266873359 0.10579735934734345 0.19594628590913046 -0.19783399220171347 0.15592243768274786 -0.043399654608219866 0.058372830579300296 -0.23012351647019386
leaf_weight=21 33 27 20 23 20 28 25 31 20 21 20 22 21 23 20 20 23 25
leaf_count=21 33 27 20 23 20 28 25 31 20 21 20 22 21 23 20 20 23 25
internal_value=1.67294e-09 0.0424362 -0.0355689 0.00851067 -0.0376168 0.000874835 -0.105717 0.0282336 0.0613565 0.0143274 0.114005 0.247542 -0.00417928 -0.0584369 0.0217164 0.0791922 -0.0264534 -0.190265
internal_weight=443 202 241 148 125 175 93 147 116 96 63 43 104 63 40 41 48 45
internal_count=443 202 241 148 125 175 93 147 116 96 63 43 104 63 40 41 48 45
is_linear=0
shrinkage=0.1


Tree=22
num_leaves=18
num_cat=0
split_feature=1 7 12 12 12 14 14 14 10 14 12 12 10 12 11 14 2
split_gain=69.8123 102.012 219.231 315.772 157.457 200.682 102.225 129.907 43.537 36.1139 32.5667 32.635 42.506 41.5047 34.9042 41.386 16.852
threshold=1.5000000000000002 0.90000000000000013 56.400000000000013 36.900000000000013 115.00000000000001 12.500000000000002 38.500000000000007 17.500000000000004 246.50000000000003 46.500000000000007 118.95000000000002 104.30000000000003 178.50000000000003 81.600000000000009 1.0150000000000003 27.500000000000004 1.0000000180025095e-35
decision_type=2 2 2 2 2 2 2 2 2 2 2 2 2 2 2 2 2
left_child=1 2 3 -1 5 -4 7 -3 9 16 11 12 14 -14 15 -2 -7
right_child=10 6 4 -5 -6 8 -8 -9 -10 -11 -12 -13 13 -15 -16 -17 -18
leaf_value=0.047815092404683429 -0.03914615848790045 -0.14815396189689636 0.19778452277183534 0.52869673032652253 0.18517518985188672 -0.046612845063209535 -0.25337771461768582 0.18502968827431854 -0.019714236986052631 -0.27120585455135865 0.067186959721148007 -0.18418456443718501 -0.19049960446934547 -0.015336111436287561 -0.10148681352535885 0.15270202674648981 -0.17344345342029224
leaf_weight=36 23 25 25 22 36 20 22 22 29 22 20 21 31 24 21 22 22
leaf_count=36 23 25 25 22 36 20 22 22 29 22 20 21 31 24 21 22 22
internal_value=-2.05658e-10 0.0301417 0.0645157 0.230218 0.00210822 -0.0537427 -0.0754711 0.00780434 -0.121358 -0.167415 -0.0522829 -0.0691097 -0.049138 -0.114065 0.00496757 0.0546463 -0.113048
internal_weight=443 281 212 58 154 118 69 47 93 64 162 142 121 55 66 45 42
internal_count=443 281 212 58 154 118 69 47 93 64 162 142 121 55 66 45 42
is_linear=0
shrinkage=0.1


Tree=23
num_leaves=17
num_cat=0
split_feature=13 14 14 12 11 12 7 11 14 14 14 11 11 14 14 14
split_gain=56.6205 121.139 64.0309 115.227 50.6829 103.179 52.002 117.951 112.018 112.252 108.465 54.0325 96.1616 35.9679 75.6961 8.8368
threshold=3.5000000000000004 101.50000000000001 8.5000000000000018 48.45000000000001 1.3950000000000002 91.100000000000009 1.5500000000000003 0.36500000000000005 39.500000000000007 54.500000000000007 29.500000000000004 0.72500000000000009 1.0150000000000003 36.500000000000007 18.500000000000004 10.500000000000002
decision_type=2 2 2 2 2 2 2 2 2 2 2 2 2 2 2 2
left_child=13 2 3 -2 6 -6 7 -4 11 -10 -8 -9 -13 14 15 -1
right_child=1 -3 4 -5 5 -7 10 8 9 -11 -12 12 -14 -15 -16 -17
leaf_value=-0.057826920681529573 -0.050746807314100723 0.20015274912995451 0.10722012130427175 0.28052357406843281 0.24558011472225189 -0.071787219742933908 0.21528186906467783 -0.26084334291995337 0.16863696399765712 -0.14794597611540841 -0.095299838288970623 0.050855113294991587 -0.23580581684410573 -0.13943841403693355 0.10429798183341821 -0.14217722905070887
leaf_weight=27 21 34 32 21 20 21 22 39 24 21 23 22 25 38 30 23
leaf_count=27 21 34 32 21 20 21 22 39 24 21 23 22 25 38 30 23
internal_value=-2.19691e-10 0.0215419 0.000673298 0.114888 -0.0185919 0.0830261 -0.0386224 -0.0648942 -0.106937 0.0208983 0.0565401 -0.173828 -0.101624 -0.0593316 -0.0212808 -0.0966281
internal_weight=443 325 291 42 249 41 208 163 131 45 45 86 47 118 80 50
internal_count=443 325 291 42 249 41 208 163 131 45 45 86 47 118 80 50
is_linear=0
shrinkage=0.1


Tree=24
num_leaves=16
num_cat=0
split_feature=1 14 11 11 14 14 14 14 10 11 10 11 12 12 14
split_gain=58.1489 90.2763 96.6947 40.4991 36.828 71.0953 32.0697 47.7242 119.763 46.0538 36.9173 31.9152 58.0428 98.4298 41.447
threshold=1.5000000000000002 70.000000000000014 1.8150000000000002 1.2050000000000003 7.1500000000000012 11.500000000000002 47.500000000000007 18.500000000000004 156.50000000000003 0.77500000000000013 168.50000000000003 0.91000000000000014 87.850000000000009 101.30000000000003 19.500000000000004
decision_type=2 2 2 2 2 2 2 2 2 2 2 2 2 2 2
left_child=1 2 3 4 -1 -6 7 10 -9 -8 -2 12 14 -14 -7
right_child=6 -3 -4 -5 5 11 9 8 -10 -11 -12 -13 13 -15 -16
leaf_value=-0.11076613832265139 -0.013066501819318342 0.17084150245217117 0.21019441002891182 -0.10981269000551186 0.1807888049632311 0.0060487377643585211 -0.016336242202669382 -0.12616643113778991 0.16559678741237696 -0.21027086389064792 -0.17826633242269357 0.087350991316910445 0.21771133992820979 -0.058977071278625059 -0.17746066222898663
leaf_weight=24 31 38 21 37 24 20 24 24 34 25 24 29 20 36 32
leaf_count=24 31 38 21 37 24 20 24 24 34 25 24 29 20 36 32
internal_value=4.46238e-10 0.0275089 0.00509474 -0.0143066 0.00479464 0.0220211 -0.047716 -0.0184173 0.0448672 -0.115282 -0.0851537 -0.00579223 -0.0308029 0.0398402 -0.10688
internal_weight=443 281 243 222 185 161 162 113 58 49 55 137 108 56 52
internal_count=443 281 243 222 185 161 162 113 58 49 55 137 108 56 52
is_linear=0
shrinkage=0.1


Tree=25
num_leaves=16
num_cat=0
split_feature=6 7 12 12 10 12 10 12 10 10 11 11 11 11 12
split_gain=52.8991 80.3092 132.446 124.406 156.74 222.391 115.848 278.517 97.6585 104.854 87.0698 96.1804 54.7843 47.1083 25.1472
threshold=1.0000000180025095e-35 0.90000000000000013 59.850000000000001 61.550000000000004 180.50000000000003 18.700000000000006 295.00000000000006 97.500000000000014 131.50000000000003 237.50000000000003 1.0050000000000001 0.84500000000000008 0.68500000000000016 1.3950000000000002 98.050000000000011
decision_type=2 2 2 2 2 2 2 2 2 2 2 2 2 2 2
left_child=1 3 -3 4 5 -1 10 -8 -4 -10 11 12 14 -12 -5
right_child=-2 2 8 6 -6 -7 7 -9 9 -11 13 -13 -14 -15 -16
leaf_value=-0.039263289259827659 0.15891954720020296 -0.25576189371847335 -0.16887428175175079 -0.065354622763526798 -0.06803607098878392 0.35280201067336098 -0.15340479359030723 0.35187447369098668 0.21459713578224182 -0.062697970966498068 -0.25006074160337449 0.18969953602645548 -0.17212186821356967 -0.068212827774030829 0.055397875266415736
leaf_weight=23 20 31 27 34 31 39 20 24 25 30 29 20 27 28 35
leaf_count=23 20 31 27 34 31 39 20 24 25 30 29 20 27 28 35
internal_value=2.56482e-11 -0.00751393 -0.0796835 0.018793 0.11556 0.207358 -0.0226786 0.122202 -0.0131173 0.0633453 -0.0595269 -0.00979682 -0.0513586 -0.160732 -0.00410336
internal_weight=443 423 113 310 93 62 217 44 82 55 173 116 96 57 69
internal_count=443 423 113 310 93 62 217 44 82 55 173 116 96 57 69
is_linear=0
shrinkage=0.1


Tree=26
num_leaves=17
num_cat=0
split_feature=10 11 10 11 3 12 14 11 14 11 14 3 10 10 2 11
split_gain=49.9732 219.198 272.268 128.805 150.978 105.969 82.5656 52.7695 99.2762 166.406 73.2045 49.7613 78.9039 51.0306 43.79 35.1411
threshold=124.50000000000001 1.2550000000000001 111.50000000000001 0.58500000000000008 1.0000000180025095e-35 129.45000000000002 83.000000000000014 0.88500000000000012 10.500000000000002 1.6500000000000001 30.500000000000004 1.0000000180025095e-35 262.50000000000006 198.50000000000003 1.0000000180025095e-35 0.62500000000000011
decision_type=2 2 2 2 2 2 2 2 2 2 2 2 2 2 2 2
left_child=1 2 3 4 -1 6 7 11 -9 10 -10 -2 13 15 -6 -13
right_child=5 -3 -4 -5 14 -7 -8 8 9 -11 -12 12 -14 -15 -16 -17
leaf_value=0.23868213824927809 -0.17347821268965216 0.35568245202302934 0.30089757442474369 -0.22542426083236933 -0.19247768710960042 0.15188633970796103 -0.20922736252347629 0.20453624216218791 -0.03927345060204205 -0.25056654068951806 0.16600859933532774 -0.1340242414247422 -0.18674807039399943 0.13759401488304138 0.0094058208877132055 0.051190188080072412
leaf_weight=20 34 20 24 36 22 31 27 24 38 24 32 21 24 25 21 20
leaf_count=20 34 20 24 36 22 31 27 24 38 24 32 21 24 25 21 20
internal_value=2.2747e-10 0.0486474 -0.00127704 -0.0745315 0.011693 -0.0231886 -0.0433645 -0.0248591 0.0230098 -0.0233374 0.0545698 -0.0704118 -0.0314757 0.024987 -0.0938834 -0.0436757
internal_weight=443 143 123 99 63 300 269 242 118 94 70 124 90 66 43 41
internal_count=443 143 123 99 63 300 269 242 118 94 70 124 90 66 43 41
is_linear=0
shrinkage=0.1


Tree=27
num_leaves=17
num_cat=0
split_feature=9 14 12 13 12 12 12 10 11 14 11 11 14 14 3 10
split_gain=47.2993 97.814 77.7022 70.6245 89.9621 297.245 101.098 63.4917 98.4594 160.631 94.4609 114.372 105.435 36.9726 39.2485 40.3966
threshold=1.0000000180025095e-35 165.00000000000003 145.05000000000004 3.5000000000000004 35.550000000000004 56.400000000000013 15.900000000000002 175.50000000000003 1.3350000000000002 29.500000000000004 0.37500000000000006 0.53500000000000014 33.500000000000007 36.500000000000007 0.40000000000000008 189.50000000000003
decision_type=2 2 2 2 2 2 2 2 2 2 2 2 2 2 2 2
left_child=1 2 3 13 6 -6 -5 10 9 -9 -7 -12 -13 14 -1 -16
right_child=-2 -3 -4 4 5 7 -8 8 -10 -11 11 12 -14 -15 15 -17
leaf_value=-0.14977344220334834 0.13085999890015676 -0.21847419876693969 0.19505888748914005 0.067339449796987624 0.34655397544647087 0.13906973118428143 -0.20577499554915862 0.14586339361573522 0.25217590317839672 -0.15571138696237044 -0.29140378772888498 -0.13417308307958373 0.1568037085980177 -0.16908787460096422 -0.065981498334942199 0.11613472646678842
leaf_weight=22 26 21 20 23 29 20 33 38 21 33 23 33 20 31 29 21
leaf_count=22 26 21 20 23 29 20 33 38 21 33 23 33 20 31 29 21
internal_value=8.59739e-10 -0.00815914 0.00299394 -0.00722229 0.0193985 0.0485602 -0.093603 0.00259307 0.0619568 0.00569483 -0.0542972 -0.105183 -0.0243705 -0.0777803 -0.0384674 0.0105073
internal_weight=443 417 396 376 273 217 56 188 92 71 96 76 53 103 72 50
internal_count=443 417 396 376 273 217 56 188 92 71 96 76 53 103 72 50
is_linear=0
shrinkage=0.1


Tree=28
num_leaves=17
num_cat=0
split_feature=10 11 10 11 11 12 2 3 11 11 12 11 14 11 11 10
split_gain=44.6603 178.318 222.556 103.95 147.567 81.0888 70.1123 66.9493 100.485 97.757 77.3317 67.087 50.6255 156.747 120.634 10.2955
threshold=124.50000000000001 1.2550000000000001 111.50000000000001 0.58500000000000008 0.37500000000000006 121.75000000000001 1.0000000180025095e-35 2.5000000000000004 1.135 1.675 84.450000000000017 1.3350000000000002 33.500000000000007 0.88500000000000012 0.76500000000000012 183.50000000000003
decision_type=2 2 2 2 2 2 2 2 2 2 2 2 2 2 2 2
left_child=1 2 3 4 6 7 -1 9 10 11 -9 12 13 15 -14 -2
right_child=5 -3 -4 -5 -6 -7 -8 8 -10 -11 -12 -13 14 -15 -16 -17
leaf_value=-0.21922143304889855 -0.19325294829905035 0.32291704401373866 0.2741586577768127 -0.20082436828977535 0.22863022167501704 0.11459313722964573 0.039477992206811911 0.063101243479429067 0.1973961365222931 -0.27128764546435813 -0.14745595360344108 0.12068465940654279 -0.010455739249785741 0.16839443351383565 -0.3047499884779637 -0.093001526124065828
leaf_weight=22 20 20 24 36 21 38 20 37 25 23 33 20 30 27 26 21
leaf_count=22 20 20 24 36 21 38 20 37 25 23 33 20 30 27 26 21
internal_value=1.58724e-09 0.0459888 0.000959785 -0.0652702 0.0121893 -0.0219213 -0.0960312 -0.0417211 0.0253011 -0.0798475 -0.0361614 -0.0492703 -0.0766824 -0.0186977 -0.147092 -0.141905
internal_weight=443 143 123 99 63 300 42 262 95 167 70 144 124 68 56 41
internal_count=443 143 123 99 63 300 42 262 95 167 70 144 124 68 56 41
is_linear=0
shrinkage=0.1


Tree=29
num_leaves=18
num_cat=0
split_feature=10 12 3 12 10 10 7 14 2 10 10 12 0 13 11 14 10
split_gain=43.9298 47.8231 200.037 92.4851 59.6872 86.9515 105.879 78.9388 58.1655 118.019 60.2228 58.0887 63.0831 71.3836 81.3689 43.0776 28.9973
threshold=45.500000000000007 115.00000000000001 1.1000000000000003 137.85000000000005 184.50000000000003 93.500000000000014 0.45000000000000007 79.000000000000014 1.0000000180025095e-35 124.50000000000001 156.50000000000003 75.750000000000014 1.0000000180025095e-35 3.5000000000000004 0.91000000000000014 17.500000000000004 145.00000000000003
decision_type=2 2 2 2 2 2 2 2 2 2 2 2 2 2 2 2 2
left_child=-1 4 -3 -4 5 6 -2 11 9 -7 -11 15 13 -13 -15 -6 -10
right_child=1 2 3 -5 7 8 -8 -9 16 10 -12 12 -14 14 -16 -17 -18
leaf_value=0.11099739923621671 -0.22181939984960805 0.28564969392923206 0.074197904680940244 -0.22292372822761536 -0.24326688945293429 0.27716299299564628 0.073017047274680377 -0.25491514414548877 -0.11953455704179677 -0.072223003256705498 0.12188011185463631 -0.084646868414205059 -0.12995180001854897 -0.011466420739889146 0.26722755751741883 -0.05111166792256492 0.044748116036256155
leaf_weight=33 29 26 22 20 20 27 21 20 22 31 33 23 25 20 22 28 21
leaf_count=33 29 26 22 20 20 27 21 20 22 31 33 23 25 20 22 28 21
internal_value=8.64049e-11 -0.00893394 0.0676584 -0.0672886 -0.0241628 0.0145493 -0.0979881 -0.0692453 0.0565409 0.10183 0.0278614 -0.0423367 0.0050445 0.0569662 0.134516 -0.131176 -0.0393035
internal_weight=443 410 68 42 342 184 50 158 134 91 64 138 90 65 42 48 43
internal_count=443 410 68 42 342 184 50 158 134 91 64 138 90 65 42 48 43
is_linear=0
shrinkage=0.1


Tree=30
num_leaves=17
num_cat=0
split_feature=1 14 12 10 12 14 14 7 10 7 10 12 11 0 3 11
split_gain=44.0683 88.5612 89.7344 87.766 135.915 73.8995 91.9259 72.9663 95.7226 34.6958 49.0823 48.5502 39.3548 32.4901 40.4357 29.7292
threshold=1.5000000000000002 70.000000000000014 102.55000000000001 76.000000000000014 91.65000000000002 30.500000000000004 19.500000000000004 0.45000000000000007 167.50000000000003 0.45000000000000007 117.50000000000001 62.900000000000006 0.77500000000000013 1.0000000180025095e-35 1.7500000000000002 0.80500000000000016
decision_type=2 2 2 2 2 2 2 2 2 2 2 2 2 2 2 2
left_child=1 2 3 -1 5 6 7 8 -5 10 -2 -12 -11 14 -4 -13
right_child=9 -3 13 4 -6 -7 -8 -9 -10 12 11 15 -14 -15 -16 -17
leaf_value=0.20855373510947595 -0.1976612186431885 0.16591238620641985 0.053389757694233035 0.19824222439657088 0.22262572121620178 0.10437226283053558 -0.2403442864082754 -0.17379512116312981 -0.079375022870522963 0.10901206084699543 0.093491071019144292 -0.17245449323369111 -0.05875706271878605 -0.19058396120866139 -0.14285035502342952 -0.027676534169429057
leaf_weight=26 25 38 21 23 25 30 25 21 27 27 21 23 29 24 21 37
leaf_count=26 25 38 21 23 25 30 25 21 27 27 21 23 29 24 21 37
internal_value=-7.43166e-10 0.0239478 0.00174758 0.0388551 0.00963544 -0.0326245 -0.075436 -0.0173697 0.0483289 -0.0415391 -0.0751764 -0.0373725 0.0221316 -0.097768 -0.0447303 -0.0831748
internal_weight=443 281 243 177 151 126 96 71 50 162 106 81 56 66 42 60
internal_count=443 281 243 177 151 126 96 71 50 162 106 81 56 66 42 60
is_linear=0
shrinkage=0.1


Tree=31
num_leaves=18
num_cat=0
split_feature=9 14 12 12 1 12 14 12 11 14 12 14 11 14 7 2 10
split_gain=40.7392 78.6829 66.6309 60.5512 77.4687 79.6051 292.223 168.309 168.147 116.306 66.4994 48.7208 42.0627 29.3687 42.7802 22.7017 8.35328
threshold=1.0000000180025095e-35 165.00000000000003 145.05000000000004 103.00000000000001 1.5000000000000002 47.750000000000007 13.500000000000002 77.050000000000011 0.59500000000000008 15.500000000000002 114.15000000000002 25.500000000000004 1.2950000000000002 22.500000000000004 1.0000000180025095e-35 1.0000000180025095e-35 189.50000000000003
decision_type=2 2 2 2 2 2 2 2 2 2 2 2 2 2 2 2 2
left_child=1 2 3 4 5 9 -7 -8 -9 -1 16 -12 13 -6 -15 -10 -5
right_child=-2 -3 -4 10 12 6 7 8 15 -11 11 -13 -14 14 -16 -17 -18
leaf_value=-0.18357258952897171 0.12144677070184395 -0.19620192026098571 0.18028710030019285 -0.2190272642672062 0.05258997649173526 0.39039024077355866 0.19952829857082929 0.16620137117803099 -0.24580916649103168 0.1048397107946652 -0.10054516176814619 0.1052845817545186 -0.16913319813708466 0.0092252910137176521 -0.18088484950363637 -0.10287021711468697 -0.12872561422132311
leaf_weight=29 26 21 20 20 34 27 34 20 25 27 23 23 24 29 20 20 21
leaf_count=29 26 21 20 20 34 27 34 20 25 27 23 23 24 29 20 20 21
internal_value=-5.51646e-10 -0.00757222 0.00243087 -0.00702957 0.0149884 0.0546866 0.0987769 0.019246 -0.0750555 -0.0445167 -0.0801698 0.00236971 -0.0525355 -0.0188205 -0.0683707 -0.182281 -0.172775
internal_weight=443 417 396 376 289 182 126 99 65 56 87 46 107 83 49 45 41
internal_count=443 417 396 376 289 182 126 99 65 56 87 46 107 83 49 45 41
is_linear=0
shrinkage=0.1


Tree=32
num_leaves=17
num_cat=0
split_feature=11 10 12 12 3 10 12 14 10 10 3 2 1 11 14 11
split_gain=41.0799 102.712 288.755 207.964 77.34 67.2697 177.292 66.7958 65.1189 56.8339 51.1198 34.1207 54.3331 32.2376 23.3813 18.1454
threshold=0.40500000000000008 135.50000000000003 77.050000000000011 48.45000000000001 2.5000000000000004 288.50000000000006 93.350000000000009 83.000000000000014 368.00000000000006 247.50000000000003 1.1000000000000003 1.0000000180025095e-35 1.5000000000000002 0.88500000000000012 20.500000000000004 0.96500000000000008
decision_type=2 2 2 2 2 2 2 2 2 2 2 2 2 2 2 2
left_child=10 2 3 -2 -4 7 -7 9 -8 11 -1 12 -3 -14 -12 -13
right_child=1 5 4 -5 -6 6 8 -9 -10 -11 14 15 13 -15 -16 -17
leaf_value=-0.17586869431866542 0.09379962613185247 0.12062701070920015 0.050922651746525216 0.49858431816101079 -0.19541477656364442 -0.11616134297463201 0.33004345037043098 -0.22384246665984395 0.074859490953385829 -0.16560454242504563 -0.08404079842567444 -0.12900899700247323 -0.11714381122589111 0.043449069142341618 0.042580151515347622 -0.0040302127111880555
leaf_weight=27 30 39 26 22 25 31 20 20 20 26 25 26 25 25 35 21
leaf_count=27 30 39 26 22 25 31 20 20 20 26 25 26 25 25 35 21
internal_value=3.2775e-10 0.0150538 0.0992375 0.265055 -0.069831 -0.0192186 0.0633388 -0.051425 0.202451 -0.0301389 -0.0615996 -0.00424106 0.0321583 -0.0368474 -0.0101786 -0.0731674
internal_weight=443 356 103 52 51 253 71 182 40 162 87 136 89 50 60 47
internal_count=443 356 103 52 51 253 71 182 40 162 87 136 89 50 60 47
is_linear=0
shrinkage=0.1


Tree=33
num_leaves=17
num_cat=0
split_feature=14 11 6 2 11 11 3 7 12 12 12 12 12 3 14 10
split_gain=40.3468 95.151 37.5522 53.9011 45.2386 45.7326 137.726 93.4371 70.4001 93.4975 85.2272 77.5414 85.4261 34.7869 30.1971 24.6462
threshold=101.50000000000001 0.74500000000000011 1.0000000180025095e-35 2.5000000000000004 0.24500000000000002 0.56500000000000006 0.40000000000000008 0.90000000000000013 17.700000000000006 54.350000000000001 77.050000000000011 93.65000000000002 103.95000000000002 1.1000000000000003 24.500000000000004 214.50000000000003
decision_type=2 2 2 2 2 2 2 2 2 2 2 2 2 2 2 2
left_child=2 -2 3 4 -1 6 -6 -8 -7 -10 -11 14 -13 -14 -12 -15
right_child=1 -3 -4 -5 5 8 7 -9 9 10 11 12 13 15 -16 -17
leaf_value=-0.13770285493135453 -0.050260868376459593 0.25111256361007694 0.12379815042018892 -0.1765775102376938 0.21795431010957278 0.15884036362171172 0.060068639649732691 -0.20820700064301492 -0.18221628941796922 0.1254458865837047 -0.059534624516963966 0.14161175706169823 0.048088513101850243 -0.036504589038139044 -0.21074145319206372 -0.18988607287406922
leaf_weight=25 22 20 20 20 35 20 37 20 37 38 25 33 21 22 28 20
leaf_count=25 22 20 20 20 35 20 37 20 37 38 25 33 21 22 28 20
internal_value=9.02941e-10 0.0932503 -0.00976686 -0.0167781 -0.007925 0.00173109 0.061813 -0.0340632 -0.0209228 -0.036973 -0.00823507 -0.0423282 0.0112732 -0.0569994 -0.139417 -0.109543
internal_weight=443 42 401 381 361 336 92 57 244 224 187 149 96 63 53 42
internal_count=443 42 401 381 361 336 92 57 244 224 187 149 96 63 53 42
is_linear=0
shrinkage=0.1


Tree=34
num_leaves=19
num_cat=0
split_feature=12 10 7 12 11 11 10 14 12 11 10 10 12 12 12 14 10 12
split_gain=39.4833 136.584 115.378 69.3248 55.4746 186.656 118.097 97.279 58.7767 54.755 52.3932 65.3781 51.4372 38.1616 61.2825 67.0566 34.1021 10.9074
threshold=52.900000000000006 76.000000000000014 0.90000000000000013 35.550000000000004 1.0050000000000001 0.84500000000000008 339.00000000000006 27.500000000000004 74.40000000000002 1.1850000000000003 220.50000000000003 146.50000000000003 132.25000000000003 115.00000000000001 94.15000000000002 24.500000000000004 167.50000000000003 103.95000000000002
decision_type=2 2 2 2 2 2 2 2 2 2 2 2 2 2 2 2 2 2
left_child=1 -1 3 16 5 8 9 -7 -2 -6 11 -11 13 14 15 -10 -3 -16
right_child=4 2 -4 -5 6 7 -8 -9 12 10 -12 -13 -14 -15 17 -17 -18 -19
leaf_value=0.2747425606304949 -0.16737869679927828 0.069014693108888775 -0.21500309925526381 0.20932085904337111 -0.27430571442469959 0.05173910487443209 0.11014919358271141 0.36363492041826251 0.18121478113417444 -0.13718029519786007 -0.20199106049537663 0.1068640953018552 -0.15624267268925907 0.13606120944023134 -0.042505019294241303 -0.0382008308172226 -0.10015124421228061 -0.13501524901390077
leaf_weight=22 27 26 20 21 20 20 27 20 26 23 25 21 20 22 26 30 22 25
leaf_count=22 27 26 20 21 20 20 27 20 26 23 25 21 20 22 26 30 22 25
internal_value=4.03223e-10 0.0516312 -0.00351988 0.0577796 -0.0172622 0.0126935 -0.0730419 0.207687 -0.0316232 -0.128617 -0.0863881 -0.0207046 -0.00702322 0.0161116 -0.00855096 0.0636707 -0.00851969 -0.0878532
internal_weight=443 111 89 69 332 216 116 40 176 89 69 44 149 129 107 56 48 51
internal_count=443 111 89 69 332 216 116 40 176 89 69 44 149 129 107 56 48 51
is_linear=0
shrinkage=0.1


Tree=35
num_leaves=18
num_cat=0
split_feature=10 10 12 12 10 2 10 1 11 12 12 12 11 14 12 12 11
split_gain=39.4787 61.2056 159.931 49.5089 116.101 69.2868 69.9408 87.8123 114.687 78.5017 56.5494 47.8882 78.3309 73.8525 37.097 27.3526 22.3928
threshold=393.00000000000006 288.50000000000006 93.350000000000009 93.350000000000009 45.500000000000007 1.0000000180025095e-35 184.50000000000003 1.5000000000000002 0.74500000000000011 75.750000000000014 75.750000000000014 116.05000000000003 0.94500000000000006 39.500000000000007 103.95000000000002 50.800000000000004 0.82500000000000007
decision_type=2 2 2 2 2 2 2 2 2 2 2 2 2 2 2 2 2
left_child=1 3 -3 4 -1 6 7 8 -6 -8 15 12 14 -13 -5 -7 -9
right_child=-2 2 -4 11 5 10 9 16 -10 -11 -12 13 -14 -15 -16 -17 -18
leaf_value=0.23311793272909909 -0.13058987505395303 -0.069725413133318606 0.27775930629836187 0.035968791344954121 0.029881597239346733 -0.079192950546741483 -0.17425458834127144 0.064846157741088137 0.3603753427664439 0.077153148955625042 0.036983496904373171 -0.085086502999599495 -0.2471577941798247 0.16299366383325486 -0.1277552812099457 -0.23400273890722367 -0.067704768300056464
leaf_weight=23 22 26 27 31 21 25 27 26 21 23 25 28 26 21 25 21 25
leaf_count=23 22 26 27 31 21 25 27 26 21 23 25 28 26 21 25 21 25
internal_value=-5.50805e-10 0.00682417 0.107295 -0.00764582 0.0196238 -0.00332182 0.0367722 0.0880514 0.195128 -0.058607 -0.0840746 -0.056981 -0.103719 0.0212336 -0.0371223 -0.149867 -0.000129786
internal_weight=443 421 53 368 237 214 143 93 42 50 71 131 82 49 56 46 51
internal_count=443 421 53 368 237 214 143 93 42 50 71 131 82 49 56 46 51
is_linear=0
shrinkage=0.1


Tree=36
num_leaves=17
num_cat=0
split_feature=3 14 0 11 11 11 10 11 14 14 10 14 3 10 12 10
split_gain=35.2242 77.8577 71.8852 91.1797 88.9533 74.1533 71.1345 232.716 66.9015 82.6171 58.8764 38.0876 37.7399 21.0604 20.245 19.9806
threshold=3.5000000000000004 101.50000000000001 1.5000000000000002 1.6150000000000004 1.0150000000000003 0.88500000000000012 127.50000000000001 0.51500000000000012 18.500000000000004 33.500000000000007 213.50000000000003 11.500000000000002 1.7500000000000002 163.50000000000003 86.350000000000009 270.00000000000006
decision_type=2 2 2 2 2 2 2 2 2 2 2 2 2 2 2 2
left_child=1 2 3 4 5 6 7 14 11 -10 13 -4 -6 -8 -1 -12
right_child=-2 -3 8 -5 12 -7 10 -9 9 -11 15 -13 -14 -15 -16 -17
leaf_value=-0.14227411460131409 0.126405240382467 0.12831485417599861 -0.10108354137494013 0.16267434401494085 -0.044772322972615561 0.1845272576940867 -0.071481906374295565 0.31589282518625261 0.11330658721809204 -0.12504462414900916 0.092949064395257408 -0.28463970229029656 -0.20113756687476717 -0.20395954425136248 -0.0032606194303794345 -0.04196492533968843
leaf_weight=20 21 39 26 33 33 24 24 25 26 33 21 20 29 24 22 23
leaf_count=20 21 39 26 33 33 24 24 25 26 33 21 20 29 24 22 23
internal_value=7.09739e-10 -0.00629031 -0.0199968 0.00662834 -0.0143901 0.0206825 -0.00404876 0.0743299 -0.0904902 -0.0200085 -0.0611289 -0.180891 -0.117911 -0.137721 -0.0694575 0.0224258
internal_weight=443 422 383 278 245 183 159 67 105 59 92 46 62 48 42 44
internal_count=443 422 383 278 245 183 159 67 105 59 92 46 62 48 42 44
is_linear=0
shrinkage=0.1


Tree=37
num_leaves=18
num_cat=0
split_feature=9 14 1 14 11 11 7 11 11 3 11 12 12 12 11 3 14
split_gain=36.57 75.1937 52.0306 173.565 57.0505 54.0502 47.6131 27.5473 122.108 64.202 75.4963 52.9231 57.9116 25.7979 40.6788 19.88 34.9995
threshold=1.0000000180025095e-35 165.00000000000003 1.5000000000000002 70.000000000000014 1.6050000000000002 1.2050000000000003 1.5500000000000003 0.53500000000000014 0.68500000000000016 0.40000000000000008 0.88500000000000012 105.75000000000001 66.200000000000017 106.65000000000002 1.2950000000000002 1.0000000180025095e-35 42.500000000000007
decision_type=2 2 2 2 2 2 2 2 2 2 2 2 2 2 2 2 2
left_child=1 2 3 4 5 7 13 11 -9 -10 -11 12 -1 14 15 -4 -17
right_child=-2 -3 6 -5 -6 -7 -8 8 9 10 -12 -13 -14 -15 -16 16 -18
leaf_value=-0.084122093766927725 0.11506466034513255 -0.19157417707500005 -0.096065359264612196 0.30535524026269006 0.14453444400658974 -0.14454399879883836 0.094158905460720976 0.25003815454176886 -0.15280436573860545 -0.061990991085767749 0.17596322981019816 -0.17756511114537718 0.11775063063811374 -0.15943544209003449 -0.16226952547288462 0.079006216716435221 -0.085984183289110672
leaf_weight=30 26 21 20 21 26 27 21 22 24 30 24 20 27 25 23 36 20
leaf_count=30 26 21 20 21 26 27 21 22 24 30 24 20 27 25 23 36 20
internal_value=6.68534e-10 -0.00717429 0.00260449 0.0301549 0.00502797 -0.0127523 -0.0450863 0.00735155 0.0419692 -0.0167169 0.0437664 -0.0376065 0.0115018 -0.0686682 -0.0457471 -0.0104838 0.0200811
internal_weight=443 417 396 251 230 204 145 177 100 78 54 77 57 124 99 76 56
internal_count=443 417 396 251 230 204 145 177 100 78 54 77 57 124 99 76 56
is_linear=0
shrinkage=0.1


Tree=38
num_leaves=16
num_cat=0
split_feature=10 10 12 12 10 2 10 14 1 12 12 11 14 10 12
split_gain=33.1879 51.207 124.442 41.9031 90.2564 61.9214 57.4706 73.1623 96.6922 61.9396 47.9243 59.7401 55.3804 45.8271 30.3875
threshold=393.00000000000006 288.50000000000006 93.350000000000009 93.350000000000009 45.500000000000007 1.0000000180025095e-35 184.50000000000003 12.500000000000002 1.5000000000000002 75.750000000000014 116.05000000000003 0.94500000000000006 39.500000000000007 145.00000000000003 103.95000000000002
decision_type=2 2 2 2 2 2 2 2 2 2 2 2 2 2 2
left_child=1 3 -3 4 -1 6 7 -6 -9 -8 11 14 -12 -7 -5
right_child=-2 2 -4 10 5 13 9 8 -10 -11 12 -13 -14 -15 -16
leaf_value=0.20634734591712123 -0.11973403167318215 -0.057993924503143016 0.24852180039441146 0.025189392989681616 -0.04949842778773144 -0.16715507146436723 -0.15340438700384565 0.28134237852479732 0.033568488979815611 0.069913373693175948 -0.066190482037408016 -0.22438779026269914 0.14863573724315279 -0.0056883443911106167 -0.12299087655544282
leaf_weight=23 22 26 27 31 29 32 27 28 36 23 28 26 21 39 25
leaf_count=23 22 26 27 31 29 32 27 28 36 23 28 26 21 39 25
internal_value=-5.33356e-10 0.00625688 0.0981556 -0.00697853 0.0181091 -0.00212206 0.035781 0.0822645 0.14197 -0.0506782 -0.0523662 -0.0991217 0.0258779 -0.0784621 -0.0409625
internal_weight=443 421 53 368 237 214 143 93 64 50 131 82 49 71 56
internal_count=443 421 53 368 237 214 143 93 64 50 131 82 49 71 56
is_linear=0
shrinkage=0.1


Tree=39
num_leaves=17
num_cat=0
split_feature=12 11 7 12 12 10 11 10 10 14 12 12 12 11 10 11
split_gain=31.8482 125.678 129.437 81.0849 35.8194 56.3745 29.1505 33.918 71.7501 147.411 68.5587 62.7099 48.2459 38.4104 24.8292 64.6663
threshold=52.900000000000006 1.2550000000000001 0.65000000000000013 30.650000000000002 129.45000000000002 214.50000000000003 1.675 50.000000000000007 135.50000000000003 34.500000000000007 75.750000000000014 81.850000000000009 92.15000000000002 0.62500000000000011 300.50000000000006 0.94500000000000006
decision_type=2 2 2 2 2 2 2 2 2 2 2 2 2 2 2 2
left_child=1 2 3 -1 6 -6 7 -2 9 12 -10 -12 -9 -13 15 -15
right_child=4 -3 -4 -5 5 -7 -8 8 10 -11 11 13 -14 14 -16 -17
leaf_value=-0.025875244951910445 -0.1281969726085663 0.22957251061286246 -0.20564176011085511 0.21780553114685147 -0.045473668500781064 0.19195949032902718 -0.12467923270804543 -0.14967928476631642 -0.15853205934951181 0.26255177995060675 0.15233417479764849 -0.1228809465494539 0.069970119595527652 0.066558267335806581 0.082999693716947862 -0.15713656507432461
leaf_weight=36 25 28 25 22 20 20 28 20 38 27 21 35 20 28 26 24
leaf_count=36 25 28 25 22 20 20 28 20 38 27 21 35 20 28 26 24
internal_value=-5.22292e-10 0.0463712 -0.0154317 0.0665554 -0.0155036 0.0732429 -0.0276607 -0.0173708 -0.00577813 0.0820107 -0.0399749 -0.00635425 -0.0398546 -0.035845 0.00320956 -0.0366855
internal_weight=443 111 83 58 332 40 292 264 239 67 172 134 40 113 78 52
internal_count=443 111 83 58 332 40 292 264 239 67 172 134 40 113 78 52
is_linear=0
shrinkage=0.1


Tree=40
num_leaves=19
num_cat=0
split_feature=9 14 12 13 12 12 12 10 14 0 12 14 11 11 11 14 10 10
split_gain=31.3242 66.3152 44.971 44.0365 66.0978 222.109 77.6969 54.1327 54.8507 82.2125 100.241 50.4206 49.8776 106.326 25.9116 39.348 18.2383 10.9981
threshold=1.0000000180025095e-35 165.00000000000003 145.05000000000004 3.5000000000000004 35.550000000000004 61.550000000000004 15.900000000000002 175.50000000000003 40.500000000000007 1.0000000180025095e-35 97.500000000000014 39.500000000000007 0.39500000000000007 0.93500000000000016 0.80500000000000016 34.500000000000007 189.50000000000003 145.00000000000003
decision_type=2 2 2 2 2 2 2 2 2 2 2 2 2 2 2 2 2 2
left_child=1 2 3 14 6 -6 -5 11 9 10 -9 12 -7 -14 17 16 -16 -1
right_child=-2 -3 -4 4 5 7 -8 8 -10 -11 -12 -13 13 -15 15 -17 -18 -19
leaf_value=-0.052337314635515213 0.10649260614926999 -0.17981135958716984 0.1486593946814537 0.060022925982332755 0.26036605650657102 0.019867228610174998 -0.17940507242173862 0.0283758656680584 -0.069487589156186136 -0.053990313105962501 0.34498505406081681 0.06017774590849876 -0.32289920693094082 -0.011996985294602136 -0.10958812507716092 -0.21717621989548208 0.022356199622154238 0.051278658069315412
leaf_weight=20 26 21 20 23 38 21 33 20 27 22 20 25 22 22 22 20 20 21
leaf_count=20 26 21 20 23 38 21 33 20 27 22 20 25 22 22 22 20 20 21
internal_value=-1.47792e-09 -0.00663983 0.00254351 -0.00522861 0.0157922 0.0407886 -0.0810686 -0.00582567 0.0494749 0.101281 0.18668 -0.0605118 -0.106931 -0.167448 -0.060944 -0.101731 -0.0467575 0.000734281
internal_weight=443 417 396 376 273 217 56 179 89 62 40 90 65 44 103 62 42 41
internal_count=443 417 396 376 273 217 56 179 89 62 40 90 65 44 103 62 42 41
is_linear=0
shrinkage=0.1


Tree=41
num_leaves=17
num_cat=0
split_feature=10 1 11 10 12 10 11 11 10 12 12 7 12 10 10 11
split_gain=30.9588 37.4791 69.4076 146.357 261.097 116.064 62.6592 77.4688 56.7606 43.6312 85.8534 28.5036 55.371 61.7962 39.8492 32.2385
threshold=393.00000000000006 1.5000000000000002 0.53500000000000014 124.50000000000001 77.050000000000011 288.50000000000006 1.4550000000000003 1.1200000000000003 225.50000000000003 66.200000000000017 107.15000000000002 0.45000000000000007 107.15000000000002 117.50000000000001 178.50000000000003 0.81500000000000006
decision_type=2 2 2 2 2 2 2 2 2 2 2 2 2 2 2 2
left_child=1 2 9 4 -4 6 7 8 -5 -1 -11 12 13 -3 -15 -13
right_child=-2 11 3 5 -6 -7 -8 -9 -10 10 -12 15 -14 14 -16 -17
leaf_value=-0.12548781254807034 -0.11564319533380596 -0.17989126026630403 0.47775468812102367 -0.12461651074580658 -0.020907187036105567 0.18025703961029649 -0.1875438994982026 0.17336107768118381 0.082589397281408308 0.11405266571570845 -0.13947298404845326 0.10237606918370282 -0.21369181260466577 0.12644473139358603 -0.041173187180145371 -0.053635457158088685
leaf_weight=37 22 20 21 39 21 32 22 20 20 34 22 27 20 23 37 26
leaf_count=37 22 20 21 39 21 32 22 20 20 34 22 27 20 23 37 26
internal_value=-8.44287e-10 0.00604311 0.0285872 0.0656858 0.228424 0.0142949 -0.0382871 0.00327805 -0.0543772 -0.0412222 0.0144533 -0.0334458 -0.0648684 -0.0276626 0.0230803 0.0258421
internal_weight=443 421 268 175 42 133 101 79 59 93 56 153 100 80 60 53
internal_count=443 421 268 175 42 133 101 79 59 93 56 153 100 80 60 53
is_linear=0
shrinkage=0.1


Tree=42
num_leaves=19
num_cat=0
split_feature=14 10 10 10 10 14 14 10 11 1 10 14 10 10 1 14 12 11
split_gain=30.7574 60.0629 74.6213 70.2205 54.731 47.0564 53.8278 66.0481 135.101 192.401 49.0238 59.7472 50.0434 38.3259 36.7353 36.1939 16.407 47.3138
threshold=5.5000000000000009 316.00000000000006 352.50000000000006 281.50000000000006 37.500000000000007 11.500000000000002 154.00000000000003 124.50000000000001 0.53500000000000014 1.5000000000000002 156.50000000000003 17.500000000000004 184.50000000000003 133.50000000000003 1.0000000180025095e-35 23.250000000000004 75.950000000000017 0.95500000000000007
decision_type=2 2 2 2 2 2 2 2 2 2 2 2 2 2 2 2 2 2
left_child=-1 3 -3 4 -2 13 7 8 15 -10 14 -12 -13 -6 -9 -7 -14 -18
right_child=1 2 -4 -5 5 6 -8 10 9 -11 11 12 16 -15 -16 -17 17 -19
leaf_value=0.11259877228218576 0.15814823355525731 -0.25140636109170461 -0.01421010291410817 0.18197787143290045 -0.208028751462698 0.055741474926471718 -0.15335678040981293 -0.012283226698637011 0.41984290209683506 -0.0033285429789906458 -0.13642741970040581 0.15365518695364397 -0.074667852833157494 -0.031564078945666554 -0.19759247238221378 -0.13222706540642928 0.11607832002586552 -0.082486937798204873
leaf_weight=23 20 21 36 22 20 20 20 20 22 21 22 30 21 32 23 21 28 21
leaf_count=23 20 21 36 22 20 20 20 20 22 21 22 30 21 32 23 21 28 21
internal_value=1.26506e-10 -0.00616612 -0.101598 0.00881908 -0.00235246 -0.0123525 0.00448131 0.0171591 0.0893417 0.213178 -0.0195885 0.0127721 0.045596 -0.0994351 -0.111402 -0.0405351 -0.000715109 0.0309789
internal_weight=443 420 57 363 341 321 269 249 84 43 165 122 100 52 43 41 70 49
internal_count=443 420 57 363 341 321 269 249 84 43 165 122 100 52 43 41 70 49
is_linear=0
shrinkage=0.1


Tree=43
num_leaves=17
num_cat=0
split_feature=3 12 14 14 0 10 10 14 11 11 14 10 14 11 14 11
split_gain=31.4568 71.0296 63.5151 60.6753 41.3399 58.7045 106.132 57.793 98.182 93.5941 41.6646 60.5212 41.0507 52.3962 36.994 34.5835
threshold=3.5000000000000004 129.45000000000002 134.00000000000003 83.000000000000014 1.5000000000000002 139.50000000000003 216.50000000000003 13.500000000000002 1.1950000000000001 0.56500000000000006 39.500000000000007 163.50000000000003 23.250000000000004 1.0150000000000003 18.500000000000004 0.77500000000000013
decision_type=2 2 2 2 2 2 2 2 2 2 2 2 2 2 2 2
left_child=1 2 3 4 7 -6 -7 8 9 -1 12 -12 13 14 -9 -14
right_child=-2 -3 -4 -5 5 6 -8 10 -10 -11 11 -13 15 -15 -16 -17
leaf_value=0.16507593203674664 0.11945442401227498 0.12839571330696345 0.13906741638978323 -0.1938936236713614 -0.19099922428528471 0.10961587654967463 -0.15422726919253668 -0.041613153594991438 0.26566783219575879 -0.10286230351775885 0.1711420463990759 -0.03938369527459145 -0.22857295842397785 -0.14581278264522554 0.13774325122003969 -0.062367355631243793
leaf_weight=22 21 36 24 21 30 31 30 23 20 32 22 36 21 20 23 31
leaf_count=22 21 36 24 21 30 31 30 23 20 32 22 36 21 20 23 31
internal_value=-6.40363e-10 -0.00594442 -0.0184735 -0.0289183 -0.0187585 -0.0764693 -0.020143 0.00224825 0.0763977 0.00629772 -0.0289282 0.0404709 -0.0630397 -0.0106858 0.048065 -0.129489
internal_weight=443 422 386 362 341 91 61 250 74 54 176 58 118 66 46 52
internal_count=443 422 386 362 341 91 61 250 74 54 176 58 118 66 46 52
is_linear=0
shrinkage=0.1


Tree=44
num_leaves=18
num_cat=0
split_feature=3 14 0 11 11 12 12 12 12 10 12 12 14 10 10 11 12
split_gain=25.48 57.7887 58.0423 71.6988 66.8881 58.2046 53.4826 53.5874 53.3911 59.0035 51.6673 56.5476 47.6194 42.4622 32.3927 28.7783 24.7306
threshold=3.5000000000000004 101.50000000000001 1.5000000000000002 1.6150000000000004 1.0150000000000003 39.750000000000007 116.05000000000003 103.95000000000002 66.200000000000017 258.50000000000006 35.550000000000004 61.550000000000004 24.500000000000004 127.50000000000001 151.50000000000003 0.62500000000000011 92.15000000000002
decision_type=2 2 2 2 2 2 2 2 2 2 2 2 2 2 2 2 2
left_child=1 2 3 4 6 -4 7 10 -7 12 -1 -12 -10 -13 -6 -15 -16
right_child=-2 -3 5 -5 14 8 -8 -9 9 -11 11 13 -14 15 16 -17 -18
leaf_value=-0.085479808576179275 0.10750897881530581 0.11061647454133401 0.064112649925730444 0.14514173224116819 -0.19910472755278039 -0.26118115333840253 0.15444699478149415 -0.13418422930229168 0.10520852446556091 -0.21554549351334573 0.20039581934159456 0.13987313434481621 -0.10577439003340577 -0.098554816363113265 0.030595227628946304 0.044818471585001268 -0.12666455641388893
leaf_weight=33 21 39 22 33 22 20 25 26 20 20 22 21 23 28 20 28 20
leaf_count=33 21 39 22 33 22 20 25 26 20 20 22 21 23 28 20 28 20
internal_value=-1.31289e-10 -0.00534997 -0.0171586 0.00676606 -0.0118723 -0.0805019 0.0185409 -0.00296328 -0.118833 -0.0736437 0.0228833 0.0590043 -0.0076428 0.0186067 -0.10164 -0.0268682 -0.0480347
internal_weight=443 422 383 278 245 105 183 158 83 63 132 99 43 77 62 56 40
internal_count=443 422 383 278 245 105 183 158 83 63 132 99 43 77 62 56 40
is_linear=0
shrinkage=0.1


Tree=45
num_leaves=16
num_cat=0
split_feature=11 14 14 12 12 14 12 1 11 11 14 10 2 11 10
split_gain=27.2504 188.702 46.0681 39.5058 87.3589 103.255 122.485 70.1611 27.1152 93.6153 61.5155 96.6305 26.2714 24.0104 12.2755
threshold=0.84500000000000008 70.000000000000014 79.000000000000014 105.75000000000001 94.15000000000002 12.500000000000002 77.700000000000003 1.5000000000000002 0.58500000000000008 0.51500000000000012 20.500000000000004 156.50000000000003 1.0000000180025095e-35 0.72500000000000009 189.50000000000003
decision_type=2 2 2 2 2 2 2 2 2 2 2 2 2 2 2
left_child=2 3 8 4 5 -2 7 -7 9 10 12 -12 -1 14 -10
right_child=1 -3 -4 -5 -6 6 -8 -9 13 -11 11 -13 -14 -15 -16
leaf_value=-0.14594467272135345 -0.16703190347727609 0.2731557575640855 -0.12536770647039283 -0.1010889895260334 0.19672003374858338 0.23191735640789074 -0.12405143811784942 -0.0031962794336405673 -0.1594016729295254 0.21172576886178418 -0.048158987617352982 0.22790542347800163 -0.00069754231721162795 0.0094339248112269812 -0.049933689442418876
leaf_weight=33 34 27 37 38 22 30 29 22 20 22 32 21 20 35 21
leaf_count=33 34 27 37 38 22 30 29 22 20 22 32 21 20 35 21
internal_value=3.74631e-10 0.0270905 -0.0227066 -0.0108738 0.0141494 -0.0207772 0.0406137 0.132446 -0.00408669 0.024006 -0.0149547 0.061225 -0.0911344 -0.0514007 -0.103333
internal_weight=443 202 241 175 137 115 81 52 204 128 106 53 53 76 41
internal_count=443 202 241 175 137 115 81 52 204 128 106 53 53 76 41
is_linear=0
shrinkage=0.1


Tree=46
num_leaves=18
num_cat=0
split_feature=14 10 2 12 10 1 12 11 3 12 14 14 10 14 3 12 12
split_gain=26.5401 47.0826 51.4156 67.8707 51.9932 70.0314 97.3057 47.2644 42.996 24.2753 22.4519 44.793 21.2309 15.8626 30.6514 11.4406 6.48186
threshold=5.5000000000000009 37.500000000000007 1.5000000000000002 129.45000000000002 184.50000000000003 1.5000000000000002 59.850000000000001 0.39500000000000007 1.0000000180025095e-35 38.250000000000007 48.500000000000007 28.500000000000004 117.50000000000001 31.500000000000004 0.40000000000000008 93.350000000000009 84.450000000000017
decision_type=2 2 2 2 2 2 2 2 2 2 2 2 2 2 2 2 2
left_child=-1 -2 3 4 5 6 -3 -4 -6 -7 11 16 -11 14 -9 -8 -10
right_child=1 2 7 -5 8 9 15 13 10 12 -12 -13 -14 -15 -16 -17 -18
leaf_value=0.10459481620270272 0.14400626415386797 0.26973934024572371 0.067115382514894004 0.15117518462240698 -0.14909542125250613 -0.1263392671942711 0.067761048390751796 -0.16739102275598616 -0.087323352694511414 -0.07674287238291333 -0.10218999528366586 0.12835677794434808 0.051141057338784726 -0.15935531617142262 -0.015370789811842972 -0.037918637171387673 -0.0077776055783033374
leaf_weight=23 20 24 20 30 35 20 21 21 21 21 23 22 34 32 36 20 20
leaf_count=23 20 24 20 30 35 20 21 21 21 21 23 22 34 32 36 20 20
internal_value=-2.22004e-10 -0.00572781 -0.0132145 0.00872789 -0.00764536 0.0338483 0.109821 -0.0717947 -0.0556546 -0.0319945 -0.0176263 0.0132461 0.00231265 -0.10301 -0.0713782 0.01621 -0.0485205
internal_weight=443 420 400 291 261 140 65 109 121 75 86 63 55 89 57 41 41
internal_count=443 420 400 291 261 140 65 109 121 75 86 63 55 89 57 41 41
is_linear=0
shrinkage=0.1


Tree=47
num_leaves=17
num_cat=0
split_feature=11 10 14 14 12 14 12 3 11 14 12 12 14 0 12 14
split_gain=26.2304 63.6843 42.9539 43.2585 51.0336 41.7231 49.8565 32.0163 58.7215 92.6493 73.8776 35.6926 67.3156 48.8771 47.6046 45.0164
threshold=0.24500000000000002 45.500000000000007 154.00000000000003 70.000000000000014 135.00000000000003 49.500000000000007 116.05000000000003 2.5000000000000004 1.135 22.500000000000004 68.850000000000009 86.350000000000009 29.500000000000004 1.5000000000000002 96.100000000000009 16.500000000000004
decision_type=2 2 2 2 2 2 2 2 2 2 2 2 2 2 2 2
left_child=-1 -2 3 4 5 6 7 11 9 10 -9 12 13 15 -13 -3
right_child=1 2 -4 -5 -6 -7 -8 8 -10 -11 -12 14 -14 -15 -16 -17
leaf_value=-0.085769988408410991 0.17652823641186668 0.018226215328489032 -0.14498683035373688 0.10653446899040749 -0.14980821337388911 -0.10954913851516 0.16095967848192563 0.22863333363085989 0.1745929840538237 -0.15852617422739668 -0.024942809895232874 0.14711915776133538 0.092236163305199681 -0.22493256566965064 -0.039191486150957647 -0.16432184875011446
leaf_weight=33 21 35 20 38 23 29 22 20 27 24 27 24 23 23 32 22
leaf_count=33 21 35 20 38 23 29 22 20 27 24 27 24 23 23 32 22
internal_value=1.34603e-09 0.00690344 -0.00225368 0.00548253 -0.0061186 0.00461147 0.0164776 0.00410951 0.0490673 0.00133215 0.0829619 -0.0236003 -0.0585357 -0.101883 0.0406559 -0.0522309
internal_weight=443 410 389 369 331 308 279 257 98 71 47 159 103 80 56 57
internal_count=443 410 389 369 331 308 279 257 98 71 47 159 103 80 56 57
is_linear=0
shrinkage=0.1


Tree=48
num_leaves=17
num_cat=0
split_feature=9 14 1 14 11 11 7 3 11 10 11 14 10 10 12 12
split_gain=25.8102 57.327 35.6346 115.579 49.0364 47.4027 34.0063 23.4243 59.6839 27.3076 58.401 28.2824 22.3448 24.8346 38.0514 14.1063
threshold=1.0000000180025095e-35 154.00000000000003 1.5000000000000002 65.500000000000014 1.3950000000000002 1.1850000000000003 1.5500000000000003 1.1000000000000003 0.53500000000000014 161.00000000000003 0.36500000000000005 15.500000000000002 281.50000000000006 145.00000000000003 70.050000000000011 65.40000000000002
decision_type=2 2 2 2 2 2 2 2 2 2 2 2 2 2 2 2
left_child=1 2 3 4 5 7 12 8 -1 10 -9 -11 13 15 -15 -4
right_child=-2 -3 6 -5 -6 -7 -8 9 -10 11 -12 -13 -14 14 -16 -17
leaf_value=-0.040874310693470764 0.096666344771018403 -0.15606555516521137 -0.14656826970369921 0.25665734412847091 0.11484356380999089 -0.15564075680006118 0.081433442359169328 0.03283279499521962 0.15719613867715515 0.11744504159405118 -0.1715400950662021 -0.030156352677766014 -0.15018712566012429 0.10671590793391933 -0.060839603401043198 -0.036974646026889484
leaf_weight=32 26 24 23 20 35 21 21 27 29 21 29 34 21 23 33 24
leaf_count=32 26 24 23 20 35 21 21 27 29 21 29 34 21 23 33 24
internal_value=-1.21619e-10 -0.00602716 0.00313549 0.0261604 0.00594137 -0.0138077 -0.036245 0.00350909 0.0532903 -0.0238482 -0.0730032 0.0262005 -0.0561745 -0.0370068 0.00797784 -0.0906056
internal_weight=443 417 393 248 228 193 145 172 61 111 56 55 124 103 56 47
internal_count=443 417 393 248 228 193 145 172 61 111 56 55 124 103 56 47
is_linear=0
shrinkage=0.1


Tree=49
num_leaves=18
num_cat=0
split_feature=7 12 12 3 14 14 12 10 10 14 10 10 12 14 10 10 11
split_gain=22.5245 77.3092 108.201 74.0274 70.6063 289.103 58.0307 51.6368 42.5119 39.7641 137.741 65.9956 43.8802 61.7585 36.1654 12.9148 11.0041
threshold=0.90000000000000013 56.400000000000013 36.900000000000013 0.40000000000000008 18.500000000000004 27.500000000000004 75.750000000000014 149.50000000000003 76.000000000000014 39.500000000000007 241.50000000000003 341.50000000000006 117.55000000000003 13.500000000000002 151.50000000000003 206.50000000000003 0.96500000000000008
decision_type=2 2 2 2 2 2 2 2 2 2 2 2 2 2 2 2 2
left_child=1 2 3 -1 14 -6 16 -7 -8 11 -11 12 13 -10 -2 -15 -3
right_child=4 6 -4 -5 5 7 8 -9 9 10 -12 -13 -14 15 -16 -17 -18
leaf_value=-0.11574319839477538 -0.23877192214131357 -0.072695394456386564 0.25120278391344797 0.10700857258729034 0.31570513157740887 -0.014192200479684053 -0.13014393754303455 -0.21364018261432649 0.1987704462979151 -0.021766542576444458 0.29589575341060048 -0.16668902039527894 -0.10280991584062577 0.048331989542297699 -0.052972177585417585 -0.060134713138852804 -0.17088753240449089
leaf_weight=25 20 25 29 37 23 27 20 25 23 39 21 22 20 23 22 21 21
leaf_count=25 20 25 29 37 23 27 20 25 23 39 21 22 20 23 22 21 21
internal_value=-4.31394e-10 0.0135086 0.091765 0.0171893 -0.0376393 0.0204937 -0.016795 -0.110081 0.00772067 0.024036 0.0894153 -0.0119526 0.0271762 0.065978 -0.141448 -0.00343621 -0.117522
internal_weight=443 326 91 62 117 75 235 52 189 169 60 109 87 67 42 44 46
internal_count=443 326 91 62 117 75 235 52 189 169 60 109 87 67 42 44 46
is_linear=0
shrinkage=0.1


Tree=50
num_leaves=17
num_cat=0
split_feature=9 14 12 12 12 12 12 12 12 14 11 7 11 10 11 11
split_gain=22.4993 46.5378 34.8446 32.1442 46.0961 83.7878 80.4061 64.2248 63.9528 56.0329 70.6221 85.5573 43.9871 20.0195 18.4895 16.6075
threshold=1.0000000180025095e-35 154.00000000000003 145.05000000000004 103.00000000000001 35.550000000000004 61.550000000000004 19.850000000000005 48.45000000000001 72.250000000000014 13.500000000000002 1.4550000000000003 0.45000000000000007 0.68500000000000016 225.50000000000003 1.2050000000000003 0.74500000000000011
decision_type=2 2 2 2 2 2 2 2 2 2 2 2 2 2 2 2
left_child=1 2 3 4 6 7 15 -6 -7 -10 11 13 -5 -11 -14 -1
right_child=-2 -3 -4 12 5 8 -8 -9 9 10 -12 -13 14 -15 -16 -17
leaf_value=-0.03057184304509844 0.090253489407209259 -0.1408114564915498 0.1312193637341261 0.031284880397074361 0.028268519043922427 -0.12785747046432189 -0.1860330197928024 0.26253979492187501 0.15462650145436158 -0.096950474353852109 -0.17157770015299323 0.17387813615302247 -0.16229123887605967 0.019971338007599117 -0.041533381030673076 0.096754930317401899
leaf_weight=21 26 24 20 34 22 31 29 25 29 27 20 30 32 32 21 20
leaf_count=21 26 24 20 34 22 31 29 25 29 27 20 30 32 32 21 20
internal_value=-6.30692e-13 -0.00562732 0.0026282 -0.00426676 0.0119242 0.0347787 -0.0585981 0.152881 0.00193371 0.0310897 -0.00177789 0.0363794 -0.0574924 -0.0335353 -0.114444 0.0315388
internal_weight=443 417 393 373 286 216 70 47 169 138 109 89 87 59 53 41
internal_count=443 417 393 373 286 216 70 47 169 138 109 89 87 59 53 41
is_linear=0
shrinkage=0.1


Tree=51
num_leaves=17
num_cat=0
split_feature=7 12 10 12 12 12 12 14 10 3 12 14 10 12 10 14
split_gain=22.3478 59.7827 90.2207 147.233 57.516 63.1529 45.2415 45.0797 114.226 87.1363 52.4273 65.0426 40.812 32.5729 11.1653 8.68348
threshold=0.90000000000000013 56.400000000000013 180.50000000000003 18.700000000000006 62.900000000000006 93.350000000000009 74.40000000000002 39.500000000000007 241.50000000000003 1.0000000180025095e-35 108.00000000000001 13.500000000000002 249.50000000000003 107.15000000000002 161.00000000000003 21.500000000000004
decision_type=2 2 2 2 2 2 2 2 2 2 2 2 2 2 2 2
left_child=1 2 3 -1 -2 -6 14 10 9 -9 11 -8 -13 -7 -3 -12
right_child=4 6 -4 -5 5 13 7 8 -10 -11 15 12 -14 -15 -16 -17
leaf_value=-0.047594570076983908 -0.14703851782662028 -0.16290292128920558 -0.059711151230148973 0.27296727825152245 0.11210016874486911 -0.15942277922516779 0.1389715264968831 0.12866721891544083 0.26638447131429399 -0.14685815138121447 -0.074182395366105172 0.020589910208114556 -0.15574751765955064 0.005331959229494844 -0.057236856222152716 -0.16408246681094171
leaf_weight=23 34 20 30 38 34 21 29 22 21 24 22 35 21 28 20 21
leaf_count=23 34 20 30 38 34 21 29 22 21 24 22 35 21 28 20 21
internal_value=-3.72634e-10 0.0134555 0.0822719 0.1521 -0.0374913 0.0073834 -0.0131926 0.00667967 0.0731367 -0.0150851 -0.0281064 0.0174132 -0.0455366 -0.0652772 -0.11007 -0.118087
internal_weight=443 326 91 61 117 83 235 195 67 46 128 85 56 49 40 43
internal_count=443 326 91 61 117 83 235 195 67 46 128 85 56 49 40 43
is_linear=0
shrinkage=0.1


Tree=52
num_leaves=18
num_cat=0
split_feature=14 10 2 12 11 1 14 14 11 11 10 11 14 10 14 11 12
split_gain=20.3525 37.3101 50.1014 59.6538 39.7923 39.7308 55.893 72.6277 111.013 29.8334 37.7465 28.7317 32.3008 26.8374 22.2538 18.729 10.3349
threshold=5.5000000000000009 45.500000000000007 1.5000000000000002 121.75000000000001 1.9850000000000001 1.5000000000000002 14.500000000000002 23.250000000000004 0.82500000000000007 0.6150000000000001 169.50000000000003 0.66500000000000015 47.500000000000007 178.50000000000003 39.500000000000007 1.155 80.550000000000011
decision_type=2 2 2 2 2 2 2 2 2 2 2 2 2 2 2 2 2
left_child=-1 -2 3 4 5 6 -3 -8 -9 16 -11 14 13 -13 -7 -12 -4
right_child=1 2 9 -5 -6 11 7 8 -10 10 15 12 -14 -15 -16 -17 -18
leaf_value=0.091594081226250401 0.10650411269494467 0.16864180501018253 -0.054968592487275605 0.12715026099939605 -0.14419066168135034 -0.17600423069227311 -0.12187281724964749 -0.068341198764168304 0.22679001426696779 -0.22043996073982935 0.0021483410959658418 0.10912071032050466 -0.10110555618353512 -0.028134765347530101 -0.030422274165210275 -0.13016789082437755 0.046692319326102738
leaf_weight=23 28 28 20 37 20 21 29 26 25 22 23 28 23 29 21 20 20
leaf_count=23 28 28 20 37 20 21 29 26 25 22 23 28 23 29 21 20 20
internal_value=4.62192e-10 -0.00501587 -0.0129816 0.00864241 -0.00889675 0.00286794 0.047042 0.00448209 0.076331 -0.0720871 -0.113902 -0.036237 -0.00107445 0.039289 -0.103213 -0.0593941 -0.00413814
internal_weight=443 420 392 287 250 230 108 80 51 105 65 122 80 57 42 43 40
internal_count=443 420 392 287 250 230 108 80 51 105 65 122 80 57 42 43 40
is_linear=0
shrinkage=0.1


Tree=53
num_leaves=18
num_cat=0
split_feature=12 7 12 11 10 11 1 10 11 14 11 14 3 10 12 11 10
split_gain=20.8922 31.6322 112.094 57.7963 53.5469 141.056 170.872 54.5581 65.0941 77.338 55.6689 36.6349 31.5262 32.6753 28.4797 23.0535 19.5359
threshold=14.200000000000001 0.90000000000000013 62.900000000000006 0.49500000000000005 124.50000000000001 0.53500000000000014 1.5000000000000002 145.00000000000003 0.88500000000000012 18.500000000000004 1.0600000000000003 16.500000000000004 0.40000000000000008 260.50000000000006 90.450000000000017 0.51500000000000012 226.50000000000003
decision_type=2 2 2 2 2 2 2 2 2 2 2 2 2 2 2 2 2
left_child=-1 4 -3 -4 5 11 -7 -6 9 -9 -10 -2 -12 -14 -5 -11 -17
right_child=1 2 3 14 7 6 -8 8 10 15 12 -13 13 -15 -16 16 -18
leaf_value=0.094999144294045199 0.03833669964969158 -0.22804584296213257 0.15462499000132085 0.045212614140473312 -0.16966900000614782 0.35426887154046982 -0.028434078395366671 -0.20655260194952671 0.20077660055387592 0.068039682842101212 -0.053235004459108629 -0.13463285090401769 -0.0047308894495169326 0.16833671115338802 -0.093239752496950906 -0.12143545687198638 0.018335322737693789
leaf_weight=22 25 27 20 24 21 28 20 26 21 27 35 24 24 20 39 20 20
leaf_count=22 25 27 20 24 21 28 20 26 21 27 35 24 24 20 39 20 20
internal_value=-1.21093e-10 -0.00496433 -0.0510544 0.00652111 0.0113376 0.0729699 0.194809 -0.0165985 5.68779e-05 -0.0601645 0.0560628 -0.0463831 0.0175945 0.0739362 -0.040496 -0.00335718 -0.0515501
internal_weight=443 421 110 83 311 97 48 214 193 93 100 49 79 44 63 67 40
internal_count=443 421 110 83 311 97 48 214 193 93 100 49 79 44 63 67 40
is_linear=0
shrinkage=0.1


Tree=54
num_leaves=18
num_cat=0
split_feature=9 14 12 13 12 12 12 10 14 0 12 10 10 1 11 14 14
split_gain=18.3007 38.4138 24.9642 27.9858 47.1807 144.834 46.9862 40.7808 62.2614 60.915 81.8878 39.9953 30.5203 24.271 22.6542 48.1515 16.2774
threshold=1.0000000180025095e-35 154.00000000000003 145.05000000000004 3.5000000000000004 35.550000000000004 61.550000000000004 15.900000000000002 175.50000000000003 40.500000000000007 1.0000000180025095e-35 97.500000000000014 149.50000000000003 76.000000000000014 1.0000000180025095e-35 0.72500000000000009 36.500000000000007 15.500000000000002
decision_type=2 2 2 2 2 2 2 2 2 2 2 2 2 2 2 2 2
left_child=1 2 3 14 6 -6 -5 11 9 10 -9 12 -7 -14 -1 16 -16
right_child=-2 -3 -4 4 5 7 -8 8 -10 -11 -12 -13 13 -15 15 -17 -18
leaf_value=0.019050647888113472 0.081398027906051051 -0.12789444054166477 0.11126853855326774 0.041509665872739715 0.22093738698533605 -0.10324448499207695 -0.14468123226454763 0.032136950641870499 -0.080232451414620432 -0.031947948487306185 0.31829745538532733 -0.16978829673358375 0.10509233064949514 -0.042116825353531617 -0.08365874063844482 -0.20697649493813516 0.032808055356144908
leaf_weight=34 26 24 20 23 35 24 33 20 27 22 20 21 24 21 24 21 24
leaf_count=34 26 24 20 23 35 24 33 20 27 22 20 21 24 21 24 21 24
internal_value=2.34197e-10 -0.00507518 0.00242524 -0.00341087 0.0135072 0.0348912 -0.06821 -0.0014866 0.0465119 0.101707 0.175217 -0.0489518 -0.0121754 0.0363947 -0.0477592 -0.08068 -0.0254253
internal_weight=443 417 393 373 270 214 56 179 89 62 40 90 69 45 103 69 48
internal_count=443 417 393 373 270 214 56 179 89 62 40 90 69 45 103 69 48
is_linear=0
shrinkage=0.1


Tree=55
num_leaves=18
num_cat=0
split_feature=14 11 11 10 10 10 12 2 11 11 14 10 12 14 12 14 12
split_gain=22.7764 41.1944 26.4304 62.9863 34.6894 67.6463 33.7337 29.6742 61.4762 42.9821 60.6937 33.9053 35.7158 25.6772 23.4913 28.2434 11.5554
threshold=95.500000000000014 0.66500000000000015 1.3950000000000002 316.00000000000006 167.50000000000003 316.00000000000006 116.05000000000003 1.5000000000000002 0.87500000000000011 0.34500000000000003 8.5000000000000018 156.50000000000003 72.250000000000014 25.500000000000004 91.100000000000009 30.500000000000004 132.25000000000003
decision_type=2 2 2 2 2 2 2 2 2 2 2 2 2 2 2 2 2
left_child=2 -2 3 6 -4 -6 7 9 13 -1 -11 12 -12 -9 15 -13 -8
right_child=1 -3 4 -5 5 -7 16 8 -10 10 11 14 -14 -15 -16 -17 -18
leaf_value=-0.11649575889110567 -0.039538019299507149 0.1530106714963913 0.1489206834331803 -0.14623914682439396 -0.10784885953538692 0.13677531734108925 0.13162470727804162 0.033968925677441267 -0.21552609205245973 0.1673681191187352 -0.15005631065368652 -0.063034739428096342 0.010591004224073504 -0.10666675060987472 0.12888701205903835 0.093752406910061842 0.025415964126586917
leaf_weight=25 20 25 23 35 26 20 21 37 21 25 25 27 31 20 22 20 20
leaf_count=25 20 25 23 35 26 20 21 37 21 25 25 27 31 20 22 20 20
internal_value=5.18745e-10 0.0674335 -0.00762439 -0.0194259 0.0486465 -0.00149052 -0.00432907 -0.0179652 -0.0692632 0.00489912 0.0251316 -0.0033157 -0.0611265 -0.0153769 0.0436033 0.0036832 0.0798156
internal_weight=443 45 398 329 69 46 294 253 78 175 150 125 56 57 69 47 41
internal_count=443 45 398 329 69 46 294 253 78 175 150 125 56 57 69 47 41
is_linear=0
shrinkage=0.1


Tree=56
num_leaves=17
num_cat=0
split_feature=10 14 11 12 14 10 2 11 1 10 11 12 13 14 11 11
split_gain=18.5343 21.9223 160.56 56.8115 25.2717 29.9642 47.1467 80.2803 83.0214 99.0615 53.225 35.0318 26.9358 20.842 16.0814 40.5143
threshold=393.00000000000006 70.000000000000014 0.84500000000000008 135.00000000000003 49.500000000000007 314.00000000000006 1.0000000180025095e-35 0.34500000000000003 1.5000000000000002 133.50000000000003 0.36500000000000005 76.40000000000002 3.5000000000000004 16.500000000000004 0.7350000000000001 1.0150000000000003
decision_type=2 2 2 2 2 2 2 2 2 2 2 2 2 2 2 2
left_child=1 3 -3 4 5 6 7 -1 9 -9 -8 -11 -12 -14 -10 -16
right_child=-2 2 -4 -5 -6 -7 10 8 14 11 12 -13 13 -15 15 -17
leaf_value=-0.14031485286743747 -0.089477886784483096 -0.070247139265904063 0.2505691320850299 -0.16462819473374457 -0.084291859125268875 0.11009461674196969 0.085112562707879327 0.32275082014855888 -0.061834139795973901 -0.030524851855906573 0.0053287830381166376 0.14093159830484253 -0.19540789997577668 -0.072688461022992298 0.1362092657103425 -0.041468990285118877
leaf_weight=23 22 39 26 21 29 29 22 21 32 22 21 26 25 31 21 33
leaf_count=23 22 39 26 21 29 29 22 21 32 22 21 26 25 31 21 33
internal_value=5.79291e-10 0.0046758 0.0580794 -0.00507485 0.00492701 0.0133824 0.00325728 0.0340249 0.0598946 0.141601 -0.0520622 0.0623474 -0.091255 -0.127474 -0.00566017 0.0276281
internal_weight=443 421 65 356 335 306 277 178 155 69 99 48 77 56 86 54
internal_count=443 421 65 356 335 306 277 178 155 69 99 48 77 56 86 54
is_linear=0
shrinkage=0.1


Tree=57
num_leaves=18
num_cat=0
split_feature=12 10 11 10 11 11 14 14 10 7 10 10 10 10 14 1 11
split_gain=19.9871 86.446 35.8038 62.2648 54.5807 45.1404 83.3621 62.9991 50.3435 45.678 44.1905 42.1363 36.3554 68.0697 42.4208 34.0943 50.4447
threshold=52.900000000000006 79.000000000000014 0.31500000000000006 66.500000000000014 0.40500000000000008 0.9850000000000001 76.500000000000014 14.500000000000002 127.50000000000001 1.5500000000000003 198.50000000000003 244.50000000000003 352.50000000000006 220.50000000000003 41.500000000000007 1.0000000180025095e-35 0.84500000000000008
decision_type=2 2 2 2 2 2 2 2 2 2 2 2 2 2 2 2 2
left_child=1 -1 -2 -4 -5 6 8 -7 -6 10 -10 -12 13 14 -9 16 -3
right_child=2 15 3 4 5 7 -8 12 9 -11 11 -13 -14 -15 -16 -17 -18
leaf_value=0.20935394621413686 0.08826792959589512 0.034603405826621587 -0.17750052136058611 -0.16453512892836619 0.15444561681710184 0.10635291001071101 0.23090569593012333 0.054583507135510446 -0.15294788479804994 0.11074559418928057 0.11403801389038565 -0.077466981237133359 0.04169629734009505 -0.22672280177474022 -0.14081019926816227 0.066427074621121088 -0.16252881145477296
leaf_weight=23 32 27 24 21 20 23 20 25 29 21 20 27 20 30 20 36 25
leaf_count=23 32 27 24 21 20 23 20 25 29 21 20 27 20 30 20 36 25
internal_value=5.00349e-11 0.036735 -0.0122819 -0.0230072 -0.009573 0.00318859 0.0422361 -0.0421462 0.0099849 -0.0198008 -0.0558729 0.00402451 -0.0780987 -0.110044 -0.0322581 -0.00838129 -0.0601717
internal_weight=443 111 332 300 276 255 137 118 117 97 76 47 95 75 45 88 52
internal_count=443 111 332 300 276 255 137 118 117 97 76 47 95 75 45 88 52
is_linear=0
shrinkage=0.1


Tree=58
num_leaves=18
num_cat=0
split_feature=11 10 11 11 7 14 10 10 11 11 12 2 12 12 12 10 11
split_gain=18.5296 54.2891 38.6504 25.6394 28.2767 72.6041 45.6469 80.822 31.7607 89.6642 38.0214 69.1675 119.047 55.237 27.9632 37.1007 8.07647
threshold=0.24500000000000002 45.500000000000007 0.31500000000000006 0.40500000000000008 1.5500000000000003 29.500000000000004 93.500000000000014 124.50000000000001 0.88500000000000012 1.0150000000000003 75.950000000000017 1.0000000180025095e-35 98.050000000000011 45.150000000000013 70.050000000000011 198.50000000000003 0.68500000000000016
decision_type=2 2 2 2 2 2 2 2 2 2 2 2 2 2 2 2 2
left_child=-1 -2 -3 -4 6 -6 -5 -8 14 -10 13 12 -12 -11 -9 -16 -17
right_child=1 2 3 4 5 -7 7 8 9 10 11 -13 -14 -15 15 16 -18
leaf_value=-0.072088612441086414 0.16241594467844284 0.13274179004132747 -0.097030805628145908 -0.12642798185115681 0.17302940753953799 -0.07643419668078423 0.15165330409522981 0.01625302854564882 0.20705548822879793 0.019684149324893953 0.12255127687007189 0.15878625807041924 -0.21454718620939689 -0.21252664412770952 -0.19536426281929017 -0.0018733960130940313 -0.087648961160864153
leaf_weight=33 21 20 31 32 28 20 31 31 20 20 20 24 22 21 25 23 21
leaf_count=33 21 20 31 32 28 20 31 31 20 20 20 24 22 21 25 23 21
internal_value=-4.06586e-10 0.00580225 -0.00265247 -0.00999091 -0.00200796 0.0690862 -0.0137753 0.000197148 -0.0204863 0.0127054 -0.0236217 0.0233615 -0.0540241 -0.0992531 -0.0626398 -0.0980844 -0.0428117
internal_weight=443 410 389 369 338 48 290 258 227 127 107 66 42 41 100 69 44
internal_count=443 410 389 369 338 48 290 258 227 127 107 66 42 41 100 69 44
is_linear=0
shrinkage=0.1


Tree=59
num_leaves=16
num_cat=0
split_feature=10 13 14 12 12 12 11 1 2 3 14 2 12 14 10
split_gain=18.6109 21.0964 69.0248 26.2332 78.2682 72.8138 65.1478 89.895 198.848 38.3095 31.6872 18.9273 21.6405 11.8658 10.8154
threshold=393.00000000000006 3.5000000000000004 101.50000000000001 101.65000000000002 87.850000000000009 77.700000000000003 0.42500000000000004 1.5000000000000002 1.0000000180025095e-35 1.1000000000000003 23.250000000000004 1.0000000180025095e-35 89.15000000000002 23.250000000000004 206.50000000000003
decision_type=2 2 2 2 2 2 2 2 2 2 2 2 2 2 2
left_child=1 11 3 4 5 6 -3 8 -8 -5 -9 12 -1 -6 -11
right_child=-2 2 -4 9 13 -7 7 10 -10 14 -12 -13 -14 -15 -16
leaf_value=-0.0078774069612090655 -0.089662564681334933 -0.099193269003401793 0.15721793686971069 0.044040697453350861 0.18647857044513028 -0.16128168790428729 0.36999769767989288 0.043698516204243615 -0.026830474074397773 -0.060284193046391016 -0.12803499590266834 0.02487006152146741 -0.11603277141379345 0.082185947746038435 -0.15522031897590274
leaf_weight=37 22 34 32 29 24 27 23 21 28 28 22 38 37 20 21
leaf_count=37 22 34 32 29 24 27 23 21 28 28 22 38 37 20 21
internal_value=1.04274e-10 0.00468545 0.0181624 0.00209826 0.0213649 -0.0120489 0.0194299 0.0623361 0.152131 -0.0470565 -0.0441651 -0.0324966 -0.0619551 0.139073 -0.100971
internal_weight=443 421 309 277 199 155 128 94 51 78 43 112 74 44 49
internal_count=443 421 309 277 199 155 128 94 51 78 43 112 74 44 49
is_linear=0
shrinkage=0.1


Tree=60
num_leaves=19
num_cat=0
split_feature=6 2 14 11 12 3 10 12 12 11 12 10 7 3 12 11 10 10
split_gain=18.0413 44.8885 44.4641 83.6327 167.417 97.6165 121.519 101.651 89.3821 60.7644 46.1731 41.9433 56.7388 82.4582 42.4198 33.3052 16.2488 9.39818
threshold=1.0000000180025095e-35 2.5000000000000004 18.500000000000004 1.1200000000000003 78.15000000000002 1.0000000180025095e-35 123.50000000000001 70.90000000000002 91.65000000000002 1.5750000000000004 94.15000000000002 256.50000000000006 0.90000000000000013 2.5000000000000004 32.650000000000006 0.77500000000000013 146.50000000000003 238.50000000000003
decision_type=2 2 2 2 2 2 2 2 2 2 2 2 2 2 2 2 2 2
left_child=1 2 9 5 -5 8 10 -8 -4 11 -7 12 13 14 -1 17 -16 -9
right_child=-2 -3 3 4 -6 6 7 15 -10 -11 -12 -13 -14 -15 16 -17 -18 -19
leaf_value=-0.11791969168753852 0.092808303236961376 -0.14691626700971808 -0.035350226983428004 0.30577275701637929 -0.011492693118112258 -0.29809055044537497 0.19975753558630294 0.048734158135595777 0.22554044410072527 -0.20159692898392678 -0.088389844837642853 -0.12378881669470243 -0.11484258352563932 0.23115132391452789 0.12132875816896559 -0.15285324723947616 -0.0061419388651847845 -0.047049013972282415
leaf_weight=21 20 21 24 29 39 21 22 21 29 20 21 28 26 20 20 21 20 20
leaf_count=21 20 21 24 29 39 21 22 21 29 20 21 28 26 20 20 21 20 20
internal_value=-3.11102e-10 -0.0043881 0.0030574 0.0294031 0.123812 -0.00646165 -0.0543564 0.0150855 0.107401 -0.0389257 -0.19324 -0.0148263 0.0136873 0.0549438 -0.00282913 -0.0504432 0.0575934 0.00201066
internal_weight=443 423 402 247 68 179 126 84 53 155 42 135 107 81 61 62 40 41
internal_count=443 423 402 247 68 179 126 84 53 155 42 135 107 81 61 62 40 41
is_linear=0
shrinkage=0.1


Tree=61
num_leaves=17
num_cat=0
split_feature=14 10 10 12 10 12 11 10 11 11 10 12 12 12 3 11
split_gain=17.5857 33.39 52.1865 45.3963 31.8089 43.5438 73.1008 117.163 108.901 70.3161 42.4881 34.5605 48.6958 25.6636 22.1268 15.7395
threshold=5.5000000000000009 316.00000000000006 352.50000000000006 121.75000000000001 184.50000000000003 77.050000000000011 0.54500000000000015 95.000000000000014 1.0150000000000003 0.59500000000000008 131.50000000000003 75.750000000000014 86.350000000000009 50.800000000000004 2.5000000000000004 0.9850000000000001
decision_type=2 2 2 2 2 2 2 2 2 2 2 2 2 2 2 2
left_child=-1 3 -3 4 5 6 -2 -8 -9 14 -11 13 -13 -6 -7 -14
right_child=1 2 -4 -5 11 9 7 8 -10 10 -12 12 15 -15 -16 -17
leaf_value=0.085140933161196503 -0.05122589351315248 -0.20109694408518927 -0.0027361632014314338 0.10993104852539928 -0.046541454195976259 0.13644081509926104 0.30061239028970399 0.18704407487226571 -0.1144664216041565 -0.17403153244351202 0.001950160122436026 0.12391109949066526 -0.0081619849911442523 -0.19649531472296944 -0.007065988083680471 -0.12359359473699616
leaf_weight=23 38 21 36 38 25 22 24 23 25 34 23 21 27 21 21 21
leaf_count=23 38 21 36 38 25 22 24 23 25 34 23 21 27 21 21 21
internal_value=9.46039e-12 -0.00466248 -0.0758165 0.00651046 -0.0055818 0.0175693 0.0609861 0.120209 0.0300074 -0.0301891 -0.103021 -0.0478578 -0.00309719 -0.114999 0.0663561 -0.0586633
internal_weight=443 420 57 363 325 210 110 72 48 100 57 115 69 46 43 48
internal_count=443 420 57 363 325 210 110 72 48 100 57 115 69 46 43 48
is_linear=0
shrinkage=0.1


Tree=62
num_leaves=19
num_cat=0
split_feature=9 14 12 3 12 12 10 11 10 12 12 12 11 3 2 12 10 1
split_gain=16.4441 39.3089 27.1463 68.3526 68.2683 47.4942 34.816 29.3755 51.7698 58.5318 33.0149 52.3085 29.169 53.224 41.7159 34.3227 63.2124 12.4308
threshold=1.0000000180025095e-35 154.00000000000003 35.550000000000004 0.40000000000000008 61.550000000000004 48.45000000000001 146.50000000000003 0.31500000000000006 76.000000000000014 72.250000000000014 80.550000000000011 86.350000000000009 1.6050000000000002 1.1000000000000003 1.0000000180025095e-35 103.00000000000001 214.50000000000003 1.0000000180025095e-35
decision_type=2 2 2 2 2 2 2 2 2 2 2 2 2 2 2 2 2 2
left_child=1 2 3 -1 5 -4 -5 -6 -9 -10 -11 -12 13 14 -13 17 -17 -15
right_child=-2 -3 4 6 7 -7 -8 8 9 10 11 12 -14 15 -16 16 -18 -19
leaf_value=-0.1996409764344042 0.07715852879560911 -0.12905276467402776 0.019259532608769156 0.094908037066459672 0.10175403122169276 0.22071907222270967 -0.075572932252417443 -0.1570463720223178 -0.14742124533901613 0.11853351167270117 -0.13558528224627178 0.17267013479162147 0.13580078152939676 -0.028446455982824165 -0.015252929708609978 0.020139845609664919 -0.2282697454804466 0.078300460614264017
leaf_weight=22 26 24 22 25 24 25 23 23 24 28 24 27 20 24 21 20 21 20
leaf_count=22 26 24 22 25 24 25 23 23 24 28 24 27 20 24 21 20 21 20
internal_value=1.17939e-10 -0.00481084 0.00277645 -0.0536797 0.0150115 0.126419 0.0132192 -0.00396001 -0.014028 0.00033627 0.0176347 0.00167332 0.0232041 0.00627225 0.0904538 -0.0412656 -0.107094 0.0200749
internal_weight=443 417 393 70 323 47 48 276 252 229 205 177 153 133 48 85 41 44
internal_count=443 417 393 70 323 47 48 276 252 229 205 177 153 133 48 85 41 44
is_linear=0
shrinkage=0.1


Tree=63
num_leaves=17
num_cat=0
split_feature=14 10 14 10 12 12 12 14 10 10 12 3 11 11 10 14
split_gain=14.2909 30.6816 47.0666 29.3067 55.5318 32.9384 58.0366 39.371 70.2794 76.9121 80.2224 47.3407 26.6667 19.7224 18.945 15.8927
threshold=5.5000000000000009 37.500000000000007 10.500000000000002 316.00000000000006 121.75000000000001 93.350000000000009 87.850000000000009 21.500000000000004 103.50000000000001 214.50000000000003 55.650000000000006 2.5000000000000004 0.94500000000000006 0.51500000000000012 175.50000000000003 21.500000000000004
decision_type=2 2 2 2 2 2 2 2 2 2 2 2 2 2 2 2
left_child=-1 -2 14 4 5 6 7 11 -9 10 -10 -4 13 -7 -3 -5
right_child=1 2 3 15 -6 12 -8 8 9 -11 -12 -13 -14 -15 -16 -17
leaf_value=0.076751767163691309 0.1166700110770762 -0.16584123207013246 -0.012808916063019725 0.0040319331362843516 0.13990226965397598 -0.089094978164542815 0.18068644163154424 -0.19747552204699745 -0.075710277108564261 -0.13961311404903728 0.17582626389339567 0.16573874542006739 -0.13804990743845702 0.03108473898222049 -0.046057080603655313 -0.10960278999991716
leaf_weight=23 20 23 33 20 32 22 21 21 21 24 32 27 25 36 31 32
leaf_count=23 20 23 33 20 32 22 21 21 21 24 32 27 25 36 31 32
internal_value=-1.04947e-09 -0.00420307 -0.0102467 0.0033047 0.0155445 0.000355742 0.0245 0.00374099 -0.0353181 0.00890662 0.0761608 0.0675375 -0.0517143 -0.0145007 -0.0970763 -0.0658971
internal_weight=443 420 400 346 294 262 179 158 98 77 53 60 83 58 54 52
internal_count=443 420 400 346 294 262 179 158 98 77 53 60 83 58 54 52
is_linear=0
shrinkage=0.1


Tree=64
num_leaves=17
num_cat=0
split_feature=11 10 10 12 11 12 14 11 10 11 11 12 14 11 12 14
split_gain=15.5314 34.2121 59.0942 28.4081 23.739 19.261 50.4629 49.8622 148.714 105.692 63.5024 32.6777 22.3838 31.451 43.1402 19.0388
threshold=1.6050000000000002 316.00000000000006 281.50000000000006 101.65000000000002 2.0650000000000004 93.350000000000009 109.00000000000001 0.56500000000000006 131.50000000000003 0.44500000000000006 1.1950000000000001 60.70000000000001 58.000000000000007 0.51500000000000012 106.15000000000002 24.500000000000004
decision_type=2 2 2 2 2 2 2 2 2 2 2 2 2 2 2 2
left_child=1 2 5 -3 -2 6 7 9 -9 11 15 -1 13 -7 -15 -10
right_child=4 3 -4 -5 -6 12 -8 8 10 -11 -12 -13 -14 14 -16 -17
leaf_value=-0.079795577679760754 0.12161987063288689 -0.017845684230327608 0.16635870814678216 -0.17774347007274627 -0.012446626116122518 -0.096393955397334974 0.15861341014859223 -0.21430375095870763 0.022185511930900462 0.2486853539788475 0.18036056884697504 0.083148016845807443 -0.12747392834470425 -0.064531841732818507 0.10264682765259887 -0.098916836011977427
leaf_weight=32 25 25 21 20 28 33 21 36 34 21 21 20 23 29 33 21
leaf_count=32 25 25 21 20 28 33 21 36 34 21 21 20 23 29 33 21
internal_value=6.30239e-10 -0.00690254 0.00379426 -0.0889114 0.0507923 -0.00674232 0.011711 -0.00496441 -0.0468778 0.059341 0.0324293 -0.017125 -0.0389574 -0.0175271 0.0244504 -0.0240536
internal_weight=443 390 345 45 53 324 206 185 112 73 76 52 118 95 62 55
internal_count=443 390 345 45 53 324 206 185 112 73 76 52 118 95 62 55
is_linear=0
shrinkage=0.1


Tree=65
num_leaves=17
num_cat=0
split_feature=9 14 10 14 12 3 12 10 11 14 7 14 14 10 12 11
split_gain=15.4584 36.3267 18.0011 35.232 31.8341 31.3031 40.525 64.3838 35.9389 53.0385 26.5122 26.3865 41.7051 26.487 22.3209 12.2578
threshold=1.0000000180025095e-35 154.00000000000003 54.000000000000007 70.000000000000014 135.00000000000003 2.5000000000000004 45.150000000000013 198.50000000000003 0.58500000000000008 21.500000000000004 1.0000000180025095e-35 9.5000000000000018 15.500000000000002 262.50000000000006 77.700000000000003 0.88500000000000012
decision_type=2 2 2 2 2 2 2 2 2 2 2 2 2 2 2 2
left_child=1 2 -1 4 5 8 -7 10 9 -4 -8 -10 -13 14 -14 -9
right_child=-2 -3 3 -5 -6 6 7 15 11 -11 -12 12 13 -15 -16 -17
leaf_value=-0.063756771745613297 0.074810440035966735 -0.12410054554541905 -0.047106318163375065 0.10332134659919474 -0.11178985008349021 0.17813413739204409 -0.12194730380017843 0.061210385108223332 -0.14543646761904591 0.14254770307191486 0.026691397545593128 0.094891279901970521 0.044372029172686428 -0.14838485489599407 -0.085443064004734726 0.16534227896481754
leaf_weight=37 26 24 30 36 24 20 28 26 23 29 21 22 26 24 27 20
leaf_count=37 26 24 30 36 24 20 28 26 23 29 21 22 26 24 27 20
internal_value=-4.2782e-10 -0.00466444 0.00262937 0.00952905 -0.00102258 0.00795855 0.0487565 0.0215191 -0.0179628 0.0461135 -0.058245 -0.0489505 -0.0265345 -0.0612276 -0.0217602 0.106485
internal_weight=443 417 393 356 320 296 115 95 181 59 49 122 99 77 53 46
internal_count=443 417 393 356 320 296 115 95 181 59 49 122 99 77 53 46
is_linear=0
shrinkage=0.1


Tree=66
num_leaves=18
num_cat=0
split_feature=14 10 12 2 12 10 1 14 3 10 12 1 10 12 14 3 10
split_gain=14.2645 37.1318 89.1707 41.1171 39.0661 33.8866 37.9269 48.8891 31.3317 26.7998 22.7006 22.6298 22.1903 19.9674 38.2576 10.782 20.6384
threshold=5.5000000000000009 81.500000000000014 65.40000000000002 1.5000000000000002 129.45000000000002 201.00000000000003 1.5000000000000002 23.250000000000004 2.5000000000000004 50.000000000000007 75.950000000000017 1.0000000180025095e-35 145.00000000000003 58.850000000000001 27.500000000000004 1.0000000180025095e-35 214.50000000000003
decision_type=2 2 2 2 2 2 2 2 2 2 2 2 2 2 2 2 2
left_child=-1 2 -2 4 5 6 7 -3 10 -4 -7 -10 -5 -8 -15 -14 -17
right_child=1 3 9 12 -6 8 13 -9 11 -11 -12 -13 15 14 -16 16 -18
leaf_value=0.076680979650953551 0.22359387550664989 0.016335030222045525 -0.10115128964895295 -0.15204366777951903 0.11515463968472822 -0.18766677267849446 -0.097377372315774369 0.21232712537981571 -0.058009269833564761 0.056783999367193742 -0.055433753229728024 0.076649057120084768 -0.096085317373275761 -0.083001742228156039 0.101818742385755 0.057828606948966077 -0.079288353349851529
leaf_weight=23 23 35 21 26 28 20 24 20 26 22 37 24 25 21 24 21 23
leaf_count=23 23 35 21 26 28 20 24 20 26 22 37 24 25 21 24 21 23
internal_value=-6.81884e-10 -0.0041992 0.0646626 -0.0170378 0.00360273 -0.00991871 0.0256599 0.0876049 -0.05115 -0.0203472 -0.101831 0.00662673 -0.0733105 -0.0237166 0.0155692 -0.043643 -0.0138462
internal_weight=443 420 66 354 259 231 124 55 107 43 57 50 95 69 45 69 44
internal_count=443 420 66 354 259 231 124 55 107 43 57 50 95 69 45 69 44
is_linear=0
shrinkage=0.1


Tree=67
num_leaves=18
num_cat=0
split_feature=11 9 14 11 10 12 10 14 0 10 11 11 12 11 12 12 1
split_gain=15.5655 29.566 43.6622 29.0608 48.8926 60.316 35.611 67.2596 26.2853 38.9117 24.7399 58.4319 45.5293 32.4342 21.3774 20.8605 13.9968
threshold=1.6050000000000002 1.0000000180025095e-35 154.00000000000003 1.0150000000000003 145.00000000000003 98.90000000000002 318.50000000000006 74.500000000000014 1.5000000000000002 156.50000000000003 0.58500000000000008 0.44500000000000006 74.850000000000009 0.76500000000000012 94.550000000000011 90.450000000000017 1.0000000180025095e-35
decision_type=2 2 2 2 2 2 2 2 2 2 2 2 2 2 2 2 2
left_child=1 2 3 6 -5 16 7 8 10 -10 11 12 -1 -12 -2 -15 -6
right_child=14 -3 -4 4 5 -7 -8 -9 9 -11 13 -13 -14 15 -16 -17 -18
leaf_value=-0.1112460575199553 -0.00060056140646338465 0.10307485798130865 -0.15747403234243396 -0.17724253044774135 0.11771268412648213 -0.15113093143329026 -0.11393235680602848 0.19283391584952672 -0.13691073654751693 0.021249568217567037 -0.09016577890142799 0.17960254452351868 0.079456604452383131 0.11100363196297125 0.12924594083091331 -0.026706620847637003 0.00082139089703559876
leaf_weight=21 32 23 20 24 21 20 21 21 28 35 32 29 31 22 21 22 20
leaf_count=21 32 23 20 24 21 20 21 21 28 35 32 29 31 22 21 22 20
internal_value=7.88996e-10 -0.00691012 -0.0138029 -0.00552215 -0.0563299 -0.00875778 0.0109613 0.0218441 0.00552239 -0.0490439 0.0274184 0.0658699 0.00244207 -0.0135628 0.0508481 0.0421485 0.0606925
internal_weight=443 390 367 347 85 61 262 241 220 63 157 81 52 76 53 44 41
internal_count=443 390 367 347 85 61 262 241 220 63 157 81 52 76 53 44 41
is_linear=0
shrinkage=0.1


Tree=68
num_leaves=18
num_cat=0
split_feature=11 14 0 14 10 3 2 11 12 12 12 14 1 10 12 12 12
split_gain=15.2513 88.6898 38.4633 79.3231 64.0473 38.8316 47.313 45.0415 56.8801 24.0823 29.4904 32.6981 38.2762 37.6969 28.127 25.7349 42.6088
threshold=0.84500000000000008 79.000000000000014 1.0000000180025095e-35 18.500000000000004 339.00000000000006 1.1000000000000003 1.0000000180025095e-35 1.0150000000000003 84.450000000000017 132.25000000000003 116.05000000000003 24.500000000000004 1.5000000000000002 103.50000000000001 80.550000000000011 49.550000000000004 87.850000000000009
decision_type=2 2 2 2 2 2 2 2 2 2 2 2 2 2 2 2 2
left_child=9 2 4 -4 5 6 -2 -7 -9 10 11 12 15 -13 -15 -1 -17
right_child=1 -3 3 -5 -6 7 -8 8 -10 -11 -12 13 -14 14 -16 16 -18
leaf_value=0.13945047986478762 0.18127468772232536 0.21479857407865072 -0.21359617243642393 0.035082451658773016 0.18235924697735095 0.06296778639609163 -0.03123970346694643 -0.2362904544174671 -0.0057031760397164722 -0.1220674178004265 0.10832741130143404 -0.15452738861242932 -0.068835017052205169 0.051899585264424487 -0.080947326079887513 -0.095168228410184394 0.097407557235823741
leaf_weight=26 20 21 23 29 22 22 22 20 23 20 20 30 34 30 34 20 27
leaf_count=26 20 21 23 29 22 22 22 20 23 20 20 30 34 30 34 20 27
internal_value=2.69936e-10 0.0202667 -0.00230325 -0.07491 0.0269646 -0.00498571 0.0699576 -0.0534106 -0.112953 -0.0169871 -0.00747753 -0.0190004 0.0188034 -0.0620324 -0.0186753 0.0596213 0.0154604
internal_weight=443 202 181 52 129 107 42 65 43 241 221 201 107 94 64 73 47
internal_count=443 202 181 52 129 107 42 65 43 241 221 201 107 94 64 73 47
is_linear=0
shrinkage=0.1


Tree=69
num_leaves=17
num_cat=0
split_feature=11 10 11 14 10 10 11 11 10 3 7 11 10 12 12 10
split_gain=14.2707 48.7612 35.359 24.6038 37.1092 35.5461 49.7427 66.1058 31.3341 56.3156 35.692 31.7539 31.6543 38.8581 16.8526 8.04544
threshold=0.24500000000000002 45.500000000000007 0.31500000000000006 42.500000000000007 95.000000000000014 241.50000000000003 0.85500000000000009 0.58500000000000008 151.50000000000003 2.5000000000000004 1.5500000000000003 0.72500000000000009 247.50000000000003 93.350000000000009 76.40000000000002 238.50000000000003
decision_type=2 2 2 2 2 2 2 2 2 2 2 2 2 2 2 2
left_child=-1 -2 -3 4 -4 6 7 -5 9 -6 11 15 14 -14 -13 -10
right_child=1 2 3 5 8 -7 -8 -9 10 -11 -12 12 13 -15 -16 -17
leaf_value=-0.063263909981557828 0.15351819637275876 0.12658024619682692 0.10570244588183636 -0.13455853002766768 -0.14352107250964957 0.034109243575264424 -0.19136001467704775 0.11160609528422356 -0.12395463075488806 0.057520949247885839 0.13631682679766702 0.021985127727190655 -0.11796871005700758 0.060469648047633801 0.12889052701407466 -0.034258277751505375
leaf_weight=33 21 20 33 24 38 34 29 20 20 22 21 30 26 23 29 20
leaf_count=33 21 20 33 24 38 34 29 20 20 22 21 30 26 23 29 20
internal_value=-7.83373e-10 0.00509197 -0.00292075 -0.00993978 0.00656195 -0.0503459 -0.0896811 -0.0226655 -0.00772467 -0.0698057 0.0143159 -0.00299502 0.0251944 -0.0342119 0.0745318 -0.0791065
internal_weight=443 410 389 369 262 107 73 44 229 60 169 148 108 49 59 40
internal_count=443 410 389 369 262 107 73 44 229 60 169 148 108 49 59 40
is_linear=0
shrinkage=0.1


Tree=70
num_leaves=18
num_cat=0
split_feature=12 7 12 11 12 11 10 14 14 10 11 10 12 12 12 1 14
split_gain=14.2238 23.1308 90.682 47.6626 44.2018 60.3291 110.687 31.0853 67.9039 39.9984 37.8504 36.9355 34.9164 29.7219 27.7571 22.6704 12.6127
threshold=14.200000000000001 0.90000000000000013 59.850000000000001 0.49500000000000005 56.400000000000013 0.48500000000000004 133.50000000000003 104.00000000000001 39.500000000000007 238.50000000000003 1.4550000000000003 316.00000000000006 90.450000000000017 85.700000000000003 103.95000000000002 1.5000000000000002 19.500000000000004
decision_type=2 2 2 2 2 2 2 2 2 2 2 2 2 2 2 2 2
left_child=-1 4 -3 -4 5 -2 -7 8 10 -10 11 12 16 -5 -14 -15 -6
right_child=1 2 3 13 7 6 -8 -9 9 -11 -12 -13 14 15 -16 -17 -18
leaf_value=0.078385584496639002 -0.05911094981205204 -0.21092768239974979 0.14072769418358805 0.06562595394061646 -0.053137541115283973 0.31322152529444014 0.017759738769382239 -0.13084235165268185 0.031917439286525434 0.20585767000913624 0.065883909960587822 -0.1837442198395729 0.097974346578121194 -0.14437076658010484 -0.040862758167915875 -0.0015304779354482888 -0.15826203737940109
leaf_weight=22 23 25 20 20 25 21 32 20 39 20 30 20 24 25 36 20 21
leaf_count=22 23 25 20 20 25 21 32 20 39 20 30 20 24 25 36 20 21
internal_value=-5.27285e-11 -0.00409616 -0.0435091 0.0057317 0.0098441 0.076137 0.13483 -0.0115953 -0.000502557 0.0908802 -0.035064 -0.0590992 -0.0355813 -0.0358055 0.0146721 -0.0808862 -0.101129
internal_weight=443 421 110 85 311 76 53 235 215 59 156 126 106 65 60 45 46
internal_count=443 421 110 85 311 76 53 235 215 59 156 126 106 65 60 45 46
is_linear=0
shrinkage=0.1


Tree=71
num_leaves=18
num_cat=0
split_feature=11 14 14 14 0 12 11 11 11 11 14 10 12 12 14 3 3
split_gain=12.4597 80.6368 26.1145 34.5704 75.5544 66.3178 84.8956 65.9898 26.1018 26.4879 59.4281 33.6328 24.873 43.3269 29.1996 20.6983 18.8749
threshold=0.84500000000000008 70.000000000000014 40.500000000000007 30.500000000000004 1.0000000180025095e-35 38.250000000000007 1.4550000000000003 1.1200000000000003 0.70500000000000007 0.53500000000000014 23.250000000000004 156.50000000000003 86.350000000000009 106.65000000000002 17.500000000000004 1.1000000000000003 2.5000000000000004
decision_type=2 2 2 2 2 2 2 2 2 2 2 2 2 2 2 2 2
left_child=8 2 3 4 5 -2 7 -7 9 11 -11 12 14 -14 -1 -13 -10
right_child=1 -3 -4 -5 -6 6 -8 -9 16 10 -12 15 13 -15 -16 -17 -18
leaf_value=-0.025251380205154418 -0.12044528231024743 0.17917096195397553 -0.095010808748858311 0.12014484473814567 -0.13289972982472845 0.12813708873634988 0.2427492223032143 -0.11679289950565859 -0.14049203997850421 0.17446131303906443 -0.032762152293036063 0.11290883305280104 0.095562411702814556 -0.11009572718292476 -0.19046421374963679 -0.018539239495992659 -0.020947035455277988
leaf_weight=20 20 27 28 24 36 22 23 22 25 25 31 23 21 20 23 25 28
leaf_count=20 20 27 28 24 36 22 23 22 25 25 31 23 21 20 23 25 28
internal_value=-3.95234e-10 0.0183183 -0.00649896 0.0103604 -0.0110609 0.0393552 0.0870568 0.00567209 -0.0153539 0.00211979 0.0597483 -0.0223287 -0.0604858 -0.00475863 -0.113621 0.0444463 -0.0773362
internal_weight=443 202 175 147 123 87 67 44 241 188 56 132 84 41 43 48 53
internal_count=443 202 175 147 123 87 67 44 241 188 56 132 84 41 43 48 53
is_linear=0
shrinkage=0.1


Tree=72
num_leaves=17
num_cat=0
split_feature=13 14 12 10 12 10 12 11 12 14 10 3 0 12 12 10
split_gain=13.0005 41.1207 43.7192 32.8857 24.1704 44.5485 41.9471 36.5145 25.7923 41.4053 29.668 26.5379 23.4215 16.4615 39.7384 1.14495
threshold=3.5000000000000004 101.50000000000001 135.00000000000003 339.00000000000006 115.00000000000001 247.50000000000003 101.65000000000002 1.3950000000000002 87.850000000000009 8.5000000000000018 156.50000000000003 0.40000000000000008 1.0000000180025095e-35 101.30000000000003 89.15000000000002 161.00000000000003
decision_type=2 2 2 2 2 2 2 2 2 2 2 2 2 2 2 2
left_child=12 2 3 4 5 6 7 8 9 -2 11 -11 13 14 15 -1
right_child=1 -3 -4 -5 -6 -7 -8 -9 -10 10 -12 -13 -14 -15 -16 -17
leaf_value=0.015318899638950827 0.1101944703947414 0.1143852022202576 -0.14451501766568983 0.12044730832179387 0.1004564350559598 -0.11204487286709451 -0.10051368057727815 0.15474274039268496 0.092338095108668014 -0.17979620598256588 0.0331952731939964 -0.035396813047783714 -0.097037681341171272 0.074657198380340226 -0.13763788172176905 0.049155973643064503
leaf_weight=20 22 34 20 24 21 37 30 20 30 20 32 35 35 22 21 20
leaf_count=20 22 34 20 24 21 37 30 20 30 20 32 35 35 22 21 20
internal_value=-2.87491e-11 0.0103223 -0.00183621 0.00869359 -0.00216507 -0.0117007 0.0079434 0.028407 0.0102292 -0.0123696 -0.0433628 -0.0879057 -0.0284302 0.000500727 -0.0262442 0.0322374
internal_weight=443 325 291 271 247 226 189 159 139 109 87 55 118 83 61 40
internal_count=443 325 291 271 247 226 189 159 139 109 87 55 118 83 61 40
is_linear=0
shrinkage=0.1


Tree=73
num_leaves=17
num_cat=0
split_feature=12 7 12 1 14 14 14 12 12 10 12 10 3 14 14 10
split_gain=12.3751 18.2749 64.7983 39.2976 61.8015 36.8491 132.799 34.4199 98.6946 25.1008 30.6293 32.2472 23.1013 52.8556 23.695 5.70266
threshold=14.200000000000001 0.90000000000000013 62.900000000000006 1.5000000000000002 70.000000000000014 38.500000000000007 18.500000000000004 55.650000000000006 30.650000000000002 117.50000000000001 106.65000000000002 178.50000000000003 1.0000000180025095e-35 20.500000000000004 22.500000000000004 206.50000000000003
decision_type=2 2 2 2 2 2 2 2 2 2 2 2 2 2 2 2
left_child=-1 3 -3 4 7 6 -4 8 -2 -5 11 -11 14 -14 -9 -15
right_child=1 2 5 9 -6 -7 -8 12 -10 10 -12 -13 13 15 -16 -17
leaf_value=0.073114210705865518 -0.072324345670640472 -0.1734213877676262 -0.084872389633070547 -0.12891122150421142 0.17191989028028079 -0.073107854803758018 0.25042188110805691 -0.12262314736843111 0.23141562692497089 0.11818565238605848 -0.12088970741257073 -0.034697651258997014 0.10941118505355474 -0.018866705760359766 0.012286071025806925 -0.089553446500074296
leaf_weight=22 20 27 27 25 28 35 21 30 23 22 20 37 37 25 23 21
leaf_count=22 20 27 27 25 28 35 21 30 23 22 20 37 37 25 23 21
internal_value=6.17658e-10 -0.00382069 -0.0388532 0.00857021 0.0337664 0.00492205 0.0618189 0.0121558 0.0901412 -0.0415798 -0.0139433 0.0223097 -0.0125014 0.0204328 -0.0640776 -0.0511367
internal_weight=443 421 110 311 207 83 48 179 43 104 79 59 136 83 53 46
internal_count=443 421 110 311 207 83 48 179 43 104 79 59 136 83 53 46
is_linear=0
shrinkage=0.1


Tree=74
num_leaves=18
num_cat=0
split_feature=12 11 10 10 11 14 12 11 11 11 10 7 10 10 12 11 12
split_gain=11.0368 67.3672 59.2363 28.4562 21.1709 32.7783 34.4825 22.4087 20.7446 19.6693 19.0491 13.0592 25.1452 33.4314 22.2743 6.23423 3.7313
threshold=52.900000000000006 1.2550000000000001 107.50000000000001 167.50000000000003 0.31500000000000006 104.00000000000001 130.75000000000003 0.53500000000000014 1.6500000000000001 1.3950000000000002 169.50000000000003 0.45000000000000007 225.50000000000003 130.00000000000003 90.450000000000017 0.9850000000000001 91.100000000000009
decision_type=2 2 2 2 2 2 2 2 2 2 2 2 2 2 2 2 2
left_child=1 2 -1 -4 -2 6 7 10 9 11 -6 12 13 -9 -13 -14 -15
right_child=4 -3 3 -5 5 -7 -8 8 -10 -11 -12 14 15 16 -16 -17 -18
leaf_value=-0.12193849502187787 0.068192390026524663 0.16142676802618164 0.13578964095901361 -0.016189237737229894 -0.13347656819969417 -0.12248114949023281 0.098150042098547732 0.041755367033183582 -0.083561421544956313 0.097556068468838936 -0.0074835765929449176 0.11959255129564555 0.077259813100099564 -0.1468583595752716 -0.021994319468736648 -0.001697329953312874 -0.086505561774330483
leaf_weight=33 32 28 22 28 28 27 28 20 28 22 21 20 20 20 25 20 21
leaf_count=33 32 28 22 28 28 27 28 20 28 22 21 20 20 20 25 20 21
internal_value=-5.44498e-11 0.0272978 -0.0179506 0.0506815 -0.00912666 -0.017374 -0.00697882 -0.0189935 -0.00387204 0.00940952 -0.0794796 -0.00387284 -0.0238359 -0.0642406 0.0409332 0.0377812 -0.115946
internal_weight=443 111 83 50 332 300 273 245 196 168 49 146 101 61 45 40 41
internal_count=443 111 83 50 332 300 273 245 196 168 49 146 101 61 45 40 41
is_linear=0
shrinkage=0.1


Tree=75
num_leaves=17
num_cat=0
split_feature=11 10 11 14 7 10 11 10 14 11 10 7 11 10 14 11
split_gain=11.7599 43.8421 29.3857 19.773 29.6526 45.3715 30.9596 28.8357 26.968 62.0602 58.9323 31.3316 38.0554 28.7209 12.113 10.1528
threshold=0.24500000000000002 45.500000000000007 0.31500000000000006 42.500000000000007 1.0000000180025095e-35 238.50000000000003 0.85500000000000009 95.000000000000014 6.5000000000000009 1.7100000000000002 151.50000000000003 1.1000000000000003 0.72500000000000009 247.50000000000003 17.500000000000004 1.1200000000000003
decision_type=2 2 2 2 2 2 2 2 2 2 2 2 2 2 2 2
left_child=-1 -2 -3 7 5 6 -5 -4 -9 10 14 12 -12 15 -10 -14
right_child=1 2 3 4 -6 -7 -8 8 9 -11 11 -13 13 -15 -16 -17
leaf_value=-0.057429444643132613 0.14536283498718625 0.11508146900683643 0.092811866601308191 0.0037371332606961649 -0.12273383049623054 0.11438696526345754 -0.15351942408652533 0.1037593898177147 -0.050708580864914532 -0.18083349782086555 -0.069924733646818102 0.14659253462173402 0.063079450964927675 -0.015218276934964317 -0.1504330669130598 0.15866980344057083
leaf_weight=33 21 20 33 31 34 21 21 20 29 21 37 21 25 35 21 20
leaf_count=33 21 20 33 31 34 21 21 20 29 21 37 21 25 35 21 20
internal_value=-1.74702e-10 0.00462237 -0.00297544 -0.00937419 -0.045597 -0.00967028 -0.0597703 0.0054191 -0.00717462 -0.0177903 0.000421955 0.034123 0.0139361 0.0527218 -0.0925929 0.105564
internal_weight=443 410 389 369 107 73 52 262 229 209 188 138 117 80 50 45
internal_count=443 410 389 369 107 73 52 262 229 209 188 138 117 80 50 45
is_linear=0
shrinkage=0.1


Tree=76
num_leaves=18
num_cat=0
split_feature=14 12 11 10 10 10 12 14 11 14 7 10 11 10 10 14 10
split_gain=11.992 49.9688 55.6189 46.6041 101.147 62.9002 70.0307 42.7034 36.9221 33.511 32.5259 43.9785 68.431 38.1706 17.7387 10.8105 1.00511
threshold=18.500000000000004 29.250000000000004 0.31500000000000006 116.50000000000001 135.50000000000003 169.50000000000003 121.75000000000001 42.500000000000007 0.87500000000000011 44.500000000000007 0.90000000000000013 163.50000000000003 0.88500000000000012 93.500000000000014 151.50000000000003 79.000000000000014 246.50000000000003
decision_type=2 2 2 2 2 2 2 2 2 2 2 2 2 2 2 2 2
left_child=10 -2 -3 9 -5 -6 7 8 -7 -4 11 13 -13 -1 -12 -9 -14
right_child=1 2 3 4 5 6 -8 15 -10 -11 14 12 16 -15 -16 -17 -18
leaf_value=-0.025775145867775229 0.16130496220929283 0.13085055104617416 -0.024423538787024364 0.21173541496197382 -0.16739042067527773 0.11305807935041856 0.17307342677598908 -0.054488719534128906 -0.045179566790660229 -0.20529126502573491 -0.16529247477650644 -0.18877954309185346 0.040662103295326241 0.12656391159092126 -0.035168062285943463 -0.14682579356290046 0.008958590626716615
leaf_weight=29 21 29 21 21 25 29 21 32 30 20 20 24 20 38 22 21 20
leaf_count=29 21 29 21 21 25 29 21 32 30 20 20 24 20 38 22 21 20
internal_value=-6.1503e-10 0.01317 0.000676659 -0.0164826 0.00554493 -0.0218601 0.00549518 -0.0259257 0.0325983 -0.112652 -0.0205543 0.00399736 -0.0552859 0.0606261 -0.0971321 -0.0910751 0.0248103
internal_weight=443 270 249 220 179 158 133 112 59 41 173 131 64 67 42 53 40
internal_count=443 270 249 220 179 158 133 112 59 41 173 131 64 67 42 53 40
is_linear=0
shrinkage=0.1


Tree=77
num_leaves=18
num_cat=0
split_feature=9 14 12 12 3 12 14 12 14 7 14 14 14 12 0 12 13
split_gain=11.6873 28.2824 22.2436 49.6643 48.7271 32.5282 31.6331 18.1975 58.686 28.8306 34.841 49.1068 33.966 37.919 37.3191 55.0567 11.502
threshold=1.0000000180025095e-35 154.00000000000003 35.550000000000004 61.550000000000004 0.40000000000000008 48.45000000000001 15.500000000000002 145.05000000000004 79.000000000000014 0.45000000000000007 18.500000000000004 38.500000000000007 39.500000000000007 108.00000000000001 1.0000000180025095e-35 98.050000000000011 3.5000000000000004
decision_type=2 2 2 2 2 2 2 2 2 2 2 2 2 2 2 2 2
left_child=1 2 4 5 -1 -4 -6 8 9 12 -11 -12 13 14 15 16 -5
right_child=-2 -3 3 7 6 -7 -8 -9 -10 10 11 -13 -14 -15 -16 -17 -18
leaf_value=-0.17196274272335524 0.065048351769263921 -0.10944116835792859 0.019794886762445625 0.027902391105890274 -0.076876476277475778 0.18651873922348025 0.085625128984451293 0.089140102695673712 -0.17006966163005149 -0.034637505095452069 0.22387236505746844 0.0049258571863174437 0.064673330806768861 -0.13435249557210641 -0.10332412724693617 0.16518458394871449 -0.072152514755725858
leaf_weight=22 26 24 22 20 23 25 25 20 21 24 21 20 39 33 30 21 27
leaf_count=22 26 24 22 20 23 25 25 20 21 24 21 20 39 33 30 21 27
internal_value=-4.75792e-10 -0.00405577 0.00237998 0.0134552 -0.0487244 0.108478 0.00775978 -0.00272614 -0.00990319 0.00440956 0.0610544 0.117069 -0.0172488 -0.0416378 -0.0104175 0.0305707 -0.029576
internal_weight=443 417 393 323 70 47 48 276 256 235 65 41 170 131 98 68 47
internal_count=443 417 393 323 70 47 48 276 256 235 65 41 170 131 98 68 47
is_linear=0
shrinkage=0.1


Tree=78
num_leaves=16
num_cat=0
split_feature=14 3 11 14 10 12 11 11 10 7 2 11 10 12 10
split_gain=13.7097 32.1455 11.8532 24.5155 20.3639 17.1823 14.5185 55.9447 50.2181 25.7612 27.3042 16.9042 30.0524 16.448 17.3211
threshold=95.500000000000014 1.7500000000000002 1.3950000000000002 21.500000000000004 316.00000000000006 130.75000000000003 0.56500000000000006 0.44500000000000006 117.50000000000001 0.65000000000000013 1.0000000180025095e-35 0.36500000000000005 105.50000000000001 56.400000000000013 187.50000000000003
decision_type=2 2 2 2 2 2 2 2 2 2 2 2 2 2 2
left_child=2 -2 4 -4 5 6 7 11 -8 10 13 12 -1 -10 -15
right_child=1 -3 3 -5 -6 -7 8 -9 9 -11 -12 -13 -14 14 -16
leaf_value=-0.067234795838594444 -0.038036934534708661 0.13137787862991293 0.084046655320204222 -0.036194118408796688 -0.085924667247704103 0.0819299169062149 -0.13697523598160063 0.12275151492041701 0.080983089357614516 0.07131851362330574 -0.11408438834327239 -0.10557623275301674 0.084698486295731179 -0.084240724444389348 0.037421388449994007
leaf_weight=30 21 24 39 30 35 21 35 34 20 35 27 22 23 25 22
leaf_count=30 21 24 39 30 35 21 35 34 20 35 27 22 23 25 22
internal_value=1.17151e-09 0.0523176 -0.00591531 0.0317681 -0.0138185 -0.00523444 -0.0119394 0.0163477 -0.0307399 -0.00191641 -0.0291847 -0.0318887 -0.00130148 0.00502857 -0.0272925
internal_weight=443 45 398 69 329 294 273 109 164 129 94 75 53 67 47
internal_count=443 45 398 69 329 294 273 109 164 129 94 75 53 67 47
is_linear=0
shrinkage=0.1


Tree=79
num_leaves=17
num_cat=0
split_feature=10 12 10 11 10 12 10 12 14 14 11 0 11 1 12 11
split_gain=13.0483 61.8824 36.2063 24.3645 23.3161 58.2233 28.2552 51.0893 26.5825 18.8352 43.5396 46.7255 28.5449 23.3773 21.1345 16.8247
threshold=79.000000000000014 52.900000000000006 93.500000000000014 0.31500000000000006 124.50000000000001 86.350000000000009 288.50000000000006 95.250000000000014 26.500000000000004 40.500000000000007 1.5450000000000002 1.5000000000000002 0.88500000000000012 1.0000000180025095e-35 94.550000000000011 0.50500000000000012
decision_type=2 2 2 2 2 2 2 2 2 2 2 2 2 2 2 2
left_child=1 -1 -2 -4 5 -5 9 -8 -9 10 11 12 14 -11 -6 -3
right_child=2 15 3 4 6 -7 7 8 -10 13 -12 -13 -14 -15 -16 -17
leaf_value=0.17402320918829547 -0.12624254810313384 0.029969936639070511 0.10515772075880142 0.17588472090322863 -0.028101106952218447 -0.059862571191042657 -0.053090501269873448 0.19515932071954012 0.032117892280220987 -0.13665577905143009 -0.14672690033912658 0.099365578018701994 0.048338826958622252 -0.021029738781766762 -0.15765151157975199 -0.089936258076605477
leaf_weight=23 24 25 21 22 34 20 34 20 20 34 21 39 28 36 20 22
leaf_count=23 24 25 21 22 34 20 34 20 20 34 21 39 28 36 20 22
internal_value=5.08759e-11 0.0396169 -0.00743481 0.000735349 -0.00595023 0.0636241 -0.0161674 0.0370333 0.113639 -0.0347375 -0.0138098 0.00925849 -0.0335973 -0.077191 -0.0760827 -0.0261564
internal_weight=443 70 373 349 328 42 286 74 40 212 142 121 82 70 54 47
internal_count=443 70 373 349 328 42 286 74 40 212 142 121 82 70 54 47
is_linear=0
shrinkage=0.1


Tree=80
num_leaves=17
num_cat=0
split_feature=11 10 11 10 10 3 2 12 14 10 12 12 3 12 3 3
split_gain=13.1096 42.6777 17.6973 15.4927 50.8372 39.8941 24.4954 26.492 34.9907 44.0933 82.9798 46.5678 37.3064 19.2002 11.0792 22.6185
threshold=0.24500000000000002 45.500000000000007 0.31500000000000006 288.50000000000006 341.50000000000006 2.5000000000000004 1.5000000000000002 19.850000000000005 11.500000000000002 135.50000000000003 77.700000000000003 75.950000000000017 1.1000000000000003 99.40000000000002 2.5000000000000004 1.0000000180025095e-35
decision_type=2 2 2 2 2 2 2 2 2 2 2 2 2 2 2 2
left_child=-1 -2 -3 6 -5 -6 7 -4 -9 10 -10 -11 -13 -14 15 -8
right_child=1 2 3 4 5 -7 14 8 9 11 -12 12 13 -15 -16 -17
leaf_value=-0.060635714774782017 0.14373928787452836 0.089001368433237082 0.10053908578727558 0.12571678495768346 -0.13729494001184192 0.060048016048967839 -0.038771699112037136 -0.11040138486892946 0.223378371026205 -0.12472169976681471 -0.024055531485514207 0.11334894466400147 0.019733400698061343 -0.10611802976239811 -0.01443331828340888 -0.17700614094734193
leaf_weight=33 21 20 23 33 21 20 29 31 23 36 33 25 27 22 26 20
leaf_count=33 21 20 23 33 21 20 29 31 23 36 33 25 27 22 26 20
internal_value=-9.75051e-10 0.00488043 -0.0026158 -0.0075815 0.03333 -0.0410301 -0.017844 -0.00101921 -0.0128763 0.00533625 0.0775691 -0.0314368 0.013945 -0.0367713 -0.0671969 -0.0951939
internal_weight=443 410 389 369 74 41 295 220 197 166 56 110 74 49 75 49
internal_count=443 410 389 369 74 41 295 220 197 166 56 110 74 49 75 49
is_linear=0
shrinkage=0.1


Tree=81
num_leaves=16
num_cat=0
split_feature=11 14 12 12 14 12 1 11 10 11 12 14 11 10 3
split_gain=10.9994 82.6039 20.4616 42.1212 58.1299 64.243 44.7624 18.1204 64.8273 36.6546 26.3258 28.3317 33.1211 20.9184 12.5797
threshold=0.84500000000000008 70.000000000000014 107.45000000000002 94.550000000000011 12.500000000000002 77.700000000000003 1.5000000000000002 0.56500000000000006 117.50000000000001 0.50500000000000012 30.100000000000005 21.500000000000004 0.31500000000000006 165.50000000000003 2.5000000000000004
decision_type=2 2 2 2 2 2 2 2 2 2 2 2 2 2 2
left_child=7 2 3 4 -2 6 -6 9 -9 10 -1 -12 -13 -10 -15
right_child=1 -3 -4 -5 5 -7 -8 8 13 -11 11 12 -14 14 -16
leaf_value=-0.11739646255970003 -0.12714311940705075 0.18001410572065249 -0.078838076916607949 0.12361714609253865 0.17505796608825527 -0.088157048577753208 -0.012738101929426194 -0.1943057212492694 0.079430100660432476 0.13054708724930172 -0.05970562929042468 0.14192372641215723 -0.0081314309843276682 -0.084648757317551865 0.011016847991517613
leaf_weight=20 34 27 33 26 30 30 22 23 22 21 38 24 38 27 28
leaf_count=20 34 27 33 26 30 30 22 23 22 21 38 24 38 27 28
internal_value=-3.58444e-11 0.0172114 -0.00790679 0.00857725 -0.0172076 0.0283755 0.0956058 -0.0144261 -0.0469861 0.0086661 -0.0126631 0.00828361 0.0499544 -0.00298159 -0.0359463
internal_weight=443 202 175 142 116 82 52 241 100 141 120 100 62 77 55
internal_count=443 202 175 142 116 82 52 241 100 141 120 100 62 77 55
is_linear=0
shrinkage=0.1


Tree=82
num_leaves=18
num_cat=0
split_feature=11 10 14 10 14 11 1 10 11 7 11 12 10 11 2 10 7
split_gain=11.0155 37.4081 17.3976 15.4769 70.2835 45.296 89.2444 25.4101 18.7727 29.1952 27.5937 41.0861 25.3371 20.1319 20.0741 16.6794 11.1828
threshold=0.24500000000000002 45.500000000000007 154.00000000000003 124.50000000000001 12.500000000000002 0.53500000000000014 1.5000000000000002 156.50000000000003 0.49500000000000005 0.90000000000000013 0.88500000000000012 100.95000000000002 211.50000000000003 0.94500000000000006 1.0000000180025095e-35 303.50000000000006 0.45000000000000007
decision_type=2 2 2 2 2 2 2 2 2 2 2 2 2 2 2 2 2
left_child=-1 -2 3 4 -3 -6 -7 16 -9 10 14 12 -12 -11 -10 -14 -5
right_child=1 2 -4 7 5 6 -8 8 9 13 11 -13 15 -15 -16 -17 -18
leaf_value=-0.05558216456662525 0.1344775639474392 -0.097130476959325654 -0.093382627665996559 -0.11631142252257892 -0.020982889289205726 0.30191293145929066 0.010374530971360704 0.078238676091035214 0.0019449749436133948 -0.012084581087464873 0.084824952212246993 0.13541416102910744 -0.1133575239777565 -0.14589004174552181 -0.12127946943044664 0.015791191887110475 -0.018406878262758258
leaf_weight=33 21 27 20 28 22 21 21 30 39 23 22 34 20 22 20 20 20
leaf_count=33 21 27 20 28 22 21 21 30 39 23 22 34 20 22 20 20 20
internal_value=3.32112e-10 0.00447369 -0.00254452 0.00237896 0.0381746 0.0952565 0.156144 -0.00933833 0.00447305 -0.00659179 0.0139946 0.0470719 -0.00137383 -0.0775006 -0.039826 -0.0487832 -0.0755179
internal_weight=443 410 389 369 91 64 42 278 230 200 155 96 62 45 59 40 48
internal_count=443 410 389 369 91 64 42 278 230 200 155 96 62 45 59 40 48
is_linear=0
shrinkage=0.1


Tree=83
num_leaves=18
num_cat=0
split_feature=9 14 12 12 12 12 14 11 2 12 11 14 7 14 14 3 11
split_gain=10.4551 23.5974 22.8147 44.4405 37.3179 25.0429 15.9247 26.8336 22.4257 37.2547 42.4665 43.5479 38.885 15.6885 41.3564 11.1658 7.86718
threshold=1.0000000180025095e-35 154.00000000000003 35.550000000000004 19.850000000000005 61.550000000000004 48.45000000000001 8.5000000000000018 0.31500000000000006 1.5000000000000002 130.75000000000003 1.5750000000000004 49.500000000000007 0.45000000000000007 30.500000000000004 19.500000000000004 2.5000000000000004 0.74500000000000011
decision_type=2 2 2 2 2 2 2 2 2 2 2 2 2 2 2 2 2
left_child=1 2 3 16 5 -4 -6 -8 9 10 11 12 13 14 -9 -10 -1
right_child=-2 -3 4 -5 6 -7 7 8 15 -11 -12 -13 -14 -15 -16 -17 -18
leaf_value=-0.025451165836836612 0.061523894621775703 -0.10009789243340493 0.017814848842945968 -0.1444537465428484 0.077067711499209213 0.16410337451100351 0.10004659291534197 0.052762565734209843 -0.036607693216285195 0.12518372301544464 -0.15268192507326606 -0.09538690012061235 0.1422289599521229 0.071819731309300375 -0.12971553115741066 -0.12533450683821803 0.062183685153722773
leaf_weight=21 26 24 22 29 24 25 21 27 37 21 20 33 26 21 23 23 20
leaf_count=21 26 24 22 29 24 25 21 27 37 21 20 33 26 21 23 23 20
internal_value=5.21372e-11 -0.00383602 0.00204257 -0.0497137 0.0132591 0.0956279 -0.000767476 -0.00818035 -0.0180192 0.000437142 -0.0170274 0.00384255 0.037601 -0.000713431 -0.0311774 -0.0706196 0.0172975
internal_weight=443 417 393 70 323 47 276 252 231 171 150 130 97 71 50 60 41
internal_count=443 417 393 70 323 47 276 252 231 171 150 130 97 71 50 60 41
is_linear=0
shrinkage=0.1


Tree=84
num_leaves=17
num_cat=0
split_feature=14 12 3 10 12 9 10 13 14 13 10 3 10 10 14 12
split_gain=11.0901 12.4015 33.5558 32.09 25.329 14.4841 23.356 26.8679 26.6532 23.0945 26.519 41.2279 32.367 16.6709 5.63225 2.94776
threshold=134.00000000000003 35.550000000000004 0.40000000000000008 146.50000000000003 52.900000000000006 1.0000000180025095e-35 167.50000000000003 2.5000000000000004 21.500000000000004 2.5000000000000004 316.00000000000006 1.0000000180025095e-35 238.50000000000003 81.500000000000014 13.500000000000002 89.15000000000002
decision_type=2 2 2 2 2 2 2 2 2 2 2 2 2 2 2 2
left_child=1 2 -1 -4 -3 6 7 -6 14 15 11 -11 -13 -10 -9 -8
right_child=-2 4 3 -5 5 -7 9 8 13 10 -12 12 -14 -15 -16 -17
leaf_value=-0.13850106942312171 0.058705766399701431 0.088334736553952103 0.084343422159552581 -0.081253482265905896 0.054577432626060074 -0.087421777844429019 -0.0070717905055392872 -0.15512183740735055 0.061869958173483612 0.19160196365167698 -0.019421499085269477 0.11264242507793286 -0.04080926222460611 -0.051999681975899471 -0.081798981434919621 -0.057261339843273168
leaf_weight=24 30 32 25 22 28 20 22 20 20 24 38 27 28 36 22 25
leaf_count=24 30 32 25 22 28 20 22 20 20 24 38 27 28 36 22 25
internal_value=1.78276e-10 -0.00426434 -0.042296 0.00682998 0.00363112 -0.00511248 0.000564027 -0.031813 -0.056496 0.025439 0.0492232 0.0822422 0.0345216 -0.011332 -0.116715 -0.0337684
internal_weight=443 413 71 47 342 310 290 126 98 164 117 79 55 56 42 47
internal_count=443 413 71 47 342 310 290 126 98 164 117 79 55 56 42 47
is_linear=0
shrinkage=0.1


Tree=85
num_leaves=18
num_cat=0
split_feature=14 10 12 10 2 14 14 11 7 11 1 3 11 3 11 11 1
split_gain=11.0914 25.5154 60.0566 33.6956 21.0022 25.5129 23.7709 23.9045 32.7717 17.7163 33.5849 18.3828 16.972 10.4419 11.496 7.63421 7.06293
threshold=5.5000000000000009 81.500000000000014 90.450000000000017 93.500000000000014 1.5000000000000002 70.000000000000014 40.500000000000007 1.5450000000000002 1.5500000000000003 0.72500000000000009 1.5000000000000002 1.0000000180025095e-35 0.84500000000000008 1.0000000180025095e-35 0.9850000000000001 0.85500000000000009 1.5000000000000002
decision_type=2 2 2 2 2 2 2 2 2 2 2 2 2 2 2 2 2
left_child=-1 2 -2 -3 5 6 7 8 9 10 -5 -11 -7 -6 -15 -8 -13
right_child=1 3 -4 4 13 12 15 -9 -10 11 -12 16 -14 14 -16 -17 -18
leaf_value=0.067616350754447607 0.14315509429999759 -0.14042453646659853 -0.047978654780214833 0.045811718313590342 -0.095252866466199196 0.016233662441372872 -0.032150414471442887 -0.077079555347561834 0.14413626020153364 -0.028606741720189649 -0.12508074893899587 0.12411297313868999 0.14651010617613794 0.012730860199247088 -0.078279233626697378 -0.11321565977164678 0.042003959146412938
leaf_weight=23 35 20 31 23 31 20 26 25 21 24 23 20 20 35 23 21 22
leaf_count=23 35 20 31 23 31 20 26 25 21 24 23 20 20 35 23 21 22
internal_value=-9.18288e-10 -0.0037028 0.0533802 -0.0143454 -0.00679574 0.00831798 -0.00593644 0.0126359 0.0294997 0.00800533 -0.0396345 0.0412089 0.0813719 -0.0484009 -0.0233593 -0.0683711 0.0811035
internal_weight=443 420 66 354 334 245 205 158 133 112 46 66 40 89 58 47 42
internal_count=443 420 66 354 334 245 205 158 133 112 46 66 40 89 58 47 42
is_linear=0
shrinkage=0.1


Tree=86
num_leaves=18
num_cat=0
split_feature=9 14 10 10 14 1 11 10 12 11 10 10 3 14 14 12 14
split_gain=12.0667 23.8662 16.1424 21.8808 58.915 28.4684 24.6501 23.4711 17.5482 29.1594 26.006 16.3074 45.782 34.0528 31.1164 17.885 7.2362
threshold=1.0000000180025095e-35 154.00000000000003 50.000000000000007 124.50000000000001 39.500000000000007 1.0000000180025095e-35 0.38500000000000006 156.50000000000003 75.950000000000017 1.2050000000000003 178.50000000000003 316.00000000000006 0.40000000000000008 42.500000000000007 19.500000000000004 96.100000000000009 22.500000000000004
decision_type=2 2 2 2 2 2 2 2 2 2 2 2 2 2 2 2 2
left_child=1 2 -1 4 5 6 -4 16 9 10 -9 12 -10 15 -13 -14 -5
right_child=-2 -3 3 7 -6 -7 -8 8 11 -11 -12 14 13 -15 -16 -17 -18
leaf_value=-0.064065083151902347 0.066095686875856846 -0.10092970406015714 0.041897627853211911 -0.026950548651317758 0.19722842332862675 0.095177237813671434 -0.10376974349984756 0.096254772841930403 0.14654573353402542 -0.13557683527469636 -0.04745263818870573 0.061958779981764772 0.11768630104405541 -0.1066461580246687 -0.10081109385937453 -0.0074963589906692513 -0.10587430263941106
leaf_weight=34 26 24 21 21 21 24 26 20 33 20 34 23 21 20 24 25 26
leaf_count=34 26 24 21 21 21 24 26 20 33 20 34 23 21 20 24 25 26
internal_value=7.41274e-10 -0.00412107 0.0017909 0.00802796 0.0500857 0.00656466 -0.0386843 -0.00646385 0.0072402 -0.0324301 0.00577233 0.0273471 0.0503746 0.00228909 -0.0211578 0.0496522 -0.0706105
internal_weight=443 417 393 359 92 71 47 267 220 74 54 146 99 66 47 46 47
internal_count=443 417 393 359 92 71 47 267 220 74 54 146 99 66 47 46 47
is_linear=0
shrinkage=0.1


Tree=87
num_leaves=18
num_cat=0
split_feature=11 10 10 12 14 7 12 12 12 0 12 2 10 11 14 12 11
split_gain=11.5439 21.6825 40.9787 26.0143 18.0318 13.0672 46.9359 57.4422 28.4946 62.797 18.9597 17.3693 13.5366 24.9104 42.7906 23.231 12.1606
threshold=1.6050000000000002 316.00000000000006 281.50000000000006 101.65000000000002 21.500000000000004 0.90000000000000013 59.850000000000001 93.350000000000009 49.550000000000004 1.5000000000000002 22.150000000000002 1.5000000000000002 103.50000000000001 0.96500000000000008 44.500000000000007 90.450000000000017 0.56500000000000006
decision_type=2 2 2 2 2 2 2 2 2 2 2 2 2 2 2 2 2
left_child=1 2 5 -3 -2 8 -7 -8 9 10 -1 12 -10 14 15 -14 -13
right_child=4 3 -4 -5 -6 6 7 -9 11 -11 -12 16 13 -15 -16 -17 -18
leaf_value=0.0706393683417922 0.10102765747794398 -0.0032321761101484301 0.1379379111896491 -0.15624477133154868 -0.015650434634433344 -0.15180037629145843 0.12029813751578332 -0.079811519640497874 -0.056290587782859808 -0.069441732841179424 0.20668467879295349 -0.014490817975252868 -0.083108860701322562 -0.053092348401745162 0.16013369086384774 0.065804009545933115 -0.11217081128404692
leaf_weight=21 27 25 21 20 26 26 26 32 28 23 20 25 20 30 25 22 26
leaf_count=21 27 25 21 20 26 26 26 32 28 23 20 25 20 30 25 22 26
internal_value=4.30868e-10 -0.00595086 0.00256482 -0.0712378 0.0437893 -0.00620936 -0.0401551 0.00989281 0.00567165 0.0628119 0.137003 -0.0151066 0.00495957 0.02264 0.05655 -0.00510688 -0.0642885
internal_weight=443 390 345 45 53 324 84 58 240 64 41 176 125 97 67 42 51
internal_count=443 390 345 45 53 324 84 58 240 64 41 176 125 97 67 42 51
is_linear=0
shrinkage=0.1


Tree=88
num_leaves=18
num_cat=0
split_feature=9 14 12 12 12 12 10 14 10 10 11 14 11 14 11 11 14
split_gain=10.4811 20.6383 15.5539 37.0866 26.0332 24.1479 13.5411 24.4372 22.2455 22.5379 28.8931 17.6619 57.0891 22.5344 15.8383 6.91744 3.1532
threshold=1.0000000180025095e-35 154.00000000000003 35.550000000000004 19.850000000000005 61.550000000000004 48.45000000000001 76.000000000000014 8.5000000000000018 119.00000000000001 165.50000000000003 0.49500000000000005 39.500000000000007 0.96500000000000008 19.500000000000004 0.81500000000000006 0.74500000000000011 14.500000000000002
decision_type=2 2 2 2 2 2 2 2 2 2 2 2 2 2 2 2 2
left_child=1 2 3 15 5 -4 -6 -8 -9 14 -11 13 -13 16 -10 -1 -12
right_child=-2 -3 4 -5 6 -7 7 8 9 10 11 12 -14 -15 -16 -17 -18
leaf_value=-0.019946418418770748 0.061600401768317596 -0.093865009397268301 0.0033050580966201698 -0.1276243954896927 -0.057092282080368421 0.14695559918880463 0.11094356455973216 0.076450623962427355 -0.13236816028753917 0.11571662455797196 0.037058451345988681 -0.083535122834146033 0.14990464144132354 -0.095903722789043036 -0.011875815540552141 0.062228631675243375 -0.017741632035800391
leaf_weight=21 26 24 22 29 37 25 21 31 24 20 21 20 22 39 20 20 21
leaf_count=21 26 24 22 29 37 25 21 31 24 20 21 20 22 39 20 20 21
internal_value=-8.51855e-10 -0.00384079 0.00165687 -0.0410773 0.0109181 0.0797149 -0.000797254 0.00791788 -0.00200662 -0.0150129 0.00424434 -0.0138812 0.0387428 -0.0411678 -0.0775989 0.020139 0.00965841
internal_weight=443 417 393 70 323 47 276 239 218 187 143 123 42 81 44 41 42
internal_count=443 417 393 70 323 47 276 239 218 187 143 123 42 81 44 41 42
is_linear=0
shrinkage=0.1


Tree=89
num_leaves=18
num_cat=0
split_feature=14 14 12 11 14 7 0 12 10 11 10 12 11 10 14 3 12
split_gain=10.6559 12.8543 20.8271 21.5672 17.0416 62.8258 28.3511 23.3122 75.0577 32.2701 22.0966 20.4374 17.1414 16.5504 14.05 11.422 7.22215
threshold=134.00000000000003 42.500000000000007 102.55000000000001 0.54500000000000015 18.500000000000004 1.0000000180025095e-35 1.5000000000000002 52.900000000000006 138.00000000000003 0.88500000000000012 156.50000000000003 99.40000000000002 0.84500000000000008 156.50000000000003 25.500000000000004 2.5000000000000004 75.750000000000014
decision_type=2 2 2 2 2 2 2 2 2 2 2 2 2 2 2 2 2
left_child=1 4 3 -3 6 10 7 8 -1 13 -6 15 -8 -9 -7 -12 -5
right_child=-2 2 -4 16 5 14 12 9 -10 -11 11 -13 -14 -15 -16 -17 -18
leaf_value=0.20422127995462647 0.057544998725255328 0.015532584275518145 0.028191879216362448 -0.15198817595839501 -0.077840975704876816 0.18819122460078111 -0.026791800445477878 -0.022484035945187011 -0.066464175283908841 0.047331500354860175 0.012974515298138495 -0.061323404200375076 -0.14474725804545663 -0.14565536722540856 0.073837015205728149 0.1163045888207853 -0.07136597496271134
leaf_weight=21 30 21 34 20 34 22 28 24 20 38 23 20 22 20 21 20 25
leaf_count=21 30 21 34 20 34 22 28 24 20 38 23 20 22 20 21 20 25
internal_value=-1.06797e-10 -0.00418002 -0.035392 -0.0681474 0.00579187 0.0317302 -0.0151987 0.0106117 0.0721796 -0.0201723 -0.0128717 0.0221911 -0.0786922 -0.078471 0.132344 0.061035 -0.107198
internal_weight=443 413 100 66 313 140 173 123 41 82 97 63 50 44 43 43 45
internal_count=443 413 100 66 313 140 173 123 41 82 97 63 50 44 43 43 45
is_linear=0
shrinkage=0.1


Tree=90
num_leaves=17
num_cat=0
split_feature=11 10 14 1 14 10 14 14 14 14 11 11 14 10 10 14
split_gain=11.2896 30.4059 11.5628 12.174 44.0291 50.3476 28.4499 19.1566 23.8652 28.4615 33.9898 18.0954 15.9116 24.4563 22.7519 14.3364
threshold=0.24500000000000002 45.500000000000007 154.00000000000003 1.5000000000000002 62.500000000000007 84.500000000000014 51.500000000000007 35.500000000000007 22.500000000000004 13.500000000000002 0.96500000000000008 0.85500000000000009 15.500000000000002 146.50000000000003 156.50000000000003 27.500000000000004
decision_type=2 2 2 2 2 2 2 2 2 2 2 2 2 2 2 2
left_child=-1 -2 3 4 5 -3 12 8 9 10 -7 -11 13 -5 -14 -16
right_child=1 2 -4 6 -6 7 -8 -9 -10 11 -12 -13 14 -15 15 -17
leaf_value=-0.056269447211966375 0.12173559694063096 0.1536318127810955 -0.07585352957248688 0.035457449228990648 0.15842366732656957 -0.030187523635950959 -0.10039495545275071 -0.076677525308179229 0.080900747713542762 -0.0088123440485576108 0.13028009483082728 -0.11870792702801768 -0.036091401089948641 -0.11380409598350526 0.14258082885295154 0.022846280261874199
leaf_weight=33 21 20 20 21 20 33 34 38 31 29 22 31 27 23 20 20
leaf_count=33 21 20 20 21 20 33 34 38 31 29 22 31 27 23 20 20
internal_value=4.30132e-10 0.004529 -0.00179834 0.00221549 0.0168293 0.00294747 -0.0203603 -0.0134313 0.00303009 -0.0179611 0.0339995 -0.0655917 0.00415483 -0.0425656 0.0348369 0.0827136
internal_weight=443 410 389 369 224 204 145 184 146 115 55 60 111 44 67 40
internal_count=443 410 389 369 224 204 145 184 146 115 55 60 111 44 67 40
is_linear=0
shrinkage=0.1


Tree=91
num_leaves=18
num_cat=0
split_feature=13 14 0 12 12 11 10 12 12 10 1 14 11 11 14 12 12
split_gain=11.4108 34.2589 20.2688 19.2697 40.9757 31.0568 20.1881 30.954 24.7055 39.5121 22.0526 15.8865 15.0715 38.1747 31.0242 11.6837 6.44802
threshold=3.5000000000000004 123.00000000000001 1.0000000180025095e-35 35.550000000000004 52.900000000000006 0.82500000000000007 175.50000000000003 91.65000000000002 104.30000000000003 297.50000000000006 1.5000000000000002 12.500000000000002 0.31500000000000006 0.53500000000000014 33.500000000000007 98.250000000000014 80.550000000000011
decision_type=2 2 2 2 2 2 2 2 2 2 2 2 2 2 2 2 2
left_child=2 3 11 5 -5 -2 12 10 -9 -10 -8 -1 -6 -14 -15 16 -13
right_child=1 -3 -4 4 6 -7 7 8 9 -11 -12 15 13 14 -16 -17 -18
leaf_value=-0.074894897675230387 0.016364234536886218 0.11753341765315445 -0.090458481950419292 0.14561822442781358 0.046525436863303182 -0.1329581461273707 0.029268340959593103 0.16320941696564359 0.1261412749913606 -0.063384589281949136 -0.10560781901532955 0.033373447685014636 -0.14105279624462128 -0.055929987132549291 0.098656535632908354 0.086396226393325004 -0.04596439987421036
leaf_weight=21 30 27 35 21 20 26 27 21 22 22 22 21 30 37 20 21 20
leaf_count=21 30 27 35 21 20 26 27 21 22 22 22 21 30 37 20 21 20
internal_value=-6.02101e-10 0.00967066 -0.0266353 -0.000102141 0.0121304 -0.052964 -0.000554009 0.0287274 0.0739699 0.0313783 -0.0312883 0.0002781 -0.031751 -0.0497455 -0.0016891 0.0257399 -0.00532794
internal_weight=443 325 118 298 242 56 221 114 65 44 49 83 107 87 57 62 41
internal_count=443 325 118 298 242 56 221 114 65 44 49 83 107 87 57 62 41
is_linear=0
shrinkage=0.1


Tree=92
num_leaves=17
num_cat=0
split_feature=9 14 10 14 14 10 11 1 11 10 3 14 12 3 1 11
split_gain=10.4448 20.9009 12.813 16.5247 27.7486 47.126 104.211 64.1187 29.3856 23.2426 49.8521 41.4705 24.3622 18.8229 9.1543 5.7145
threshold=1.0000000180025095e-35 154.00000000000003 50.000000000000007 6.5000000000000009 10.500000000000002 124.50000000000001 0.33500000000000008 1.5000000000000002 1.7100000000000002 156.50000000000003 1.1000000000000003 33.500000000000007 99.40000000000002 2.5000000000000004 1.5000000000000002 0.82500000000000007
decision_type=2 2 2 2 2 2 2 2 2 2 2 2 2 2 2 2
left_child=1 2 -1 -4 -5 6 -6 -8 9 14 11 -11 13 -12 -7 -15
right_child=-2 -3 3 4 5 8 7 -9 -10 10 12 -13 -14 15 -16 -17
leaf_value=-0.056974424290306427 0.061493544280529028 -0.094429370512564989 0.0892572829256887 -0.077662346492975196 -0.10501180276984262 -0.019738423824310306 0.25733263050687721 0.030937555059790612 -0.12617895387113096 0.18618819305243403 -0.047760987377935847 0.014934589305231651 -0.089711326153741944 0.017244748175144195 -0.11541652642190457 0.091933735282648185
leaf_weight=34 26 24 23 39 21 20 29 22 20 26 31 31 36 20 20 21
leaf_count=34 26 24 23 39 21 20 29 22 20 26 31 31 36 20 20 21
internal_value=-6.21442e-10 -0.00383413 0.0016984 0.00725516 0.00164192 0.0120556 0.0824726 0.159672 -0.0104778 0.000810104 0.0173889 0.0930503 -0.0225435 0.0110405 -0.0675775 0.0555001
internal_weight=443 417 393 359 336 297 72 51 225 205 165 57 108 72 40 41
internal_count=443 417 393 359 336 297 72 51 225 205 165 57 108 72 40 41
is_linear=0
shrinkage=0.1


Tree=93
num_leaves=17
num_cat=0
split_feature=6 2 11 10 12 10 10 1 12 3 11 13 11 2 14 10
split_gain=9.43365 29.6185 29.792 30.3761 123.101 54.6901 23.3408 59.7465 37.5115 36.6007 18.4651 18.1812 17.3548 58.1073 57.2108 7.82806
threshold=1.0000000180025095e-35 2.5000000000000004 0.24500000000000002 79.000000000000014 74.40000000000002 103.50000000000001 163.50000000000003 1.0000000180025095e-35 75.750000000000014 1.0000000180025095e-35 0.82500000000000007 2.5000000000000004 0.95500000000000007 1.0000000180025095e-35 34.500000000000007 224.50000000000003
decision_type=2 2 2 2 2 2 2 2 2 2 2 2 2 2 2 2
left_child=1 2 -1 4 -4 -5 7 -7 9 -8 -9 -10 13 -13 -14 -11
right_child=-2 -3 3 5 -6 6 8 10 11 15 -12 12 14 -15 -16 -17
leaf_value=-0.094757085987206169 0.067110928893089297 -0.1189480455858367 0.26569983547642118 -0.14249119329452517 -0.059823840999832525 0.15131662326890072 -0.17877004018851692 0.036915855233867964 -0.038230052045904676 0.024082013422792609 -0.088111382048754461 0.079481569620279177 -0.0099386044617356933 -0.12092647293339605 0.20125361033107925 -0.062360121607780462
leaf_weight=29 20 21 21 25 26 37 21 27 39 22 21 39 29 23 23 20
leaf_count=29 20 21 21 25 26 37 21 27 39 22 21 39 29 23 23 20
internal_value=-1.39593e-10 -0.00317309 0.00287485 0.0104655 0.0856229 -0.000370033 0.011434 0.0558248 -0.00603451 -0.0709773 -0.0177836 0.0207066 0.0408692 0.00513665 0.0834733 -0.0170809
internal_weight=443 423 402 373 47 326 301 85 216 63 48 153 114 62 52 42
internal_count=443 423 402 373 47 326 301 85 216 63 48 153 114 62 52 42
is_linear=0
shrinkage=0.1


Tree=94
num_leaves=18
num_cat=0
split_feature=11 9 14 11 10 10 12 11 12 3 10 11 13 11 14 14 11
split_gain=9.2138 19.6771 24.7311 19.6776 24.3428 65.2638 59.1908 38.2716 23.5767 24.6026 26.958 21.1218 26.0769 20.3364 15.6434 13.868 11.7421
threshold=1.6050000000000002 1.0000000180025095e-35 154.00000000000003 1.2850000000000004 107.50000000000001 124.50000000000001 48.45000000000001 0.53500000000000014 130.75000000000003 1.0000000180025095e-35 262.50000000000006 0.62500000000000011 3.5000000000000004 1.3950000000000002 21.500000000000004 26.500000000000004 0.84500000000000008
decision_type=2 2 2 2 2 2 2 2 2 2 2 2 2 2 2 2 2
left_child=1 2 3 4 6 -6 -1 -8 9 15 11 -11 -13 -5 -2 -7 -12
right_child=14 -3 -4 13 5 8 7 -9 -10 10 16 12 -14 -15 -16 -17 -18
leaf_value=-0.16384932718895101 0.092434160025031478 0.084409228355988214 -0.11906773030757906 -0.14198237471282482 0.18499379415403716 -0.016323555007576943 -0.046327345475162332 0.11940628317269414 0.10638546945527197 -0.017257919546329614 -0.10702308610081673 -0.0071497204899787911 0.13599008589982986 0.00062332093715667725 -0.016242323980595059 -0.12274499045064052 4.022582655861264e-05
leaf_weight=27 27 23 20 20 22 25 38 22 20 33 20 20 35 20 26 24 21
leaf_count=27 27 23 20 20 22 25 38 22 20 33 20 20 35 20 26 24 21
internal_value=5.0077e-10 -0.00531647 -0.0109396 -0.00470743 0.00388828 0.0215961 -0.04089 0.0144417 0.00344076 -0.00812606 0.0147871 0.0459903 0.0839392 -0.0706795 0.0391212 -0.0684483 -0.0521858
internal_weight=443 390 367 347 307 220 87 60 198 178 129 88 55 40 53 49 41
internal_count=443 390 367 347 307 220 87 60 198 178 129 88 55 40 53 49 41
is_linear=0
shrinkage=0.1


Tree=95
num_leaves=16
num_cat=0
split_feature=14 14 7 1 11 12 11 14 11 12 10 10 14 3 10
split_gain=10.9142 9.4836 15.4114 29.4807 11.474 32.5573 22.912 16.2068 27.4824 19.8142 29.4461 24.5844 44.0634 18.2695 16.6833
threshold=134.00000000000003 42.500000000000007 1.0000000180025095e-35 1.5000000000000002 1.3950000000000002 77.700000000000003 1.2050000000000003 34.500000000000007 1.0150000000000003 30.650000000000002 66.500000000000014 111.50000000000001 20.500000000000004 1.7500000000000002 214.50000000000003
decision_type=2 2 2 2 2 2 2 2 2 2 2 2 2 2 2
left_child=1 4 3 -3 6 -6 7 8 9 -1 -11 -12 13 -13 -15
right_child=-2 2 -4 -5 5 -7 -8 -9 -10 10 11 12 -14 14 -16
leaf_value=-0.058309889339974955 0.058238143523534139 0.064085290648720483 -0.084538307785987865 -0.070622836728580302 0.1403215681964701 -0.014088550582528114 -0.091902093575508506 0.079832773369092211 -0.10694603602523389 0.13817546316422522 -0.094119037985801707 -0.08218863280834976 0.12241938157063542 0.086745712090106245 -0.036534776635791945
leaf_weight=35 30 33 35 32 22 36 27 26 23 20 20 27 33 21 23
leaf_count=35 30 33 35 32 22 36 27 26 23 20 20 27 33 21 23
internal_value=-5.52907e-10 -0.00423037 -0.0310396 -0.00223256 0.00433486 0.0444808 -0.00479637 0.00551878 -0.00404639 0.00917536 0.025578 0.00741714 0.0269433 -0.0174329 0.0223036
internal_weight=443 413 100 65 313 58 255 228 202 179 144 124 104 71 44
internal_count=443 413 100 65 313 58 255 228 202 179 144 124 104 71 44
is_linear=0
shrinkage=0.1


Tree=96
num_leaves=17
num_cat=0
split_feature=14 3 0 11 11 11 14 14 10 12 11 11 12 11 12 1
split_gain=8.96493 21.5761 13.585 24.914 29.478 68.5747 23.3362 39.8693 22.6054 14.361 12.8227 10.6951 10.6006 21.2657 13.756 6.4991
threshold=95.500000000000014 1.7500000000000002 1.5000000000000002 1.6050000000000002 0.58500000000000008 0.50500000000000012 42.500000000000007 18.500000000000004 92.500000000000014 103.95000000000002 0.84500000000000008 0.33500000000000008 74.40000000000002 0.94500000000000006 50.800000000000004 1.5000000000000002
decision_type=2 2 2 2 2 2 2 2 2 2 2 2 2 2 2 2
left_child=2 -2 3 4 5 11 7 10 -6 12 -4 -1 14 -14 -10 -13
right_child=1 -3 6 -5 8 -7 -8 -9 9 -11 -12 15 13 -15 -16 -17
leaf_value=0.038165178222040977 -0.031718221546283794 0.10707807292540868 -0.023753709645409668 0.084503908558852148 -0.12012072823320825 0.19921637376149495 -0.12178967384000619 0.068285749062291679 0.027675572037696841 -0.067742255692546424 -0.12577361853962596 -0.07852614455457245 0.10504070116827886 -0.020341162287419844 -0.086913747137243105 0.0011253285140264779
leaf_weight=31 21 24 28 36 24 21 24 37 20 37 22 21 24 31 22 20
leaf_count=31 21 24 28 36 24 21 24 37 20 37 22 21 24 31 22 20
internal_value=-8.07654e-10 0.0423065 -0.0047834 0.00670631 -0.00445191 0.0402164 -0.034491 -0.0104086 -0.030744 -0.0147362 -0.0686425 -0.00615864 0.00548258 0.0343709 -0.0323474 -0.0396718
internal_weight=443 45 398 287 251 93 111 87 158 134 50 72 97 55 42 41
internal_count=443 45 398 287 251 93 111 87 158 134 50 72 97 55 42 41
is_linear=0
shrinkage=0.1


Tree=97
num_leaves=17
num_cat=0
split_feature=11 14 11 10 3 11 10 12 11 14 14 0 11 11 3 12
split_gain=8.54199 53.2181 19.1338 65.8075 29.6076 81.1195 19.8358 18.4034 27.3138 16.9641 19.5433 41.3921 39.4585 19.3311 11.6668 5.0334
threshold=0.84500000000000008 70.000000000000014 0.56500000000000006 117.50000000000001 0.40000000000000008 0.40500000000000008 165.50000000000003 66.200000000000017 0.31500000000000006 40.500000000000007 30.500000000000004 1.0000000180025095e-35 1.6150000000000004 1.0150000000000003 2.5000000000000004 87.850000000000009
decision_type=2 2 2 2 2 2 2 2 2 2 2 2 2 2 2 2
left_child=2 9 4 -4 5 -1 -5 -6 -9 10 11 12 13 -2 -8 -15
right_child=1 -3 3 6 7 -7 14 8 -10 -11 -12 -13 -14 15 -16 -17
leaf_value=-0.057513494572291768 0.060383837235470618 0.14584200934127525 -0.19460016054141782 0.078415809097615155 -0.080841868858346169 0.19987253217399123 -0.08083728691218077 0.099602006037126892 -0.041828346293833522 -0.076332670742911959 0.091138856997713458 -0.097692618198278888 0.14214511746945588 -0.088612179607152952 0.011291534746331829 -0.017665695101022724
leaf_weight=24 24 27 23 22 34 25 27 22 36 28 24 36 23 20 28 20
leaf_count=24 24 27 23 22 34 25 27 22 36 28 24 36 23 20 28 20
internal_value=-4.70917e-11 0.0151674 -0.0127129 -0.046171 0.0110162 0.0738059 -0.00183501 -0.0224261 0.0118176 -0.00499385 0.00859449 -0.00751172 0.0298045 -0.0105679 -0.0339353 -0.0531389
internal_weight=443 202 241 100 141 49 77 92 58 175 147 123 87 64 55 40
internal_count=443 202 241 100 141 49 77 92 58 175 147 123 87 64 55 40
is_linear=0
shrinkage=0.1


Tree=98
num_leaves=18
num_cat=0
split_feature=12 11 10 12 3 10 12 11 11 10 10 11 1 12 12 10 10
split_gain=8.66348 36.7187 72.7504 29.9247 29.7277 34.1485 28.8229 40.2538 25.2554 17.8041 64.5326 23.147 31.5411 16.7554 13.8758 9.88387 1.52148
threshold=80.550000000000011 0.34500000000000003 76.000000000000014 86.350000000000009 2.5000000000000004 178.50000000000003 55.650000000000006 1.2650000000000003 1.0150000000000003 295.00000000000006 341.50000000000006 0.70500000000000007 1.0000000180025095e-35 95.250000000000014 106.15000000000002 95.000000000000014 169.50000000000003
decision_type=2 2 2 2 2 2 2 2 2 2 2 2 2 2 2 2 2
left_child=1 -1 -3 -2 6 -6 7 -4 -8 11 -11 13 14 -5 -13 -15 -14
right_child=3 2 4 9 5 -7 8 -9 -10 10 -12 12 16 15 -16 -17 -18
leaf_value=-0.077618321475705937 -0.10801466086815144 0.21393943074159327 -0.13031430765986443 0.096741208264773546 0.16729122891344808 -0.010987235783111483 0.12179780774528073 0.039047039591747788 -0.031519204513593156 0.1922440368309617 -0.035399674285541881 -0.16550302952528001 -0.0086631191521883005 0.044067944067975755 -0.051613260805606846 -0.041327866324872682 0.030343024432659151
leaf_weight=35 29 20 36 22 22 21 21 23 22 20 33 23 20 23 20 33 20
leaf_count=35 29 20 36 22 22 21 21 23 22 20 33 23 20 23 20 33 20
internal_value=-3.80518e-11 0.0154146 0.0351489 -0.0126869 0.0104881 0.080225 -0.0189108 -0.0642921 0.0433565 0.000231329 0.0505036 -0.0163179 -0.0530751 0.0227955 -0.112531 -0.00625459 0.01084
internal_weight=443 200 165 243 145 43 102 59 43 214 53 161 83 78 43 56 40
internal_count=443 200 165 243 145 43 102 59 43 214 53 161 83 78 43 56 40
is_linear=0
shrinkage=0.1


Tree=99
num_leaves=18
num_cat=0
split_feature=12 7 11 11 14 11 12 10 10 12 14 1 14 10 10 10 12
split_gain=9.3351 15.1957 45.9301 25.4912 86.9543 69.1142 53.0087 42.2824 24.7604 19.8835 19.1613 17.4348 33.1061 23.5064 33.1016 13.0042 7.94567
threshold=14.200000000000001 0.90000000000000013 0.7350000000000001 0.79500000000000015 70.000000000000014 0.56500000000000006 49.550000000000004 172.50000000000003 213.50000000000003 87.850000000000009 39.500000000000007 1.0000000180025095e-35 24.500000000000004 146.50000000000003 206.50000000000003 288.50000000000006 98.050000000000011
decision_type=2 2 2 2 2 2 2 2 2 2 2 2 2 2 2 2 2
left_child=-1 3 9 5 11 6 -2 -7 -4 -3 16 13 -13 -5 -15 -16 -8
right_child=1 2 8 4 -6 7 10 -9 -10 -11 -12 12 -14 14 15 -17 -18
leaf_value=0.063501996343786074 0.14861443873781424 -0.037302733212709431 -0.16762993512330232 -0.11361847223713994 0.2304700326919556 -0.21799515006334885 -0.098314977210500976 -0.031860454036639285 -0.034556403499225091 0.084814413239558545 0.050648328174765292 0.14745720611377197 -0.016469084631119454 0.11482072089399611 -0.087981002156933164 0.011530903649741207 -0.015192901424091796
leaf_weight=22 26 24 27 20 20 23 23 26 29 30 26 22 28 21 24 29 23
leaf_count=22 26 24 27 20 20 23 23 26 29 30 26 22 28 21 24 29 23
internal_value=-2.0014e-10 -0.00331839 -0.0352634 0.00798049 0.0350856 -0.0222592 0.026226 -0.11923 -0.0987169 0.0305401 -0.0179698 0.0079489 0.0556585 -0.0174285 0.00856875 -0.0335311 -0.0567539
internal_weight=443 421 110 311 164 147 98 49 56 54 72 144 50 94 74 53 46
internal_count=443 421 110 311 164 147 98 49 56 54 72 144 50 94 74 53 46
is_linear=0
shrinkage=0.1


end of trees

feature_importances:
Column_12=364
Column_11=342
Column_14=324
Column_10=316
Column_3=75
Column_1=55
Column_7=49
Column_2=42
Column_0=27
Column_13=24
Column_9=20
Column_6=4

parameters:
[boosting: gbdt]
[objective: regression]
[metric: l2]
[tree_learner: serial]
[device_type: cpu]
[data_sample_strategy: bagging]
[data: ]
[valid: ]
[num_iterations: 100]
[learning_rate: 0.1]
[num_leaves: 31]
[num_threads: 1]
[seed: 42]
[deterministic: 0]
[force_col_wise: 0]
[force_row_wise: 0]
[histogram_pool_size: -1]
[max_depth: -1]
[min_data_in_leaf: 20]
[min_sum_hessian_in_leaf: 0.001]
[bagging_fraction: 1]
[pos_bagging_fraction: 1]
[neg_bagging_fraction: 1]
[bagging_freq: 0]
[bagging_seed: 400]
[bagging_by_query: 0]
[feature_fraction: 1]
[feature_fraction_bynode: 1]
[feature_fraction_seed: 30056]
[extra_trees: 0]
[extra_seed: 12879]
[early_stopping_round: 0]
[early_stopping_min_delta: 0]
[first_metric_only: 0]
[max_delta_step: 0]
[lambda_l1: 0]
[lambda_l2: 0]
[linear_lambda: 0]
[min_gain_to_split: 0]
[drop_rate: 0.1]
[max_drop: 50]
[skip_drop: 0.5]
[xgboost_dart_mode: 0]
[uniform_drop: 0]
[drop_seed: 17869]
[top_rate: 0.2]
[other_rate: 0.1]
[min_data_per_group: 100]
[max_cat_threshold: 32]
[cat_l2: 10]
[cat_smooth: 10]
[max_cat_to_onehot: 4]
[top_k: 20]
[monotone_constraints: ]
[monotone_constraints_method: basic]
[monotone_penalty: 0]
[feature_contri: ]
[forcedsplits_filename: ]
[refit_decay_rate: 0.9]
[cegb_tradeoff: 1]
[cegb_penalty_split: 0]
[cegb_penalty_feature_lazy: ]
[cegb_penalty_feature_coupled: ]
[path_smooth: 0]
[interaction_constraints: ]
[verbosity: -1]
[saved_feature_importance_type: 0]
[use_quantized_grad: 0]
[num_grad_quant_bins: 4]
[quant_train_renew_leaf: 0]
[stochastic_rounding: 1]
[linear_tree: 0]
[max_bin: 255]
[max_bin_by_feature: ]
[min_data_in_bin: 3]
[bin_construct_sample_cnt: 200000]
[data_random_seed: 175]
[is_enable_sparse: 1]
[enable_bundle: 1]
[use_missing: 1]
[zero_as_missing: 0]
[feature_pre_filter: 1]
[pre_partition: 0]
[two_round: 0]
[header: 0]
[label_column: ]
[weight_column: ]
[group_column: ]
[ignore_column: ]
[categorical_feature: ]
[forcedbins_filename: ]
[precise_float_parser: 0]
[parser_config_file: ]
[objective_seed: 16083]
[num_class: 1]
[is_unbalance: 0]
[scale_pos_weight: 1]
[sigmoid: 1]
[boost_from_average: 1]
[reg_sqrt: 0]
[alpha: 0.9]
[fair_c: 1]
[poisson_max_delta_step: 0.7]
[tweedie_variance_power: 1.5]
[lambdarank_truncation_level: 30]
[lambdarank_norm: 1]
[label_gain: ]
[lambdarank_position_bias_regularization: 0]
[eval_at: ]
[multi_error_top_k: 1]
[auc_mu_weights: ]
[num_machines: 1]
[local_listen_port: 12400]
[time_out: 120]
[machine_list_filename: ]
[machines: ]
[gpu_platform_id: -1]
[gpu_device_id: -1]
[gpu_use_dp: 0]
[num_gpu: 1]

end of parameters

pandas_categorical:null
