tree
version=v4
num_class=1
num_tree_per_iteration=1
label_index=0
max_feature_idx=14
objective=binary sigmoid:1
feature_names=Column_0 Column_1 Column_2 Column_3 Column_4 Column_5 Column_6 Column_7 Column_8 Column_9 Column_10 Column_11 Column_12 Column_13 Column_14
feature_infos=[0:4] [0:6] [0:4] [0:15] none none [0:0.20000000000000001] [0:4] none [0:1.2] [25:100] [0:1] [0:1] [0:1] [4.4000000000000004:285]
tree_sizes=1896 1691 1900 2011 1590 1907 1911 1921 1920 1915 1921 1926 1812 1798 1919 1918 1799 2123 2025 1906 1926 1914 2008 2116 1808 1805 1917 1816 2018 2040 1810 2034 1911 2017 2031 1819 2034 1722 2028 2034 1828 2129 2030 2033 2046 2032 1933 2034 1922 2123 1922 2030 2138 1832 2043 2150 1928 1833 2039 1841 1924 2239 1945 1826 1935 1716 1941 2140 2253 1942 2147 2027 2249 2148 2043 2142 2056 2054 1936 2145 2030 2135 2142 1941 2248 2250 1834 2141 1939 2043 2050 1943 2032 2043 2034 2138 1944 2141 2042 2151

Tree=0
num_leaves=17
num_cat=0
split_feature=10 14 14 3 12 1 3 1 10 0 10 3 14 14 7 14
split_gain=34.3274 33.378 6.05067 8.68555 5.79257 5.72455 5.57295 2.84582 2.24237 2.20752 1.98017 1.96703 2.51658 2.118 0.632225 0.497974
threshold=52.500000000000007 88.000000000000014 60.70000000000001 1.0000000180025095e-35 1.0000000180025095e-35 1.5000000000000002 1.0000000180025095e-35 1.0000000180025095e-35 40.500000000000007 1.0000000180025095e-35 69.500000000000014 1.1000000000000003 116.70000000000002 95.250000000000014 0.45000000000000007 98.90000000000002
decision_type=2 2 2 2 2 2 2 2 2 2 2 2 2 2 2 2
left_child=1 2 6 -4 10 11 -1 -5 -7 14 15 -3 13 -13 -8 -2
right_child=4 5 3 7 -6 8 9 -9 -10 -11 -12 12 -14 -15 -16 -17
leaf_value=-0.039459223094241394 -0.1088828259754038 0.20000000729852785 0.046370691569132677 -0.049661626581950273 -0.013725482171135074 0.096804741585202275 0.054180609981506977 -0.13080424114572123 0.010928021903044777 0.11417323613698709 -0.15375252789991678 0.10332595018391111 0.065570408772130509 0.20000000729852793 0.0044843129607492734 -0.070387588961243863
leaf_weight=10.500633850693704 8.1405420750379616 5.3944954872131374 6.295056805014613 8.5220606774091738 7.2399807572364798 7.4972840100526827 5.3057702183723432 8.7704913765192014 5.1150109171867371 4.5072429329156867 8.748310059309004 4.0015089809894544 4.3164836317300788 5.2259175032377243 4.9464329332113266 5.7227789014577857
leaf_count=38 24 32 28 30 28 37 24 24 21 23 22 20 20 31 20 19
internal_value=8.02838e-09 0.034001 -0.0177822 -0.0542035 -0.0915738 0.114173 0.0162276 -0.0908158 0.0619768 0.0558461 -0.1165 0.148934 0.128595 0.158077 0.0302034 -0.092992
internal_weight=110.25 80.3984 48.8477 23.5876 29.8516 31.5507 25.2601 17.2926 12.6123 14.7594 22.6116 18.9384 13.5439 9.22743 10.2522 13.8633
internal_count=441 348 187 82 93 161 105 54 58 67 65 103 71 51 44 43
is_linear=0
shrinkage=1


Tree=1
num_leaves=15
num_cat=0
split_feature=10 14 7 12 1 10 12 14 13 2 3 10 14 14
split_gain=27.8916 27.1927 5.68378 6.4601 9.15593 5.08594 4.72832 3.19967 2.8388 2.64806 1.97467 1.63516 0.885533 0.528545
threshold=52.500000000000007 89.15000000000002 1.5500000000000003 1.0000000180025095e-35 1.5000000000000002 47.500000000000007 1.0000000180025095e-35 60.70000000000001 1.0000000180025095e-35 1.5000000000000002 2.5000000000000004 69.500000000000014 101.30000000000003 98.550000000000011
decision_type=2 2 2 2 2 2 2 2 2 2 2 2 2 2
left_child=1 2 3 4 9 8 11 -5 10 -1 -3 12 -2 -10
right_child=6 5 -4 7 -6 -7 -8 -9 13 -11 -12 -13 -14 -15
leaf_value=0.058901062349927771 -0.10362617075517436 0.13261070622787832 -0.10289257484362398 0.10508947403751773 -0.095331914763897366 0.032937734199623959 -0.012353545582532665 0.012428984320434978 0.13966655553858812 -0.022056985386708985 0.053451523998954191 -0.1392270939923132 -0.051452887777094947 0.18687942841746025
leaf_weight=8.2856591492891365 8.5994163900613838 7.1607724875211751 6.3446441441774359 6.3317601084709159 12.196477010846136 7.2620292603969565 7.2396397590637198 9.0575201064348203 3.8399792909622192 7.8852095305919638 5.6281499564647675 8.6968107223510724 5.2327423095703116 6.1989973336458206
leaf_count=38 25 39 19 32 37 32 28 37 21 30 26 22 18 37
internal_value=3.00702e-06 0.0306887 -0.0144396 -0.00161407 -0.0299148 0.10583 -0.0826586 0.0505532 0.129018 0.0194244 0.0977743 -0.105251 -0.0838889 0.16882
internal_weight=109.96 80.1912 50.1013 43.7566 28.3673 30.0899 29.7686 15.3893 22.8279 16.1709 12.7889 22.529 13.8322 10.039
internal_count=441 348 193 174 105 155 93 69 123 68 65 65 43 58
is_linear=0
shrinkage=0.1


Tree=2
num_leaves=17
num_cat=0
split_feature=10 14 11 7 14 1 10 12 10 1 14 10 3 14 14 3
split_gain=22.7745 22.4735 4.94697 7.05063 6.72309 4.62018 4.29968 3.87564 3.10144 2.48927 1.83526 1.65474 1.60675 2.03185 1.64328 0.759947
threshold=52.500000000000007 88.000000000000014 1.0000000180025095e-35 0.90000000000000013 55.650000000000006 1.5000000000000002 69.500000000000014 1.0000000180025095e-35 36.000000000000007 1.5000000000000002 104.90000000000002 40.500000000000007 1.1000000000000003 116.70000000000002 95.250000000000014 1.7500000000000002
decision_type=2 2 2 2 2 2 2 2 2 2 2 2 2 2 2 2
left_child=1 2 -1 4 8 12 10 -6 -4 -10 15 -7 -3 14 -14 -2
right_child=6 5 3 -5 7 11 -8 -9 9 -11 -12 -13 13 -15 -16 -17
leaf_value=-0.086687170729075086 -0.088767406491465223 0.17264352218683723 0.0063108390633982436 -0.065391442927102528 -0.058587695934744347 0.077390081867500862 -0.12450670431514195 0.043602003713834186 0.15648344217348031 0.0512470394639227 0.0023322155678509445 0.003393410471768481 0.085999242987889468 0.050659741563816509 0.17189459476247204 -0.040220187388029599
leaf_weight=7.9704351574182501 6.9499763846397453 5.2543557286262539 4.1085520684719112 11.871135577559469 9.4406481832265836 7.4095378220081347 11.002761155366896 6.1154383569955817 5.1880495846271497 3.9659481942653656 5.5831176936626425 5.1036965101957321 3.9665980935096723 4.2885672450065604 5.0793532580137253 6.0151894390583038
leaf_count=25 21 32 17 39 32 37 29 27 29 18 22 21 20 20 31 21
internal_value=8.77752e-06 0.0277916 -0.0146454 -0.000533691 0.0261829 0.0941856 -0.0749808 -0.0184147 0.0784929 0.11089 -0.0456022 0.0472095 0.125808 0.107353 0.13423 -0.0662439
internal_weight=109.313 79.7623 48.6602 40.6898 28.8186 31.1021 29.551 15.5561 13.2625 9.154 18.5483 12.5132 18.5889 13.3345 9.04595 12.9652
internal_count=441 348 187 162 123 161 93 59 64 47 64 58 103 71 51 42
is_linear=0
shrinkage=0.1


Tree=3
num_leaves=18
num_cat=0
split_feature=10 14 11 12 1 12 1 7 14 3 3 14 14 10 10 14 14
split_gain=18.6545 18.5568 4.023 5.75639 6.45386 3.96683 3.96 3.31003 2.87295 1.63849 1.43708 1.75578 1.48005 1.36279 1.08496 0.575318 0.082051
threshold=52.500000000000007 88.000000000000014 1.0000000180025095e-35 1.0000000180025095e-35 1.5000000000000002 1.0000000180025095e-35 1.5000000000000002 0.90000000000000013 55.650000000000006 1.0000000180025095e-35 1.1000000000000003 116.70000000000002 95.250000000000014 40.500000000000007 69.500000000000014 101.30000000000003 65.40000000000002
decision_type=2 2 2 2 2 2 2 2 2 2 2 2 2 2 2 2 2
left_child=1 2 -1 4 7 14 10 8 -4 -5 -3 12 -12 -8 15 -2 -11
right_child=5 6 3 9 -6 -7 13 -9 -10 16 11 -13 -14 -15 -16 -17 -18
leaf_value=-0.078308751047867831 -0.087988577750880759 0.16113893801543475 0.090046489264698798 0.1051525320350141 -0.087851690545062255 -0.0038320991294664036 0.070337454128758747 -0.05524006436722731 -0.010572715760585945 0.037937507204338264 0.078183977945471675 0.045809801810077558 0.16056045187948734 0.0030544862607629112 -0.11757797559844459 -0.045763167854197928 0.01906816605183731
leaf_weight=7.9421796053647986 8.4574547559022957 5.0755203962326076 5.9530391395092028 4.1483446955680838 10.620432496070864 7.218023642897605 7.3408200889825839 5.0442036241292945 5.4224913120269775 5.2447132319211942 3.9287422299385053 4.2693554013967505 4.9029875099658966 5.1030303686857224 8.3779198527336103 5.2171848118305197 4.1106264442205429
leaf_count=25 25 32 30 21 32 28 37 17 21 24 20 20 31 21 22 18 17
internal_value=2.58009e-05 0.0252625 -0.013227 -0.000478072 -0.0271058 -0.0681788 0.0862089 0.0121852 0.0420833 0.0528421 0.115964 0.0984628 0.123916 0.0427458 -0.0892401 -0.0718786 0.0296465
internal_weight=108.377 79.1065 48.486 40.5439 27.0402 29.2706 30.6205 16.4197 11.3755 13.5037 18.1766 13.1011 8.83173 12.4439 22.0526 13.6746 9.35534
internal_count=441 348 187 162 100 93 161 68 51 62 103 71 51 58 65 43 41
is_linear=0
shrinkage=0.1


Tree=4
num_leaves=14
num_cat=0
split_feature=10 14 7 12 1 10 10 13 2 14 3 3 3
split_gain=15.3327 15.4791 4.13129 4.15084 5.56018 3.78802 3.40837 2.54099 2.28493 2.27449 1.44396 1.41079 0.500458
threshold=52.500000000000007 89.15000000000002 1.5500000000000003 1.0000000180025095e-35 1.5000000000000002 47.500000000000007 69.500000000000014 1.0000000180025095e-35 1.5000000000000002 60.70000000000001 2.5000000000000004 1.7500000000000002 1.7500000000000002
decision_type=2 2 2 2 2 2 2 2 2 2 2 2 2
left_child=1 2 3 4 8 7 11 10 -1 -5 -3 -2 -9
right_child=6 5 -4 9 -6 -7 -8 12 -10 -11 -12 -13 -14
leaf_value=0.052550192121259665 -0.061690228844366812 0.10331559931131121 -0.086705682915036303 0.088526334152231476 -0.074351326382479863 0.018101611394999158 -0.10740340770320674 0.11318198737682615 -0.022954164629824581 0.0099988275927311993 0.034231023128598853 -0.0060204923660671095 0.16025098300205348
leaf_weight=8.222979545593267 9.9085882306098991 6.7135470807552373 6.2699207961559287 6.2399171292781821 11.952339500188826 7.1092251390218726 10.576329380273817 3.7759208977222443 7.8192047178745261 9.0203322619199735 5.5074091702699661 8.4209995418786985 5.6225200146436691
leaf_count=38 32 39 19 32 37 32 29 22 30 37 26 32 36
internal_value=3.94504e-05 0.0230293 -0.0108448 0.000151504 -0.02272 0.0814243 -0.0621982 0.102247 0.0157482 0.0421087 0.0721824 -0.0361144 0.141341
internal_weight=107.159 78.2533 49.5247 43.2548 27.9945 28.7286 28.9059 21.6194 16.0422 15.2602 12.221 18.3296 9.39844
internal_count=441 348 193 174 105 155 93 123 68 69 65 64 58
is_linear=0
shrinkage=0.1


Tree=5
num_leaves=17
num_cat=0
split_feature=10 14 14 12 14 3 3 3 2 0 14 7 14 14 14 14
split_gain=12.6068 12.8939 3.50883 3.32022 3.28342 6.21062 4.52922 3.18607 3.16644 3.12682 1.84388 1.51652 1.13997 2.28468 0.436226 0.00011502
threshold=52.500000000000007 88.000000000000014 147.85000000000002 1.0000000180025095e-35 60.70000000000001 1.0000000180025095e-35 1.0000000180025095e-35 2.5000000000000004 1.5000000000000002 1.0000000180025095e-35 19.850000000000005 1.5500000000000003 72.250000000000014 88.000000000000014 100.95000000000002 104.90000000000002
decision_type=2 2 2 2 2 2 2 2 2 2 2 2 2 2 2 2
left_child=1 4 8 12 6 -6 -1 -7 9 11 -8 14 -2 -14 -3 -10
right_child=3 2 -4 -5 5 7 10 -9 15 -11 -12 -13 13 -15 -16 -17
leaf_value=-0.036258277653160247 -0.042974079113850205 0.041097452807002624 -0.010683997377737807 0.0020692711697448568 0.047136949220958284 -0.11227974766812482 0.096737437106654112 -0.025447369609677313 0.15065963219756695 0.12709510361264764 0.022883997323966086 -0.0099984154524446374 -0.14629566136044403 -0.063164864638358395 0.08528039304103302 0.14978905863269198
leaf_weight=10.328437834978105 6.867059648036963 4.4826328456401914 4.273648500442504 7.180290773510932 6.24701860547066 8.5864774286746979 5.3948325216770163 8.320259153842926 2.9783642739057532 6.0000384747982016 9.0543119013309461 4.1547083854675284 5.1029355674982062 9.3883255422115308 4.4559056013822556 3.0943479835987091
leaf_count=38 23 22 19 28 28 24 27 30 20 37 40 18 12 30 24 21
internal_value=4.96835e-05 0.0210035 0.0730926 -0.0567581 -0.0109899 -0.0380651 0.0143109 -0.0695472 0.0873194 0.0673148 0.0504584 0.0399202 -0.0765348 -0.0924384 0.0631229 0.150216
internal_weight=105.91 77.371 29.4396 28.5386 47.9313 23.1538 24.7776 16.9067 25.166 19.0933 14.4491 13.0932 21.3583 14.4913 8.93854 6.07271
internal_count=441 348 161 93 187 82 105 54 142 101 67 64 65 42 46 41
is_linear=0
shrinkage=0.1


Tree=6
num_leaves=17
num_cat=0
split_feature=10 14 10 10 7 1 0 7 14 2 13 3 2 14 3 14
split_gain=10.6237 13.4123 7.30899 4.63194 4.29396 3.84592 3.53339 2.8547 2.78077 2.45969 2.63437 2.03189 1.29761 1.69863 3.69723 0.474104
threshold=47.500000000000007 84.300000000000026 40.500000000000007 69.500000000000014 1.0000000180025095e-35 1.0000000180025095e-35 1.0000000180025095e-35 0.90000000000000013 74.40000000000002 1.5000000000000002 1.0000000180025095e-35 1.7500000000000002 1.5000000000000002 107.15000000000002 2.5000000000000004 106.15000000000002
decision_type=2 2 2 2 2 2 2 2 2 2 2 2 2 2 2 2
left_child=1 2 7 4 12 -6 9 8 11 10 -3 -1 13 14 -2 -11
right_child=3 6 -4 -5 5 -7 -8 -9 -10 15 -12 -13 -14 -15 -16 -17
leaf_value=-0.02111674038723145 0.0013017654363190407 -0.012620110138570388 0.098227637518848887 -0.095112475621625919 0.099661006638136374 -0.028130553055861415 0.15641616864666122 -0.084763311488820908 -0.069410525824599723 0.14485810198358925 0.082899363473513968 0.052120830210714925 -0.074813577704647638 0.023854242927887858 -0.09749762030809063 0.08868755693444863
leaf_weight=8.8545779734849983 8.5701133608818107 5.3842975050211006 5.1959121823310843 10.086384266614912 5.0027342587709409 4.4497165530920029 5.6417130529880515 7.2792938798665991 6.1203843206167212 3.0736778676509848 6.225942388176918 6.6206645220518103 7.2725056260824195 5.1807499676942816 6.7873714417219153 2.939873680472374
leaf_count=35 34 24 26 29 25 16 38 22 20 22 34 31 24 22 21 18
internal_value=5.93915e-05 0.0290086 -0.0109583 -0.0349957 -0.0187233 0.0395035 0.0875377 -0.0306058 -0.0123509 0.0654884 0.0386018 0.010216 -0.0385137 -0.0256601 -0.0423635 0.117398
internal_weight=104.686 57.3363 34.0708 47.3496 37.2632 9.45245 23.2655 28.8749 21.5956 17.6238 11.6102 15.4752 27.8107 20.5382 15.3575 6.01355
internal_count=441 270 134 171 142 41 136 108 86 98 58 66 101 77 55 40
is_linear=0
shrinkage=0.1


Tree=7
num_leaves=17
num_cat=0
split_feature=10 14 7 11 12 1 14 12 2 10 0 14 14 3 13 13
split_gain=8.81593 9.37398 3.30529 3.63688 5.63671 5.46388 3.175 2.77494 2.4086 2.03264 1.65012 0.992985 1.01921 0.962596 0.780219 0.00368214
threshold=52.500000000000007 89.15000000000002 1.5500000000000003 1.0000000180025095e-35 1.0000000180025095e-35 1.5000000000000002 147.85000000000002 1.0000000180025095e-35 1.5000000000000002 36.000000000000007 1.0000000180025095e-35 72.250000000000014 101.30000000000003 1.7500000000000002 1.0000000180025095e-35 1.0000000180025095e-35
decision_type=2 2 2 2 2 2 2 2 2 2 2 2 2 2 2 2
left_child=1 2 3 -1 5 13 8 11 10 -6 14 -2 -13 -5 -3 -10
right_child=7 6 -4 4 9 -7 -8 -9 15 -11 -12 12 -14 -15 -16 -17
leaf_value=-0.062463150187003338 -0.035062158595672077 0.017281032316981689 -0.076905434758101021 0.0051612619445317387 0.018447864659200962 -0.071337380746309034 -0.014364283668548146 0.0056007461737443741 0.14154590432594669 0.10360174765659283 0.10980105757783146 -0.11049857428371745 -0.056328795708140512 0.058956578211683999 0.067760753711604144 0.13628337814943883
leaf_weight=7.356575831770896 6.6868385970592561 6.2381404042244046 6.1489309072494498 8.3174989968538267 4.5417872220277768 9.6462196111679077 4.2313301116228095 7.1381909400224677 2.5947571247816077 7.3228087574243546 5.0893999040126792 6.5883921235799772 7.3462991118431091 5.5429202765226373 6.0133541524410248 2.726808100938797
leaf_count=24 23 29 19 35 20 30 19 28 19 39 34 18 24 26 33 21
internal_value=7.28448e-05 0.0177356 -0.00835519 0.00150983 0.014815 -0.0135458 0.0651529 -0.0481378 0.0799996 0.0710047 0.0619399 -0.0667395 -0.0819405 0.0266745 0.0420578 0.138849
internal_weight=103.53 75.7705 48.8767 42.7278 35.3712 23.5066 26.8938 27.7597 22.6625 11.8646 17.3409 20.6215 13.9347 13.8604 12.2515 5.32157
internal_count=441 348 193 174 150 91 155 93 136 59 96 65 42 61 62 40
is_linear=0
shrinkage=0.1


Tree=8
num_leaves=17
num_cat=0
split_feature=10 14 10 14 12 3 7 14 0 13 14 2 7 1 0 3
split_gain=7.70042 6.31737 4.64511 3.31016 5.01664 4.85787 4.34397 2.79935 2.52059 2.09745 2.26871 2.02888 1.98855 1.31748 1.05122 0.861239
threshold=69.500000000000014 88.000000000000014 47.500000000000007 55.650000000000006 1.0000000180025095e-35 1.1000000000000003 0.45000000000000007 32.650000000000006 1.0000000180025095e-35 1.0000000180025095e-35 116.70000000000002 1.0000000180025095e-35 1.0000000180025095e-35 1.5000000000000002 1.0000000180025095e-35 2.5000000000000004
decision_type=2 2 2 2 2 2 2 2 2 2 2 2 2 2 2 2
left_child=1 3 8 5 13 6 -1 -7 9 10 -3 -6 -11 14 -5 -4
right_child=-2 2 15 4 11 7 -8 -9 -10 12 -12 -13 -14 -15 -16 -17
leaf_value=0.015869637976934078 -0.085229246387840366 0.068801735886749579 -0.01859536305762478 -0.074419408329486028 0.055639923396145125 0.019795889770337929 -0.098970552840130677 0.11607828884790579 0.13964133821503841 0.14085199166504314 -0.035680491864468693 -0.030331093534007904 0.035230264994206333 -0.10012238391412809 -0.014189929355202894 0.028698894193275527
leaf_weight=8.9604938477277774 9.5865077674388868 4.4991326108574885 9.1944784224033338 6.0430516600608843 6.3234855830669421 7.3785158246755582 5.2083802074193946 5.1116649508476257 4.4944804459810248 4.0271852463483802 3.862310990691185 4.8508268445730209 3.1979752257466316 7.1414069682359687 5.5678149908781052 6.6246402859687796
leaf_count=38 29 27 36 19 29 32 15 28 34 30 17 18 18 20 21 30
internal_value=8.28604e-05 0.00892578 0.041738 -0.0118916 -0.0347194 0.0137342 -0.0263448 0.0591999 0.0736642 0.0546393 0.0205394 0.0183195 0.0941021 -0.0663249 -0.0455373 0.00121026
internal_weight=102.072 92.4858 35.9002 56.5856 29.9266 26.6591 14.1689 12.4902 20.0811 15.5866 8.36144 11.1743 7.22516 18.7523 11.6109 15.8191
internal_count=441 412 192 220 107 113 53 60 126 92 44 47 48 60 40 66
is_linear=0
shrinkage=0.1


Tree=9
num_leaves=17
num_cat=0
split_feature=10 14 10 10 7 14 0 3 13 7 14 3 14 2 14 3
split_gain=6.5221 8.76312 6.08457 3.102 3.53749 3.08291 2.89426 2.73725 2.0067 3.96031 1.95138 2.85024 1.87339 1.02464 1.4802 3.23938
threshold=47.500000000000007 84.300000000000026 40.500000000000007 69.500000000000014 1.0000000180025095e-35 54.350000000000001 1.0000000180025095e-35 2.5000000000000004 1.0000000180025095e-35 1.0000000180025095e-35 36.900000000000013 1.0000000180025095e-35 116.70000000000002 1.5000000000000002 107.15000000000002 2.5000000000000004
decision_type=2 2 2 2 2 2 2 2 2 2 2 2 2 2 2 2
left_child=1 2 7 4 13 -6 8 10 12 -10 -1 -12 -3 14 15 -2
right_child=3 6 -4 -5 5 -7 -8 -9 9 -11 11 -13 -14 -15 -16 -17
leaf_value=-0.0034381916712835172 0.0038835454413563308 0.063386214636649382 0.091955100900025399 -0.07932406825549275 -0.019525206111402356 0.09566083363876661 0.14106828501175248 0.025809529486903283 0.14979296060130132 0.0098138016930273252 -0.015413060038429977 -0.10762631144998708 -0.031854856283531442 -0.065383916684816176 0.024995495236221698 -0.089535936661089333
leaf_weight=7.2988250404596391 8.4661574959754997 4.4004672616720235 5.0964705348014823 9.2861165553331357 4.5985920578241331 4.6968424469232559 4.8768473118543616 7.3372849375009528 4.6107186824083328 3.5987131670117378 5.9336828887462598 7.7037779837846756 3.891868457198143 7.1115656793117514 5.1559728980064383 6.6097361594438544
leaf_count=30 34 27 26 29 17 24 38 31 35 19 23 24 17 24 22 21
internal_value=9.03681e-05 0.0234021 -0.00862036 -0.0277002 -0.0146162 0.0386766 0.0733861 -0.0267497 0.0533836 0.0884312 -0.0451694 -0.0675042 0.0186864 -0.0327331 -0.0212563 -0.0370744
internal_weight=100.674 54.7487 33.37 45.925 36.6389 9.29543 21.3786 28.2736 16.5018 8.20943 20.9363 13.6375 8.29234 27.3434 20.2319 15.0759
internal_count=441 270 134 171 142 41 136 108 98 54 77 47 44 101 77 55
is_linear=0
shrinkage=0.1


Tree=10
num_leaves=17
num_cat=0
split_feature=10 14 10 12 14 14 3 3 0 2 13 14 1 10 14 14
split_gain=5.40834 4.35002 3.41652 2.83897 4.32178 5.20754 2.92379 5.9275 2.1554 2.00579 1.65478 1.34859 1.22008 0.882407 0.854187 0.426359
threshold=69.500000000000014 88.000000000000014 47.500000000000007 1.0000000180025095e-35 55.650000000000006 32.650000000000006 1.0000000180025095e-35 1.7500000000000002 1.0000000180025095e-35 1.5000000000000002 1.0000000180025095e-35 15.900000000000002 1.5000000000000002 40.500000000000007 112.50000000000001 101.30000000000003
decision_type=2 2 2 2 2 2 2 2 2 2 2 2 2 2 2 2
left_child=1 3 8 4 5 11 -5 -8 9 10 -3 -1 13 -6 15 -4
right_child=-2 2 14 6 12 -7 7 -9 -10 -11 -12 -13 -14 -15 -16 -17
leaf_value=-0.063064345446240108 -0.073863442307693428 -0.017144770519260177 -0.0012552767397140249 0.077129075812370509 -0.011666028355795952 0.083789459784408896 -0.091206146416762071 0.04758700721138432 0.13018900831105179 0.098824205001646973 0.064704809118758463 0.0033601781774169701 -0.093556470437025266 -0.067221603330423471 -0.026605407214030687 0.041700710945830291
leaf_weight=6.0261626392602938 8.9910855144262296 5.3179704695940035 4.538378566503523 6.3086253404617336 5.5360734611749667 6.0925798863172522 5.0030158311128599 7.9932028204202652 3.9136245921254149 4.9444228783249846 4.6123817414045334 6.2023716866970062 6.914574906229972 5.9122687429189682 6.5411865860223761 4.7071617990732193
leaf_count=20 29 24 19 31 21 30 16 38 34 39 29 25 20 19 25 22
internal_value=0.000109326 0.00745325 0.0353425 -0.00976935 -0.0261046 0.00825818 0.0212716 -0.00584271 0.064157 0.0467837 0.0208722 -0.0293735 -0.0603891 -0.0403566 0.00104924 0.0206148
internal_weight=99.5551 90.564 34.5751 55.9889 36.684 18.3211 19.3048 12.9962 18.7884 14.8748 9.93035 12.2285 18.3629 11.4483 15.7867 9.24554
internal_count=441 412 192 220 135 75 85 54 126 92 53 45 60 40 66 41
is_linear=0
shrinkage=0.1


Tree=11
num_leaves=17
num_cat=0
split_feature=10 14 10 0 3 10 7 14 14 3 14 14 3 10 13 1
split_gain=4.56017 6.50159 5.1306 2.52513 2.27332 2.23094 2.75798 2.63626 1.77288 3.06199 3.38069 1.66981 2.07049 0.79272 1.90595 1.42062
threshold=47.500000000000007 84.300000000000026 40.500000000000007 1.0000000180025095e-35 2.5000000000000004 69.500000000000014 1.0000000180025095e-35 54.350000000000001 129.65000000000001 1.1000000000000003 98.050000000000011 36.900000000000013 1.0000000180025095e-35 52.500000000000007 1.0000000180025095e-35 1.0000000180025095e-35
decision_type=2 2 2 2 2 2 2 2 2 2 2 2 2 2 2 2
left_child=1 2 4 8 11 6 13 -8 9 -3 -11 -1 -13 15 -15 -2
right_child=5 3 -4 -5 -6 -7 7 -9 -10 10 -12 12 -14 14 -16 -17
leaf_value=-0.0022833183578500975 0.020658357019815152 0.14680260904414172 0.085616887131802863 0.13289135664646903 0.024057425399983335 -0.068779799701568986 -0.019136322801109398 0.087609715017984188 -0.020596145694747822 -0.021956673702454917 0.098312973933986747 -0.017316854873187175 -0.096284060384195513 -0.080524845082086516 -0.0036044734498437928 -0.043024339740662776
leaf_weight=7.2926765531301561 6.8255861401557922 3.2478818744421032 5.0385300964117041 4.2858921661972991 7.2936343848705283 8.7053280472755414 4.5866436362266523 4.6683967784047127 3.1638764366507521 5.0090707615017873 4.3816085904836655 5.9104347676038724 7.5766967236995697 7.2348122298717499 5.8066927045583725 7.1960543394088745
leaf_count=30 31 26 26 38 31 29 17 24 15 24 33 23 24 22 22 26
internal_value=0.000108663 0.0199305 -0.00729849 0.0648127 -0.0239746 -0.0233131 -0.0124149 0.0347082 0.0463486 0.0631072 0.0341601 -0.0408337 -0.0616784 -0.02853 -0.0462763 -0.0120243
internal_weight=98.2238 53.2003 33.112 20.0883 28.0734 45.0235 36.3182 9.25504 15.8024 12.6386 9.39068 20.7798 13.4871 27.0631 13.0415 14.0216
internal_count=441 270 134 136 108 171 142 41 98 83 57 77 47 101 44 57
is_linear=0
shrinkage=0.1


Tree=12
num_leaves=16
num_cat=0
split_feature=10 14 10 14 3 7 12 0 14 2 13 13 14 14 3
split_gain=3.79998 3.11403 4.2277 2.69943 4.05209 3.64618 2.71259 2.35915 2.32523 1.74785 1.55675 1.20699 0.438789 0.41641 0.338383
threshold=69.500000000000014 84.300000000000026 47.500000000000007 55.650000000000006 1.1000000000000003 0.45000000000000007 1.0000000180025095e-35 1.0000000180025095e-35 32.650000000000006 1.5000000000000002 1.0000000180025095e-35 1.0000000180025095e-35 107.15000000000002 72.250000000000014 1.1000000000000003
decision_type=2 2 2 2 2 2 2 2 2 2 2 2 2 2 2
left_child=1 3 7 4 5 -1 13 9 -6 10 -3 -4 -11 -5 -8
right_child=-2 2 11 6 8 -7 14 -9 -10 12 -12 -13 -14 -15 -16
leaf_value=0.014707534832906131 -0.064023047250932413 -0.017954130610944988 -0.031321418897063025 -0.040767818956552911 0.018524326204271354 -0.091282360833933401 -0.010889567858787121 0.12910934047448319 0.10653409187038831 0.12547751641718338 0.058080332359850967 0.022095349321187698 0.064189975956452511 -0.073807311096440439 0.025653517492440978
leaf_weight=8.898157864809038 8.4315486103296262 5.302413150668146 9.5326927751302737 6.8936107903718957 7.343848764896391 5.1094251573085776 5.0259692221879959 3.9857345744967452 5.0774887949228287 2.2647671774029723 5.4712590649724007 7.6046070978045455 2.4126403331756592 8.5407780110836011 5.1105447858572006
leaf_count=38 29 24 36 24 32 15 20 38 28 23 34 34 17 27 22
internal_value=0.000126247 0.00623276 0.0285902 -0.00949237 0.012919 -0.0239535 -0.0326557 0.0605147 0.0545002 0.0428201 0.0206589 -0.00761795 0.093865 -0.0590506 0.00753443
internal_weight=97.0055 88.5739 36.5741 51.9998 26.4289 14.0076 25.5709 19.4368 12.4213 15.4511 10.7737 17.1373 4.67741 15.4344 10.1365
internal_count=441 412 206 206 113 53 93 136 60 98 58 70 40 51 42
is_linear=0
shrinkage=0.1


Tree=13
num_leaves=16
num_cat=0
split_feature=10 14 11 12 3 1 3 7 14 14 14 10 3 0 14
split_gain=3.18325 2.62896 2.68129 3.9623 3.7899 2.73287 2.62869 2.23196 3.84503 3.83479 3.8205 3.51936 2.23519 0.453804 0.433425
threshold=69.500000000000014 88.000000000000014 1.0000000180025095e-35 1.0000000180025095e-35 1.0000000180025095e-35 1.5000000000000002 1.1000000000000003 0.28750000000000003 93.350000000000009 99.40000000000002 132.25000000000003 47.500000000000007 2.5000000000000004 1.5000000000000002 60.70000000000001
decision_type=2 2 2 2 2 2 2 2 2 2 2 2 2 2 2
left_child=1 2 -1 5 -5 6 -4 8 -3 -10 11 -11 -9 -8 -6
right_child=-2 7 3 4 14 -7 13 12 9 10 -12 -13 -14 -15 -16
leaf_value=-0.058450370264013965 -0.059555898077106623 0.11281022235253904 -0.03268308924035284 0.11542235021545987 0.029622522858968887 -0.057351253989307786 0.06173353887995086 0.014521499161201152 -0.086624018495751243 0.12905614007859695 -0.047140504506702534 0.00933846986423458 0.11591772391777505 0.018153906362439243 -0.011006243405346004
leaf_weight=8.7367966473102552 8.171519495546816 3.2796082720160511 9.6145136207342201 4.948290303349494 5.2426422834396345 11.50805042684078 5.0964670628309232 3.8913837000727636 4.3932720050215748 3.9545763134956378 5.6909776479005805 6.4779235571622849 4.9263161420822144 4.4986478984355927 5.2602361887693405
leaf_count=29 29 23 36 27 26 38 24 22 22 38 25 27 35 19 21
internal_value=0.000133994 0.00570711 -0.00765063 0.00196249 0.0432685 -0.0188146 0.00427176 0.0281948 0.0122704 -0.0038009 0.0187665 0.054719 0.07117 0.0413013 0.00927411
internal_weight=95.6912 87.5197 54.9056 46.1688 15.4512 30.7177 19.2096 32.6141 23.7964 20.5167 16.1235 10.4325 8.8177 9.59511 10.5029
internal_count=441 412 220 191 74 117 79 192 135 112 90 65 57 43 47
is_linear=0
shrinkage=0.1


Tree=14
num_leaves=17
num_cat=0
split_feature=10 14 10 0 3 2 14 3 7 10 7 1 3 2 14 3
split_gain=2.74907 4.12042 4.35955 2.29297 1.89077 1.59803 1.37663 1.87211 1.35653 1.33149 2.17841 2.30726 0.949372 0.861679 1.26578 2.81624
threshold=47.500000000000007 84.300000000000026 40.500000000000007 1.0000000180025095e-35 2.5000000000000004 1.5000000000000002 36.900000000000013 1.0000000180025095e-35 1.0000000180025095e-35 69.500000000000014 1.0000000180025095e-35 1.0000000180025095e-35 1.7500000000000002 1.5000000000000002 107.15000000000002 2.5000000000000004
decision_type=2 2 2 2 2 2 2 2 2 2 2 2 2 2 2 2
left_child=1 2 4 5 6 8 -1 -8 -3 10 13 -12 -7 14 15 -2
right_child=9 3 -4 -5 -6 12 7 -9 -10 -11 11 -13 -14 -15 -16 -17
leaf_value=-0.0013819048731427608 0.0095291720914884148 0.04963408264884242 0.081123187466041927 0.12524959799930521 0.02305819186230838 0.042876523833661188 -0.013354370517826664 -0.089248757817992797 -0.022368420382888526 -0.05535052847564606 0.079252717387073734 -0.021831390996542591 0.13691886186623087 -0.055015955524738126 0.028793429150287566 -0.079033820850282155
leaf_weight=7.2163527607917848 8.2784507274627739 5.4818625897169131 4.9344517439603797 3.6064315512776366 7.2190768271684638 2.2556723654270163 5.8230302333831769 7.3562233597040176 5.0060411542654037 7.926299236714839 4.8573998436331731 4.2195706963539124 2.0482069402933121 6.8556208759546271 5.1438923627138129 6.3407437801361075
leaf_count=30 34 34 26 38 31 21 23 24 24 29 25 16 19 24 22 21
internal_value=0.000150889 0.0159273 -0.00545365 0.0537535 -0.020924 0.0363218 -0.0364916 -0.0557161 0.0152662 -0.0182749 -0.0100422 0.0322622 0.0876311 -0.0244679 -0.0138711 -0.028883
internal_weight=94.5693 50.9473 32.5491 18.3982 27.6147 14.7918 20.3956 13.1793 10.4879 43.622 35.6957 9.07697 4.30388 26.6187 19.7631 14.6192
internal_count=441 270 134 136 108 98 77 47 58 171 142 41 40 101 77 55
is_linear=0
shrinkage=0.1


Tree=15
num_leaves=17
num_cat=0
split_feature=11 12 3 10 14 7 14 3 13 14 2 3 14 1 14 1
split_gain=2.28951 3.64978 3.31176 3.27673 2.32719 2.54943 2.86205 1.80767 1.95374 1.52891 1.44917 1.8323 1.20341 1.00109 0.783355 0.77257
threshold=1.0000000180025095e-35 1.0000000180025095e-35 1.0000000180025095e-35 56.500000000000007 88.000000000000014 0.90000000000000013 55.650000000000006 1.1000000000000003 1.0000000180025095e-35 22.150000000000002 1.0000000180025095e-35 1.1000000000000003 96.100000000000009 1.5000000000000002 78.15000000000002 1.0000000180025095e-35
decision_type=2 2 2 2 2 2 2 2 2 2 2 2 2 2 2 2
left_child=10 3 15 4 5 6 9 -6 -9 -2 11 -1 14 -5 -4 -3
right_child=1 2 12 13 7 -7 -8 8 -10 -11 -12 -13 -14 -15 -16 -17
leaf_value=-0.061521076389206321 0.012956538044782135 0.12700787417206802 0.015641868121823343 -0.027544212079283301 0.10060615852449036 -0.05522341230504401 -0.02863129080530908 -0.013142534589673042 0.081899277289638833 0.096214370295350515 -0.083016708632807704 0.027742786235184502 0.053094515619599131 -0.081587680297001017 -0.037607670756349063 0.060173543670826272
leaf_weight=4.3610930964350683 4.7825326472520882 3.805481135845187 8.4790254011750239 8.6204973086714727 3.6575610637664786 8.5947408229112607 9.0196418911218625 6.5573569536209089 3.227463386952877 4.0934765934944153 4.6296706423163405 4.8646531477570534 5.880416475236415 5.6899404376745215 4.0978138968348494 3.1705855950713158
leaf_count=17 20 26 39 32 29 29 33 34 27 22 18 24 38 19 17 17
internal_value=0.000155617 0.00667995 0.0379364 -0.00797542 0.00673785 -0.0104588 0.0110402 0.0406267 0.0182064 0.0513537 -0.037363 -0.014453 0.0157519 -0.0490323 -0.00170802 0.096632
internal_weight=93.532 79.6765 25.4333 54.2432 39.9328 26.4904 17.8957 13.4424 9.78482 8.87601 13.8554 9.22575 18.4573 14.3104 12.5768 6.97607
internal_count=441 382 137 245 194 104 75 90 61 42 59 41 94 51 56 43
is_linear=0
shrinkage=0.1


Tree=16
num_leaves=16
num_cat=0
split_feature=10 14 7 3 0 2 10 3 14 14 14 0 14 14 14
split_gain=2.10002 3.22052 3.93591 4.19754 2.13499 2.08285 3.17069 1.56954 1.39353 1.11065 2.49145 2.25795 2.47132 0.901146 0.549109
threshold=47.500000000000007 84.300000000000026 1.5500000000000003 2.5000000000000004 1.0000000180025095e-35 1.5000000000000002 36.000000000000007 1.1000000000000003 98.050000000000011 32.650000000000006 61.550000000000004 1.5000000000000002 88.000000000000014 111.55000000000003 121.35000000000001
decision_type=2 2 2 2 2 2 2 2 2 2 2 2 2 2 2
left_child=1 2 3 5 7 6 -1 -3 -9 -2 -11 12 -12 -14 -10
right_child=9 4 -4 -5 -6 -7 -8 8 14 10 11 -13 13 -15 -16
leaf_value=-0.035552863560164648 -0.051282005829861699 0.089649639351606344 -0.08608683044071716 0.086014486156090739 0.12206066219180278 -0.055325193627219729 0.058025726612305241 -0.026523779263370142 0.073180145404602506 0.04581762157053048 -0.083055917695136303 0.032144663638673361 0.010575395880127899 -0.038545732216217446 0.011849963701962646
leaf_weight=7.2078371047973686 7.4126038476824752 3.5548579618334797 5.013089343905448 5.7734135761857024 3.2265974655747405 6.8934040069580069 7.275546133518219 4.8778751492500287 3.2590113803744316 6.7750195711851111 7.5207115262746873 6.1373382881283751 7.8494404554367048 7.1245461329817772 2.6444012373685837
leaf_count=27 26 30 15 30 38 25 37 24 30 31 25 28 34 27 14
internal_value=0.000149827 0.0141284 -0.00467717 0.0103545 0.0485678 -0.0100796 0.0114552 0.032027 0.0130273 -0.0160834 -0.00871441 -0.021618 -0.0362863 -0.0127962 0.0457076
internal_weight=92.5457 49.726 32.1633 27.1502 17.5627 21.3768 14.4834 14.3361 10.7813 42.8197 35.4071 28.632 22.4947 14.974 5.90341
internal_count=441 270 134 119 136 89 64 98 68 171 145 114 86 61 44
is_linear=0
shrinkage=0.1


Tree=17
num_leaves=19
num_cat=0
split_feature=11 12 3 10 13 3 3 14 2 14 14 3 10 3 1 3 14 7
split_gain=1.82196 2.94313 2.77452 2.52603 1.79846 5.46029 3.43595 1.97242 3.79283 1.12578 1.55007 1.06632 1.76738 1.14609 0.6903 0.526382 0.26932 0.191351
threshold=1.0000000180025095e-35 1.0000000180025095e-35 1.0000000180025095e-35 56.500000000000007 1.0000000180025095e-35 2.5000000000000004 2.5000000000000004 22.150000000000002 1.5000000000000002 64.500000000000014 89.950000000000003 1.7500000000000002 47.500000000000007 2.5000000000000004 1.0000000180025095e-35 0.40000000000000008 88.000000000000014 0.90000000000000013
decision_type=2 2 2 2 2 2 2 2 2 2 2 2 2 2 2 2 2 2
left_child=9 3 14 4 6 15 7 -2 -9 -1 -11 -4 13 -13 -3 -6 -5 -8
right_child=1 2 11 16 5 -7 17 8 -10 10 -12 12 -14 -15 -16 -17 -18 -19
leaf_value=0.0053632446196294481 -0.034207368497486734 0.11860962820322857 -0.033394744223573726 -0.057857774483144025 0.01533359737729037 0.13734842392371363 -0.060409756117373148 0.094152334863389628 -0.033453097049431793 -0.10139857532472614 -0.01700256679181901 0.012367893442150283 -0.018093075575726088 0.084960134919504673 0.05444780484206535 -0.032826549039278036 -0.029974288238701515 -0.034893141500209522
leaf_weight=4.789581559598445 4.156220719218255 3.6485549509525326 3.7584425210952785 6.9599952474236471 5.3017951585352403 3.7779683731496325 6.6186682358384132 6.3965930193662626 3.6632574684917927 3.9489295929670316 4.8479202687740326 3.7928650677204114 5.5080593302845946 5.098437987267971 3.1028094887733459 3.968017041683197 6.896200530230999 5.2860791683197021
leaf_count=19 15 26 16 26 28 30 25 37 20 12 28 20 22 36 17 18 25 21
internal_value=0.00014462 0.00603576 0.0343889 -0.00728353 0.00569821 0.0360166 -0.00944636 0.0237431 0.0476853 -0.0336479 -0.0548882 0.0140382 0.0264189 0.0539936 0.089122 -0.00528174 -0.0439802 -0.0490796
internal_weight=91.5204 77.934 24.9092 53.0248 39.1686 13.0478 26.1208 14.2161 10.0599 13.5864 8.79685 18.1578 14.3994 8.8913 6.75136 9.26981 13.8562 11.9047
internal_count=441 382 137 245 194 76 118 72 57 59 40 94 78 56 43 46 51 46
is_linear=0
shrinkage=0.1


Tree=18
num_leaves=18
num_cat=0
split_feature=1 14 11 3 7 14 12 13 2 14 10 7 10 14 14 3 1
split_gain=1.68048 3.26816 1.99635 2.01909 3.25097 5.01905 3.40735 1.75063 3.37117 3.9179 1.70726 1.62688 1.91162 1.233 1.12715 0.686183 0.480267
threshold=2.5000000000000004 15.100000000000001 1.0000000180025095e-35 1.0000000180025095e-35 0.90000000000000013 106.65000000000002 1.0000000180025095e-35 1.0000000180025095e-35 1.0000000180025095e-35 96.100000000000009 40.500000000000007 1.0000000180025095e-35 56.500000000000007 82.250000000000014 74.40000000000002 1.1000000000000003 1.5000000000000002
decision_type=2 2 2 2 2 2 2 2 2 2 2 2 2 2 2 2 2
left_child=1 -1 15 4 5 6 10 11 9 -9 -4 12 14 -13 -5 -3 -16
right_child=-2 2 3 7 -6 -7 -8 8 -10 -11 -12 13 -14 -15 16 -17 -18
leaf_value=0.082768755850275724 -0.060718625646868557 -0.061690863944882671 0.00070864948868103509 0.013775500954659448 -0.047256114102463387 -0.037126582756016553 0.16302162346455207 -0.044630410042318908 0.087263649864861723 0.075671273411939757 0.092709829930680152 -0.02086498463947721 -0.091322665771345818 0.054938728110567991 -0.019110121810717407 -0.014309748611891044 -0.061506769594420078
leaf_weight=4.8691547662019721 4.3209133744239798 6.3262549564242345 3.8767486326396519 6.3282519131898978 4.2212936878204337 4.6448980048298827 3.836443703621625 9.0602474287152308 5.110077552497386 3.8606821224093428 4.2046961411833763 4.4077997207641584 4.7670177817344657 4.1812622621655464 5.5663815513253194 5.9137776792049408 5.1383156999945641
leaf_count=25 16 25 19 29 18 25 28 38 36 27 23 17 15 24 28 28 20
internal_value=0.000139954 0.00318658 -0.00157125 0.0050131 0.0310842 0.0510505 0.0854167 -0.00617779 0.0185072 -0.00868512 0.048576 -0.0208244 -0.0353476 0.0160372 -0.0196819 -0.0387987 -0.0394608
internal_weight=90.6342 86.3133 81.4441 69.2041 20.7841 16.5628 11.9179 48.42 18.031 12.9209 8.08144 30.389 21.8 8.58906 17.0329 12.24 10.7047
internal_count=441 425 400 347 113 95 70 234 101 65 42 133 92 41 77 53 48
is_linear=0
shrinkage=0.1


Tree=19
num_leaves=17
num_cat=0
split_feature=10 14 10 14 14 14 3 7 2 14 1 10 10 14 1 14
split_gain=1.59591 1.42585 2.54387 3.10955 2.35412 1.6238 3.42319 2.63485 1.77294 2.91568 4.00089 1.65112 1.21032 2.81842 5.72335 0.00712391
threshold=69.500000000000014 84.300000000000026 37.500000000000007 129.65000000000001 98.250000000000014 55.650000000000006 1.1000000000000003 0.45000000000000007 1.5000000000000002 64.500000000000014 1.0000000180025095e-35 40.500000000000007 40.500000000000007 107.15000000000002 1.5000000000000002 116.70000000000002
decision_type=2 2 2 2 2 2 2 2 2 2 2 2 2 2 2 2
left_child=1 5 4 12 -3 6 7 -1 9 -7 -11 -8 -4 14 -14 -6
right_child=-2 2 3 -5 15 8 11 -9 -10 10 -12 -13 13 -15 -16 -17
leaf_value=0.0096660449191680251 -0.045001635477317829 0.016933874918885383 0.078909753534465207 -0.058189370647767358 0.12156908291997995 -0.067878449017875306 0.016002125060406089 -0.082248997302954485 -0.065210023826839311 0.094277800890127869 -0.028010616142431461 0.090353063554308097 0.053298804730907069 0.078000126505034809 -0.089249869259787923 0.13019101853986298
leaf_weight=8.562903545796873 7.2069365456700316 4.1270475834608069 3.3361450396478238 6.0198092795908442 1.9804616160690787 5.286586716771132 6.6228554695844633 4.9054159373044959 7.6268606036901465 4.5538874417543393 6.4856686592102051 5.4402812719345093 5.9361902512609941 4.6731244251132003 5.3596052676439285 1.856788821518421
leaf_count=38 29 27 29 26 25 18 31 15 26 23 26 29 35 28 18 18
internal_value=0.000132031 0.00406173 0.0200637 0.00456143 0.0693579 -0.00670312 0.0108427 -0.0238111 -0.0254052 -0.00681008 0.0224341 0.0495332 0.0241287 0.0126841 -0.0143374 0.125741
internal_weight=89.9806 82.7736 33.2892 25.3249 7.9643 49.4845 25.5315 13.4683 23.953 16.3261 11.0396 12.0631 19.3051 15.9689 11.2958 3.83725
internal_count=441 412 206 136 70 206 113 53 93 67 49 60 110 81 53 43
is_linear=0
shrinkage=0.1


Tree=20
num_leaves=17
num_cat=0
split_feature=10 12 11 7 3 14 14 1 14 2 14 14 14 14 10 3
split_gain=1.32895 1.20191 2.04285 1.37824 3.01245 1.32452 3.42834 2.62539 2.66562 1.43112 1.32497 1.29506 1.26156 2.74452 0.898298 2.37504
threshold=69.500000000000014 1.0000000180025095e-35 1.0000000180025095e-35 1.5500000000000003 1.0000000180025095e-35 105.75000000000001 132.25000000000003 1.5000000000000002 72.250000000000014 1.0000000180025095e-35 84.300000000000026 94.550000000000011 55.650000000000006 27.550000000000004 47.500000000000007 2.5000000000000004
decision_type=2 2 2 2 2 2 2 2 2 2 2 2 2 2 2 2
left_child=1 5 -3 4 -4 7 9 10 -9 -7 12 -12 13 -1 15 -6
right_child=-2 2 3 -5 14 6 -8 8 -10 -11 11 -13 -14 -15 -16 -17
leaf_value=-0.028027792461863949 -0.041607291970282581 -0.039617245737737651 0.11068521388276903 -0.024277328406145177 -0.0032988240469768548 0.12564224680828889 -0.036625433235467374 -0.0044616139007160631 -0.082435891342740555 0.027259964482200257 0.08837803972597108 -0.0025621471526954868 -0.030858671279726746 0.074338227943151675 -0.019056662344835187 0.097382634718803721
leaf_weight=5.7073651552200371 7.0252223536372176 4.6119489371776607 5.0013095587492051 3.4887607954442492 5.9043686240911466 3.0282581448554975 4.7252442725002766 8.9996567815542239 8.5489454194903356 2.8892947249114513 3.4696606025099745 2.8540774509310722 9.8201195746660215 4.8403778597712517 4.1093111485242835 3.8844422064721584
leaf_count=22 29 21 37 18 30 20 22 35 32 23 23 21 36 26 16 30
internal_value=0.000132562 0.00371366 0.0209869 0.0334714 0.0441315 -0.00478407 0.0268891 -0.0124036 -0.0424474 0.0776063 0.00734889 0.0473342 -0.00506561 0.0189482 0.0201819 0.0366541
internal_weight=88.9084 81.8831 27.0001 22.3882 18.8994 54.883 10.6428 44.2402 17.5486 5.91755 26.6916 6.32374 20.3679 10.5477 13.8981 9.78881
internal_count=441 412 152 131 113 260 65 195 67 43 128 44 84 48 76 60
is_linear=0
shrinkage=0.1


Tree=21
num_leaves=17
num_cat=0
split_feature=10 14 11 14 3 0 13 7 14 14 14 10 14 14 1 14
split_gain=1.23692 7.19452 2.52113 2.33829 3.41751 2.36428 5.35493 2.25486 2.04592 2.64881 2.41225 2.1226 1.32051 3.0157 0.350566 0.00518515
threshold=37.500000000000007 65.40000000000002 1.0000000180025095e-35 132.25000000000003 2.5000000000000004 1.5000000000000002 1.0000000180025095e-35 0.90000000000000013 36.900000000000013 82.250000000000014 106.65000000000002 40.500000000000007 83.950000000000017 98.250000000000014 1.5000000000000002 116.70000000000002
decision_type=2 2 2 2 2 2 2 2 2 2 2 2 2 2 2 2
left_child=1 -1 -2 4 7 6 14 8 -4 11 -11 -10 -3 -14 -6 -15
right_child=2 12 3 -5 5 -7 -8 -9 9 10 -12 -13 13 15 -16 -17
leaf_value=-0.041857527831731238 -0.052266464806258919 0.12610095788072209 0.097614830101473135 -0.064370895093128128 -0.057628966665965134 0.035622901142062978 0.042219895132004477 -0.023103467180397928 -0.061145688698620561 0.11466035851913542 -0.0011733885137204228 0.037163943164089573 -0.0016262937912876704 0.11844601029195977 -0.091771465698540902 0.12615815446344206
leaf_weight=9.7908031344413775 10.217808790504931 3.4925810843706113 5.7242815941572252 4.8913286477327338 5.639925375580793 5.7259548492729655 5.6338691413402548 5.9731002189218989 4.1541548818349856 4.7914852984249583 2.8775476068258286 4.6597312241792679 4.5084025636315346 1.7986069992184641 6.4426919668912888 1.6918150186538694
leaf_count=37 39 19 32 21 22 32 32 25 16 33 16 24 28 25 22 18
internal_value=0.000140307 0.0211323 -0.00655447 0.00171031 0.0079716 -0.0202386 -0.038293 0.0314389 0.0461092 0.0282221 0.0711976 -0.00917129 0.0748002 0.0524005 -0.0758344 0.122184
internal_weight=88.0141 21.2822 66.7319 56.5141 51.6227 23.4424 17.7165 28.1803 22.2072 16.4829 7.66903 8.81389 11.4914 7.99882 12.0826 3.49042
internal_count=441 127 314 275 254 108 76 146 121 89 49 40 90 71 44 43
is_linear=0
shrinkage=0.1


Tree=22
num_leaves=18
num_cat=0
split_feature=10 10 7 14 14 14 14 14 7 14 3 14 14 10 1 10 14
split_gain=1.10721 2.85289 3.33911 1.7762 3.3094 3.14657 2.77025 1.938 1.07997 2.01946 1.18464 1.09771 1.01141 0.905622 0.479444 0.186027 0.000384269
threshold=47.500000000000007 43.000000000000007 1.5500000000000003 81.850000000000009 94.15000000000002 98.90000000000002 147.85000000000002 28.350000000000005 1.0000000180025095e-35 48.45000000000001 2.5000000000000004 106.65000000000002 75.950000000000017 37.500000000000007 1.5000000000000002 56.500000000000007 115.60000000000001
decision_type=2 2 2 2 2 2 2 2 2 2 2 2 2 2 2 2 2
left_child=1 2 3 7 -5 -6 16 -1 10 -10 11 14 -3 -9 -2 -12 -7
right_child=8 12 -4 4 5 6 -8 13 9 -11 15 -13 -14 -15 -16 -17 -18
leaf_value=0.046959641570029409 0.026348652909898684 0.11980350477166071 -0.060023606395561695 0.12609595616015651 -0.084293605815411302 0.11572912954957321 -0.037251137501200661 0.0053197658494218451 -0.034579597692120205 0.050598356129238131 -0.033669352675105201 -0.043847908778080348 0.03834907970625441 -0.042066995781043906 -0.013015108336835 -0.059508835138701768 0.11802582283590535
leaf_weight=5.9726576209068325 7.3764060884714144 2.6999087557196608 7.3445315174758425 3.5966963246464712 2.4208715371787548 1.4267534725368025 1.9425788223743437 7.6410089433193216 4.8558918163180333 6.521715834736824 5.1681717336177844 5.4392295181751242 3.5012538507580757 8.5412462428212166 5.3298952504992485 6.0451075956225395 1.488555137068033
leaf_count=29 34 17 36 29 14 22 10 33 19 33 21 20 26 35 22 22 19
internal_value=0.000130848 0.0106623 0.000962947 0.0145237 0.0476216 0.00884459 0.0552589 -0.00172342 -0.0119103 0.0142449 -0.0220464 -0.00625551 0.0738133 -0.0196917 0.00983679 -0.0475995 0.116902
internal_weight=87.3125 46.5761 40.3749 33.0304 10.8755 7.27876 4.85789 22.1549 40.7364 11.3776 29.3588 18.1455 6.20116 16.1823 12.7063 11.2133 2.91531
internal_count=441 270 227 191 94 65 51 97 171 52 119 76 43 68 56 43 41
is_linear=0
shrinkage=0.1


Tree=23
num_leaves=19
num_cat=0
split_feature=1 14 14 14 0 14 10 11 3 14 10 14 14 13 10 14 14 14
split_gain=1.06143 2.41526 1.28047 1.6011 3.94111 2.10572 5.26607 3.1252 2.11088 3.63419 1.79301 1.40765 2.48753 1.01971 0.353145 0.350035 0.0879651 0.00358647
threshold=2.5000000000000004 14.65 32.650000000000006 60.70000000000001 1.5000000000000002 64.500000000000014 37.500000000000007 1.0000000180025095e-35 0.40000000000000008 106.65000000000002 40.500000000000007 98.250000000000014 83.950000000000017 1.0000000180025095e-35 47.500000000000007 101.30000000000003 94.550000000000011 116.70000000000002
decision_type=2 2 2 2 2 2 2 2 2 2 2 2 2 2 2 2 2 2
left_child=1 -1 14 4 -4 -5 11 -8 9 -9 -10 12 -7 16 -3 -15 -12 -13
right_child=-2 2 3 5 -6 6 7 8 10 -11 13 17 -14 15 -16 -17 -18 -19
leaf_value=0.07694471569748168 -0.049769648995251353 -0.016331781836251731 0.087372092713467922 -0.076987395513806678 -0.031224606252047322 0.097170522058840067 -0.082780746767537064 0.09369729665195578 -0.061113902463594327 -0.029176865546021426 -0.013286638861606895 0.11646392324704496 -0.013482394589209558 0.0048756945467730347 -0.051335625761675864 0.047414154226129629 -0.03192744283891033 0.12325171981903589
leaf_weight=4.1500299274921408 4.0608770102262488 6.4828656986355764 6.7185030579566938 3.6021712496876708 4.8067526370286942 3.9823859930038434 5.7848209813237181 5.152143254876135 7.1332250684499767 4.5177182331681252 5.0132621899247187 1.5953417383134358 4.1474580876529217 3.9890465661883345 5.1892524436116219 3.7556214965879917 5.1138153001666069 1.5201216936111448
leaf_count=22 16 27 37 12 20 21 22 33 33 23 22 25 26 20 19 23 22 18
internal_value=0.000144264 0.00259657 -0.00133374 0.00400353 0.0379098 -0.00306208 0.00208813 -0.0147367 -0.00338492 0.036291 -0.0187283 0.0626226 0.0407207 -0.00181076 -0.031894 0.0255039 -0.0226996 0.119776
internal_weight=86.7154 82.6545 78.5045 66.8324 11.5253 55.3071 51.705 40.4597 34.6748 9.66986 25.005 11.2453 8.12984 17.8717 11.6721 7.74467 10.1271 3.11546
internal_count=441 425 403 357 57 300 288 198 176 56 120 90 47 87 46 43 44 43
is_linear=0
shrinkage=0.1


Tree=24
num_leaves=16
num_cat=0
split_feature=10 3 13 0 2 14 11 7 14 14 14 14 10 3 14
split_gain=1.0002 1.59599 6.09173 4.25204 2.62094 1.72586 1.70185 2.55192 2.59181 1.20257 3.45592 2.21823 3.62962 3.44685 0.130126
threshold=69.500000000000014 2.5000000000000004 1.0000000180025095e-35 1.5000000000000002 1.5000000000000002 93.65000000000002 1.0000000180025095e-35 0.90000000000000013 132.25000000000003 15.900000000000002 40.900000000000006 82.250000000000014 47.500000000000007 1.0000000180025095e-35 95.250000000000014
decision_type=2 2 2 2 2 2 2 2 2 2 2 2 2 2 2
left_child=1 6 3 4 -3 -4 -1 8 9 -8 -11 13 14 -12 -13
right_child=-2 2 5 -5 -6 -7 7 -9 -10 10 11 12 -14 -15 -16
leaf_value=-0.045442316507231545 -0.037040779846127553 -0.067171247601199788 0.056188764570901731 0.073270288295467001 0.022990605310907755 0.14669731124179763 -0.021713164894747266 -0.045904808018569818 -0.062324040520815263 0.11844802224587975 0.045565632549809526 0.15362839613007898 0.0015008039245149049 -0.062200487561676614 0.11477776823463433
leaf_weight=9.4885437786579114 6.6747589930891982 9.472005672752859 5.5510580912232417 4.6805847920477381 4.8878703042864791 3.3955230619758368 4.7020039856433895 8.9458210878074151 3.8908201083540908 4.0041376650333431 5.6544116884470004 1.7837454155087455 4.9934605807065964 6.2469379603862762 1.6685850545763967
leaf_count=39 29 36 31 29 23 37 20 38 18 25 30 16 22 22 26
internal_value=0.000137678 0.00326444 0.0224782 -0.00950206 -0.0364816 0.0905397 -0.00720172 0.0014602 0.014322 0.0245864 0.0335264 0.0168146 0.0560095 -0.0110001 0.134851
internal_weight=86.0403 79.3655 27.987 19.0405 14.3599 8.94658 51.3785 41.8899 32.9441 29.0533 24.3513 20.3471 8.44579 11.9013 3.45233
internal_count=441 412 156 88 59 68 256 217 179 161 141 116 64 52 42
is_linear=0
shrinkage=0.1


Tree=25
num_leaves=16
num_cat=0
split_feature=10 3 13 0 2 14 11 7 14 14 10 14 14 14 14
split_gain=0.831101 1.31139 5.09983 3.47885 2.14704 1.67344 1.39419 2.08776 2.12033 1.00462 3.28802 2.17565 2.70266 0.874624 0.0930298
threshold=69.500000000000014 2.5000000000000004 1.0000000180025095e-35 1.5000000000000002 1.5000000000000002 93.65000000000002 1.0000000180025095e-35 0.90000000000000013 132.25000000000003 82.250000000000014 47.500000000000007 55.650000000000006 15.900000000000002 40.900000000000006 95.250000000000014
decision_type=2 2 2 2 2 2 2 2 2 2 2 2 2 2 2
left_child=1 6 3 4 -3 -4 -1 8 9 11 14 12 -8 -14 -11
right_child=-2 2 5 -5 -6 -7 7 -9 -10 10 -12 -13 13 -15 -16
leaf_value=-0.041264142502604011 -0.03411124770668076 -0.061039625259529752 0.050676229113883524 0.066706007692471245 0.020687185333502618 0.14173946609572372 -0.019550937677009536 -0.041524707858756532 -0.056205292699771918 0.14733832928434795 0.0013506369099614188 -0.026935511003309688 0.1101763987501677 0.038685680035937434 0.11324517304983191
leaf_weight=9.4087144583463651 6.5310087278485289 9.3857824727892893 5.5399766266345996 4.6297882385551921 4.8888379260897628 3.1742890663444996 4.6999258995056206 8.9028231650590879 3.8833288699388495 1.6793001815676674 4.9937627390027046 8.7746680676937086 3.8807472959160805 3.0611504167318344 1.5291822403669355
leaf_count=39 29 36 31 29 23 37 20 38 18 16 22 36 25 16 26
internal_value=0.000163049 0.00301705 0.0205561 -0.00861882 -0.0330494 0.0838472 -0.00651596 0.00138011 0.0131324 0.022541 0.0521007 0.0106655 0.039006 0.0786513 0.131089
internal_weight=84.9633 78.4323 27.6187 18.9044 14.2746 8.71427 50.8136 41.4049 32.5021 28.6187 8.20225 20.4165 11.6418 6.9419 3.20848
internal_count=441 412 156 88 59 68 256 217 179 161 64 97 61 41 42
is_linear=0
shrinkage=0.1


Tree=26
num_leaves=17
num_cat=0
split_feature=14 14 14 7 14 10 14 14 14 14 7 3 12 3 10 13
split_gain=0.866746 1.17433 3.12423 1.66238 4.11944 2.24635 3.46148 1.21704 1.19679 1.27377 2.41184 1.68698 1.20455 0.441468 0.0688318 0.00724846
threshold=15.100000000000001 88.000000000000014 93.350000000000009 1.1000000000000003 98.050000000000011 47.500000000000007 168.85000000000005 109.10000000000001 80.550000000000011 45.150000000000013 0.45000000000000007 1.1000000000000003 1.0000000180025095e-35 2.5000000000000004 47.500000000000007 1.0000000180025095e-35
decision_type=2 2 2 2 2 2 2 2 2 2 2 2 2 2 2 2
left_child=-1 8 -3 4 -4 6 15 -5 9 11 12 -2 14 -7 -11 -6
right_child=1 2 3 7 5 13 -8 -9 -10 10 -12 -13 -14 -15 -16 -17
leaf_value=0.038539773826070295 -0.05797761491838898 0.091698341386571958 -0.11985845328343242 0.094678796150874642 0.1208770359410077 -0.0016211045254764468 -0.060585234665266531 0.0026374316561331088 -0.045082668060447369 -0.021969460636793867 0.06938939031505735 0.0068403495868791936 0.022793185651340829 -0.039877095208288152 -0.038695337014763312 0.1116449680653203
leaf_weight=5.5057091340422621 8.189747519791128 4.3097554985433844 3.0904746167361798 2.796173768118023 2.0354509688913849 7.2275458052754384 1.5993569940328596 2.9546288028359413 9.0356726646423322 4.837918505072599 5.3365857675671569 7.8775515630841246 7.4630293846130362 5.1772569194436073 5.006697840988636 1.4607956446707251
leaf_count=27 31 34 15 20 27 30 7 20 37 19 27 38 37 21 21 30
internal_value=0.000186602 -0.00250683 0.0127684 -0.000145273 -0.0134214 0.00537483 0.0612748 0.0473901 -0.0123128 -0.004664 0.0106158 -0.0261984 -0.00750628 -0.0175876 -0.0304758 0.11702
internal_weight=83.9044 78.3986 30.6514 26.3417 20.5909 17.5004 5.0956 5.7508 47.7472 38.7115 22.6442 16.0673 17.3076 12.4048 9.84462 3.49625
internal_count=441 414 204 170 130 115 64 40 210 173 104 69 77 51 40 57
is_linear=0
shrinkage=0.1


Tree=27
num_leaves=16
num_cat=0
split_feature=1 14 14 14 14 10 11 3 14 10 10 1 3 14 14
split_gain=0.770291 2.02691 1.22267 2.77375 1.54217 4.45632 2.3148 1.90899 2.85048 1.42678 1.34299 1.47001 0.894843 0.594701 1.80985
threshold=2.5000000000000004 15.100000000000001 42.70000000000001 60.70000000000001 65.40000000000002 37.500000000000007 1.0000000180025095e-35 0.40000000000000008 106.65000000000002 40.500000000000007 34.000000000000007 1.0000000180025095e-35 1.1000000000000003 91.100000000000009 106.65000000000002
decision_type=2 2 2 2 2 2 2 2 2 2 2 2 2 2 2
left_child=1 -1 12 -4 -5 10 -7 8 -8 -9 11 -6 -3 -11 -15
right_child=-2 2 3 4 5 6 7 9 -10 13 -12 -13 -14 14 -16
leaf_value=0.06587755760465315 -0.043294356690886979 -0.051307592096101945 0.065435365973501441 -0.058894626095722172 -0.0031571556612492511 -0.076889900444319384 0.085966507416651461 -0.057406801857194226 -0.024372261824708204 0.019544628234877289 0.11068115377118354 0.094999617582516682 -0.002684467740937317 -0.062288713027270584 0.021745391399742249
leaf_weight=4.7193691506981841 3.8832427263259879 7.5933601558208448 6.6870943233370772 4.503063052892684 3.9929536506533605 4.9742386788129798 5.0107531882822496 6.8281300179660347 4.3948634583503008 6.8263606689870384 3.5828750617802143 2.4692557901144028 7.5466121137142181 4.922705499455331 5.3463672176003456
leaf_count=25 16 29 35 16 36 20 33 33 23 33 35 17 36 24 30
internal_value=0.000192843 0.00231974 -0.00169684 0.00475553 -0.00292204 0.00229111 -0.0132562 -0.00375912 0.0344097 -0.0187653 0.0615753 0.0343492 -0.0270711 -0.00333138 -0.0185382
internal_weight=83.2812 79.398 74.6786 59.5387 52.8516 48.3485 38.3034 33.3292 9.40562 23.9236 10.0451 6.46221 15.14 17.0954 10.2691
internal_count=441 425 400 335 300 284 196 176 56 120 88 53 65 87 54
is_linear=0
shrinkage=0.1


Tree=28
num_leaves=18
num_cat=0
split_feature=14 14 7 14 10 14 14 14 3 14 14 14 14 13 10 3 13
split_gain=0.719678 2.40118 1.45211 3.2737 1.8458 2.91987 1.38637 1.11054 0.981972 1.75727 1.32759 2.24331 3.56854 1.14653 0.400305 0.346201 0.00488645
threshold=88.000000000000014 93.350000000000009 1.1000000000000003 98.050000000000011 47.500000000000007 168.85000000000005 80.550000000000011 111.55000000000003 1.1000000000000003 45.150000000000013 61.550000000000004 19.850000000000005 32.650000000000006 1.0000000180025095e-35 47.500000000000007 2.5000000000000004 1.0000000180025095e-35
decision_type=2 2 2 2 2 2 2 2 2 2 2 2 2 2 2 2 2
left_child=6 -2 3 -3 5 16 8 -4 9 14 11 -10 -13 -11 -1 -6 -5
right_child=1 2 7 4 15 -7 -8 -9 10 13 -12 12 -14 -15 -16 -17 -18
leaf_value=-0.024092965231201927 0.083256283415747118 -0.10535553033814615 0.089911578973751696 0.11820695076998332 -0.00039066647176412561 -0.051151647215915336 -0.0428148879305894 0.0014184181286830116 0.097594359929687943 0.057144847622496824 -0.015092947808462785 -0.06652197207095345 0.052576282155283108 -0.017792666348809091 -0.061856032834815333 -0.034449861326651531 0.11020317891487215
leaf_weight=5.9429578036069888 4.1396536976099041 3.1297721676528516 2.8525154590606681 1.8394433464854982 7.1926281750202161 1.5974762067198751 8.909918434917925 2.8201686590909958 3.9094706401228931 4.0099383071064931 9.62545647472143 3.9534178227186185 6.9185359477996826 4.1594743877649307 5.3198683559894562 5.1009428650140762 1.3032106999307871
leaf_count=25 34 15 22 27 30 7 37 18 22 22 41 15 38 18 19 21 30
internal_value=0.000176858 0.0125498 0.0012207 -0.011354 0.00591784 0.0589307 -0.00685434 0.0459173 0.000454326 -0.0163188 0.0138087 0.0326291 0.00926804 0.0189902 -0.0419299 -0.0145228 0.114888
internal_weight=82.7248 29.9758 25.8362 20.1635 17.0337 4.74013 52.749 5.67268 43.8391 19.4322 24.4069 14.7814 10.872 8.16941 11.2628 12.2936 3.14265
internal_count=441 204 170 130 115 64 237 40 200 84 116 75 53 40 44 51 57
is_linear=0
shrinkage=0.1


Tree=29
num_leaves=18
num_cat=0
split_feature=1 14 14 14 7 0 14 10 11 3 14 10 1 10 13 14 14
split_gain=0.730133 1.59398 0.875123 2.3116 1.4162 3.12309 1.24008 3.55168 1.82491 1.46133 2.41571 1.24688 1.16787 1.15643 0.567382 0.245808 0.0971175
threshold=2.5000000000000004 15.100000000000001 45.150000000000013 60.70000000000001 0.90000000000000013 1.0000000180025095e-35 65.40000000000002 37.500000000000007 1.0000000180025095e-35 0.40000000000000008 106.65000000000002 34.000000000000007 1.0000000180025095e-35 40.500000000000007 1.0000000180025095e-35 101.30000000000003 101.65000000000002
decision_type=2 2 2 2 2 2 2 2 2 2 2 2 2 2 2 2 2
left_child=1 -1 4 -4 5 -3 -5 11 -9 10 -10 12 -8 -11 16 -16 -15
right_child=-2 2 3 6 -6 -7 7 8 9 13 -12 -13 -14 14 15 -17 -18
leaf_value=0.059085375345669128 -0.04246799513706323 0.04779829668106203 0.063596987349562331 -0.053170497981535329 -0.066008146285368677 -0.061152035354134437 -0.0031470819728494021 -0.068924192226335154 0.078410629208533478 -0.05133064492571953 -0.023832536866852449 0.10555551781998598 0.085639629425657157 -0.0096502132224114464 0.0013987026709725713 0.038193019345645639 -0.029965462158291069
leaf_weight=4.6451687365770331 3.8256677836179724 5.8040772899985296 5.9139584824442855 4.4011554643511763 5.0294980257749549 4.8126664683222771 3.9470494166016561 4.8317158445715895 4.9331417270004732 6.7409895937889841 4.3473336417227983 3.3622701410204172 2.3716691210865974 5.5380491092801112 3.8614588379859915 3.4270630534738302 4.0918270088732243
leaf_count=25 16 30 32 16 18 20 36 20 33 33 23 35 17 26 20 23 18
internal_value=0.000185785 0.00227624 -0.00131828 0.00436381 -0.0222972 -0.00158988 -0.00239178 0.00231787 -0.0115326 -0.00311424 0.030516 0.0563572 0.0301781 -0.0163058 -0.00235045 0.0186994 -0.0182824
internal_weight=81.8848 78.0591 73.4139 57.7677 15.6462 10.6167 51.8537 47.4526 37.7716 32.9399 9.28048 9.68099 6.31872 23.6594 16.9184 7.28852 9.62988
internal_count=441 425 400 332 68 50 300 284 196 176 56 88 53 120 87 43 44
is_linear=0
shrinkage=0.1


Tree=30
num_leaves=16
num_cat=0
split_feature=14 14 0 14 7 12 14 14 3 3 14 3 14 2 10
split_gain=0.681667 1.69644 1.72622 1.59937 1.3805 1.52129 1.78774 2.48599 1.68274 1.67048 1.1784 1.12761 0.922208 2.19759 0.428318
threshold=89.15000000000002 94.15000000000002 1.5000000000000002 100.95000000000002 1.5500000000000003 1.0000000180025095e-35 72.250000000000014 15.900000000000002 1.0000000180025095e-35 1.7500000000000002 30.650000000000002 1.1000000000000003 111.55000000000003 1.0000000180025095e-35 52.500000000000007
decision_type=2 2 2 2 2 2 2 2 2 2 2 2 2 2 2
left_child=4 -2 3 -3 5 6 7 -1 -7 -10 -9 -12 14 -14 -5
right_child=1 2 -4 12 -6 8 -8 10 9 -11 11 -13 13 -15 -16
leaf_value=-0.057159631790744472 0.07451090847873458 -0.065658315321516059 0.062875598086253051 0.0083989288494278457 -0.0499086053044746 0.078631020260030118 -0.050142172757200634 0.063212426026085788 -0.043325302109776198 0.036198800331200646 -0.03092684633044155 0.030955822741567454 0.033789299899395865 -0.05502398824947366 0.06628074852031457
leaf_weight=5.3401019871234956 3.8407795652747181 3.984925974160439 4.0180127359926692 2.3430635808035758 6.4375774264335623 4.2704818397760382 9.2140518575906736 4.7723217755556133 4.3728554323315603 6.6713023893535137 5.145584821701048 6.8838414289057255 5.5044230557978135 5.6415120735764503 2.8136566504836082
leaf_count=19 33 22 39 27 24 28 39 24 18 37 20 35 32 30 14
internal_value=0.00017022 0.0127517 0.00299248 -0.00886754 -0.00649774 -0.000509793 -0.0131274 0.00227578 0.0253241 0.0047118 0.0211661 0.00448552 0.00501407 -0.0111635 0.0399809
internal_weight=81.2545 28.1464 24.3056 20.2876 53.1081 46.6705 31.3559 22.1419 15.3146 11.0442 16.8017 12.0294 16.3027 11.1459 5.15672
internal_count=441 197 164 125 244 220 137 98 83 55 79 55 103 62 41
is_linear=0
shrinkage=0.1


Tree=31
num_leaves=18
num_cat=0
split_feature=1 14 14 7 2 3 3 10 2 2 14 14 10 3 14 14 10
split_gain=0.592647 1.5327 0.811024 0.845552 2.72426 1.67785 1.6775 1.79892 3.04937 0.932662 2.02598 1.41525 0.917541 0.794273 0.609955 0.180532 0.0345841
threshold=2.5000000000000004 15.100000000000001 32.650000000000006 0.28750000000000003 1.5000000000000002 2.5000000000000004 1.0000000180025095e-35 47.500000000000007 1.0000000180025095e-35 1.5000000000000002 98.550000000000011 87.750000000000014 40.500000000000007 2.5000000000000004 65.40000000000002 105.35000000000001 40.500000000000007
decision_type=2 2 2 2 2 2 2 2 2 2 2 2 2 2 2 2 2
left_child=1 -1 16 6 5 -5 7 8 -4 10 11 14 -7 -11 -8 -9 -3
right_child=-2 2 3 4 -6 12 9 15 -10 13 -12 -13 -14 -15 -16 -17 -18
leaf_value=0.057928652956253462 -0.038876811665189172 -0.032860097851511484 0.1465084673637479 -0.032743179753038684 0.094849936003067292 0.00063331691358965963 -0.030288800780962438 0.0081687541568191639 -0.00095687988700300089 -0.070145566099815357 0.045622765880910965 -0.072261423499130853 0.075503991850216765 -0.010242335437668721 0.018169539121241557 -0.020083100975600079 -0.021296502389589939
leaf_weight=4.6120536997914305 3.7115601301193228 5.478396959602831 2.6112118251621714 7.2573801241815108 3.918413206934928 3.3641272932291031 5.0289046317338997 5.0471500158309919 3.0287717804312706 5.2763337120413762 5.4602368213236323 4.5234817415475836 3.1879094056785107 3.8130322648212314 5.372573047876358 4.0985727533698082 4.8993978351354599
leaf_count=25 16 22 29 34 27 22 23 25 26 24 40 22 20 23 26 16 21
internal_value=0.000152819 0.00203467 -0.00152759 0.00280401 0.0212582 0.000376608 -0.00458757 0.0228994 0.0673169 -0.0183762 -0.00649807 -0.0255663 0.0370618 -0.0450159 -0.00525909 -0.00449206 -0.0274009
internal_weight=80.6895 76.9779 72.3659 61.9881 17.7278 13.8094 44.2603 14.7857 5.63998 29.4746 20.3852 14.925 6.55204 9.08937 10.4015 9.14572 10.3778
internal_count=441 425 400 357 103 76 254 96 55 158 111 71 42 47 49 41 43
is_linear=0
shrinkage=0.1


Tree=32
num_leaves=17
num_cat=0
split_feature=10 3 13 0 10 14 7 2 14 14 10 1 14 14 10 1
split_gain=0.570226 0.986163 3.87296 2.58779 1.67602 1.62066 1.23186 2.01607 3.86523 1.99287 3.4987 1.31711 1.17521 1.00646 0.732599 0.0167932
threshold=69.500000000000014 2.5000000000000004 1.0000000180025095e-35 1.5000000000000002 47.500000000000007 93.65000000000002 0.90000000000000013 1.5000000000000002 55.650000000000006 64.500000000000014 40.500000000000007 1.5000000000000002 78.800000000000011 39.750000000000007 43.000000000000007 1.0000000180025095e-35
decision_type=2 2 2 2 2 2 2 2 2 2 2 2 2 2 2 2
left_child=1 6 3 4 -3 -4 7 9 -9 13 15 -12 -10 -1 -8 -11
right_child=-2 2 5 -5 -6 -7 14 8 12 10 11 -13 -14 -15 -16 -17
leaf_value=0.016642137604371023 -0.029058967255227816 0.003088394240421702 0.043444526091570894 0.059444169726792284 -0.067075670152918529 0.13786448011840532 -0.064385672898468624 0.046261611470974282 -0.12268645298659718 0.11095986122225941 0.049387788857116977 -0.027557213944535641 -0.042724450138448063 -0.03889915720827497 -0.0092890790756809793 0.12328882766445964
leaf_weight=6.7296785488724726 6.1685056686401358 7.48370409011841 5.3012059703469294 4.3804643191397181 6.2457812279462814 2.7665914976969361 5.0083536803722364 4.1056577861309034 3.0050686225295067 2.1294479686766854 4.1987702585756761 4.7316223457455635 4.7327527422457933 6.3328408673405647 4.6576927751302719 2.2959806397557259
leaf_count=33 29 36 31 29 23 37 24 22 9 18 24 21 36 27 20 22
internal_value=0.000153712 0.00258536 0.0181944 -0.00747845 -0.0288305 0.0758228 -0.00594016 0.00211784 -0.0321655 0.0174872 0.0446494 0.00861974 -0.0737786 -0.0102848 -0.0378368 0.117356
internal_weight=80.2741 74.1056 26.1777 18.1099 13.7295 8.0678 47.9279 38.2618 11.8435 26.4183 13.3558 8.93039 7.73782 13.0625 9.66605 4.42543
internal_count=441 412 156 88 59 68 256 212 67 145 85 45 45 60 44 40
is_linear=0
shrinkage=0.1


Tree=33
num_leaves=18
num_cat=0
split_feature=14 14 10 0 2 14 3 14 14 14 14 13 3 14 14 10 14
split_gain=0.488599 2.00454 1.28412 1.45917 1.13038 1.16535 0.810812 1.46689 0.968904 1.78658 2.71099 0.884325 0.724681 0.61121 0.443054 0.3832 0.00625605
threshold=84.300000000000026 80.550000000000011 47.500000000000007 1.0000000180025095e-35 1.5000000000000002 94.15000000000002 1.1000000000000003 45.150000000000013 61.550000000000004 19.850000000000005 32.650000000000006 1.0000000180025095e-35 1.1000000000000003 106.65000000000002 117.95000000000002 47.500000000000007 115.60000000000001
decision_type=2 2 2 2 2 2 2 2 2 2 2 2 2 2 2 2 2
left_child=1 6 3 4 5 -2 7 15 9 -8 -11 -9 -4 -14 -6 -1 -7
right_child=2 -3 12 -5 14 16 8 11 -10 10 -12 -13 13 -15 -16 -17 -18
leaf_value=-0.020247406166083275 0.053563585678090275 -0.062009190278417198 0.020026486910462247 0.11362174421865079 0.1151435477861244 -0.021708074561274913 0.089116445325474913 0.053250793526716161 -0.011631779853571077 -0.058651540492275805 0.046750160862579743 -0.014322861304313839 -0.042122499099346344 0.0033642160035643807 0.035679214035125223 -0.057685791654007584 -0.028399124405154342
leaf_weight=5.8447077199816722 2.848218962550165 5.674577794969081 6.3342104107141504 1.9437326295301307 1.3804964460432523 2.818335073068738 3.7577963694930103 3.828190214931964 9.248026028275488 3.8094006031751615 6.7894677445292473 3.919597864151001 6.6154397688806057 5.3374902009963989 1.426815442740917 5.136747919023037 2.771537845954299
leaf_count=25 18 22 29 38 29 22 22 22 41 15 38 18 28 26 11 19 18
internal_value=0.000151054 -0.00619739 0.00983387 0.0336174 0.0197889 0.00150164 0.00128381 -0.0142528 0.0136114 0.029872 0.00886713 0.0190654 -0.00731937 -0.0218108 0.0747558 -0.0377598 -0.0250256
internal_weight=79.4848 48.0085 31.4763 13.1891 11.2454 8.43809 42.3339 18.7292 23.6047 14.3567 10.5989 7.74779 18.2871 11.9529 2.80731 10.9815 5.58987
internal_count=441 222 219 136 98 58 200 84 116 75 53 40 83 54 40 44 40
is_linear=0
shrinkage=0.1


Tree=34
num_leaves=18
num_cat=0
split_feature=1 14 14 14 7 0 14 10 11 3 14 14 14 10 14 1 14
split_gain=0.518654 1.21476 0.573458 1.80575 1.05943 2.31654 0.917112 2.74804 1.30783 1.20761 2.22508 1.02696 2.51592 0.895951 0.700855 1.5552 0.00376991
threshold=2.5000000000000004 15.100000000000001 45.150000000000013 60.70000000000001 0.90000000000000013 1.0000000180025095e-35 65.40000000000002 37.500000000000007 1.0000000180025095e-35 0.40000000000000008 106.65000000000002 83.950000000000017 98.250000000000014 40.500000000000007 91.100000000000009 1.0000000180025095e-35 119.10000000000001
decision_type=2 2 2 2 2 2 2 2 2 2 2 2 2 2 2 2 2
left_child=1 -1 4 -4 5 -3 -5 11 -9 10 -10 -8 -13 -11 -15 -16 -14
right_child=-2 2 3 6 -6 -7 7 8 9 13 -12 12 16 14 15 -17 -18
leaf_value=0.052364890494219378 -0.036803664194410154 0.042130167151913395 0.056344405456560047 -0.047163265855376002 -0.057732504101331156 -0.052322186217967082 0.09462701806671231 -0.061355977362107045 0.074812367606604133 -0.047255298324694724 -0.024866076054983737 -0.024732019951415565 0.11038469527213253 0.021727923077494736 -0.051287798854750349 0.030916887103603349 0.11904569158439988
leaf_weight=4.4910970702767363 3.6227160394191733 5.7223060093820077 5.7808206453919402 4.2441590055823317 4.7338340282440177 4.7538329511880875 3.3617136850953084 4.4863476082682601 4.7077187299728411 6.5112407784909037 4.2713088057935238 3.645158814266324 1.0655969921499493 6.6172669567167786 6.1221490902826172 3.6876334846019745 0.95117166638374318
leaf_count=25 16 30 32 16 18 20 19 20 33 33 23 26 28 33 35 19 15
internal_value=0.000153513 0.00193501 -0.00127017 0.00344786 -0.0184711 -0.000730157 -0.0027083 0.00144502 -0.0108003 -0.00369416 0.0273955 0.0508459 0.0248513 -0.015864 -0.0034213 -0.0203859 0.114469
internal_weight=78.7761 75.1534 70.6623 55.4523 15.21 10.4761 49.6715 45.4273 36.4037 31.9173 8.97903 9.02364 5.66193 22.9383 16.427 9.80978 2.01677
internal_count=441 425 400 332 68 50 300 284 196 176 56 88 69 120 87 54 43
is_linear=0
shrinkage=0.1


Tree=35
num_leaves=16
num_cat=0
split_feature=14 14 7 12 14 14 3 3 0 14 14 3 14 2 10
split_gain=0.555207 1.66259 1.19218 1.33098 1.65139 2.39623 1.24917 1.31985 1.17886 1.15984 1.04223 0.759628 0.649363 1.64696 0.365303
threshold=89.15000000000002 94.15000000000002 1.5500000000000003 1.0000000180025095e-35 72.250000000000014 15.900000000000002 1.0000000180025095e-35 1.7500000000000002 1.5000000000000002 100.95000000000002 55.650000000000006 1.1000000000000003 111.55000000000003 1.0000000180025095e-35 52.500000000000007
decision_type=2 2 2 2 2 2 2 2 2 2 2 2 2 2 2
left_child=2 -2 3 4 5 -1 -5 -8 9 -3 11 -7 14 -14 -11
right_child=1 8 -4 6 -6 10 7 -9 -10 12 -12 -13 13 -15 -16
leaf_value=-0.056344784605168487 0.074350433598275617 -0.057137933959327147 -0.047061926872650102 0.071997012068472574 -0.04867328714346527 0.012840214099582326 -0.037832650667541025 0.034849592602550841 0.053370319687657132 0.0035869269767289536 -0.012980155012615374 0.066122975476624143 0.029885822315576762 -0.048403046183522723 0.058033300764081711
leaf_weight=5.2218197435140672 3.6662881094962385 3.8462126301601591 6.205819070339202 4.022158943116664 8.8130441978573781 5.2793114483356494 4.1004002690315229 6.3950289078056812 3.7383845569565883 2.2123794602230182 5.7365166991949073 5.4252292439341545 5.3109166938811523 5.4389919005334377 2.7817131355404854
leaf_count=19 33 22 24 28 39 24 18 37 39 27 24 31 32 30 14
internal_value=0.000144598 0.0117492 -0.00597395 -0.000306814 -0.0121776 0.00266985 0.0246128 0.00645378 0.00191092 -0.00790903 0.0214134 0.0398448 0.00411744 -0.00972498 0.0339136
internal_weight=78.1942 26.9949 51.1993 44.9935 30.4759 21.6629 14.5176 10.4954 23.3286 19.5902 16.4411 10.7045 15.744 10.7499 4.99409
internal_count=441 197 244 220 137 98 83 55 164 125 79 55 103 62 41
is_linear=0
shrinkage=0.1


Tree=36
num_leaves=18
num_cat=0
split_feature=14 14 10 1 14 13 2 12 10 10 7 14 11 12 14 3 10
split_gain=0.468907 1.71892 0.973109 1.4602 1.22859 0.923569 2.00286 1.87298 0.822953 0.783962 0.914802 2.545 1.72136 2.32238 4.39428 0.880828 0.0494932
threshold=82.250000000000014 77.700000000000003 56.500000000000007 1.5000000000000002 111.55000000000003 1.0000000180025095e-35 1.0000000180025095e-35 1.0000000180025095e-35 40.500000000000007 36.000000000000007 0.28750000000000003 34.500000000000007 1.0000000180025095e-35 1.0000000180025095e-35 55.650000000000006 0.40000000000000008 36.000000000000007
decision_type=2 2 2 2 2 2 2 2 2 2 2 2 2 2 2 2 2
left_child=1 9 3 5 -4 6 -2 -7 16 15 12 -12 -11 14 -14 -1 -5
right_child=2 -3 4 8 -6 7 -8 -9 -10 10 11 -13 13 -15 -16 -17 -18
leaf_value=-0.05397044284300994 0.097144322814779499 -0.062750717295826139 0.016627917247085192 0.012735519481238364 -0.050645339673175187 0.14661766624235231 -0.010940936295646285 0.0097974698237638606 -0.0327016929629858 -0.059431814924918162 -0.026807135145803219 0.080269070864844971 0.044762991459343218 0.069174672461967748 -0.085973854763045282 0.0036001246127848156 0.032146636220251816
leaf_weight=4.9062633141875249 2.5704120406880975 4.8570994585752478 5.6883423179388029 2.5778835900127888 5.1930165514349937 2.1898446623235941 5.1481686346232891 1.8422604436054824 5.5029611513018608 4.265389263629916 3.8382526785135251 5.2640454694628716 5.6843414492905158 4.8979513496160498 4.6939309537410736 5.7985160052776337 2.6782008055597544
leaf_count=19 31 20 27 20 20 33 34 21 25 16 17 30 31 33 17 27 20
internal_value=0.00013142 -0.00662469 0.0090757 0.0209449 -0.0154776 0.045316 0.0250532 0.0841048 -0.00567247 0.00030336 0.00893225 0.0351172 -0.00326446 0.0124184 -0.0143672 -0.0227859 0.0226263
internal_weight=77.5969 44.2058 33.3911 22.5097 10.8814 11.7507 7.71858 4.03211 10.759 39.3487 28.6439 9.1023 19.5416 15.2762 10.3783 10.7048 5.25608
internal_count=441 210 231 184 47 119 65 54 65 190 144 47 97 81 48 46 40
is_linear=0
shrinkage=0.1


Tree=37
num_leaves=15
num_cat=0
split_feature=14 14 7 12 1 14 3 3 3 0 14 12 2 2
split_gain=0.431388 1.28045 1.10756 0.983618 1.41242 1.4145 1.13706 1.06246 0.976537 0.87171 0.948115 0.569511 0.731305 0.408997
threshold=89.15000000000002 94.15000000000002 1.5500000000000003 1.0000000180025095e-35 1.5000000000000002 56.400000000000013 1.7500000000000002 1.0000000180025095e-35 1.7500000000000002 1.5000000000000002 100.95000000000002 1.0000000180025095e-35 1.0000000180025095e-35 1.5000000000000002
decision_type=2 2 2 2 2 2 2 2 2 2 2 2 2 2
left_child=2 -2 3 4 6 -6 13 -5 -9 10 -3 12 -12 -1
right_child=1 9 -4 7 5 -7 -8 8 -10 -11 11 -13 -14 -15
leaf_value=0.0045848386621065813 0.066592086446938911 -0.050987846210762647 -0.045073992273630903 0.066444194612939947 -0.005753542355373455 -0.073898318832256782 0.039958838774693188 -0.033683064423440871 0.029539055467362046 0.047079282692710223 0.045664253819033836 -0.023327387216511074 -0.0070480315653873851 -0.035041585718883037
leaf_weight=6.1296822503209167 3.5212327009066966 3.8467782819643679 6.1525721922516814 3.8873361609876147 6.8641709908843023 5.4761692434549332 6.8524657003581515 3.9838997125625593 6.3172468431293964 3.5946017652750006 4.9450258184224349 5.008657567203044 5.6266528442502022 4.5292547941207886
leaf_count=28 33 22 24 28 29 24 37 18 37 39 31 33 39 19
internal_value=0.00012138 0.0104319 -0.00533104 0.000221193 -0.010082 -0.0359936 0.00817798 0.0218985 0.00508832 0.00184207 -0.00652818 0.00444889 0.0176088 -0.0122534
internal_weight=76.7357 26.5429 50.1928 44.0402 29.8517 12.3403 17.5114 14.1885 10.3011 23.0217 19.4271 15.5803 10.5717 10.6589
internal_count=441 197 244 220 137 53 84 83 55 164 125 103 70 47
is_linear=0
shrinkage=0.1


Tree=38
num_leaves=18
num_cat=0
split_feature=14 14 3 14 10 1 14 7 3 14 7 10 13 14 14 14 10
split_gain=0.365088 1.47493 1.08265 2.97375 0.777268 1.01506 2.43838 0.851133 0.652682 1.08242 0.936009 2.18815 0.683365 0.617791 2.41374 0.610819 0.406327
threshold=84.300000000000026 80.550000000000011 1.1000000000000003 106.65000000000002 56.500000000000007 1.5000000000000002 93.350000000000009 1.0000000180025095e-35 1.1000000000000003 45.150000000000013 0.45000000000000007 40.500000000000007 1.0000000180025095e-35 65.40000000000002 40.900000000000006 98.90000000000002 47.500000000000007
decision_type=2 2 2 2 2 2 2 2 2 2 2 2 2 2 2 2 2
left_child=1 8 3 -2 5 6 -4 -8 9 16 13 -12 -11 14 -10 -7 -1
right_child=2 -3 4 -5 -6 15 7 -9 10 12 11 -13 -14 -15 -16 -17 -18
leaf_value=-0.015303949547878346 0.10696878943019812 -0.054838783841236964 0.13483260033794575 -0.0094396371722662836 -0.031639944161244528 -0.046655611809504033 -0.027790264202253598 0.05360293783024294 0.037418333271751252 0.047497272812067844 -0.013394610626895252 0.090263439460965281 -0.013627723530861039 0.026070803788791608 -0.063274841745294061 0.012903666448780214 -0.054383781502732369
leaf_weight=5.7181139551103133 3.673203066922726 5.3545779958367339 1.8435839079320446 5.4512856462970376 6.798918403685092 3.5951711870729923 3.5051640588790178 2.0281352996826172 4.3520758524537104 3.5980996862053862 3.9973522424697858 4.1513167917728424 3.7199532687664032 4.8664064183831206 5.255347914993763 3.3047437220811844 4.9756048172712326
leaf_count=25 37 22 19 36 29 18 32 25 26 22 18 25 18 25 22 23 19
internal_value=0.000104373 -0.00550522 0.00864665 0.0374224 -0.00381146 0.00944107 0.0352289 0.00204301 0.000995709 -0.0132078 0.0123044 0.0394137 0.0164259 -0.00295794 -0.0176617 -0.0181294 -0.0334871
internal_weight=76.1891 45.9888 30.2002 9.12449 21.0757 14.2768 7.37688 5.5333 40.6343 18.0118 22.6225 8.14867 7.31805 14.4738 9.60742 6.89991 10.6937
internal_count=441 222 219 73 146 117 76 57 200 84 116 43 40 73 48 41 44
is_linear=0
shrinkage=0.1


Tree=39
num_leaves=18
num_cat=0
split_feature=10 10 7 7 14 14 10 14 2 2 14 14 7 13 3 14 14
split_gain=0.372567 1.93449 1.78544 1.24147 0.906568 0.715546 1.25386 2.19488 1.58426 1.10642 0.751102 0.583368 1.10959 3.02843 0.884967 0.747569 0.215301
threshold=47.500000000000007 43.000000000000007 1.5500000000000003 0.28750000000000003 75.950000000000017 22.150000000000002 37.500000000000007 65.40000000000002 1.0000000180025095e-35 1.5000000000000002 74.40000000000002 32.650000000000006 1.0000000180025095e-35 1.0000000180025095e-35 2.5000000000000004 106.65000000000002 74.850000000000009
decision_type=2 2 2 2 2 2 2 2 2 2 2 2 2 2 2 2 2
left_child=1 2 3 5 -3 -1 7 -7 -9 10 -8 -2 14 -14 15 16 -13
right_child=11 4 -4 -5 -6 6 9 8 -10 -11 -12 12 13 -15 -16 -17 -18
leaf_value=0.049836652627281181 -0.034587985463086626 0.11142398511302772 -0.048986275774572575 0.054458614710067382 0.026957478694189647 -0.042684514763093505 0.026703537015878756 0.10262217355219401 0.0027001374079548193 -0.077802708390856637 -0.039670532601240045 0.037182236967574368 0.095286758470808822 -0.030762704205546377 -0.038495087437120386 -0.027256127730348762 0.0056269012976384557
leaf_weight=2.5030978173017564 6.4113978594541541 2.2575896792113772 6.4923014137893906 4.9862791616469613 2.9066499266773462 3.7275054454803467 3.2437746450304985 3.2595212403684855 3.0918221129104495 3.4266871958971024 3.5937910042703152 4.1598112359643 3.7704610377550116 3.8547000959515572 8.2942911684513092 5.1753298267722139 4.5026389509439468
leaf_count=14 26 17 36 33 26 16 19 35 32 16 26 22 23 19 38 20 23
internal_value=0.000105031 0.00682093 -0.00176415 0.00925105 0.0638827 -0.000615688 -0.00682355 0.0182303 0.0539803 -0.0314249 -0.00818235 -0.0072274 -0.00133238 0.0315658 -0.0126668 0.00281458 0.0207801
internal_weight=75.6576 39.489 34.3248 27.8325 5.16424 22.8462 20.3431 10.0788 6.35134 10.2643 6.83757 36.1686 29.7572 7.62516 22.1321 13.8378 8.66245
internal_count=441 270 227 191 43 158 144 83 67 61 45 171 145 42 103 65 45
is_linear=0
shrinkage=0.1


Tree=40
num_leaves=16
num_cat=0
split_feature=14 10 7 14 1 7 11 3 1 14 3 14 1 12 2
split_gain=0.428254 1.18815 0.897491 1.45288 0.813761 0.791629 0.733597 2.86236 1.86091 1.95389 0.722018 1.67413 2.03274 0.661238 0.48257
threshold=89.15000000000002 34.000000000000007 0.90000000000000013 28.350000000000005 1.5000000000000002 1.1000000000000003 1.0000000180025095e-35 1.0000000180025095e-35 1.0000000180025095e-35 65.40000000000002 2.5000000000000004 132.25000000000003 1.5000000000000002 1.0000000180025095e-35 1.0000000180025095e-35
decision_type=2 2 2 2 2 2 2 2 2 2 2 2 2 2 2
left_child=2 -2 3 -1 -4 10 -5 14 9 -9 11 12 -3 -12 -8
right_child=1 5 4 6 -6 -7 7 8 -10 -11 13 -13 -14 -15 -16
leaf_value=0.041395139076665477 0.073290227622214821 0.10332893702641964 -0.0047394652314912975 -0.039846773236254393 -0.053369627171062355 0.038730516796338606 0.077917618084082291 -0.041015776215817736 -0.074095390485552567 0.048466690046595852 -0.0054065244111970757 -0.044028109949090101 -0.0082208058643488281 -0.06331101190601468 0.025718916314412962
leaf_weight=7.728166487067937 2.698504755273464 2.9322488633915835 7.5352806486189348 5.6361810639500645 6.3329711854457855 4.9444823358207932 3.684784613549712 5.210291735827921 4.9966297820210448 4.5897903703153133 4.9840222159400565 3.537637890316546 3.6885071322321892 3.2634148839861155 3.4102043509483337
leaf_count=42 40 30 36 23 26 36 26 25 22 25 32 16 24 19 19
internal_value=0.000100947 0.010466 -0.00539529 0.00308208 -0.0269465 0.0032057 -0.00767392 0.000609224 -0.0244297 0.000892624 -0.00633757 0.0115085 0.0411832 -0.0283187 0.0528283
internal_weight=75.1731 26.0488 49.1243 35.256 13.8683 23.3503 27.5279 21.8917 14.7967 9.80008 18.4058 10.1584 6.62076 8.24744 7.09499
internal_count=441 197 244 182 62 157 140 117 72 50 121 70 54 51 45
is_linear=0
shrinkage=0.1


Tree=41
num_leaves=19
num_cat=0
split_feature=14 10 14 14 1 2 7 14 14 14 3 10 14 14 14 13 14 14
split_gain=0.404999 0.363888 1.51894 1.43342 0.945696 0.82859 1.05734 0.905332 1.35682 1.52483 1.51611 1.72874 1.00775 0.735692 0.694118 0.291372 0.0400551 0.0253394
threshold=136.00000000000003 56.500000000000007 107.15000000000002 111.55000000000003 1.0000000180025095e-35 2.5000000000000004 1.5500000000000003 93.350000000000009 82.250000000000014 77.700000000000003 2.5000000000000004 40.500000000000007 95.250000000000014 28.350000000000005 75.750000000000014 1.0000000180025095e-35 35.550000000000004 117.10000000000001
decision_type=2 2 2 2 2 2 2 2 2 2 2 2 2 2 2 2 2 2
left_child=1 2 5 4 14 6 7 8 9 10 11 13 -9 -1 -3 -10 -13 -4
right_child=-2 3 17 -5 -6 -7 -8 12 15 -11 -12 16 -14 -15 -16 -17 -18 -19
leaf_value=0.010119900526477233 0.029868056035805786 -0.0012923881231064877 0.054028810635129237 -0.061496679419606272 -0.030601907086050918 -0.0490632304024042 -0.03825705750492505 -0.090391998823662112 0.03908851671321413 -0.053302238643284885 0.061245190363373926 0.033098425630782538 0.0014094639874598417 -0.039973649406820938 0.05762030485410452 0.088630565828223429 0.048019193780358946 0.070100482016299134
leaf_weight=4.693719021976003 4.3034257795661679 4.6669005975127238 1.9057175209745758 4.6959678456187239 5.2009488195180884 3.5226659961044779 5.8689842158928505 1.8667463846504677 2.4851387850940219 3.8688646554946891 5.3708454221487036 3.7111026905477038 3.326931650750339 7.8101702705025673 3.4996620342135429 2.272871445864439 3.492282435297966 2.0217573931440711
leaf_count=23 31 22 22 18 26 16 30 9 21 15 33 20 39 36 18 21 21 20
internal_value=8.87466e-05 -0.00173468 0.00249741 -0.0139688 0.0027276 -0.00236653 0.00130793 0.00727745 0.0132661 0.00513167 0.0141464 0.00131054 -0.0315864 -0.0211695 0.0239538 0.0627544 0.0403322 0.0623021
internal_weight=74.5847 70.2813 52.2178 18.0635 13.3675 48.2903 44.7677 38.8987 33.705 28.947 25.0781 19.7073 5.19368 12.5039 8.16656 4.75801 7.20339 3.92747
internal_count=441 410 326 84 66 284 268 238 190 148 133 100 48 59 40 42 41 42
is_linear=0
shrinkage=0.1


Tree=42
num_leaves=18
num_cat=0
split_feature=14 14 14 7 2 3 10 2 3 14 14 14 14 2 14 14 14
split_gain=0.43259 1.25018 0.89544 0.581135 2.17707 0.868573 0.91912 1.2024 0.819524 0.696335 1.38346 1.82901 0.835411 0.627144 0.467624 0.236327 0.147996
threshold=15.900000000000002 28.350000000000005 32.650000000000006 0.28750000000000003 1.5000000000000002 1.0000000180025095e-35 47.500000000000007 1.0000000180025095e-35 2.5000000000000004 105.75000000000001 93.350000000000009 81.600000000000009 126.45000000000002 1.5000000000000002 86.15000000000002 65.40000000000002 105.35000000000001
decision_type=2 2 2 2 2 2 2 2 2 2 2 2 2 2 2 2 2
left_child=-1 -2 -3 5 8 6 7 -4 -5 10 11 13 -11 15 -10 -7 -8
right_child=1 2 3 4 -6 9 16 -9 14 12 -12 -13 -14 -15 -16 -17 -18
leaf_value=-0.024115945468348342 0.052935843382756025 -0.049490159119101221 0.099655556426194183 -0.023845644093715229 0.087335801886537931 -0.026212990949756189 0.0075873241846581216 0.0039350507000927458 -0.0014194602962407875 0.056840385387879666 -0.069110566470361956 0.050669810163924439 -0.018611859827063579 -0.05863288071580907 0.052138757463026687 0.0071351487532505869 -0.018493822997921482
leaf_weight=6.7205786630511275 4.5788993388414374 3.616895228624343 2.4634727146476498 7.2664554715156573 3.5227671908214679 4.9612952545285314 4.8359443135559541 2.8083632765337825 3.3068055510520935 2.6838097283616653 5.027550787664949 3.9032243601977816 3.2377002127468586 4.2996021062135688 3.2153375670313835 3.7172591090202332 3.9550562128424644
leaf_count=31 25 15 31 37 27 24 26 26 16 24 31 29 17 18 29 19 16
internal_value=7.73668e-05 0.00248971 -0.00118718 0.00176372 0.017176 -0.00460503 0.015651 0.0486642 -0.000748697 -0.0148405 -0.0230639 -0.00935052 0.0155854 -0.0274018 0.0249841 -0.0119291 -0.00414654
internal_weight=74.121 67.4004 62.8215 59.2046 17.3114 41.8933 14.0628 5.27184 13.7886 27.8304 21.9089 16.8814 5.92151 12.9782 6.52214 8.67855 8.791
internal_count=441 410 385 370 109 261 99 57 82 162 121 90 41 61 45 43 42
is_linear=0
shrinkage=0.1


Tree=43
num_leaves=18
num_cat=0
split_feature=14 14 14 7 2 10 14 2 2 14 14 14 14 3 14 14 14
split_gain=0.351497 1.01325 0.738771 0.474969 1.7991 0.813618 1.29538 1.12983 1.07993 0.989335 1.20067 1.43165 1.47204 0.668145 0.552211 0.388218 0.0226453
threshold=15.900000000000002 28.350000000000005 32.650000000000006 0.28750000000000003 1.5000000000000002 37.500000000000007 64.500000000000014 1.5000000000000002 1.0000000180025095e-35 114.25000000000001 72.250000000000014 82.250000000000014 104.30000000000003 2.5000000000000004 85.050000000000011 86.15000000000002 94.15000000000002
decision_type=2 2 2 2 2 2 2 2 2 2 2 2 2 2 2 2 2
left_child=-1 -2 -3 5 13 6 -4 9 -8 10 -7 -12 16 -5 -9 -15 -13
right_child=1 2 3 4 -6 7 8 14 -10 -11 11 12 -14 15 -16 -17 -18
leaf_value=-0.021752278315331879 0.047686256847980363 -0.045319017598451264 -0.035222980848568265 -0.021524361308542114 0.079973045919074892 0.027040552016237587 0.085561613976782663 -0.062718192655567162 0.0031440686004239708 0.041561429280080414 -0.079492827325715151 0.017560720768447398 -0.060825712015963443 -0.0012780703107655746 -0.013342904618708485 0.047726132420154312 0.029981788144272249
leaf_weight=6.7065394148230544 4.5748687088489524 3.5580182448029509 2.7453585937619192 7.2462067827582377 3.4654611432924858 5.9421340227127137 3.3909399397671223 5.2005962207913381 2.9932217365130782 4.6245395336300126 3.7305467203259459 2.9329998269677144 3.1654703915119171 3.3054448738694191 4.0128826033324003 3.1641422538086772 2.9381061615422368
leaf_count=31 25 15 12 37 27 34 37 22 32 28 17 19 14 16 25 29 21
internal_value=7.46803e-05 0.0022598 -0.00106979 0.00160511 0.0155961 -0.00416269 0.0222186 -0.0115627 0.0469201 0.000144967 -0.0100923 -0.0273749 -0.00585916 -0.000669468 -0.041213 0.0226889 0.0237767
internal_weight=73.6975 66.9909 62.4161 58.8581 17.1813 41.6768 9.12952 32.5473 6.38416 23.3338 18.7093 12.7671 9.03658 13.7158 9.21348 6.46959 5.87111
internal_count=441 410 385 370 109 261 81 180 69 133 105 71 54 82 47 45 40
is_linear=0
shrinkage=0.1


Tree=44
num_leaves=18
num_cat=0
split_feature=14 14 10 7 3 11 14 1 14 14 14 14 2 13 14 14 12
split_gain=0.327557 0.501766 1.01042 0.634642 0.896634 3.01546 3.11743 0.810107 1.71793 1.70661 0.784128 0.644854 1.94319 0.533651 0.313269 0.435695 0.360681
threshold=15.100000000000001 18.700000000000006 31.500000000000004 0.28750000000000003 1.0000000180025095e-35 1.0000000180025095e-35 106.65000000000002 1.0000000180025095e-35 45.150000000000013 83.300000000000011 88.000000000000014 98.050000000000011 1.0000000180025095e-35 1.0000000180025095e-35 50.800000000000004 89.15000000000002 1.0000000180025095e-35
decision_type=2 2 2 2 2 2 2 2 2 2 2 2 2 2 2 2 2
left_child=-1 -2 -3 4 5 -4 13 8 -5 -10 -9 14 -13 -7 -6 16 -16
right_child=1 2 3 7 11 6 -8 10 9 -11 -12 12 -14 -15 15 -17 -18
leaf_value=0.024732909242973292 -0.041271411807405838 0.050246984539557282 -0.070815631765141857 -0.035280925315168188 -0.051501958584205566 0.047894636584950738 -0.039210595511024945 -0.036543151629265781 0.11641812418963832 0.014179114245484847 0.023753638071995566 0.042927335165708687 -0.058090068873612392 0.10168171553477803 -0.027667223639382062 -0.050922337881341387 0.0072665011306032997
leaf_weight=5.0136115774512282 3.0679921433329573 3.7860956750810137 3.4514100374653927 2.5968505740165728 4.7619155459106031 3.8547818362712842 3.6605133758857846 4.7219141349196416 2.9994912967085838 3.5829267678782344 3.9700909443199635 4.9833804769441468 3.08188914693892 3.5372439362108707 6.9670755565166491 3.9987327381968489 5.1329842954874039
leaf_count=27 13 33 16 12 22 29 24 22 19 35 23 36 22 26 33 22 27
internal_value=6.37429e-05 -0.00175096 0.000111898 -0.00298455 -0.00951155 0.0107799 0.03626 0.012877 0.0335951 0.0607676 -0.00900247 -0.019686 0.00432671 0.0736329 -0.0289699 -0.0223051 -0.0128479
internal_weight=73.1689 68.1553 65.0873 61.3012 43.4299 14.5039 11.0525 17.8713 9.17927 6.58242 8.69201 28.926 8.06527 7.39203 20.8607 16.0988 12.1001
internal_count=441 414 401 368 257 95 79 111 66 54 45 162 58 55 104 82 60
is_linear=0
shrinkage=0.1


Tree=45
num_leaves=18
num_cat=0
split_feature=14 7 7 14 3 14 13 11 10 14 3 14 14 13 14 14 14
split_gain=0.317629 0.433675 2.51898 1.00581 1.28821 0.788942 1.40995 0.70847 0.89993 1.20006 1.58215 1.62362 1.47174 1.18966 0.210427 0.210397 0.0145533
threshold=136.00000000000003 0.90000000000000013 1.0000000180025095e-35 54.100000000000009 1.7500000000000002 83.300000000000011 1.0000000180025095e-35 1.0000000180025095e-35 52.500000000000007 36.900000000000013 1.0000000180025095e-35 82.550000000000011 93.350000000000009 1.0000000180025095e-35 65.40000000000002 92.15000000000002 67.200000000000017
decision_type=2 2 2 2 2 2 2 2 2 2 2 2 2 2 2 2 2
left_child=1 2 7 -3 -5 -6 -7 -1 9 -9 14 16 -13 -10 -11 -16 -12
right_child=-2 3 -4 4 5 6 -8 8 13 10 11 12 -14 -15 15 -17 -18
leaf_value=-0.031629175047553471 0.026747256775685832 -0.04521736112880706 0.085839689803301394 0.055552566751121982 0.023741876383871537 0.011646869936824678 -0.084393743978974145 0.052347179997346518 -0.04781491930318707 0.019582748970602984 -0.036821803333253911 0.096585147855250797 -0.010115736382188227 0.016866842439909057 0.08200747950856585 0.034235185284222827 -0.04465193322739041
leaf_weight=7.1823431365191928 4.2009425684809676 6.8043534159660366 3.4483621129766098 3.357343101873993 3.1733186542987806 2.9748292602598667 3.1442626500502229 5.9375949874520328 6.7562141865491849 1.892843142151835 4.774186082184313 1.9747100360691536 3.7428351910784841 4.9100950956344604 2.0504316492006187 1.675029191188514 4.7208872139453888
leaf_count=39 31 29 24 22 16 18 23 37 30 11 22 18 35 22 20 24 20
internal_value=5.62255e-05 -0.0015802 0.00342927 -0.0142147 0.00246178 -0.0167199 -0.0377031 -0.00280042 0.00258683 0.0126886 0.00138438 -0.0153639 0.0267363 -0.0205918 0.0467335 0.0605283 -0.0407149
internal_weight=72.7206 68.5196 49.0655 19.4541 12.6498 9.29241 6.11909 45.6172 38.4348 26.7685 20.8309 15.2126 5.71755 11.6663 5.6183 3.72546 9.49507
internal_count=441 410 302 108 79 57 41 278 239 187 150 95 53 52 55 44 42
is_linear=0
shrinkage=0.1


Tree=46
num_leaves=17
num_cat=0
split_feature=1 14 14 14 14 12 14 10 10 11 3 14 14 10 14 14
split_gain=0.54713 1.02515 0.498991 0.462515 1.44053 1.67723 0.935879 1.69153 0.926304 0.847157 0.784873 1.36827 0.718379 0.644671 0.474215 1.51772
threshold=2.5000000000000004 15.100000000000001 24.100000000000005 61.550000000000004 50.800000000000004 1.0000000180025095e-35 65.40000000000002 37.500000000000007 34.000000000000007 1.0000000180025095e-35 0.40000000000000008 106.65000000000002 89.15000000000002 40.500000000000007 91.100000000000009 106.65000000000002
decision_type=2 2 2 2 2 2 2 2 2 2 2 2 2 2 2 2
left_child=1 -1 -3 4 5 -4 -5 8 12 -9 11 -11 -8 -12 -15 -16
right_child=-2 2 3 6 -6 -7 7 9 -10 10 13 -13 -14 14 15 -17
leaf_value=0.049465030417523918 -0.039580794567358114 -0.031447774014640391 0.026181620794685868 -0.055329048171007748 0.063958042605149229 -0.056530285894885415 -0.014099379846666203 -0.052878824587923326 0.089491572871032071 0.062299400132843109 -0.042116229363592245 -0.01936248400860402 0.061400276627455966 0.01871794161187311 -0.057868684631515968 0.023379264036754402
leaf_weight=4.2623111046850672 3.3228120878338805 5.0199641138315192 6.8172349669039232 3.2611500471830359 4.4932304993271819 3.8284329697489738 3.0349049754440776 3.9732076376676551 2.6976437978446484 4.2155662942677754 5.8466815482825067 3.9974077688530087 2.1552624646574259 6.0384402573108664 4.6103511583060008 4.5862931050360203
leaf_count=25 16 22 37 13 25 19 15 20 35 33 33 23 38 33 24 30
internal_value=5.21034e-05 0.00196518 -0.00117004 0.00138208 0.0164769 -0.00356353 -0.00376279 0.000323283 0.0419584 -0.00954838 -0.00367152 0.022553 0.0172525 -0.013888 -0.00305503 -0.017351
internal_weight=72.1609 68.8381 64.5758 59.5558 15.1389 10.6457 44.4169 41.1558 7.88781 33.2679 29.2947 8.21297 5.19017 21.0818 15.2351 9.19664
internal_count=441 425 400 378 81 56 297 284 88 196 176 56 53 120 87 54
is_linear=0
shrinkage=0.1


Tree=47
num_leaves=18
num_cat=0
split_feature=1 14 14 10 7 10 14 14 3 11 14 14 2 14 14 14 14
split_gain=0.449097 0.832856 1.22524 0.623235 0.483359 0.761525 0.764769 0.72233 0.599193 2.30725 2.77292 0.905963 0.605635 1.20671 1.50719 0.585904 0.465189
threshold=2.5000000000000004 15.100000000000001 17.700000000000006 31.500000000000004 0.28750000000000003 52.500000000000007 88.000000000000014 116.70000000000002 1.0000000180025095e-35 1.0000000180025095e-35 74.850000000000009 106.65000000000002 1.5000000000000002 98.90000000000002 84.300000000000026 83.950000000000017 65.40000000000002
decision_type=2 2 2 2 2 2 2 2 2 2 2 2 2 2 2 2 2
left_child=1 -1 -3 -4 8 6 -6 -8 9 -5 -11 -12 13 14 16 -14 -10
right_child=-2 2 3 4 5 -7 7 -9 12 10 11 -13 15 -15 -16 -17 -18
leaf_value=0.044651163836764818 -0.036083961744468381 -0.068564732597269223 0.042431902487042879 -0.06191303866040692 -0.018313021351438301 0.04942118482066013 0.07051700308558341 -0.0090400145758167336 -0.016895024396024218 0.11370313392783223 0.035745740238707642 -0.035218894171713928 -0.062357832304483676 0.038053465819147439 -0.069847101182890656 -0.0079391035391974535 0.025434282364841423
leaf_weight=4.2502918429672709 3.2825436666607848 2.580480843782424 3.5521121062338343 3.3081973288208237 7.7215168215334433 4.3867129236459723 2.436498842202127 2.1467919759452343 6.3324749059975201 3.0690644308924657 3.5890733134001493 3.6068953406065702 4.4421688690781576 4.8092988058924666 4.259098630398511 3.5672856941819191 4.4003533944487572
leaf_count=25 16 10 32 16 38 25 28 15 30 24 29 24 19 38 24 25 23
internal_value=4.82731e-05 0.0017808 -0.00105704 0.00176966 -0.000717395 0.0136476 0.000894225 0.0332529 -0.0065113 0.0107126 0.0341183 0.000175545 -0.0149176 -0.00553212 -0.019514 -0.0381206 0.000459572
internal_weight=71.7409 68.4583 64.208 61.6275 58.0754 16.6915 12.3048 4.58329 41.3839 13.5732 10.265 7.19597 27.8107 19.8012 14.9919 8.00945 10.7328
internal_count=441 425 400 390 358 106 81 43 252 93 77 53 159 115 77 44 53
is_linear=0
shrinkage=0.1


Tree=48
num_leaves=17
num_cat=0
split_feature=14 14 14 14 14 10 3 10 13 3 1 2 14 1 14 10
split_gain=0.480793 1.08056 0.462376 0.327898 1.38233 1.15404 1.26038 0.572256 0.567527 2.53438 2.08726 1.18059 0.866919 0.732644 0.410805 0.189413
threshold=15.900000000000002 28.350000000000005 32.650000000000006 72.250000000000014 82.250000000000014 40.500000000000007 1.7500000000000002 69.500000000000014 1.0000000180025095e-35 2.5000000000000004 1.5000000000000002 1.0000000180025095e-35 97.500000000000014 1.5000000000000002 55.650000000000006 47.500000000000007
decision_type=2 2 2 2 2 2 2 2 2 2 2 2 2 2 2 2
left_child=-1 -2 -3 5 -5 6 -4 8 11 10 -10 13 -11 -6 -7 -13
right_child=1 2 3 4 7 14 -8 -9 9 12 -12 15 -14 -15 -16 -17
leaf_value=-0.025799834845967991 0.049914348877785591 -0.03697103212095592 -0.049836702496521786 -0.04021822309814007 0.057988379478260667 0.059673911537205221 0.024182924152339715 -0.038165529511393688 0.058665529358804328 0.036758496170680229 -0.047116833551922942 -0.017577539587690816 0.13605525446437144 0.00016654562720188351 0.016752644866755824 -0.050805511334636955
leaf_weight=6.5378771163523188 4.5016053020954123 3.3516729027032843 4.5595980472862738 8.2645576670765859 3.4318391662091106 4.4124827012419683 4.6428802311420441 2.6887135803699485 3.0990583733655495 1.4746012296527626 4.6854376969859004 3.6181828193366519 2.1777316331863403 6.0623181425035 4.5082487836480141 3.2623834311962128
leaf_count=31 25 15 21 41 37 29 25 13 31 13 27 28 35 33 23 14
internal_value=4.4775e-05 0.00265468 -0.000876947 0.00124961 -0.00394147 0.0123531 -0.012492 0.00588832 0.0101473 0.0272401 -0.00500419 -0.00179114 0.095965 0.0210673 0.0379829 -0.0333324
internal_weight=71.2792 64.7413 60.2397 56.888 38.7648 18.1232 9.20248 30.5003 27.8116 11.4368 7.7845 16.3747 3.65233 9.49416 8.92073 6.88057
internal_count=441 410 385 370 272 98 46 231 218 106 58 112 48 70 52 42
is_linear=0
shrinkage=0.1


Tree=49
num_leaves=19
num_cat=0
split_feature=14 14 1 14 14 14 14 14 14 10 14 3 14 3 0 11 14 3
split_gain=0.391005 0.875829 0.388991 1.17506 2.21392 1.95036 1.08839 0.941417 0.870667 2.23226 1.74761 1.91382 0.890415 1.15951 1.27392 0.778529 0.634395 1.49368
threshold=15.900000000000002 28.350000000000005 1.5000000000000002 36.900000000000013 42.70000000000001 55.650000000000006 113.90000000000002 63.500000000000007 113.90000000000002 56.500000000000007 95.250000000000014 2.5000000000000004 77.050000000000011 1.1000000000000003 1.5000000000000002 1.0000000180025095e-35 59.850000000000001 1.7500000000000002
decision_type=2 2 2 2 2 2 2 2 2 2 2 2 2 2 2 2 2 2
left_child=-1 -2 3 -3 -5 -6 15 -7 10 -10 12 -12 -9 -14 -15 -4 -17 -18
right_child=1 2 6 4 5 7 -8 8 9 -11 11 -13 13 14 -16 16 17 -19
leaf_value=-0.023274972094933823 0.044987287948326793 0.076016684579745752 0.018663995943982072 -0.095227719286888293 0.093374952203056444 -0.050845765723306582 0.034131463522702528 0.038002183027276155 0.028091652732171096 -0.091215955400372611 0.15235798479850751 0.011644212182615802 -0.059026577881590908 0.050811174149348916 -0.033949427849435498 -0.066311409281093539 0.028377061186855054 -0.046427410275248146
leaf_weight=6.5231974609196177 4.4954798966646186 2.2338229380547991 3.9532907400280282 2.2272312939167014 2.4629796445369747 3.1588621325790909 4.4087309492751947 4.8765915110707345 3.5105197867378584 2.8344183228909969 1.816662737168371 2.0655274144373834 3.6826341166160983 3.6932883858680725 3.4107077680528164 3.8380566537380227 4.1800517402589303 7.38585539534688
leaf_count=31 25 15 21 8 19 13 30 27 35 10 25 28 24 24 20 17 28 41
internal_value=5.20093e-05 0.00242092 -0.000782269 0.00577659 0.00112613 0.00793626 -0.01071 0.00069222 0.00698033 -0.0252056 0.0174287 0.0774909 0.00254204 -0.0134893 0.0101167 -0.020923 -0.0310826 -0.0193922
internal_weight=70.7579 64.2347 59.7392 35.9732 33.7394 31.5122 23.766 29.0492 25.8904 6.34494 19.5454 3.88219 15.6632 10.7866 7.104 19.3573 15.404 11.5659
internal_count=441 410 385 248 233 225 137 206 193 45 148 53 95 68 44 107 86 69
is_linear=0
shrinkage=0.1


Tree=50
num_leaves=17
num_cat=0
split_feature=7 7 14 14 14 14 10 10 3 3 1 14 14 10 2 13
split_gain=0.336519 2.26435 1.0857 0.841699 2.16348 1.53338 0.545937 1.41038 0.800091 0.579773 1.17866 0.458007 0.92439 1.21694 1.01243 0.148514
threshold=0.90000000000000013 1.0000000180025095e-35 54.100000000000009 83.300000000000011 90.250000000000014 114.25000000000001 47.500000000000007 40.500000000000007 2.5000000000000004 1.1000000000000003 1.5000000000000002 22.150000000000002 65.40000000000002 37.500000000000007 1.0000000180025095e-35 1.0000000180025095e-35
decision_type=2 2 2 2 2 2 2 2 2 2 2 2 2 2 2 2
left_child=1 6 -2 -4 -5 -6 7 11 9 10 -8 -1 -13 14 -14 -10
right_child=2 -3 3 4 5 -7 8 -9 15 -11 -12 12 13 -15 -16 -17
leaf_value=0.041232072330475392 -0.043863268687431997 0.082474121792853072 0.044415172769977244 -0.088769355228963995 0.063369936753059949 -0.036553415517168245 0.017389943979438421 0.074049039177722625 -0.047673583816632455 0.030682242311589669 -0.050364212806474865 -0.03254907885210908 0.089886417167659008 -0.02216329314913959 0.0037652071628872792 -0.021681659600459442
leaf_weight=2.3908433541655603 6.6628495156765011 3.4558187928050748 3.9331769794225684 2.5548724569380266 3.5722885350696743 2.6937981639057398 6.0835209451615793 2.9618924404494456 4.8122569471597672 4.8162232562899598 4.4424856826663017 7.3460328876972225 2.6986149693839234 4.9429038693197072 2.7622973900288343 4.0471197813749313
leaf_count=14 29 25 22 11 36 18 33 34 23 24 19 34 34 34 31 20
internal_value=4.90309e-05 0.00433193 -0.0111473 0.00594368 -0.0112104 0.0204128 -0.00137677 0.00961869 -0.0118729 0.00194381 -0.0112056 0.000143553 -0.00539093 0.0137852 0.0463237 -0.0358
internal_weight=70.177 50.76 19.417 12.7541 8.82096 6.26609 47.3042 23.1026 24.2016 15.3422 10.526 20.1407 17.7498 10.4038 5.46091 8.85938
internal_count=441 325 116 87 65 54 300 181 119 76 52 147 133 99 65 43
is_linear=0
shrinkage=0.1


Tree=51
num_leaves=18
num_cat=0
split_feature=14 14 14 14 14 14 0 10 14 14 1 10 1 10 14 14 2
split_gain=0.358504 0.746157 0.370263 0.363003 2.06952 1.54505 1.30892 1.26323 1.53895 1.13703 1.0325 0.557839 0.681778 0.396374 0.247401 0.658731 2.1895
threshold=15.900000000000002 28.350000000000005 32.650000000000006 61.550000000000004 63.500000000000007 67.200000000000017 1.5000000000000002 37.500000000000007 88.000000000000014 98.550000000000011 1.0000000180025095e-35 34.000000000000007 1.0000000180025095e-35 40.500000000000007 129.65000000000001 107.15000000000002 1.0000000180025095e-35
decision_type=2 2 2 2 2 2 2 2 2 2 2 2 2 2 2 2 2
left_child=-1 -2 -3 6 -5 -6 13 11 10 -10 -9 12 -7 -4 15 -11 -17
right_child=1 2 3 4 5 7 -8 8 9 14 -12 -13 -14 -15 -16 16 -18
leaf_value=-0.022347495153037682 0.041758785792559393 -0.033478918098391895 0.018936198010049348 -0.10922914188832961 0.081997746476300509 -0.012756015078813118 -0.026337192130940119 -0.015229099196072127 0.048768913528356897 -0.026159810022977015 -0.074890951023458538 0.075730139675007635 0.063903946694806119 0.06637312687222334 -0.0249762584993957 0.085358086935770683 -0.034767699981897354
leaf_weight=6.483932774513959 4.4636251777410498 3.2460721731185904 3.3749877735972387 1.7554679289460171 2.2613092586398116 3.0926033002324393 4.2911976501345634 7.0165687352418882 4.6358487447723773 4.8660003188997525 4.9448564331978559 2.2858605054207146 1.8565915534272788 3.684395145624876 5.3531658425927153 2.9329930087551475 3.1435121651738882
leaf_count=31 25 15 18 6 14 36 20 35 39 30 27 33 17 26 26 24 19
internal_value=4.5982e-05 0.00234323 -0.000651865 0.00126828 -0.00283278 0.00157341 0.0172182 -0.0029587 -0.0112799 0.00507138 -0.0398933 0.0348723 0.0160014 0.0436942 -0.00735985 0.00125824 0.0232143
internal_weight=69.689 63.2051 58.7414 55.4954 44.1448 42.3893 11.3506 40.128 32.8929 20.9315 11.9614 7.23506 4.94919 7.05938 16.2957 10.9425 6.07651
internal_count=441 410 385 370 306 300 64 286 200 138 62 86 53 44 99 73 43
is_linear=0
shrinkage=0.1


Tree=52
num_leaves=19
num_cat=0
split_feature=1 14 14 10 10 7 2 14 14 14 14 14 1 3 14 14 12 7
split_gain=0.374435 0.959135 1.08342 0.542652 0.443701 0.497566 1.00407 0.945003 1.12815 0.551369 2.69131 1.25111 1.70662 0.538202 0.521694 1.34264 0.458396 0.424979
threshold=2.5000000000000004 15.100000000000001 17.700000000000006 31.500000000000004 75.000000000000014 0.28750000000000003 1.5000000000000002 88.000000000000014 116.70000000000002 91.100000000000009 98.050000000000011 64.500000000000014 1.0000000180025095e-35 1.1000000000000003 67.200000000000017 85.050000000000011 1.0000000180025095e-35 1.5500000000000003
decision_type=2 2 2 2 2 2 2 2 2 2 2 2 2 2 2 2 2 2
left_child=1 -1 -3 -4 5 6 9 17 -9 11 -11 16 -13 -12 -8 -16 -5 -7
right_child=-2 2 3 4 -6 7 14 8 -10 10 13 12 -14 -15 15 -17 -18 -19
leaf_value=0.04786071149133278 -0.033546770594986751 -0.066264516860464404 0.040150216076829587 0.011459692230691232 0.035724095186783121 0.012383847047942383 -0.0016522731051618986 0.085041341300408135 -0.0097621666568991419 -0.092885749502293766 -0.013116765586919888 0.09442743576879542 -0.0015017277821887534 0.038492244052965481 -0.091052688927124925 -0.00714321280498105 -0.034818678629826773 -0.030770588949691587
leaf_weight=4.2042725831270209 3.1687074676156035 2.4794089198112479 3.3744902787730089 4.0300463009625727 3.0843150801956645 5.1706861779093725 3.2964776605367643 3.0950090936385086 2.1115969978272915 3.2449335958808652 3.7326861168257874 3.4493759963661423 4.0110360570251942 4.4056117492727935 3.8286937698721886 3.7992030908353627 4.5645911172032356 4.0847421213984489
leaf_count=25 16 10 32 21 16 31 17 35 15 15 26 25 29 37 15 35 23 18
internal_value=3.15888e-05 0.00164451 -0.00150148 0.0012071 -0.00114338 -0.00329599 -0.0092549 0.0125109 0.0465927 0.000953242 -0.0158819 0.0128895 0.0428518 0.0148214 -0.0348943 -0.0492602 -0.0131186 -0.00666171
internal_weight=69.1359 65.9672 61.7629 59.2835 55.909 52.8247 38.3627 14.462 5.20661 27.4383 11.3832 16.055 7.46041 8.1383 10.9244 7.6279 8.59464 9.25543
internal_count=441 425 400 390 358 342 243 99 50 176 78 98 54 63 67 50 44 49
is_linear=0
shrinkage=0.1


Tree=53
num_leaves=16
num_cat=0
split_feature=7 7 14 3 13 10 10 3 14 14 10 14 14 1 13
split_gain=0.363249 1.82444 0.884659 0.884118 0.684461 0.405919 1.21657 0.709244 0.420738 0.738161 0.957529 0.806373 0.41394 0.662684 0.118672
threshold=0.90000000000000013 1.0000000180025095e-35 54.100000000000009 1.7500000000000002 1.0000000180025095e-35 47.500000000000007 40.500000000000007 2.5000000000000004 22.150000000000002 65.40000000000002 37.500000000000007 94.850000000000009 72.250000000000014 1.5000000000000002 1.0000000180025095e-35
decision_type=2 2 2 2 2 2 2 2 2 2 2 2 2 2 2
left_child=1 5 -2 -4 -5 6 8 12 -1 -10 11 -11 -7 -14 -9
right_child=2 -3 3 4 -6 7 -8 14 9 10 -12 -13 13 -15 -16
leaf_value=0.039804616228196116 -0.041418967146584489 0.075129348285699754 0.048932443277407416 0.014714980172620443 -0.039957672586443227 0.023617932664746138 0.069978256582347451 -0.043602788937755259 -0.029424080083901197 0.074788956176157481 -0.01955046742998191 -0.0053821277327014512 0.013360113309466893 -0.041151996001275386 -0.020081141985606399
leaf_weight=2.3505719974637094 6.5692497231066254 3.4081292301416388 3.2329882942140094 4.7058004001155478 4.4602128663100302 6.0082951672375211 2.8507241564802817 4.6247547268867493 7.3251135349273708 3.0819122679531556 4.8725684024393559 2.1159453950822353 5.1570490598678571 3.9291989058256149 4.0001880675554276
leaf_count=14 29 25 24 31 32 32 34 23 34 28 34 37 26 18 20
internal_value=2.4336e-05 0.00451567 -0.0117495 0.00397 -0.0118889 -0.000680351 0.00891104 -0.00981778 9.48345e-05 -0.00527095 0.0122978 0.0421529 0.00325335 -0.0102128 -0.0326936
internal_weight=68.6927 49.7245 18.9683 12.399 9.16601 46.3163 22.5968 23.7195 19.7461 17.3955 10.0704 5.19786 15.0945 9.08625 8.62494
internal_count=441 325 116 87 63 300 181 119 147 133 99 65 76 44 43
is_linear=0
shrinkage=0.1


Tree=54
num_leaves=18
num_cat=0
split_feature=14 14 10 3 13 1 1 14 14 14 2 7 13 3 0 12 12
split_gain=0.393395 0.659578 0.30867 0.818328 3.01777 1.28209 1.26096 1.05481 0.964668 2.12077 1.01756 1.63571 1.17556 0.887488 0.511115 0.471472 0.362619
threshold=15.900000000000002 28.350000000000005 69.500000000000014 2.5000000000000004 1.0000000180025095e-35 1.5000000000000002 1.5000000000000002 91.100000000000009 36.900000000000013 45.150000000000013 1.5000000000000002 1.5500000000000003 1.0000000180025095e-35 1.1000000000000003 1.0000000180025095e-35 1.0000000180025095e-35 1.0000000180025095e-35
decision_type=2 2 2 2 2 2 2 2 2 2 2 2 2 2 2 2 2
left_child=-1 -2 3 8 6 14 7 -5 -3 -10 11 12 13 -11 -6 -12 -14
right_child=1 2 -4 4 5 -7 -8 -9 9 10 15 -13 16 -15 -16 -17 -18
leaf_value=-0.023583355801948556 0.0396165632192748 0.054952971043363712 -0.025640765529690301 0.042321666199472557 0.068563409305913328 0.12564857927182813 -0.04993953206780638 -0.031327349470725803 -0.094802266930059442 0.085519420621474301 -0.056395961597773409 -0.055593175263276867 -0.019071091225396929 0.018530332253044183 -0.0024849523301384265 -0.004557554157953829 0.023131364283164386
leaf_weight=6.3983634971082202 4.4357232227921477 2.2720743045210829 4.4699038304388514 5.0381295364350098 2.2592013059183946 2.6840862184762955 4.9683530628681174 3.1670777751132846 2.8461872488260296 3.5045462222769928 4.4799110395833841 3.4506327863782635 6.0087543576955795 4.5392380934208632 1.8349138372577725 2.8839582502841949 3.0794077897444367
leaf_count=31 25 14 25 31 27 24 25 21 11 33 33 16 36 27 17 23 22
internal_value=2.29255e-05 0.00246214 -0.000404738 0.00172295 0.0177167 0.0719351 -0.0101803 0.0138943 -0.00792792 -0.0125677 -0.00419254 0.00722097 0.0198727 0.0477164 0.0367207 -0.0360942 -0.00477133
internal_weight=68.3205 61.9221 57.4864 53.0165 19.9518 6.7782 13.1736 8.20521 33.0647 30.7926 27.9464 20.5826 17.1319 8.04378 4.09412 7.36387 9.08816
internal_count=441 410 385 360 145 68 77 52 215 201 190 134 118 60 44 56 58
is_linear=0
shrinkage=0.1


Tree=55
num_leaves=19
num_cat=0
split_feature=1 14 14 10 10 7 14 14 2 3 10 14 14 10 14 3 14 14
split_gain=0.334633 0.828218 0.945822 0.439696 0.43216 0.432163 0.792955 1.01073 0.724512 0.494142 0.473478 0.758952 0.811811 0.804113 0.367383 0.364487 0.238666 0.0805071
threshold=2.5000000000000004 15.100000000000001 17.700000000000006 31.500000000000004 75.000000000000014 0.28750000000000003 88.000000000000014 116.70000000000002 1.5000000000000002 1.0000000180025095e-35 36.000000000000007 72.250000000000014 95.250000000000014 47.500000000000007 69.850000000000009 1.1000000000000003 78.15000000000002 87.000000000000014
decision_type=2 2 2 2 2 2 2 2 2 2 2 2 2 2 2 2 2 2
left_child=1 -1 -3 -4 5 8 14 -8 10 -10 -5 13 17 -12 -7 -14 -11 -13
right_child=-2 2 3 4 -6 6 7 -9 9 16 11 12 15 -15 -16 -17 -18 -19
leaf_value=0.044714472123276144 -0.031974150597013605 -0.06269305411991076 0.036516535126510936 -0.030015444187576998 0.035362402699408678 0.0095187896975613921 0.081060228756601405 -0.0096557368539500234 -0.00061545926996075075 -0.064555176379715959 0.067998769933068734 -0.023405891721374791 -0.0082418059411389546 0.0028825035702468101 -0.032200785813359972 0.034633718790819758 -0.027785446985635471 -0.045345930396134583
leaf_weight=4.162674091756343 3.1175932213664046 2.4169994518160811 3.3148702369071534 4.4060336467810002 3.0861224718391886 5.6850067265331727 2.9634527759626499 2.0974967367947102 3.5862487396225315 3.5356903746724129 3.3622761778533485 4.0058993156999332 3.7629186091944575 4.3499565795063972 3.3572685942053795 4.1910464866086841 3.5253714686259627 2.8712122496217489
leaf_count=25 16 10 32 37 16 32 35 15 26 16 24 23 23 22 17 30 25 17
internal_value=2.60248e-05 0.00156843 -0.00139934 0.00115048 -0.000989367 -0.00315931 0.0117684 0.0434632 -0.008759 -0.0308443 -3.34258e-05 0.00582648 -0.0074048 0.031271 -0.0059711 0.0143499 -0.0461972 -0.0325659
internal_weight=67.7981 64.6805 60.5179 58.1009 54.786 51.6999 14.1032 5.06095 37.5967 10.6473 26.9493 22.5433 14.8311 7.71223 9.04228 7.95397 7.06106 6.87711
internal_count=441 425 400 390 358 342 99 50 243 67 176 139 93 46 49 53 41 40
is_linear=0
shrinkage=0.1


Tree=56
num_leaves=17
num_cat=0
split_feature=14 14 10 1 2 1 10 14 14 14 7 0 14 14 14 10
split_gain=0.356798 0.578079 0.280406 1.08389 0.60967 0.557325 1.53973 1.70716 1.43076 1.24734 1.24209 1.39091 1.06841 1.01375 0.870505 0.601249
threshold=15.900000000000002 22.150000000000002 34.000000000000007 1.0000000180025095e-35 1.5000000000000002 1.0000000180025095e-35 43.000000000000007 75.950000000000017 100.95000000000002 111.55000000000003 1.0000000180025095e-35 1.5000000000000002 81.850000000000009 78.800000000000011 91.100000000000009 47.500000000000007
decision_type=2 2 2 2 2 2 2 2 2 2 2 2 2 2 2 2
left_child=-1 -2 3 4 -3 9 13 -8 -9 10 12 -12 15 -7 -14 -4
right_child=1 2 5 -5 -6 6 7 8 -10 -11 11 -13 14 -15 -16 -17
leaf_value=-0.022588972013328171 0.047129091694867967 -0.042803614467545999 0.0052897649586133751 0.075980760388481353 0.030308391029198679 -0.081293586191938716 0.057960881527364588 -0.060312717691142992 0.016481549055346628 -0.034336703034957713 0.10891263249548699 0.014942229335681158 0.085311639827187258 -0.012019880131931506 0.0034358788451770181 -0.041445308405911679
leaf_weight=6.3225896582007399 2.7548420652747145 2.4428342296741894 6.5273103397339671 2.2581078484654427 2.1394837838597596 4.3673523403704184 4.3881778195500365 4.3026329427957517 5.5627158209681511 5.8343338384293011 2.7269653156399718 3.7290969607420266 2.3561696158722034 4.0915864184498787 2.8929469687864184 4.7603356428444386
leaf_count=31 16 17 36 21 27 20 28 22 29 38 26 27 21 32 27 23
internal_value=2.58479e-05 0.00236468 0.000252333 0.0192758 -0.00866763 -0.0022725 -0.0139878 0.00607017 -0.0170112 0.00695778 0.0174361 0.0546342 0.00291368 -0.0477859 0.0401874 -0.0144198
internal_weight=67.4575 61.1349 58.38 6.84043 4.58232 51.5396 22.7125 14.2535 9.86535 28.8272 22.9928 6.45606 16.5368 8.45894 5.24912 11.2876
internal_count=441 410 394 65 44 329 131 79 51 198 160 53 107 52 48 59
is_linear=0
shrinkage=0.1


Tree=57
num_leaves=16
num_cat=0
split_feature=7 7 14 3 13 10 10 3 3 1 14 14 10 2 13
split_gain=0.400812 1.47558 0.75358 0.880703 0.693802 0.357856 0.997334 0.633755 0.437709 1.08181 0.363806 0.603612 0.738136 0.688518 0.0700527
threshold=0.90000000000000013 1.0000000180025095e-35 54.100000000000009 1.7500000000000002 1.0000000180025095e-35 47.500000000000007 40.500000000000007 2.5000000000000004 1.1000000000000003 1.5000000000000002 22.150000000000002 65.40000000000002 37.500000000000007 1.0000000180025095e-35 1.0000000180025095e-35
decision_type=2 2 2 2 2 2 2 2 2 2 2 2 2 2 2
left_child=1 5 -2 -4 -5 6 10 8 9 -7 -1 -12 13 -13 -9
right_child=2 -3 3 4 -6 7 -8 14 -10 -11 11 12 -14 -15 -16
leaf_value=0.038519002258902792 -0.040214146721673977 0.068953974613174929 0.0476629408935711 0.013273124252447518 -0.042582604119935419 0.020252624979859184 0.065881507555171789 -0.03924301055967111 0.029040718750125118 -0.045646392556837875 -0.025985367502928187 0.07748042287946115 -0.016052300145072373 0.0037271287997870921 -0.020877749679898985
leaf_weight=2.3001267276704374 6.4135238640010384 3.3375139804556957 3.1496006455272427 4.5772980535402876 4.3251305520534515 5.8358110152184945 2.7195564480498424 4.4474570974707603 4.6909912899136552 4.3464925661683083 7.1440453082323101 2.409681174438445 4.7685072952881455 2.6663537039421499 3.8967739939689636
leaf_count=14 29 25 24 31 32 33 34 23 24 19 34 34 34 31 20
internal_value=1.89822e-05 0.00478731 -0.0125214 0.00221531 -0.0138637 5.20265e-05 0.00918845 -0.00860854 0.00376638 -0.00787751 0.00119518 -0.00385819 0.0121992 0.0387391 -0.0306664
internal_weight=67.0289 48.5633 18.4656 12.052 8.90243 45.2258 22.0083 23.2175 14.8733 10.1823 19.2887 16.9886 9.84454 5.07603 8.34423
internal_count=441 325 116 87 63 300 181 119 76 52 147 133 99 65 43
is_linear=0
shrinkage=0.1


Tree=58
num_leaves=18
num_cat=0
split_feature=7 7 3 14 3 14 14 14 14 14 3 14 14 14 1 0 1
split_gain=0.326852 1.20392 0.83724 0.569152 0.678591 0.645503 0.389561 1.80783 0.509616 1.22578 1.17585 1.38366 1.07887 0.890369 0.816782 0.404773 0.527352
threshold=0.90000000000000013 1.0000000180025095e-35 1.0000000180025095e-35 62.900000000000006 2.5000000000000004 86.15000000000002 15.900000000000002 28.350000000000005 82.250000000000014 91.100000000000009 2.5000000000000004 132.25000000000003 105.35000000000001 72.250000000000014 1.5000000000000002 1.0000000180025095e-35 1.5000000000000002
decision_type=2 2 2 2 2 2 2 2 2 2 2 2 2 2 2 2 2
left_child=1 6 -2 -4 -5 -6 -1 -8 13 -10 11 14 -12 15 -11 16 -9
right_child=2 -3 3 4 5 -7 7 8 9 10 12 -13 -14 -15 -16 -17 -18
leaf_value=-0.034275570528693448 -0.050191139916512001 0.062491724259720251 0.028699078709841865 -0.056778568989293357 -0.030468014249851329 0.031599232319053643 0.087188003295769534 0.040784223750694348 0.064101501530137911 0.088210546452956951 -0.080458139257749625 -0.030956154224100141 0.0028499018229047727 -0.045172709978820835 0.01316974520389577 -0.019832107740931651 -0.0088942702967063601
leaf_weight=3.0796887017786494 4.2593121528625515 3.3155719041824332 4.7255090475082389 2.6451389081776124 3.1088224798440933 3.6346162855625153 2.3815402612090102 3.9702504035085457 3.3640797915868488 2.8350305855274183 2.9113095509819678 3.3414646023884416 3.335591169539839 6.1687390189617863 2.9700214043259621 5.9789729788899413 4.6271300185471773
leaf_count=16 22 25 26 16 14 38 16 25 32 37 19 19 25 32 24 30 25
internal_value=1.89236e-05 0.00433889 -0.0113326 0.000394074 -0.0138526 0.00298534 5.07796e-05 0.00257475 -0.00252643 0.00941838 -0.00253208 0.0203088 -0.035975 -0.0133268 0.0498176 0.000150449 0.0140471
internal_weight=66.6528 48.2794 18.3734 14.1141 9.38858 6.74344 44.9638 41.8841 39.5026 18.7575 15.3934 9.14652 6.2469 20.7451 5.80505 14.5764 8.59738
internal_count=441 325 116 94 68 52 300 284 268 156 124 80 44 112 61 80 50
is_linear=0
shrinkage=0.1


Tree=59
num_leaves=16
num_cat=0
split_feature=14 7 7 3 14 11 12 3 10 14 14 3 13 14 10
split_gain=0.346646 0.367744 0.89762 0.672002 0.710459 0.623913 0.622967 1.32769 1.30359 0.897253 1.48505 1.48018 0.549165 0.458649 0.222122
threshold=136.00000000000003 0.90000000000000013 1.0000000180025095e-35 1.0000000180025095e-35 83.300000000000011 1.0000000180025095e-35 1.0000000180025095e-35 1.0000000180025095e-35 52.500000000000007 82.250000000000014 55.650000000000006 2.5000000000000004 1.0000000180025095e-35 65.40000000000002 43.000000000000007
decision_type=2 2 2 2 2 2 2 2 2 2 2 2 2 2 2
left_child=1 2 5 -3 14 -1 8 -8 9 10 -7 -11 -6 -9 -5
right_child=-2 3 -4 4 12 6 7 13 -10 11 -12 -13 -14 -15 -16
leaf_value=-0.02916472226129041 0.028906998234760391 -0.049315612995692898 0.054226456814404848 -0.0010720450719578036 0.0048757363780732969 0.031352994391516405 0.082271976834261545 -0.021226618514986612 -0.037083912015622743 0.101052308236808 -0.043079794848527558 -0.0082455090379563081 -0.055645326926943156 0.026465806478988996 0.033241543993510321
leaf_weight=6.5615754453465334 3.9085280974395564 4.1265960019081858 3.1834017876535645 3.5498994961380941 2.6986994408071041 5.6408313550055045 2.8953284369781604 3.9145578369498235 8.144839793443678 2.5245228828862301 5.107570044696331 2.4333929582498968 3.3735068263486028 4.1585058113560081 4.0260711386799812
leaf_count=39 31 20 24 17 18 34 31 21 38 38 23 19 29 35 24
internal_value=1.80707e-05 -0.0017932 0.00305744 -0.0139546 -0.00326304 -0.000878929 0.00445139 0.0241758 -0.00461924 0.012216 -0.00401698 0.0474079 -0.0287477 0.00334017 0.0171631
internal_weight=66.2478 62.3393 44.5645 17.7748 13.6482 41.3811 34.8195 10.9684 23.8512 15.7063 10.7484 4.95792 6.07221 8.07306 7.57597
internal_count=441 410 302 108 88 278 239 87 152 114 57 57 47 56 41
is_linear=0
shrinkage=0.1


Tree=60
num_leaves=17
num_cat=0
split_feature=14 10 14 14 1 14 1 14 14 14 14 10 3 3 7 14
split_gain=0.365081 0.42969 0.214901 0.350674 1.81872 0.527662 0.946606 0.806248 1.28342 1.01534 0.829546 0.386563 0.860297 0.461387 1.06206 0.25382
threshold=15.900000000000002 31.500000000000004 136.00000000000003 112.50000000000001 1.5000000000000002 100.95000000000002 1.0000000180025095e-35 93.350000000000009 85.050000000000011 80.550000000000011 88.300000000000011 40.500000000000007 1.7500000000000002 1.7500000000000002 0.45000000000000007 45.150000000000013
decision_type=2 2 2 2 2 2 2 2 2 2 2 2 2 2 2 2
left_child=-1 -2 3 5 -5 7 -7 8 9 11 -10 12 -3 15 -15 -13
right_child=1 2 -4 4 -6 6 -8 -9 10 -11 -12 13 -14 14 -16 -17
leaf_value=-0.022931667769537287 0.037418242884168791 -0.03068709603349138 0.023413265966819835 -0.071787334766011457 0.034167803992598632 0.084124138327007672 -0.0051100057306621496 -0.039794949928456606 0.013178032704568243 -0.048460622322581554 0.10336145369480908 0.013383416915271168 0.021660014214762296 -0.031665132758324145 0.041463769378977014 0.053100622844285399
leaf_weight=6.2668444886803618 3.3170347916893652 7.5712647214531952 3.777026781346648 3.5170931592583647 3.0034618331119418 2.0732170501723877 2.7867168495431542 4.9360762792639425 2.1459525041282168 4.3327128384262314 1.9439055998809633 2.9992838948965064 5.3636009655892849 4.7459771893918496 3.4149792417883873 3.4713256526738405
leaf_count=31 33 37 28 22 23 29 17 35 16 23 27 18 32 25 20 25
internal_value=2.40079e-05 0.0024459 0.000377445 -0.00128599 -0.0229829 0.00180401 0.0329567 -0.00189544 0.00330268 -0.00345916 0.0560421 0.00361388 -0.00898072 0.014748 -0.0010641 0.0346907
internal_weight=65.6665 59.3996 56.0826 52.3056 6.52055 45.785 4.85993 40.9251 35.989 31.8991 4.08986 27.5664 12.9349 14.6316 8.16096 6.47061
internal_count=441 410 377 349 45 304 46 258 223 180 43 157 69 88 45 43
is_linear=0
shrinkage=0.1


Tree=61
num_leaves=20
num_cat=0
split_feature=1 14 14 10 3 13 10 1 14 14 2 7 10 13 3 14 12 14 14
split_gain=0.316102 0.845788 0.579436 0.564329 0.437851 1.88296 1.49829 1.18255 0.877907 1.50919 0.871072 1.76034 0.862314 2.13083 1.32402 0.822259 0.43724 0.357969 0.151846
threshold=2.5000000000000004 15.100000000000001 24.100000000000005 75.000000000000014 2.5000000000000004 1.0000000180025095e-35 47.500000000000007 1.5000000000000002 36.900000000000013 45.150000000000013 1.5000000000000002 1.5500000000000003 56.500000000000007 1.0000000180025095e-35 1.7500000000000002 83.300000000000011 1.0000000180025095e-35 81.600000000000009 65.40000000000002
decision_type=2 2 2 2 2 2 2 2 2 2 2 2 2 2 2 2 2 2 2
left_child=1 -1 -3 4 8 7 17 15 -4 -10 11 12 13 14 -11 -6 -12 -7 -15
right_child=-2 2 3 -5 5 6 -8 -9 9 10 16 -13 -14 18 -16 -17 -18 -19 -20
leaf_value=0.045596434539518227 -0.031475483601707613 -0.035244254533366451 0.04369554484760374 0.044901150931180793 0.045369356350665607 0.1546693566362034 0.015972724596881344 -0.052372497791957517 -0.085161019860816548 0.12148619261960912 -0.056355265926597981 -0.064210801277019558 -0.021322535285646534 -0.02945697804739841 0.022746446681564655 -0.018938193398723852 -0.0052705936841271209 0.0800979615418069 0.0034857956288410381
leaf_weight=4.0757791884243479 3.0380497872829428 4.6860585659742346 2.9424374997615841 2.8280793577432624 3.7482334896922129 1.1420262940227979 4.1397704035043716 4.606225248426199 2.6758879125118282 3.0551053541712516 4.2633784064091733 3.0696727074682704 4.0166994184255591 2.1665970906615257 2.4447529762983322 4.234660791233182 2.7602330204099417 1.4753174227662382 3.9504217384383082
leaf_count=25 16 22 19 15 23 9 26 25 11 32 33 14 19 11 18 31 23 34 35
internal_value=2.18928e-05 0.00155832 -0.0015254 0.00142695 -0.000998478 0.0108315 0.0534148 -0.0120248 -0.00829992 -0.0136865 -0.00625233 0.00502368 0.018618 0.032428 0.0775952 0.0112563 -0.0362793 0.112636 -0.00818226
internal_weight=65.3194 62.2813 58.2056 53.5195 50.6914 19.3462 6.75711 12.5891 31.3452 28.4027 25.7269 18.7032 15.6336 11.6169 5.49986 7.98289 7.02361 2.61734 6.11702
internal_count=441 425 400 378 363 148 69 79 215 196 185 129 115 96 50 54 56 43 46
is_linear=0
shrinkage=0.1


Tree=62
num_leaves=17
num_cat=0
split_feature=14 10 1 1 14 14 11 0 13 14 14 13 14 10 3 3
split_gain=0.352783 0.415248 1.12075 0.368029 0.986406 0.935912 0.883992 0.957203 1.7761 0.728417 0.595615 0.578587 0.799854 0.433277 0.366562 0.142502
threshold=15.900000000000002 34.000000000000007 1.0000000180025095e-35 1.0000000180025095e-35 113.90000000000002 111.55000000000003 1.0000000180025095e-35 1.0000000180025095e-35 1.0000000180025095e-35 69.850000000000009 88.000000000000014 1.0000000180025095e-35 63.500000000000007 47.500000000000007 0.40000000000000008 2.5000000000000004
decision_type=2 2 2 2 2 2 2 2 2 2 2 2 2 2 2 2
left_child=-1 2 14 5 9 6 -3 8 15 13 -11 12 -9 -5 -2 -8
right_child=1 3 -4 4 -6 -7 7 11 -10 10 -12 -13 -14 -15 -16 -17
leaf_value=-0.022638881157497605 -0.029541865838143368 -0.034303003177488231 0.082834057181809695 -0.020815050048222008 0.033738765408538214 -0.029795606453348247 0.027634144572348581 -0.015679539319156686 0.10042941142389311 -0.065313871807981497 -0.017503719457391109 -0.027589563613306708 0.051920444587162912 0.026187357866860592 0.027662552048827012 -0.0041836925409749776
leaf_weight=6.2093060016632071 2.4330277014523736 3.0740745570510688 2.2793088834732771 3.8283112943172517 4.1923075588420025 5.6146576860919586 2.7506059296429157 3.2843900173902512 3.7140514045022428 4.3595824725925905 6.4769513458013535 3.9226413434371352 3.7473778780549765 4.0213008522987366 2.0759746432304382 2.88290024548769
leaf_count=31 20 19 22 19 29 38 24 16 34 28 39 30 29 22 25 16
internal_value=2.75413e-05 0.00242694 0.0256846 -0.000616874 -0.0100989 0.00686604 0.0156717 0.0232388 0.0467448 -0.0199341 -0.0367379 0.00318081 0.0203459 0.00326395 -0.00320457 0.0113516
internal_weight=64.8668 58.6575 6.78831 51.8692 22.8785 28.9907 23.376 20.302 9.34756 18.6861 10.8365 10.9544 7.03177 7.84961 4.509 5.63351
internal_count=441 410 67 343 137 206 168 149 74 108 67 75 45 41 45 40
is_linear=0
shrinkage=0.1


Tree=63
num_leaves=16
num_cat=0
split_feature=14 10 1 2 1 14 14 14 14 2 14 14 14 14 10
split_gain=0.286678 0.341529 0.941078 0.360203 0.301241 0.803416 0.763969 0.853107 0.86469 0.7972 1.08485 0.602157 0.516466 0.421586 0.349576
threshold=15.900000000000002 34.000000000000007 1.0000000180025095e-35 1.5000000000000002 1.0000000180025095e-35 113.90000000000002 111.55000000000003 84.300000000000026 95.250000000000014 1.5000000000000002 63.500000000000007 69.850000000000009 88.000000000000014 55.650000000000006 47.500000000000007
decision_type=2 2 2 2 2 2 2 2 2 2 2 2 2 2 2
left_child=-1 2 3 -2 6 11 7 9 -9 10 -3 14 -13 -11 -6
right_child=1 4 -4 -5 5 -7 -8 8 -10 13 -12 12 -14 -15 -16
leaf_value=-0.020424296156567823 -0.028587840538951349 -0.0015711684319821987 0.076713937177581529 0.028314563851489297 -0.018817461806851565 0.030423073046254131 -0.026978550572314398 0.017033319907258579 0.10053334799965362 0.0069212731153575277 0.069097318105954944 -0.060697122649607888 -0.015763032939241018 -0.037624064477182778 0.023361842208833326
leaf_weight=6.1950983405113211 2.4636361687444142 5.9840382449328988 2.2183107398450375 2.0283962646499276 3.8121321126818719 4.1847031861543647 5.5826047053560606 3.1480900095775715 2.0463418178260326 3.7936845347285253 3.4102619923651218 4.229111881926654 6.4731778353452682 4.8291476592421532 4.0550040602684021
leaf_count=31 18 34 22 27 19 29 38 30 34 24 23 28 39 23 22
internal_value=2.7396e-05 0.00220218 0.0234233 -0.00289332 -0.000560293 -0.00915977 0.0062353 0.0142236 0.0499281 0.00392976 0.0240825 -0.0180799 -0.0335192 -0.018026 0.00292326
internal_weight=64.4537 58.2586 6.71034 4.49203 51.5483 22.7541 28.7942 23.2116 5.19443 18.0171 9.3943 18.5694 10.7023 8.62283 7.86714
internal_count=441 410 67 45 343 137 206 168 64 104 57 108 67 47 41
is_linear=0
shrinkage=0.1


Tree=64
num_leaves=17
num_cat=0
split_feature=10 10 7 14 12 1 3 2 14 13 7 3 3 1 3 14
split_gain=0.252703 1.32561 1.19714 0.814214 0.709342 0.736412 1.01223 1.06201 0.670957 0.716829 1.8216 0.967755 0.514722 0.921155 0.419646 0.830802
threshold=47.500000000000007 43.000000000000007 1.5500000000000003 75.950000000000017 1.0000000180025095e-35 1.5000000000000002 1.7500000000000002 1.5000000000000002 30.100000000000005 1.0000000180025095e-35 1.0000000180025095e-35 1.7500000000000002 2.5000000000000004 1.0000000180025095e-35 1.0000000180025095e-35 93.350000000000009
decision_type=2 2 2 2 2 2 2 2 2 2 2 2 2 2 2 2
left_child=1 2 4 -3 5 6 7 -1 -2 10 11 -10 13 -6 -11 -16
right_child=8 3 -4 -5 12 -7 -8 -9 9 14 -12 -13 -14 -15 15 -17
leaf_value=0.028780403194302778 -0.040340614128699576 0.10672132039693537 -0.043385406323422457 0.018480924015942261 -0.015283292341929842 -0.035247647416541947 0.059614779877023752 -0.05493616936030709 0.025824576348274987 -0.038415130799925944 0.081526239599383085 -0.038113648203305067 0.070108886039511015 0.060745250026083601 0.030776232108447002 -0.033015718143644686
leaf_weight=3.1426530354656297 4.9167071804404285 1.9119206983596075 5.5280003934167317 2.3080286527983844 3.876700640656054 5.2491503274068245 2.9756576251238585 2.9263780326582491 4.8731695506721717 5.2079988010227689 3.2497773617506036 4.6035109907388687 2.3950671874918044 2.7059322586283088 3.9620379731059057 4.2119093872606754
leaf_count=21 22 17 36 26 33 33 29 21 31 23 24 25 28 26 22 24
internal_value=2.74691e-05 0.00611632 -0.00155348 0.0584598 0.00838342 -0.00545299 0.0118385 -0.0115862 -0.00645279 -7.10691e-05 0.0169201 -0.00523486 0.0304131 0.0159699 -0.01623 -0.00209478
internal_weight=64.0446 33.0195 28.7995 4.21995 23.2715 14.2938 9.04469 6.06903 31.0251 26.1084 12.7265 9.47668 8.9777 6.58263 13.3819 8.17395
internal_count=441 270 227 43 191 104 71 42 171 149 80 56 87 59 69 46
is_linear=0
shrinkage=0.1


Tree=65
num_leaves=15
num_cat=0
split_feature=14 14 14 14 3 14 3 14 2 14 1 14 14 14
split_gain=0.255571 0.790183 0.6316 0.589821 0.838493 0.495715 0.669618 0.927959 1.15303 2.26959 0.587003 1.23296 0.694896 0.867468
threshold=119.10000000000001 132.25000000000003 112.50000000000001 100.95000000000002 2.5000000000000004 93.350000000000009 1.1000000000000003 16.750000000000004 1.5000000000000002 63.500000000000007 1.0000000180025095e-35 69.850000000000009 68.850000000000009 54.350000000000001
decision_type=2 2 2 2 2 2 2 2 2 2 2 2 2 2
left_child=2 -2 3 5 -5 6 7 -1 9 -9 12 -12 13 -8
right_child=1 -3 -4 4 -6 -7 10 8 -10 -11 11 -13 -14 -15
leaf_value=-0.05558824365602999 0.064235064321159274 -0.0059587315076781331 -0.046639136729207553 0.080401306571618036 -0.003621284523205712 -0.033078499364809347 0.031530422169368535 -0.015100555331852106 -0.042004301344932396 0.092774732282501715 0.023801197332031759 -0.044335549645218755 0.052763397674312165 -0.029652642917576778
leaf_weight=4.2003445923328426 2.4258556040003887 4.732103768736124 3.0303097488358608 2.1364671788178375 2.6745109753683209 4.9283949304372063 5.9412458557635563 6.1547570191323739 4.7026628404855719 2.8549944311380386 5.8443390540778619 4.8676803894340992 5.2630432415753594 3.799204058945179
leaf_count=18 22 34 22 23 31 38 39 34 27 30 33 33 38 19
internal_value=3.04004e-05 0.0178302 -0.00222872 0.000292977 0.0336916 -0.00301615 0.000379796 -0.014464 -0.00186699 0.0190828 0.0107196 -0.00716102 0.0234858 0.00766633
internal_weight=63.5559 7.15796 56.398 53.3676 4.81098 48.5567 43.6283 17.9128 13.7124 9.00975 25.7155 10.712 15.0035 9.74045
internal_count=441 56 385 363 54 309 271 109 91 64 162 66 96 58
is_linear=0
shrinkage=0.1


Tree=66
num_leaves=17
num_cat=0
split_feature=7 7 14 3 13 14 14 14 14 11 3 14 14 14 2 10
split_gain=0.250533 0.916885 0.722221 0.800588 0.540446 0.446987 0.425072 0.934795 0.662316 1.16066 1.96289 0.79142 0.837804 0.739433 1.54058 0.219323
threshold=0.90000000000000013 1.0000000180025095e-35 54.100000000000009 1.7500000000000002 1.0000000180025095e-35 22.150000000000002 114.25000000000001 147.85000000000002 104.30000000000003 1.0000000180025095e-35 1.0000000180025095e-35 65.40000000000002 91.100000000000009 61.550000000000004 1.0000000180025095e-35 40.500000000000007
decision_type=2 2 2 2 2 2 2 2 2 2 2 2 2 2 2 2
left_child=1 5 -2 -4 -5 -1 8 -8 9 -7 13 -12 15 -11 -15 -13
right_child=2 -3 3 4 -6 6 7 -9 -10 10 11 12 -14 14 -16 -17
leaf_value=0.030481523792662547 -0.038163242817796227 0.055602179265269593 0.048515246113442524 0.013479696725309138 -0.037243962127664718 -0.043865456646988252 0.053571742663355598 -0.023025030565816701 -0.050605308276192751 0.1030282543236182 -0.039107029881012875 0.0083336447950220216 -0.035194952148791196 0.083332554140454804 -0.03324408642940558 0.045257279933063638
leaf_weight=4.3318950086832038 6.0299217663705376 3.1932592890225342 3.0464368928223839 4.296221533790229 4.1100712260231376 5.6402018032968106 3.6291835489682844 2.8402035348117352 3.2974528507329515 2.0270988903939751 6.4525968395173576 3.1797439679503423 3.2622649031691253 2.5000438774004579 2.0740511468611658 3.2559763863682747
leaf_count=27 29 25 24 31 32 32 38 15 23 17 33 23 26 26 17 23
internal_value=2.83029e-05 0.00392422 -0.0101521 0.00459585 -0.0113205 4.05249e-05 -0.00341522 0.0199441 -0.00818401 -0.00325719 0.00680966 -0.0119687 0.00608789 0.0527531 0.0304727 0.0270141
internal_weight=63.1666 45.684 17.4827 11.4527 8.40629 42.4907 38.1588 6.46939 31.6894 28.392 22.7518 16.1506 9.69799 6.60119 4.5741 6.43572
internal_count=441 325 116 87 63 300 273 53 220 197 165 105 72 60 43 46
is_linear=0
shrinkage=0.1


Tree=67
num_leaves=19
num_cat=0
split_feature=1 14 14 14 14 14 14 14 7 10 1 10 13 7 12 3 3 14
split_gain=0.299 0.937368 0.686256 0.398525 1.24716 1.11602 0.940388 0.628465 0.468221 0.676213 0.332043 0.90051 0.732526 1.12468 0.806317 0.672616 0.532886 0.0970522
threshold=2.5000000000000004 15.100000000000001 17.700000000000006 61.550000000000004 64.500000000000014 72.250000000000014 50.800000000000004 82.250000000000014 0.90000000000000013 40.500000000000007 1.5000000000000002 56.500000000000007 1.0000000180025095e-35 1.5500000000000003 1.0000000180025095e-35 2.5000000000000004 1.7500000000000002 100.95000000000002
decision_type=2 2 2 2 2 2 2 2 2 2 2 2 2 2 2 2 2 2
left_child=1 -1 -3 6 -5 -6 8 -7 9 -4 11 12 13 16 -14 17 -9 -12
right_child=-2 2 3 4 5 7 -8 10 -10 -11 15 -13 14 -15 -16 -17 -18 -19
leaf_value=0.048729153684712569 -0.031141145600777121 -0.056411159693692293 -0.014477304032633488 -0.076140063323507645 0.053363636642514471 -0.033099631107844731 0.056262695162603717 0.0062992093479719308 -0.031524652572988421 0.043065630342304193 -0.0448703507395656 -0.019620500974463828 0.12682721265720917 -0.049745540104206308 0.020366452156506735 0.020139900844176342 0.078905193593527045 -0.020765892539095929
leaf_weight=3.9350765757262698 2.9342084750533095 2.2074013724923125 4.3388954773545247 2.3156467825174323 3.4834362547844639 6.8507510591298333 3.9301822781562796 2.080885742325334 3.4018638283014289 3.8581266403198242 3.0415490753948689 5.8912520296871671 1.3971216399222612 2.0230842800810933 1.4495281274430454 3.995479947887361 1.9658147785812614 3.7051726151257753
leaf_count=25 16 10 24 9 25 39 25 26 18 26 18 30 33 13 21 32 26 25
internal_value=2.62787e-05 0.00155375 -0.00176501 0.000480081 -0.00501111 -0.000421065 0.0139878 -0.00620353 -0.000336707 0.0126067 0.00100818 0.0107179 0.030763 0.0111341 0.0726169 -0.0123762 0.0415699 -0.0316326
internal_weight=62.8055 59.8713 55.9362 53.7288 38.1997 35.8841 15.5291 32.4006 11.5989 8.19702 25.5499 14.8077 8.91643 6.06978 2.84665 10.7422 4.0467 6.74672
internal_count=441 425 400 390 297 288 93 263 68 50 224 149 119 65 54 75 52 43
is_linear=0
shrinkage=0.1


Tree=68
num_leaves=20
num_cat=0
split_feature=1 14 14 14 14 14 14 14 12 1 3 14 10 14 14 14 13 3 3
split_gain=0.244606 0.761274 0.565073 0.323579 1.04672 0.896087 0.765619 0.514614 0.478849 0.272846 0.806005 2.61737 1.24336 1.21227 0.556881 0.546735 0.635041 0.46988 0.13637
threshold=2.5000000000000004 15.100000000000001 17.700000000000006 61.550000000000004 64.500000000000014 72.250000000000014 50.800000000000004 82.250000000000014 1.0000000180025095e-35 1.5000000000000002 0.40000000000000008 91.100000000000009 56.500000000000007 102.55000000000001 95.250000000000014 107.15000000000002 1.0000000180025095e-35 2.5000000000000004 1.7500000000000002
decision_type=2 2 2 2 2 2 2 2 2 2 2 2 2 2 2 2 2 2 2
left_child=1 -1 -3 6 -5 -6 8 -7 18 10 13 -12 14 -9 -13 16 -11 -16 -4
right_child=-2 2 3 4 5 7 -8 9 -10 15 11 12 -14 -15 17 -17 -18 -19 -20
leaf_value=0.043978362300548884 -0.028284354341555164 -0.051544860702151009 0.0021988763603275822 -0.070731107913355726 0.047575524453451513 -0.030040424041126435 0.05084983270549942 -0.021882359827687367 -0.029573342682344142 0.0021149387768172171 0.085511169124853292 -0.052272154991346992 -0.075959838898092005 0.091577228325937954 -0.019446463568045885 0.014866132668359519 -0.062337113087250109 0.057672213180218881 0.028844318713879841
leaf_weight=3.9247075840830794 2.9089059308171263 2.1759371533989897 4.4032371267676336 2.2471294850110999 3.5147583428770295 6.7965504229068747 3.9145347960293284 1.5250069221947353 3.7703236043453217 2.9977447427809238 2.4738301839679471 1.3082850091159324 3.5881968922913074 2.4620456853881478 1.3696384169161322 4.6046909475699067 3.1195685137063265 1.867116079200059 3.4069017227739096
leaf_count=25 16 10 23 9 25 39 25 19 22 21 23 10 17 29 16 33 21 35 23
internal_value=2.95131e-05 0.00141445 -0.00159301 0.00044358 -0.00453683 -0.000361762 0.0126173 -0.00560854 -0.000306476 0.000950625 0.00984897 -0.00455918 -0.0319553 0.0481801 0.00278528 -0.0111612 -0.0307529 0.0250393 0.013822
internal_weight=62.3791 59.4702 55.5455 53.3696 37.8746 35.6274 15.495 32.1127 11.5805 25.3161 14.5941 10.6071 8.13324 3.98705 4.54504 10.722 6.11731 3.23675 7.81014
internal_count=441 425 400 390 297 288 93 263 68 224 149 101 78 48 61 75 42 51 46
is_linear=0
shrinkage=0.1


Tree=69
num_leaves=17
num_cat=0
split_feature=14 14 14 14 3 14 12 10 14 14 14 0 14 13 12 2
split_gain=0.269555 0.424371 0.282143 0.279667 0.935584 0.42888 1.00729 1.37656 0.790186 0.679413 0.59611 0.41865 0.420349 0.835545 0.506682 0.941962
threshold=15.900000000000002 28.350000000000005 32.650000000000006 55.650000000000006 1.1000000000000003 89.15000000000002 1.0000000180025095e-35 36.000000000000007 94.15000000000002 72.250000000000014 82.250000000000014 1.5000000000000002 107.15000000000002 1.0000000180025095e-35 1.0000000180025095e-35 1.0000000180025095e-35
decision_type=2 2 2 2 2 2 2 2 2 2 2 2 2 2 2 2
left_child=-1 -2 -3 4 -4 6 9 -8 -7 -5 -11 12 13 -10 15 -14
right_child=1 2 3 5 -6 8 7 -9 11 10 -12 -13 14 -15 -16 -17
leaf_value=-0.02031871767918032 0.032438222642570257 -0.030238482924865757 -0.021257506323420876 -0.0022879964535808708 0.051394790355078317 0.05962539777645718 -0.038633015496625275 0.050922818476440417 0.0083037413660127599 -0.075377554733824528 -0.018750341617381858 0.036186289776756746 0.061025497201055517 -0.065289379310860235 -0.029211689152484628 -0.012993085829206228
leaf_weight=5.8963779993355265 4.2755974978208533 2.9751404896378508 3.1464250944554797 5.5564930364489573 4.0591602185741067 2.6255276477895704 2.7350238133221856 4.6082862606272101 3.3466703910380629 3.9143745675683022 3.5403315015137196 2.8661237964406601 3.2702559949830157 2.8621421353891492 2.667843971401453 3.6252164519391954
leaf_count=31 25 15 20 28 29 33 15 35 26 23 23 39 25 26 21 27
internal_value=1.98278e-05 0.00215847 -0.000340879 0.00148097 0.0196701 -0.00166821 -0.0120439 0.0175677 0.00826377 -0.0287561 -0.0484846 0.00102857 -0.00536031 -0.0256213 0.00779374 0.0221111
internal_weight=61.971 56.0746 51.799 48.8239 7.20559 41.6183 20.3545 7.34331 21.2638 13.0112 7.45471 18.6383 15.7721 6.20881 9.56332 6.89547
internal_count=441 410 385 370 49 321 124 50 197 74 46 164 125 52 73 52
is_linear=0
shrinkage=0.1


Tree=70
num_leaves=19
num_cat=0
split_feature=10 10 7 14 7 13 3 14 12 14 10 3 3 1 2 14 13 14
split_gain=0.237466 0.928826 1.04251 0.742765 0.750364 1.02928 0.641708 0.620996 0.556229 0.775813 0.951973 0.641023 0.80142 0.60276 0.743193 0.548697 0.136648 0.0700228
threshold=47.500000000000007 43.000000000000007 1.5500000000000003 24.100000000000005 1.0000000180025095e-35 1.0000000180025095e-35 2.5000000000000004 75.950000000000017 1.0000000180025095e-35 16.750000000000004 34.000000000000007 1.0000000180025095e-35 2.5000000000000004 1.5000000000000002 1.5000000000000002 72.250000000000014 1.0000000180025095e-35 107.15000000000002
decision_type=2 2 2 2 2 2 2 2 2 2 2 2 2 2 2 2 2 2
left_child=1 2 8 -2 6 -6 15 -3 9 -1 -11 -10 -13 14 -12 -5 -8 -17
right_child=3 7 -4 4 5 -7 16 -9 11 10 13 12 -14 -15 -16 17 -18 -19
leaf_value=-0.058147293829025254 -0.04789709244901439 0.094183568887722391 -0.0401106625972164 0.033643714533690278 0.068800679011199101 -0.010427028898285571 -0.047282126767120722 0.015249797684432513 0.078808970571037654 0.060690734238769632 0.047043691242985602 -0.011036018788794 0.062180131785307458 -0.039998098075369859 -0.027964638525874958 -0.020423705775961438 -0.019884163298708533 -0.0019599571947518813
leaf_weight=2.1840283423662266 3.7662540823221233 1.8191616572439659 5.3542536729946724 4.0913690440356794 3.2540614716708651 3.3053906168788671 3.679849460721015 2.2045322633348405 1.9829990342259405 2.555782643146812 2.9008360281586629 4.3687947085127234 2.272767354734242 3.6197467418387532 2.4253644994460046 4.101656109094618 3.6025772951543331 4.1143536791205406
leaf_count=8 17 17 36 24 25 20 21 26 27 26 27 32 28 25 18 25 20 19
internal_value=1.23998e-05 0.00604488 -0.000484449 -0.00637756 -0.000397534 0.0288768 -0.0101998 0.0509367 0.00902545 -0.00350908 0.006866 0.0289157 0.0140188 -0.00851127 0.0128875 0.00372247 -0.0337285 -0.0111776
internal_weight=61.6038 31.6883 27.6646 29.9155 26.1493 6.55945 19.5898 4.02369 22.3103 13.6858 11.5017 8.62456 6.64156 8.94595 5.3262 12.3074 7.28243 8.21601
internal_count=441 270 227 171 154 45 109 43 191 104 96 87 60 70 45 68 41 44
is_linear=0
shrinkage=0.1


Tree=71
num_leaves=18
num_cat=0
split_feature=14 14 3 14 10 10 2 14 14 14 3 1 14 1 10 2 14
split_gain=0.217419 1.11609 0.793842 1.33693 1.07639 1.43136 0.918844 1.14228 0.663359 0.628306 0.390679 2.07228 0.993395 1.40552 1.07743 0.255562 0.0172909
threshold=89.15000000000002 83.300000000000011 0.40000000000000008 19.850000000000005 37.500000000000007 52.500000000000007 1.5000000000000002 66.200000000000017 94.15000000000002 45.150000000000013 1.1000000000000003 1.5000000000000002 100.95000000000002 1.5000000000000002 56.500000000000007 1.0000000180025095e-35 121.90000000000002
decision_type=2 2 2 2 2 2 2 2 2 2 2 2 2 2 2 2 2
left_child=1 2 9 -4 -5 6 7 -6 -2 -1 11 -10 -12 14 16 -11 -14
right_child=8 -3 3 4 5 -7 -8 -9 10 15 12 -13 13 -15 -16 -17 -18
leaf_value=-0.040204405270592436 0.055873845951331186 -0.054873590357421946 0.060811577029238652 0.048939457510101529 0.029894114821553287 0.034312929199896224 -0.072463622699695682 -0.052070419766318335 0.087020595448860497 0.023283927496203845 -0.057880138610324108 -0.029333202059388736 0.0085656841744220676 0.055623410352326187 -0.071242219016520766 -0.017800467811486875 0.024051463672782464
leaf_weight=6.6305760201066715 2.5675514843314913 3.9360388172790399 4.5458265691995647 3.677285015583041 3.4686271324753744 4.7256310507655135 3.6522894352674484 3.3351334407925606 2.7423264775425222 3.2738751815631986 3.0783895710483185 3.4644414139911532 1.2769685955718144 3.679162728600204 2.5849187634885311 2.8166866973042488 1.6561610661447046
leaf_count=33 33 27 30 23 23 29 17 18 34 27 22 22 26 30 13 17 17
internal_value=1.65758e-05 -0.00430702 0.00120238 0.0121311 0.000396957 -0.0113609 -0.0320033 -0.0102841 0.00824519 -0.0189046 0.00162866 0.0220752 -0.00870949 0.00774837 -0.0241723 0.00428373 0.0173096
internal_weight=61.1119 40.062 36.1259 23.4048 18.859 15.1817 10.4561 6.80376 21.0499 12.7211 18.4824 6.20677 12.2756 9.19721 5.51805 6.09056 2.93313
internal_count=441 244 217 140 110 87 58 41 197 77 164 56 108 86 56 44 43
is_linear=0
shrinkage=0.1


Tree=72
num_leaves=20
num_cat=0
split_feature=1 14 14 10 14 14 10 14 7 3 14 14 7 14 14 1 7 3 13
split_gain=0.2321 0.72101 0.444099 0.367309 0.249714 1.17255 0.769827 0.840571 0.715927 1.36163 0.611088 0.787272 0.971961 0.709018 0.652449 0.480741 0.343631 0.484938 0.866636
threshold=2.5000000000000004 15.100000000000001 17.700000000000006 75.000000000000014 61.550000000000004 65.40000000000002 37.500000000000007 83.950000000000017 1.5500000000000003 2.5000000000000004 88.000000000000014 112.50000000000001 0.65000000000000013 80.550000000000011 95.250000000000014 1.0000000180025095e-35 0.90000000000000013 1.0000000180025095e-35 1.0000000180025095e-35
decision_type=2 2 2 2 2 2 2 2 2 2 2 2 2 2 2 2 2 2 2
left_child=1 -1 -3 4 16 -6 7 -7 9 -9 13 12 14 -8 -12 -13 17 -4 -19
right_child=-2 2 3 -5 5 6 10 8 -10 -11 11 15 -14 -15 -16 -17 -18 18 -20
leaf_value=0.04328866611986347 -0.027951255017927223 -0.046791592951471832 0.049173770973252852 0.03461693432955365 -0.069374251813815305 0.073732251784278238 -0.0027377615642051063 0.1145451317722571 -0.071083365536161652 -0.034421778521290282 -0.035791122459128674 -0.041664571954468071 0.081715938373111863 -0.056722952126502538 0.034066437828679554 0.0064307143081633661 -0.016589955715203532 0.036859978024689308 -0.033171733193767559
leaf_weight=3.8321190457791081 2.8310296908020964 2.0903608277440062 3.4678898677229864 2.9292654246091834 2.726593028753995 2.6133219301700619 5.1217502532526868 1.0530185792595155 1.0331832030788062 1.470389040187001 2.3731937562115517 4.2153675672598165 2.250195125117898 4.6338863857090473 3.0619409042410553 4.0994093008339405 3.7843756452202788 3.7134592682123184 3.3712430354207754
leaf_count=25 16 10 26 16 12 19 35 33 12 24 19 27 25 26 28 25 22 23 18
internal_value=5.6556e-06 0.00137401 -0.00159999 0.000219536 -0.00183723 -0.00642956 -0.00105381 0.0306728 -0.000966485 0.0277421 -0.00865408 0.00337358 0.0264461 -0.0283805 0.00356388 -0.0179523 0.00926239 0.0185336 0.00353551
internal_weight=60.672 57.841 54.0088 51.9185 48.9892 34.6522 31.9257 6.16991 3.55659 2.52341 25.7557 16.0001 7.68533 9.75564 5.43513 8.31478 14.337 10.5526 7.0847
internal_count=441 425 400 390 374 285 273 88 69 57 185 124 72 61 47 52 89 67 41
is_linear=0
shrinkage=0.1


Tree=73
num_leaves=19
num_cat=0
split_feature=14 14 14 0 14 14 14 14 11 14 14 2 3 3 14 14 13 14
split_gain=0.216583 0.401279 0.290248 0.162525 1.08458 0.788744 0.572796 0.966168 0.519933 0.53425 1.20956 0.841478 1.50537 0.405161 0.919412 0.274448 0.228611 0.127595
threshold=15.900000000000002 28.350000000000005 32.650000000000006 1.5000000000000002 49.550000000000004 93.65000000000002 58.850000000000001 67.200000000000017 1.0000000180025095e-35 147.85000000000002 117.10000000000001 1.5000000000000002 1.1000000000000003 1.7500000000000002 100.95000000000002 121.90000000000002 1.0000000180025095e-35 66.200000000000017
decision_type=2 2 2 2 2 2 2 2 2 2 2 2 2 2 2 2 2 2
left_child=-1 -2 -3 4 -4 16 -6 -8 -9 10 11 13 -13 -10 -15 -7 17 -5
right_child=1 2 3 5 6 15 7 8 9 -11 -12 12 -14 14 -16 -17 -18 -19
leaf_value=-0.018532107663870534 0.031646033034929077 -0.031003378913683349 0.073134211738854565 -0.023171006767888046 -0.044269152235452913 0.069881639153279093 0.063427905895607248 -0.032116456027421726 0.015032715834180308 -0.036678700001083225 0.078012375124906427 -0.026120413307162044 0.086183715828721683 -0.047248916181423684 0.021026590887003763 0.0082824401811718452 -0.040419062512243718 0.0055353301451181881
leaf_weight=5.7035468555986872 4.1995216086506835 2.9427039176225653 2.1853758227080098 3.2456567212939245 2.64273478090763 1.3892229609191411 2.5291313249617842 4.5299607971683207 3.8566389679908815 2.7044800221920005 2.3528181277215472 2.1223833954427382 2.7274106168188155 5.7590736001729947 2.9996292507275939 1.5088624665513632 3.880567129701376 2.9609309574589133
leaf_count=31 25 15 20 17 16 22 16 32 29 14 24 22 31 39 24 18 22 24
internal_value=9.22446e-06 0.0019483 -0.000529302 0.00136281 0.00496012 -0.00816974 0.000336712 0.00432168 -0.00120417 0.00501326 0.0107028 0.00163518 0.0370368 -0.0119745 -0.0238663 0.0378106 -0.0213801 -0.00947629
internal_weight=60.2406 54.5371 50.3376 47.3949 34.4096 12.9852 32.2243 29.5815 27.0524 22.5224 19.818 17.4651 4.84979 12.6153 8.7587 2.89809 10.0872 6.20659
internal_count=441 410 385 370 267 103 247 231 215 183 169 145 53 92 63 40 63 41
is_linear=0
shrinkage=0.1


Tree=74
num_leaves=18
num_cat=0
split_feature=10 10 7 14 14 13 7 3 7 14 3 3 14 12 1 3 3
split_gain=0.258208 0.905257 0.765256 0.529949 0.474181 0.452939 1.25284 0.706927 0.450376 0.476386 0.450693 0.925085 0.760247 0.569733 0.444091 0.377244 0.31365
threshold=47.500000000000007 43.000000000000007 1.5500000000000003 30.100000000000005 75.950000000000017 1.0000000180025095e-35 1.0000000180025095e-35 1.7500000000000002 0.28750000000000003 22.150000000000002 1.0000000180025095e-35 1.7500000000000002 94.850000000000009 1.0000000180025095e-35 1.5000000000000002 2.5000000000000004 2.5000000000000004
decision_type=2 2 2 2 2 2 2 2 2 2 2 2 2 2 2 2 2
left_child=1 2 8 -2 -3 6 7 -5 9 -1 13 -12 15 -11 16 -13 -7
right_child=3 4 -4 5 -6 14 -8 -9 -10 10 11 12 -14 -15 -16 -17 -18
leaf_value=0.046684908531246253 -0.037348594010861942 0.090333227848063774 -0.034536846993417879 0.021523692685775937 0.020183049403668718 -0.0087713926328185868 0.068518746174916628 -0.035019397233686154 0.039521698595757992 -0.0064073459697203093 -0.051020045229446635 0.0021167316958939689 -0.040986673092305498 0.067582829428160504 0.010246452645948194 0.05877321056038453 -0.048382019057983595
leaf_weight=2.0612091794610157 4.7289674654603031 1.7379670003429049 5.2049128003418437 4.5744026117026788 2.1625617216341197 4.0563906133174896 3.0486697629094133 4.2799405492842197 3.7828118149191132 2.6312450491823247 4.3699075253680331 2.3500050697475672 2.1808357764966786 1.7216177713125942 4.7754460535943508 2.350913948379457 3.9414166267961264
leaf_count=14 22 17 36 31 26 21 24 25 33 29 22 16 28 25 26 24 22
internal_value=6.96036e-06 0.00644472 -0.000139991 -0.0066823 0.05144 -0.000805405 0.0132293 -0.00580765 0.00820708 0.0015016 -0.00446668 -0.0150372 0.00781194 0.0228568 -0.0138839 0.0304504 -0.028292
internal_weight=59.9592 30.554 26.6535 29.4052 3.90053 24.6763 11.903 8.85434 21.4485 17.6657 15.6045 11.2517 6.88175 4.35286 12.7733 4.70092 7.99781
internal_count=441 270 227 171 43 149 80 56 191 158 144 90 68 54 69 40 43
is_linear=0
shrinkage=0.1


Tree=75
num_leaves=19
num_cat=0
split_feature=1 14 10 14 13 3 1 0 3 10 10 7 3 14 14 10 14 14
split_gain=0.221294 0.622602 0.29841 0.369899 0.255893 1.69655 1.16317 0.567113 0.498434 1.72789 0.429142 0.829619 0.852363 1.22735 0.397382 0.281543 0.0499772 0.0438242
threshold=2.5000000000000004 15.100000000000001 75.000000000000014 17.700000000000006 1.0000000180025095e-35 2.5000000000000004 1.5000000000000002 1.5000000000000002 1.0000000180025095e-35 47.500000000000007 56.500000000000007 0.90000000000000013 1.0000000180025095e-35 62.900000000000006 88.300000000000011 40.500000000000007 70.90000000000002 83.300000000000011
decision_type=2 2 2 2 2 2 2 2 2 2 2 2 2 2 2 2 2 2
left_child=1 -1 3 -3 10 8 7 -7 9 -6 11 12 16 -14 -15 -10 -5 -13
right_child=-2 2 -4 4 5 6 -8 -9 15 -11 -12 17 13 14 -16 -17 -18 -19
leaf_value=0.040592181658942232 -0.027424424264985377 -0.045030304689040145 0.02941818762005409 0.040998318320145603 0.06054645469078393 0.055538420833563834 0.1119519397903057 -0.019820956973271665 -0.052390988801169137 -0.033084123463385393 -0.032943540723241731 -0.04173657748246154 0.049947665458368665 -0.043751934115077773 -0.0012649988275380388 -0.010638653496655201 0.06545660550774432 -0.024847878775788659
leaf_weight=3.7765077762305728 2.8021136820316306 2.0337958112359038 2.959937945008277 1.4667190983891552 3.313583974028008 2.1035730508156112 2.0792831014841795 1.9010951668024061 3.3553459504619232 4.8643662557005882 5.4548223018646231 2.8207265958189955 3.3452666699886313 4.1411173082888109 4.6997372433543205 3.1138210222125053 1.9411115553230045 3.3746414966881275
leaf_count=25 16 10 16 12 37 30 23 16 24 23 34 15 22 24 39 18 32 25
internal_value=8.7068e-06 0.00136337 -0.00143352 -0.00325957 -0.0014888 0.00688354 0.0512705 0.0197638 -0.0115534 0.0048536 -0.00785962 -0.00158001 0.0107191 -0.00164439 -0.0211662 -0.0322942 0.0549298 -0.0325372
internal_weight=59.5476 56.7455 52.9689 50.009 47.9752 20.7311 6.08395 4.00467 14.6471 8.17795 27.2441 21.7893 15.594 12.1861 8.84085 6.46917 3.40783 6.19537
internal_count=441 425 400 384 374 171 69 46 102 60 203 169 129 85 63 42 44 40
is_linear=0
shrinkage=0.1


Tree=76
num_leaves=18
num_cat=0
split_feature=14 14 14 14 14 1 14 3 0 14 7 11 14 13 7 12 14
split_gain=0.23589 0.386722 0.247786 0.158661 0.301496 0.970663 0.500903 0.664437 0.347866 0.777205 0.828122 0.581505 0.910496 1.89556 0.282369 0.408575 0.098625
threshold=15.900000000000002 28.350000000000005 32.650000000000006 136.00000000000003 112.50000000000001 1.5000000000000002 100.95000000000002 2.5000000000000004 1.5000000000000002 49.550000000000004 0.45000000000000007 1.0000000180025095e-35 65.40000000000002 1.0000000180025095e-35 0.90000000000000013 1.0000000180025095e-35 80.550000000000011
decision_type=2 2 2 2 2 2 2 2 2 2 2 2 2 2 2 2 2
left_child=-1 -2 -3 4 6 -6 8 -8 9 -4 11 -11 -13 16 15 -10 -14
right_child=1 2 3 -5 5 -7 7 -9 14 10 -12 12 13 -15 -16 -17 -18
leaf_value=-0.019520295620280799 0.031431630865060144 -0.028916935038725573 0.063904615171768958 0.021398716986314723 -0.058615401166355635 0.021798340340600322 0.077242073479871373 -0.00013936043575038035 0.010903656323612053 -0.050254893967956654 0.032697474034824203 -0.049604659284352065 -0.0022868017609448169 0.08734249747623743 -0.043030147489250922 -0.036292025098850413 -0.029791895659296692
leaf_weight=5.5963631346821776 4.1355068385601035 2.8704656660556784 2.0948447408154633 3.6407701622229061 3.2151706246659151 2.8156713764183223 2.0014168825000516 2.490343832410872 5.0370261892676336 3.2394146025180861 5.4958990626037112 2.9185093436390126 2.28349469602108 2.5164090916514397 2.8410224989056587 2.8848315943032503 3.0381114976480603
leaf_count=31 25 15 20 31 24 23 23 31 35 19 38 17 17 29 19 20 24
internal_value=1.43348e-05 0.00205703 -0.000402881 0.00135681 -0.000345175 -0.0210719 0.00304775 0.0343399 -0.00129719 0.00602504 -0.000195447 -0.0131118 -0.00192583 0.0158275 -0.0159831 -0.00628317 -0.0179895
internal_weight=59.1153 53.5189 49.3834 46.5129 42.8722 6.03084 36.8413 4.49176 32.3496 21.5867 19.4918 13.9959 10.7565 7.83802 10.7629 7.92186 5.32161
internal_count=441 410 385 370 339 47 292 54 238 164 144 106 87 70 74 55 41
is_linear=0
shrinkage=0.1


Tree=77
num_leaves=18
num_cat=0
split_feature=10 10 7 13 14 13 7 3 12 14 10 1 2 3 14 3 1
split_gain=0.212289 0.727906 0.561654 0.446108 0.445141 0.445574 1.01059 0.528078 0.421723 0.673403 0.634147 0.474409 0.593503 0.395941 0.524411 0.285295 0.703397
threshold=47.500000000000007 43.000000000000007 1.5500000000000003 1.0000000180025095e-35 30.100000000000005 1.0000000180025095e-35 1.0000000180025095e-35 1.7500000000000002 1.0000000180025095e-35 16.750000000000004 34.000000000000007 1.5000000000000002 1.5000000000000002 1.0000000180025095e-35 93.350000000000009 2.5000000000000004 1.0000000180025095e-35
decision_type=2 2 2 2 2 2 2 2 2 2 2 2 2 2 2 2 2
left_child=1 2 8 -3 -2 6 7 -6 9 -1 -11 12 -12 -7 -15 16 -10
right_child=4 3 -4 -5 5 13 -8 -9 15 10 11 -13 -14 14 -16 -17 -18
leaf_value=-0.05544828511229849 -0.034416011073200949 0.0097008429721923192 -0.029770414178786776 0.078801632225771773 0.019608607813662304 -0.035854910381283821 0.063064696141375221 -0.029907755882547651 -0.014960660735848367 0.052129781396105891 0.043715274394785328 -0.035774079551355531 -0.025015977771404387 0.026767461322979066 -0.025573713498031603 0.055882765991939115 0.055358868732029776
leaf_weight=2.1247167140245518 4.6564092636108425 1.728516039438545 5.0996142560616127 2.033262757351622 4.5115338768810016 4.9187067113816738 3.0338339507579812 4.1212164834141731 3.4947388379368931 2.3464306467212728 2.780883548082782 3.3622994772158563 2.2917271954938769 3.8150515295565128 3.8417972903698683 2.1970629361458123 2.3989471541717649
leaf_count=8 22 16 36 27 31 23 24 25 33 26 27 25 18 22 24 28 26
internal_value=1.23412e-05 0.00592579 -2.26605e-06 0.0470502 -0.00609748 -0.000658077 0.0134175 -0.00403017 0.00722769 -0.00399339 0.00614701 -0.00664451 0.0126636 -0.0137163 0.000505459 0.0251271 0.013662
internal_weight=58.7567 29.8582 26.0964 3.76178 28.8985 24.2421 11.6666 8.63275 20.9968 12.9061 10.7813 8.43491 5.07261 12.5756 7.65685 8.09075 5.89369
internal_count=441 270 227 43 171 149 80 56 191 104 96 70 45 69 46 87 59
is_linear=0
shrinkage=0.1


Tree=78
num_leaves=17
num_cat=0
split_feature=14 14 3 14 10 10 2 14 14 1 10 0 14 13 12 2
split_gain=0.208263 0.78459 0.724015 1.13504 0.824191 1.12017 0.77304 1.79381 0.682219 0.58553 0.456263 0.391327 0.361176 0.669294 0.463827 0.660849
threshold=89.15000000000002 83.300000000000011 0.40000000000000008 19.850000000000005 37.500000000000007 52.500000000000007 1.5000000000000002 69.850000000000009 94.15000000000002 1.5000000000000002 37.500000000000007 1.5000000000000002 107.15000000000002 1.0000000180025095e-35 1.0000000180025095e-35 1.0000000180025095e-35
decision_type=2 2 2 2 2 2 2 2 2 2 2 2 2 2 2 2
left_child=1 2 9 -4 -5 6 7 -6 -2 10 -1 12 13 -10 15 -14
right_child=8 -3 3 4 5 -7 -8 -9 11 -11 -12 -13 14 -15 -16 -17
leaf_value=-0.033524056332676376 0.057619493546090285 -0.04830422238493607 0.056966716345119489 0.044213838725794312 0.040324596989481577 0.030149552678064823 -0.067310362112658562 -0.064629952617338449 0.0067310524248214605 -0.050004333925519173 0.01541531330223872 0.036250557265898001 0.054333388310151456 -0.061704038208654971 -0.029060135446682525 -0.0088440891839668655
leaf_weight=3.1153083592653257 2.4572114658076343 3.6664950698614112 4.3326720409095314 3.4173733294010189 3.4702655943110567 4.6663052402436724 3.4720825105905533 3.0682292804121971 3.1204299982637194 4.1136090448126188 4.9035352412611246 2.7218948446679851 3.1606097547337395 2.6365910209715366 2.5330141833983362 3.4772352573927492
leaf_count=16 33 27 30 23 24 29 17 17 26 26 35 39 25 26 21 27
internal_value=1.38838e-05 -0.00431967 0.000346771 0.0109926 -1.5882e-05 -0.0103144 -0.0291761 -0.00892598 0.0082525 -0.0193322 -0.00359756 0.0013796 -0.00497864 -0.0246107 0.00734543 0.0212379
internal_weight=58.3329 38.2259 34.5594 22.4269 18.0943 14.6769 10.0106 6.53849 20.107 12.1325 8.01884 17.6498 14.9279 5.75702 9.17086 6.63785
internal_count=441 244 217 140 110 87 58 41 197 77 51 164 125 52 73 52
is_linear=0
shrinkage=0.1


Tree=79
num_leaves=19
num_cat=0
split_feature=1 14 10 14 13 3 10 14 14 1 10 7 3 14 14 14 14 14
split_gain=0.219233 0.558282 0.254612 0.303924 0.215501 1.19156 1.08887 0.613034 0.789753 1.38855 0.406239 0.643815 0.746366 0.960331 0.278343 0.154815 0.123373 0.0060395
threshold=2.5000000000000004 15.100000000000001 75.000000000000014 17.700000000000006 1.0000000180025095e-35 2.5000000000000004 47.500000000000007 38.250000000000007 78.15000000000002 1.5000000000000002 56.500000000000007 0.90000000000000013 1.0000000180025095e-35 62.900000000000006 88.300000000000011 81.600000000000009 82.550000000000011 78.15000000000002
decision_type=2 2 2 2 2 2 2 2 2 2 2 2 2 2 2 2 2 2
left_child=1 -1 3 -3 10 7 15 -6 -9 -10 11 12 17 -14 -15 -7 -13 -5
right_child=-2 2 -4 4 5 6 -8 8 9 -11 -12 16 13 14 -16 -17 -18 -19
leaf_value=0.038948036533250435 -0.027654886811479224 -0.041663076849515174 0.027208873573597987 0.047607727693396371 0.038387609077399458 0.13456647084365592 0.012714460405934406 -0.043859752411256808 0.060122810880279667 -0.036097325208353369 -0.032120722319926312 -0.045040140094315506 0.044496579610043656 -0.038671161385582881 -0.0026530181841323552 0.079098628712628002 -0.016226725504315639 0.056212006204898295
leaf_weight=3.6896307840943328 2.7309614568948737 1.9561710506677616 2.9500182047486296 1.5519183035939996 2.2802889980375793 0.88868488371372167 3.8001559730619192 6.0021586436778289 2.7331752588506788 3.3235321650281549 5.3002587072551242 2.629807472229003 3.2536107264459124 3.97920363396406 4.6560442820191383 1.1600017789751289 3.4167868779040873 1.7198097999207673
leaf_count=25 16 10 16 16 14 9 26 32 33 23 34 14 22 24 39 34 26 28
internal_value=3.48848e-06 0.0013696 -0.00131734 -0.00304705 -0.00142934 0.00635506 0.0443949 -0.00916112 -0.0181524 0.00732338 -0.00735791 -0.00116901 0.00983463 -0.00180492 -0.0192505 0.10316 -0.0287584 0.0521306
internal_weight=58.0222 55.2913 51.6016 48.6516 46.6954 20.188 5.84884 14.3392 12.0589 6.05671 26.5074 21.2072 15.1606 11.8889 8.63525 2.04869 6.04659 3.27173
internal_count=441 425 400 384 374 171 69 102 88 56 203 169 129 85 63 43 40 44
is_linear=0
shrinkage=0.1


Tree=80
num_leaves=18
num_cat=0
split_feature=14 14 10 7 2 10 14 14 14 14 1 14 11 3 14 14 14
split_gain=0.208942 0.328098 0.251048 0.638712 0.858682 0.786947 1.02724 0.324343 0.96167 1.6531 0.998265 0.756773 0.440644 0.938106 1.19411 0.271415 0.0713743
threshold=15.900000000000002 28.350000000000005 69.500000000000014 0.28750000000000003 1.5000000000000002 40.500000000000007 90.850000000000009 98.050000000000011 132.25000000000003 114.25000000000001 1.5000000000000002 91.100000000000009 1.0000000180025095e-35 1.0000000180025095e-35 65.40000000000002 62.900000000000006 78.15000000000002
decision_type=2 2 2 2 2 2 2 2 2 2 2 2 2 2 2 2 2
left_child=-1 -2 3 7 5 6 -5 11 9 10 -9 12 -3 15 -15 -14 -16
right_child=1 2 -4 4 -6 -7 -8 8 -10 -11 -12 -13 13 14 16 -17 -18
leaf_value=-0.018679510083684132 0.029239403573450021 -0.033704939202439103 -0.024421252262351922 -0.055288428057852668 0.076917532384568069 0.043098013858551221 0.030776144996576105 0.057583457573334274 -0.028306164008401993 0.12352270289860545 -0.039190399288350775 -0.058827036014864879 0.066562097982581683 -0.046788694949596324 0.033086248685453901 0.018351265995571551 0.0097641214001667493
leaf_weight=5.4199766535311928 4.0624928250908843 4.1693721241317734 3.9762296490371218 3.0019649937748891 2.277901178225874 3.8828676734119654 2.5776075921021402 1.9075611722655574 3.9734810150694102 1.5624378360807893 2.4159485772252083 2.9974752152338615 2.1262453086674222 5.3570962008088809 2.3577079810202122 2.5903739181812853 2.959205262362957
leaf_count=31 25 24 25 18 26 31 28 30 25 24 19 23 18 28 18 24 24
internal_value=8.41566e-06 0.00194895 -0.000354379 0.00181277 0.0217974 0.00852833 -0.015529 -0.00542502 0.00970487 0.0353653 0.00350687 -0.012038 -0.0048678 0.00294427 -0.0134673 0.0400846 0.020106
internal_weight=57.6159 52.196 48.1335 44.1572 11.7403 9.46244 5.57957 32.4169 9.85943 5.88595 4.32351 22.5575 19.56 15.3906 10.674 4.71662 5.31691
internal_count=441 410 385 360 103 77 46 257 98 73 49 159 136 112 70 42 42
is_linear=0
shrinkage=0.1


Tree=81
num_leaves=19
num_cat=0
split_feature=7 10 14 3 14 2 10 14 12 14 14 14 14 3 14 13 3 14
split_gain=0.231753 0.881636 0.832982 0.622005 0.460635 0.748354 1.50388 0.736942 1.30202 0.723736 1.47286 0.730805 0.701024 0.93522 0.421828 0.692261 0.285714 0.0281769
threshold=0.90000000000000013 60.500000000000007 54.100000000000009 1.7500000000000002 55.650000000000006 1.5000000000000002 43.000000000000007 15.900000000000002 1.0000000180025095e-35 64.500000000000014 80.550000000000011 114.25000000000001 104.30000000000003 2.5000000000000004 83.300000000000011 1.0000000180025095e-35 0.40000000000000008 30.650000000000002
decision_type=2 2 2 2 2 2 2 2 2 2 2 2 2 2 2 2 2 2
left_child=1 4 -2 -4 7 9 16 -1 17 -6 -11 12 13 -12 -5 -16 -7 -9
right_child=2 -3 3 14 5 6 -8 8 -10 10 11 -13 -14 -15 15 -17 -18 -19
leaf_value=-0.023985418521694321 -0.041044136107232544 0.056917833452947611 0.04698792074514857 0.026140340418348496 -0.039569621033303963 -0.016644213989089857 -0.080154050437007712 0.064956825175864388 -0.0237360120944363 0.072892975030487014 0.04245657965802347 0.032546039483604294 -0.065561887416442852 -0.035389067681495988 0.010831636719313233 -0.062928788055887142 0.040928515237312765 0.051123772231893676
leaf_weight=3.3326772768050423 5.658537119626998 2.922358524054288 2.7943080049008113 2.4164384230971336 3.3311873730272117 1.7308111027814441 3.6361438888125122 3.0171315893530828 2.8900803104043007 3.1500108614563933 2.6953033856116217 3.8783044542651615 2.4059961484745145 3.6107042324729264 2.6498827231116593 2.44772555725649 1.7171675935387609 2.8762535769492388
leaf_count=21 29 22 24 16 17 21 22 20 20 29 31 36 14 29 22 25 21 22
internal_value=1.1731e-05 0.00397593 -0.0102158 0.00670674 -6.66131e-05 -0.00753348 -0.0352872 0.0160524 0.0312438 0.00277564 0.0117373 -0.0035634 -0.0196382 -0.00211641 -0.00827295 -0.024586 0.0120282 0.0582056
internal_weight=57.161 41.1941 15.9669 10.3084 38.2718 26.1556 7.08412 12.1161 8.78347 19.0715 15.7403 12.5903 8.712 6.30601 7.51405 5.09761 3.44798 5.89339
internal_count=441 325 116 87 303 220 64 83 62 156 139 110 74 60 63 47 42 42
is_linear=0
shrinkage=0.1


Tree=82
num_leaves=19
num_cat=0
split_feature=12 14 14 14 14 10 10 14 14 14 14 7 10 1 14 14 14 1
split_gain=0.204882 1.30915 0.790897 1.13943 0.786861 0.664149 0.874609 0.459385 1.21226 1.30459 1.88054 1.12779 0.59848 0.771045 0.480051 0.422435 0.304389 0.186311
threshold=1.0000000180025095e-35 24.100000000000005 52.900000000000006 106.65000000000002 15.900000000000002 36.000000000000007 47.500000000000007 55.650000000000006 63.500000000000007 72.250000000000014 82.250000000000014 0.45000000000000007 40.500000000000007 1.0000000180025095e-35 88.000000000000014 111.55000000000003 116.70000000000002 1.0000000180025095e-35
decision_type=2 2 2 2 2 2 2 2 2 2 2 2 2 2 2 2 2 2
left_child=4 -2 -3 5 -1 -4 -7 11 -9 -10 -11 -6 13 16 -14 17 -12 -16
right_child=1 2 3 -5 7 6 -8 8 9 10 12 -13 14 -15 15 -17 -18 -19
leaf_value=-0.042956869471342779 0.10363645190478139 -0.042921099787059894 -0.00789651443316817 -0.04053722449683541 0.048367156456005811 0.086340253805182787 0.013924609936557052 -0.06932528965675562 0.072260859233886102 -0.073155435082219597 0.033441624832498539 -0.025170273704935464 -0.046666543432353498 0.084437410303194849 0.045653885360318086 -0.015744054810588038 -0.031014284399741798 0.0065289868039643184
leaf_weight=4.5905805304646483 1.3475773315876747 3.2691241167485741 3.369167570024727 3.1483154871966681 5.5433687819167954 3.0298839467577636 3.7100309785455465 2.6799925528466728 2.3546307012438801 3.4935750104486969 1.6110275734681665 3.343303095549345 2.2180264554917803 2.0078892968595028 2.3924698587506992 4.9446989633142948 1.3437863448634741 2.47748863697052
leaf_count=21 14 20 34 31 39 37 23 12 16 23 31 20 13 23 26 31 12 15
internal_value=-5.08346e-06 0.00886068 0.00113264 0.0119958 -0.00406827 0.0283564 0.0464786 0.00111976 -0.00569803 0.00176668 -0.00633465 0.0207012 0.00740104 0.0366211 -0.00465035 0.00484494 0.00412845 0.0257499
internal_weight=56.8749 17.8741 16.5265 13.2574 39.0008 10.1091 6.73991 34.4103 25.5236 22.8436 20.489 8.88667 16.9954 4.9627 12.0327 9.81466 2.95481 4.86996
internal_count=441 159 145 125 282 94 60 261 202 190 174 59 151 66 85 72 43 41
is_linear=0
shrinkage=0.1


Tree=83
num_leaves=17
num_cat=0
split_feature=7 7 14 14 14 14 14 14 14 14 14 14 14 11 3 14
split_gain=0.168613 0.859586 0.62542 0.504067 1.16059 0.914532 0.416397 0.431653 0.940458 0.80815 0.78105 1.2035 0.898465 0.531255 1.14673 0.319749
threshold=0.90000000000000013 1.0000000180025095e-35 54.100000000000009 83.300000000000011 90.250000000000014 114.25000000000001 22.150000000000002 82.250000000000014 91.100000000000009 98.050000000000011 132.25000000000003 114.25000000000001 105.35000000000001 1.0000000180025095e-35 1.0000000180025095e-35 65.40000000000002
decision_type=2 2 2 2 2 2 2 2 2 2 2 2 2 2 2 2
left_child=1 6 -2 -4 -5 -6 -1 13 -9 -10 11 12 -11 -8 -15 -16
right_child=2 -3 3 4 5 -7 7 8 9 10 -12 -13 -14 14 15 -17
leaf_value=0.031005526084810442 -0.035751987586641547 0.05698687408154253 0.039752415215635759 -0.073744754165433024 0.056045116706082823 -0.028961747814199579 -0.046235897505615936 0.063163930521458272 -0.051894738330318657 0.052597334280804743 -0.025688342114327047 0.095784963086435596 -0.035711552689197422 0.03881401866802249 -0.038856454626774839 -0.0026287833402200431
leaf_weight=3.7655692566186181 5.5631716176867476 2.7874013038817784 3.0770772695541364 1.9777629598975179 2.7225644937716424 2.3649151949211955 4.0960045419633397 2.5891643152572206 2.6698565017431966 2.0454184857662749 3.9314269358292222 1.9840047140605745 2.6379782543517649 4.1553784660063693 5.8153616273775679 4.1928274817764759
leaf_count=27 29 25 22 11 36 18 20 32 21 30 25 28 20 36 33 28
internal_value=-7.06104e-06 0.00339142 -0.00880765 0.00597161 -0.00874072 0.0165297 -0.000552092 -0.00403513 0.00803473 -0.00272282 0.00966364 0.0305089 0.00285632 -0.0145174 -0.00534466 -0.0236792
internal_weight=56.3759 40.6704 15.7055 10.1423 7.06524 5.08748 37.883 34.1174 15.8578 13.2687 10.5988 6.6674 4.6834 18.2596 14.1636 10.0082
internal_count=441 325 116 87 65 54 300 273 156 124 103 78 50 117 97 61
is_linear=0
shrinkage=0.1


Tree=84
num_leaves=20
num_cat=0
split_feature=1 14 14 10 3 13 1 1 14 14 14 2 7 10 13 14 0 12 14
split_gain=0.215184 0.583676 0.267211 0.348578 0.245488 1.05637 1.00309 0.718558 0.582172 0.52203 1.09641 0.608912 0.929136 0.569376 1.39414 0.86277 0.328263 0.318513 0.152854
threshold=2.5000000000000004 15.100000000000001 24.100000000000005 75.000000000000014 2.5000000000000004 1.0000000180025095e-35 1.5000000000000002 1.5000000000000002 83.300000000000011 36.900000000000013 45.150000000000013 1.5000000000000002 1.5500000000000003 56.500000000000007 1.0000000180025095e-35 76.40000000000002 1.5000000000000002 1.0000000180025095e-35 65.40000000000002
decision_type=2 2 2 2 2 2 2 2 2 2 2 2 2 2 2 2 2 2 2
left_child=1 -1 -3 4 9 7 16 8 -6 -4 -11 12 13 14 15 -12 -7 -13 -16
right_child=-2 2 3 -5 5 6 -8 -9 -10 10 11 17 -14 -15 18 -17 -18 -19 -20
leaf_value=0.040070237423585446 -0.028009544621447502 -0.026187752712803158 0.035746336570912085 0.035548164981292422 0.040775692092221705 0.042246786479787961 0.10380871987520857 -0.044153101699596964 -0.017767087696259391 -0.077222902939914448 0.020313610587584362 -0.051844979750115733 -0.049752606326428438 -0.018036692965724941 -0.028682043613739494 0.10921922172893848 -0.01672148881967056 -0.0040921189874482703 0.0065856959909469355
leaf_weight=3.6304312124848357 2.6168195009231559 4.0181695446372023 2.537138823419812 2.7021764293313018 3.1742398925125617 1.9574763292912387 1.841530288569629 3.9466399773955345 3.6540987794287503 2.3246598541736629 1.9607601589523271 3.4815586439799509 2.5873262006789437 3.6408612988889208 1.9234567508101461 2.4622275864239782 1.8233941113576291 2.3326135715469718 3.4033313335385174
leaf_count=25 16 22 19 15 23 30 23 25 31 11 15 33 14 19 11 35 16 23 35
internal_value=-1.13258e-05 0.00136065 -0.0014629 0.000708494 -0.00147827 0.00814928 0.0432865 -0.0101854 0.00944727 -0.00740109 -0.0119403 -0.00497632 0.00510716 0.0157071 0.0283081 0.0698064 0.0138083 -0.0326868 -0.00614918
internal_weight=56.0189 53.4021 49.7717 45.7535 43.0513 16.3974 5.6224 10.775 6.82834 26.6539 24.1168 21.7921 15.978 13.3906 9.74978 4.42299 3.78087 5.81417 5.32679
internal_count=441 425 400 378 363 148 69 79 54 215 196 185 129 115 96 50 46 56 46
is_linear=0
shrinkage=0.1


Tree=85
num_leaves=20
num_cat=0
split_feature=10 3 13 1 0 2 14 14 14 2 1 10 10 7 14 14 12 14 13
split_gain=0.19883 0.587924 1.26005 0.632961 0.519041 1.23134 0.453981 0.457909 0.980935 0.581275 0.539558 1.32601 0.907964 0.287194 0.68485 0.660298 0.264349 0.212117 0.109103
threshold=69.500000000000014 2.5000000000000004 1.0000000180025095e-35 1.5000000000000002 1.5000000000000002 1.5000000000000002 12.850000000000003 36.900000000000013 45.150000000000013 1.5000000000000002 1.5000000000000002 56.500000000000007 36.000000000000007 1.0000000180025095e-35 65.40000000000002 100.95000000000002 1.0000000180025095e-35 81.850000000000009 1.0000000180025095e-35
decision_type=2 2 2 2 2 2 2 2 2 2 2 2 2 2 2 2 2 2 2
left_child=1 6 4 17 5 -3 -1 18 -9 10 11 12 -10 14 -12 -16 -11 -4 -8
right_child=-2 2 3 -5 -6 -7 7 8 9 16 13 -13 -14 -15 15 -17 -18 -19 -20
leaf_value=-0.046638037961750839 -0.019550673533658719 -0.040005161663789479 0.060021252642684188 0.10352681576244745 0.035402462473016164 0.034739564160245782 0.035739298284885729 -0.071328407310934622 0.0080315298087003766 -0.047305699684374758 -0.043493582887930399 -0.027393099316573577 0.10054393957561956 -0.032022994627032619 0.068442661927579404 -0.010417261809882597 -0.0036840947774298785 0.0088461078742987954 0.0086875372682895056
leaf_weight=2.540826676413416 4.7576523907482615 5.9342211484909075 1.4407683704048388 1.91801340598613 3.0169739308767012 3.5063177905976772 2.9826100058853653 2.2681479863822487 1.8145362008363068 3.4365524174645534 2.0281996652483922 2.6640661284327507 2.5542572268750519 3.3219779431819916 2.0259677399881184 2.2309507061727345 2.3319008741527796 1.8498928183689711 2.9809375368058681
leaf_count=14 29 36 12 24 29 23 22 11 19 33 10 13 34 18 21 19 23 32 19
internal_value=-1.79516e-06 0.00182735 0.0165641 0.0578663 -0.000705054 -0.0122442 -0.00601876 -0.00265042 -0.00866014 -0.00231694 0.00716591 0.0282121 0.0621198 -0.0082409 0.00432904 0.027114 -0.0296716 0.0312524 0.0222172
internal_weight=55.6048 50.8471 17.6662 5.20867 12.4575 9.44054 33.1809 30.6401 24.6766 22.4084 16.64 7.03286 4.36879 9.6071 6.28512 4.25692 5.76845 3.29066 5.96355
internal_count=441 412 156 68 88 59 256 242 201 190 134 66 53 68 50 40 56 44 41
is_linear=0
shrinkage=0.1


Tree=86
num_leaves=16
num_cat=0
split_feature=12 14 14 14 14 14 7 3 14 14 14 11 3 13 14
split_gain=0.18816 0.827963 0.712177 0.493126 1.20832 1.42178 0.835703 0.80609 1.06061 0.587802 0.433323 0.411177 1.15589 0.472078 0.304248
threshold=1.0000000180025095e-35 106.65000000000002 15.900000000000002 55.650000000000006 88.000000000000014 94.15000000000002 0.45000000000000007 1.1000000000000003 105.75000000000001 72.250000000000014 121.90000000000002 1.0000000180025095e-35 1.0000000180025095e-35 1.0000000180025095e-35 81.850000000000009
decision_type=2 2 2 2 2 2 2 2 2 2 2 2 2 2 2
left_child=2 11 -1 6 9 -6 -4 -7 -9 -5 -10 -2 -13 -14 -11
right_child=1 -3 3 4 5 7 -8 8 10 14 -12 12 13 -15 -16
leaf_value=-0.041173069006935313 -0.018307988944623953 -0.038463201606684053 0.045653197815369924 -0.0047626434297888577 0.096315010852259172 0.038644989232600707 -0.019090374486443247 -0.057972140920763443 0.046253193381518801 -0.072364708528025248 -0.016226610857851931 0.082918849136245504 0.033334393411232725 -0.012438224653659589 -0.027802459975957646
leaf_weight=4.5253604874014846 2.4762097448110589 3.0738780919928095 5.4077050033956748 4.8745938800275344 1.8119845977053035 3.8681558265816403 3.1579626277089119 3.522833236027509 2.2555123399943113 3.2355281822383404 2.1856831144541502 2.7784268897958109 4.2682481268420798 4.772761067841202 2.9101900905370712
leaf_count=21 19 31 39 28 26 39 20 26 25 22 16 37 36 36 20
internal_value=6.82871e-06 0.00862045 -0.00395589 0.00111243 -0.00606646 0.0138256 0.0217837 0.00119311 -0.0169974 -0.0306946 0.0155045 0.0187445 0.0265071 0.00917097 -0.0512631
internal_weight=55.125 17.3695 37.7555 33.2301 24.6645 13.6442 8.56567 11.8322 7.96403 11.0203 4.4412 14.2956 11.8194 9.04101 6.14572
internal_count=441 159 282 261 202 132 59 106 67 70 41 128 109 72 42
is_linear=0
shrinkage=0.1


Tree=87
num_leaves=19
num_cat=0
split_feature=14 14 1 14 3 12 14 14 14 14 14 14 7 14 14 14 14 14
split_gain=0.170834 0.297904 0.745283 0.566012 0.559977 0.389682 0.479827 0.58086 0.69707 0.572375 0.435342 0.712531 0.680529 0.504013 1.09017 0.495263 0.378616 0.338958
threshold=136.00000000000003 112.50000000000001 1.5000000000000002 100.95000000000002 2.5000000000000004 1.0000000180025095e-35 28.350000000000005 52.900000000000006 62.900000000000006 74.40000000000002 15.900000000000002 55.650000000000006 0.45000000000000007 88.000000000000014 94.550000000000011 72.250000000000014 81.850000000000009 82.250000000000014
decision_type=2 2 2 2 2 2 2 2 2 2 2 2 2 2 2 2 2 2
left_child=1 3 -3 5 -5 10 -7 -8 -9 -10 -1 12 -12 15 -15 -13 -11 -17
right_child=-2 2 -4 4 -6 6 7 8 9 16 11 13 -14 14 -16 17 -18 -19
leaf_value=-0.037471530888578415 0.021624821032175091 -0.056530452568882089 0.016377871021480968 0.076823368606299833 0.0034768413696237999 0.061038222141931692 -0.035742322285988573 0.075011208120008832 -0.049285090398400115 0.050204941578585162 0.041295463668475613 -0.0042919153356657134 -0.017238678817410865 0.064448339019658962 -0.033688681382802434 -0.069005101547632688 -0.0043523455909829393 -0.021367196477282278
leaf_weight=4.4777568131685284 3.4265793426893643 3.0580368104856452 2.5891426187008619 1.87765468424186 2.3357795632909983 1.7342401202768076 2.7149322666227809 1.683400709182022 1.5943206977099178 2.2404799656942487 5.3819407494738716 4.8686372227966768 3.1480092331767082 2.1025293455459169 2.4521254971623421 3.2618067841976881 2.9427486062049866 2.7553185876458883
leaf_count=21 31 24 23 23 31 17 17 14 13 16 39 28 20 28 19 23 35 19
internal_value=7.85755e-06 -0.00143833 -0.0231031 0.00124634 0.0361626 -0.00231081 0.0120983 0.0045039 0.017418 0.00311308 -0.00884983 -0.00350319 0.0196932 -0.0163179 0.0116135 -0.0280045 0.0192304 -0.0471911
internal_weight=54.6454 51.2189 5.64718 45.5717 4.21343 41.3582 12.9101 11.1759 8.46095 6.77755 28.4481 23.9704 8.52995 15.4404 4.55465 10.8858 5.18323 6.01713
internal_count=441 410 47 363 54 309 112 95 78 64 197 176 59 117 47 70 51 42
is_linear=0
shrinkage=0.1


Tree=88
num_leaves=17
num_cat=0
split_feature=1 3 11 14 14 11 14 0 10 10 3 3 10 14 12 7
split_gain=0.152724 0.824317 1.64813 1.01483 0.803044 0.488653 0.409814 0.50418 0.471973 0.880302 1.9739 0.455767 0.321911 0.317659 0.233877 0.622836
threshold=1.5000000000000002 1.0000000180025095e-35 1.0000000180025095e-35 60.70000000000001 89.15000000000002 1.0000000180025095e-35 113.90000000000002 1.0000000180025095e-35 34.000000000000007 47.500000000000007 2.5000000000000004 1.7500000000000002 40.500000000000007 129.15000000000003 1.0000000180025095e-35 0.90000000000000013
decision_type=2 2 2 2 2 2 2 2 2 2 2 2 2 2 2 2
left_child=5 3 -3 -2 12 -1 7 8 -7 11 -11 -10 -4 -8 15 -9
right_child=1 2 4 -5 -6 6 13 14 9 10 -12 -13 -14 -15 -16 -17
leaf_value=-0.030560726833292209 -0.079092546432373026 0.076977402765562974 -0.047729587623008614 -0.0028116236169441035 0.026858098510073914 -0.011853473961730396 -0.047179053609129197 0.010877061666266844 0.040299823873300673 0.076298822972900457 -0.037801132750908108 0.11027264761113587 -0.0076075275904710768 0.0056077705343310115 0.019550152157486428 -0.047180746845634149
leaf_weight=3.5537442213390014 2.9613304659724262 2.7476791059598336 3.9280870184302277 4.2428468358702958 4.1609873403795072 2.3655935653951063 2.1061543207615605 5.0040077089797705 1.8141818179283276 2.8005046360194683 3.306118082255125 1.9118163641542194 4.0734353046864271 2.4851837288588285 3.8220434910617769 2.929563125828281
leaf_count=31 14 18 23 37 39 27 16 39 19 25 20 26 30 25 33 19
internal_value=2.40878e-06 -0.00639212 0.00702812 -0.0341675 -0.00877438 0.00440789 0.00876132 0.0140071 0.0282494 0.0378976 0.0145252 0.076203 -0.0273041 -0.0186068 -0.000771422 -0.0105615
internal_weight=54.2133 22.1144 14.9102 7.20418 12.1625 32.0989 28.5452 23.9538 12.1982 9.83262 6.10662 3.726 8.00152 4.59134 11.7556 7.93357
internal_count=441 161 110 51 92 280 249 208 117 90 45 45 53 41 91 58
is_linear=0
shrinkage=0.1


Tree=89
num_leaves=18
num_cat=0
split_feature=14 14 14 14 10 3 11 14 3 1 14 3 14 14 13 1 10
split_gain=0.166728 0.241563 0.186287 0.553615 0.808642 0.458075 0.44406 0.554433 0.692727 0.493044 0.933929 0.439253 1.58959 0.38356 0.71974 0.349868 0.0833545
threshold=15.100000000000001 32.650000000000006 61.550000000000004 65.40000000000002 37.500000000000007 1.1000000000000003 1.0000000180025095e-35 132.25000000000003 2.5000000000000004 1.5000000000000002 91.100000000000009 1.1000000000000003 88.300000000000011 88.000000000000014 1.0000000180025095e-35 1.5000000000000002 47.500000000000007
decision_type=2 2 2 2 2 2 2 2 2 2 2 2 2 2 2 2 2
left_child=-1 16 5 -4 11 -3 -6 8 13 10 -10 -5 -13 -8 -15 -14 -2
right_child=1 2 3 4 6 -7 7 -9 9 -11 -12 12 15 14 -16 -17 -18
leaf_value=0.019381954813145277 -0.0083362022385556119 -0.014840885318431375 -0.046607601803371888 -0.0032755795048545408 -0.039697453852760606 0.032825119172887759 0.0017967225840492614 -0.036827622648651998 0.0089561347032823344 0.023727840483085728 -0.064238457802217583 0.14492365730524057 0.046622711329593641 0.080211509965318908 0.0056751906143437331 -0.030618049246838711 -0.029307314285499791
leaf_weight=4.0995790343731633 4.1263811625540248 3.2682642526924592 2.5677322112023822 1.8457266346085841 3.3541667815297904 5.2624277374707162 3.6819746312685311 3.5569351837038985 3.6210071034729481 2.7470427844673395 3.3615725417621434 1.3076698109507563 1.1529334397055211 2.6667814911343157 2.5194341777823865 1.193460796959698 3.5054743066430092
leaf_count=27 26 26 13 33 22 38 30 21 25 25 29 13 30 29 22 14 18
internal_value=-1.74996e-06 -0.00159939 0.00136752 -0.00198513 0.00170992 0.0145634 -0.00578839 -0.000654657 0.00626362 -0.0121619 -0.0262814 0.0364883 0.0565736 0.0264789 0.0440022 0.00733527 -0.0179687
internal_weight=53.8386 49.739 42.1071 33.5764 31.0087 8.53069 25.5089 22.1547 18.5978 9.72962 6.98258 5.49979 3.65406 8.86819 5.18622 2.34639 7.63186
internal_count=441 414 370 306 293 64 203 181 160 79 54 90 57 81 51 44 44
is_linear=0
shrinkage=0.1


Tree=90
num_leaves=18
num_cat=0
split_feature=14 12 14 14 14 10 14 14 14 14 14 14 0 2 7 3 14
split_gain=0.16683 0.205796 0.685555 0.799302 0.756616 0.465481 0.614602 0.395834 0.512273 0.911252 1.23944 1.14625 0.71476 0.749855 0.552723 0.258048 0.000413678
threshold=136.00000000000003 1.0000000180025095e-35 106.65000000000002 24.100000000000005 52.900000000000006 36.000000000000007 80.550000000000011 15.900000000000002 55.650000000000006 63.500000000000007 72.250000000000014 82.250000000000014 1.0000000180025095e-35 1.5000000000000002 0.45000000000000007 1.7500000000000002 94.850000000000009
decision_type=2 2 2 2 2 2 2 2 2 2 2 2 2 2 2 2 2
left_child=1 7 3 -3 -5 -6 -7 -1 14 -10 -11 -12 13 15 -9 -13 -15
right_child=-2 2 -4 4 5 6 -8 8 9 10 11 12 -14 16 -16 -17 -18
leaf_value=-0.033856245498332709 0.021431115246323768 0.092281836453550523 -0.047415074421561364 -0.033994174095558417 -0.0086291930996012477 0.070396239169705471 0.0077852248247339733 0.039027524053165369 -0.066244048440871492 0.067346826961509065 -0.066138388900868844 0.020659019398885148 -0.043107872334614092 0.058654259211295336 -0.01435365933095949 -0.016844415993887123 0.056214059787892567
leaf_weight=4.3884010165929785 3.4029234778136006 1.2433972395956505 1.9588768943212915 3.1747302692383519 3.1994855636730772 3.0524943089112639 3.2233894746750593 5.2631890806369501 2.5283361040055778 2.2499072775244739 3.1420964673161533 2.9147661509923619 2.9021623297594479 1.2852808677125724 3.071739736944437 4.9510807935148478 1.5119888794142751
leaf_count=21 31 14 19 20 34 27 33 39 12 16 23 24 29 13 20 39 27
internal_value=5.62121e-06 -0.00145078 0.00796791 0.0157765 0.00825666 0.0224128 0.0382383 -0.00581539 -0.00168888 -0.00985226 -0.00233128 -0.0117145 0.000891565 0.0128668 0.0193545 -0.00294715 0.0573353
internal_weight=53.4642 50.0613 15.8524 13.8935 12.6501 9.47537 6.27588 34.2089 29.8205 21.4856 18.9573 16.7074 13.5653 10.6631 8.33493 7.86585 2.79727
internal_count=441 410 147 128 114 94 60 263 242 183 171 155 132 103 59 63 40
is_linear=0
shrinkage=0.1


Tree=91
num_leaves=17
num_cat=0
split_feature=1 3 11 13 14 11 14 14 14 14 3 10 2 10 10 14
split_gain=0.163407 0.67304 1.3363 1.02045 0.710606 0.40073 0.342329 0.876077 0.774884 0.706923 1.27385 0.859173 0.937896 0.562127 0.845395 0.323336
threshold=1.5000000000000002 1.0000000180025095e-35 1.0000000180025095e-35 1.0000000180025095e-35 89.15000000000002 1.0000000180025095e-35 77.700000000000003 82.250000000000014 64.500000000000014 91.100000000000009 1.1000000000000003 47.500000000000007 1.5000000000000002 37.500000000000007 47.500000000000007 47.750000000000007
decision_type=2 2 2 2 2 2 2 2 2 2 2 2 2 2 2 2
left_child=5 3 -3 -2 15 -1 8 -8 13 -9 -11 12 -12 -7 -15 -4
right_child=1 2 4 -5 -6 6 7 9 -10 10 11 -13 -14 14 -16 -17
leaf_value=-0.027233370164784967 -0.068410310402888114 0.068405046314187631 -0.0023707515224299265 0.0078542238574902598 0.024617468254097108 -0.023496946459771639 -0.057524146384812826 0.054000539368836475 0.069594448008639939 0.064090175132825791 -0.043242570132924735 -0.056419972379409093 0.078149655127194559 0.068732142016254993 0.00031239000825095397 -0.043652855416119907
leaf_weight=3.5084378689061877 3.6856808857992318 2.7466054148972043 3.2269515506923163 3.3483804673887789 4.1309612658806145 3.7265313602983978 2.4038284495472899 2.6615055762231341 2.5320794619619837 2.0246929868590069 1.2553891660645606 3.8891711197793484 1.2909587232861666 2.7294993079267424 5.3370533008128405 4.6044432520866394
leaf_count=31 23 18 22 28 39 23 13 28 21 33 22 23 25 25 36 31
internal_value=-2.78189e-06 -0.00666474 0.00550196 -0.0321066 -0.00894085 0.00461632 0.00862852 -0.00278123 0.0194014 0.0090508 -0.00508998 -0.0268549 0.0183014 0.0086245 0.0234638 -0.0266424
internal_weight=53.1022 21.743 14.709 7.03406 11.9624 31.3591 27.8507 13.5255 14.3252 11.1217 8.46021 6.43552 2.54635 11.7931 8.06655 7.83139
internal_count=441 161 110 51 92 280 249 144 105 131 103 70 47 84 61 53
is_linear=0
shrinkage=0.1


Tree=92
num_leaves=18
num_cat=0
split_feature=14 14 14 14 10 14 14 14 0 3 14 13 1 1 14 3 10
split_gain=0.171845 0.227898 0.180933 0.489723 0.66573 0.410941 0.818216 0.471337 0.400426 0.343697 1.39736 0.339323 0.275677 0.189451 0.784472 0.446455 0.0775152
threshold=15.100000000000001 32.650000000000006 61.550000000000004 65.40000000000002 37.500000000000007 88.000000000000014 80.550000000000011 98.550000000000011 1.5000000000000002 1.1000000000000003 88.300000000000011 1.0000000180025095e-35 1.5000000000000002 1.5000000000000002 113.90000000000002 1.7500000000000002 47.500000000000007
decision_type=2 2 2 2 2 2 2 2 2 2 2 2 2 2 2 2 2
left_child=-1 16 8 -4 9 6 -6 -7 11 -5 -11 -3 -12 14 -9 -15 -2
right_child=1 2 3 4 5 7 -8 13 -10 10 12 -13 -14 15 -16 -17 -18
leaf_value=0.019854569718410445 -0.0082585425678270569 0.057015806600356128 -0.044790660530187189 -0.0015786504474720698 0.0065935460556234742 0.036704739154935995 -0.055065618339024826 0.055624850979368937 -0.012621615888532393 0.13892638243496741 0.041937248621011544 0.0050664281627382478 -0.027780076455944505 -0.044400151735258027 -0.017745598447479239 0.0083872979729381156 -0.028623836712799111
leaf_weight=4.022823389619588 4.049856085330247 2.6284725163131935 2.480393771082162 1.8216033740900481 4.4732473003678042 3.4560911329463151 4.1476534195244312 2.2061906857416016 3.3059963844716549 1.2082047872245314 1.0948756767902525 2.4103282941505313 1.1767927538603542 3.0936122098937631 4.2927178277168423 3.3234142567962408 3.4706858545541763
leaf_count=27 26 25 13 33 37 39 28 26 20 13 30 19 14 17 31 25 18
internal_value=-8.57103e-06 -0.00165137 0.00127597 -0.00207116 0.00142656 -0.00540088 -0.0230717 0.0039039 0.0144221 0.0336134 0.0520353 0.0321656 0.00582157 -0.00487307 0.00716154 -0.0170612 -0.017657
internal_weight=52.663 48.6401 41.1196 32.7748 30.2944 24.9929 8.6209 16.372 8.3448 5.30148 3.47987 5.0388 2.27167 12.9159 6.49891 6.41703 7.52054
internal_count=441 414 370 306 293 203 65 138 64 90 57 44 44 99 57 42 44
is_linear=0
shrinkage=0.1


Tree=93
num_leaves=18
num_cat=0
split_feature=9 10 14 14 2 12 3 10 14 14 7 14 3 2 3 10 13
split_gain=0.156635 0.299364 0.424875 0.92118 0.560699 0.369614 0.943509 0.967093 0.425786 0.506011 0.705663 0.383784 0.94928 1.27663 0.394924 0.251467 0.54568
threshold=1.0000000180025095e-35 82.500000000000014 107.15000000000002 129.65000000000001 1.0000000180025095e-35 1.0000000180025095e-35 2.5000000000000004 47.500000000000007 94.15000000000002 82.250000000000014 0.90000000000000013 67.200000000000017 1.0000000180025095e-35 1.5000000000000002 2.5000000000000004 36.000000000000007 1.0000000180025095e-35
decision_type=2 2 2 2 2 2 2 2 2 2 2 2 2 2 2 2 2
left_child=1 2 5 4 -4 8 15 -8 9 11 -11 12 -1 14 -14 -7 -17
right_child=-2 -3 3 -5 -6 6 7 -9 -10 10 -12 -13 13 -15 -16 16 -18
leaf_value=-0.03777958028006731 0.023742178149123223 -0.034671723871643821 0.093740504157157095 -0.0086245228620217326 0.01806560436003761 -0.029741536501605732 0.097095373628742085 -0.001372560608665749 -0.041909160132818646 0.074893257474505148 -0.014855879912298834 -0.042647824649237803 0.066502149621542953 -0.039211802512299693 0.015538191445624275 0.038689094581525446 -0.023906682298884006
leaf_weight=5.5751582384109595 2.6381395475473246 2.5447442904114714 1.9883968888316288 4.882400514325127 1.9288991142529992 3.3939144089817983 2.0907748271711166 1.9073266983032224 3.7997048010583958 1.7193049960769706 1.7862377753481267 3.3957481067627659 3.0257680937647802 2.9568034335970879 3.0563900885172188 2.5679748943075538 3.0429072454571724
leaf_count=30 25 14 26 38 23 27 32 11 36 25 16 24 20 18 24 31 21
internal_value=-1.98766e-06 -0.00126331 0.000541018 0.0203566 0.0564777 -0.00400961 0.00969424 0.0501204 -0.0110485 -0.00559836 0.0291619 -0.0123643 -0.00532758 0.0146886 0.0408919 -0.00825487 0.004742
internal_weight=52.3006 49.6625 47.1177 8.7997 3.9173 38.318 13.0029 3.9981 25.3151 21.5154 3.50554 18.0099 14.6141 9.03896 6.08216 9.0048 5.61088
internal_count=441 416 402 87 49 315 122 43 193 157 41 116 92 62 44 79 52
is_linear=0
shrinkage=0.1


Tree=94
num_leaves=18
num_cat=0
split_feature=1 13 3 3 3 10 11 14 3 14 14 10 2 14 7 0 10
split_gain=0.17183 0.671633 0.835191 1.11114 0.411355 0.656193 0.329106 0.334267 0.693062 1.0759 1.53434 0.685364 0.803679 0.51821 0.411411 0.771202 0.361479
threshold=1.5000000000000002 1.0000000180025095e-35 0.40000000000000008 2.5000000000000004 1.7500000000000002 47.500000000000007 1.0000000180025095e-35 77.700000000000003 1.0000000180025095e-35 82.250000000000014 91.100000000000009 47.500000000000007 1.5000000000000002 63.500000000000007 0.90000000000000013 1.0000000180025095e-35 56.500000000000007
decision_type=2 2 2 2 2 2 2 2 2 2 2 2 2 2 2 2 2
left_child=6 2 -2 -4 5 -3 -1 13 16 -10 -11 12 -12 14 15 -8 -9
right_child=1 4 3 -5 -6 -7 7 8 9 10 11 -13 -14 -15 -16 -17 -18
leaf_value=-0.02438259340149063 -0.063062896493745579 0.031953683186647167 0.035135190708077531 -0.037917996742706801 0.040523462581805468 -0.035498327393869267 0.058443965351011366 0.06637307633930091 -0.090041834757903949 0.079438287892193329 -0.040770598765388522 -0.051259940415275221 0.072786358261603665 0.05599419094392899 -0.020086311338129281 -0.0055563721435353073 0.00059272453792092643
leaf_weight=3.4319658910390016 3.5690199034288534 2.7819824735634029 3.757269496098159 4.6696936823427677 3.4756205272860825 2.9948809891939163 3.299445353914054 1.8209237623959773 1.6502601690590371 1.8193699815310518 1.2450158754363658 3.8401196263730526 1.2479462765622882 3.0094796493649474 3.3464621547609568 4.3851272072643042 1.5435199066996572
leaf_count=31 23 28 27 32 35 16 33 36 8 20 22 24 25 24 19 29 9
internal_value=6.19703e-06 -0.00690404 -0.022518 -0.0053463 0.0133397 -0.00301525 0.00479842 0.0084793 -0.00296651 -0.0164073 -0.00150179 -0.0247543 0.0160746 0.0192132 0.00917858 0.0219228 0.0361947
internal_weight=51.8881 21.2485 11.996 8.42696 9.25248 5.77686 30.6396 27.2077 13.1672 9.80271 8.15245 6.33308 2.49296 14.0405 11.031 7.68457 3.36444
internal_count=441 161 82 59 79 44 280 249 144 99 91 71 47 105 81 62 45
is_linear=0
shrinkage=0.1


Tree=95
num_leaves=19
num_cat=0
split_feature=1 14 14 14 13 3 3 14 14 14 14 14 3 7 7 3 10 10
split_gain=0.140872 1.07272 0.667951 0.611883 0.549649 0.695851 0.905822 0.549409 0.604594 0.702694 0.566053 1.16304 0.96493 0.560229 0.37376 0.392531 0.268697 0.423139
threshold=1.5000000000000002 15.100000000000001 27.550000000000004 36.900000000000013 1.0000000180025095e-35 0.40000000000000008 2.5000000000000004 42.70000000000001 58.850000000000001 136.00000000000003 113.90000000000002 95.250000000000014 2.5000000000000004 0.45000000000000007 1.0000000180025095e-35 0.40000000000000008 47.500000000000007 34.000000000000007
decision_type=2 2 2 2 2 2 2 2 2 2 2 2 2 2 2 2 2 2
left_child=1 -1 -3 -4 5 -2 -7 -5 -9 10 11 13 -13 16 15 -6 17 -10
right_child=4 2 3 7 14 6 -8 8 9 -11 -12 12 -14 -15 -16 -17 -18 -19
leaf_value=0.086703613799261184 -0.057937675351331833 -0.042406153711639714 0.064520575092280749 -0.054405469121554278 0.0046439252751182122 0.031587523760738964 -0.034509457961947529 0.054717745817764424 -0.04007855915952354 0.05744163020067268 -0.048063601947555344 0.13716423613281301 0.011920913499960354 0.027643728819823937 -0.010939461194219489 0.059784839727161268 -0.040478057068709737 0.016325581822472551
leaf_weight=1.5037655159831071 3.5000244649127135 3.2810649722814587 1.6447524796240056 1.6394454985857034 2.8384605557657778 3.761115085333584 4.6205367557704449 2.2506573405116823 2.2928069848567301 1.9280699987430114 2.7255275142379096 1.0407111637759947 1.5043995226733384 2.9171408955007783 3.9949191156774759 2.3680358813144267 4.4430413246154785 3.1673974412260577
leaf_count=12 23 18 17 8 24 27 32 23 17 23 22 25 28 26 31 24 27 34
internal_value=-2.1424e-07 0.004363 6.88845e-05 0.00552258 -0.00627893 -0.0204879 -0.00484963 0.00146401 0.00557698 5.23081e-05 -0.00606402 0.00138585 0.0631337 -0.0108724 0.012069 0.0297233 -0.0222178 -0.00735921
internal_weight=51.4219 30.3388 28.835 25.554 21.0831 11.8817 8.38165 23.9092 22.2698 20.0191 18.091 15.3655 2.54511 12.8204 9.20142 5.2065 9.90325 5.4602
internal_count=441 280 268 250 161 82 59 233 225 202 179 157 53 104 79 48 78 51
is_linear=0
shrinkage=0.1


Tree=96
num_leaves=17
num_cat=0
split_feature=14 14 14 14 7 14 7 14 14 14 14 10 11 3 14 14
split_gain=0.149676 0.544596 0.531402 0.344305 0.327664 0.405569 0.298656 1.01063 0.395907 1.07579 0.867779 0.194712 0.177642 0.785208 0.455587 0.0662388
threshold=88.000000000000014 80.550000000000011 93.350000000000009 75.750000000000014 0.90000000000000013 28.350000000000005 1.1000000000000003 95.250000000000014 132.25000000000003 114.25000000000001 104.30000000000003 47.500000000000007 1.0000000180025095e-35 1.0000000180025095e-35 52.900000000000006 15.100000000000001
decision_type=2 2 2 2 2 2 2 2 2 2 2 2 2 2 2 2
left_child=1 3 -2 4 5 15 7 -4 9 10 -9 -6 -7 -14 -15 -1
right_child=2 -3 6 -5 11 12 -8 8 -10 -11 -12 -13 13 14 -16 -17
leaf_value=0.015061356706438489 0.055818769708069399 -0.035164859128740532 -0.080120120264971242 0.033598994980505684 -0.0043644705916056617 -0.027186997169227012 0.026412523383354144 0.038601631065472652 -0.021914769612399358 0.081892072707408559 -0.041631182429308418 -0.038282347661189875 0.044915570566309043 -0.045811803252924777 0.0065335198547169931 0.036857149932765905
leaf_weight=2.5839966498315432 2.0047936341725316 4.8006314132362595 1.6064115986228014 2.9516285117715588 3.3916014842689028 2.9092719070613464 3.6653839270584276 2.4958629244938475 3.7056556055322289 1.9483004803769288 2.9312521319370717 3.3785181790590286 2.8575946344062579 3.0971626471728086 3.5899865496903658 3.0285579077899456
leaf_count=20 34 37 9 22 21 18 40 38 27 30 26 20 30 19 28 22
internal_value=4.93211e-06 -0.00406318 0.00722673 0.00130986 -0.00252743 0.00450375 0.00126955 -0.00599419 0.00475177 0.0181499 -0.00473311 -0.0212906 -0.00555445 0.00103922 -0.0177103 0.0268225
internal_weight=50.9466 32.5889 18.3577 27.7883 24.8367 18.0666 16.3529 12.6875 11.0811 7.37542 5.42712 6.77012 12.454 9.54474 6.68715 5.61255
internal_count=441 237 204 200 178 137 170 130 121 94 64 41 95 77 47 42
is_linear=0
shrinkage=0.1


Tree=97
num_leaves=19
num_cat=0
split_feature=1 14 10 14 14 7 7 14 3 2 14 10 14 14 14 14 3 14
split_gain=0.15668 0.563476 0.191883 0.828859 0.401948 0.428337 1.03824 0.750252 0.425405 0.420638 0.502539 0.822308 0.310441 1.03803 0.424033 0.732022 0.461428 0.197094
threshold=2.5000000000000004 15.100000000000001 75.000000000000014 16.750000000000004 22.150000000000002 0.28750000000000003 1.5500000000000003 92.15000000000002 1.7500000000000002 1.5000000000000002 85.050000000000011 47.500000000000007 64.500000000000014 80.550000000000011 98.050000000000011 91.100000000000009 1.1000000000000003 40.900000000000006
decision_type=2 2 2 2 2 2 2 2 2 2 2 2 2 2 2 2 2 2
left_child=1 -1 3 -3 -5 9 8 -8 -7 12 -11 -12 17 -14 15 -15 -16 -6
right_child=-2 2 -4 4 5 6 7 -9 -10 10 11 -13 13 14 16 -17 -18 -19
leaf_value=0.040861393032048908 -0.025127053911227222 -0.079988520669949464 0.023871347900600151 0.049663111412550191 0.00093757797093649915 0.017570313528378456 -0.039998819323346563 0.026679718338451626 0.085313893138719663 -0.047346009342934051 0.063700028267704378 -0.045917600028872803 0.062140972074115279 0.011835970196709747 -0.017873385004688127 -0.06822225124683351 0.035464762336389587 -0.032906045217670647
leaf_weight=3.3394583463668814 2.3658706173300734 1.3666512295603741 2.7517836317419997 1.5185943245887745 2.9621927472762826 1.6181632969528421 3.6271736286580563 3.1554939933121204 2.1701551924925297 5.1140076033771029 1.2930328318616378 1.4537402540445326 2.7410225314088157 2.19043689384125 3.1226870552636683 2.3864424414932728 3.374749940354377 4.105904727242887
leaf_count=25 16 7 16 11 22 17 20 36 31 32 34 11 29 27 27 16 39 25
internal_value=-9.39412e-07 0.00123002 -0.00171416 -0.00338252 -0.000818624 -0.00276854 0.0144434 -0.00897803 0.0563775 -0.00909841 -0.0288157 0.00568448 -0.00167658 0.00704427 -0.00659281 -0.0299074 0.00983029 -0.0187224
internal_weight=50.6576 48.2917 44.9522 42.2004 40.8338 39.3152 10.571 6.78267 3.78832 28.7442 7.86078 2.74677 20.8834 13.8153 11.0743 4.57688 6.49744 7.0681
internal_count=441 425 400 384 377 366 104 56 48 262 77 45 185 138 109 43 66 47
is_linear=0
shrinkage=0.1


Tree=98
num_leaves=18
num_cat=0
split_feature=1 14 14 13 3 3 14 14 14 3 7 7 14 10 10 7 3
split_gain=0.153875 0.797969 0.582621 0.468628 0.575867 0.72598 0.433075 0.749842 0.649155 0.929547 0.777257 0.894635 0.386362 0.447124 0.446983 0.31707 0.304882
threshold=1.5000000000000002 15.100000000000001 27.550000000000004 1.0000000180025095e-35 0.40000000000000008 2.5000000000000004 136.00000000000003 113.90000000000002 95.250000000000014 2.5000000000000004 0.28750000000000003 1.5500000000000003 55.650000000000006 47.500000000000007 34.000000000000007 1.0000000180025095e-35 0.40000000000000008
decision_type=2 2 2 2 2 2 2 2 2 2 2 2 2 2 2 2 2
left_child=1 -1 -3 4 -2 -6 7 8 10 -10 12 -12 -4 14 -14 16 -5
right_child=3 2 6 15 5 -7 -8 -9 9 -11 11 -13 13 -15 -16 -17 -18
leaf_value=0.076670240056412972 -0.054361116891844689 -0.039399786731987602 0.020157109779909244 0.0045780551964245235 0.026983947702742601 -0.032566558511779455 0.051938061646381511 -0.047288319022545607 0.13456173891843273 0.0075506924840651087 0.084907633544390931 -0.0058645177893111942 -0.034622792900832498 -0.04208942468560023 0.023150061542189765 -0.010926468185072643 0.053504533202548811
leaf_weight=1.4614948406815553 3.4194260896183559 3.1837091892957714 3.30357782589273 2.8034719536080956 3.7456645444035512 4.5145826004445553 1.8983809908386309 2.6977320802398017 0.94959060731343869 1.4654975900193674 2.1493710833601645 2.1941972067579627 2.2396599226631206 4.6463555516675115 3.3308626397047192 3.9312666412442923 2.3339619967155159
leaf_count=12 23 18 28 24 27 32 23 22 25 28 26 16 17 29 36 31 24
internal_value=-7.29767e-06 0.00463108 0.000878803 -0.0066067 -0.0198495 -0.00556298 0.00603395 0.00224128 0.00883021 0.0574903 0.00225171 0.0390532 -0.00957109 -0.0191836 -7.78395e-05 0.0104488 0.0268056
internal_weight=50.2688 29.5204 28.0589 20.7484 11.6797 8.26025 24.8752 22.9768 20.2791 2.41509 17.864 4.34357 13.5205 10.2169 5.57052 9.0687 5.13743
internal_count=441 280 268 161 82 59 250 227 205 53 152 42 110 82 53 79 48
is_linear=0
shrinkage=0.1


Tree=99
num_leaves=19
num_cat=0
split_feature=14 10 1 3 1 3 14 7 14 10 14 14 10 7 2 3 13 10
split_gain=0.136624 0.285635 0.627395 0.251722 0.231266 0.462037 0.896279 0.728178 0.637588 0.518022 0.652384 0.485528 0.398331 0.483607 0.351798 0.19954 0.589918 0.0111461
threshold=15.900000000000002 34.000000000000007 1.0000000180025095e-35 0.40000000000000008 1.0000000180025095e-35 0.40000000000000008 115.60000000000001 1.0000000180025095e-35 68.850000000000009 56.500000000000007 45.150000000000013 89.950000000000003 52.500000000000007 0.45000000000000007 1.5000000000000002 2.5000000000000004 1.0000000180025095e-35 40.500000000000007
decision_type=2 2 2 2 2 2 2 2 2 2 2 2 2 2 2 2 2 2
left_child=-1 2 3 -2 5 9 7 8 -7 10 -3 -10 13 15 -9 16 -6 -12
right_child=1 4 -4 -5 12 6 -8 14 11 -11 17 -13 -14 -15 -16 -17 -18 -19
leaf_value=-0.016119272531789193 -0.025332241799731082 -0.002406394651809076 0.076234085810706648 0.030640420234098777 0.0097055921791906769 -0.033945811296508858 -0.056287156715732534 0.074007647230649773 0.047766204703715197 -0.0048393356252600852 0.079030637947227353 -0.01776720109094914 0.014951941974392265 0.0095654258893527102 0.014919429694894347 -0.054241465821880532 -0.051868639170647483 0.092999699996859253
leaf_weight=4.7561055989935985 1.8093725175131106 1.3263454660773306 1.585579330101609 1.445246949791908 3.0422183452174085 4.7088616210967285 2.6576713444665065 1.9032428297214199 2.5294764279387891 2.6453521754592657 1.1895418133353817 2.0442028769757599 4.8637224845588198 4.1719990754500023 2.1411819166969508 2.7226811712607741 3.1848210208117962 1.0988521215040234
leaf_count=31 20 10 22 25 27 31 19 22 23 17 22 23 36 33 21 20 21 18
internal_value=2.61792e-07 0.0017013 0.0246524 -0.000477011 -0.00106002 0.00575751 -0.0032616 0.00731279 -0.00811657 0.0287871 0.0533957 0.0184761 -0.00949206 -0.0185525 0.0427254 -0.03166 -0.0217866 0.0857384
internal_weight=49.8265 45.0704 4.8402 3.25462 40.2302 22.2447 15.9846 13.327 9.28254 6.26009 3.61474 4.57368 17.9854 13.1217 4.04442 8.94972 6.22704 2.28839
internal_count=441 410 67 45 343 206 139 120 77 67 50 46 137 101 43 68 48 40
is_linear=0
shrinkage=0.1


end of trees

feature_importances:
Column_14=722
Column_10=219
Column_3=205
Column_7=116
Column_1=112
Column_2=76
Column_13=74
Column_12=52
Column_0=42
Column_11=37
Column_9=1

parameters:
[boosting: gbdt]
[objective: binary]
[metric: binary_logloss]
[tree_learner: serial]
[device_type: cpu]
[data_sample_strategy: bagging]
[data: ]
[valid: ]
[num_iterations: 100]
[learning_rate: 0.1]
[num_leaves: 31]
[num_threads: 1]
[seed: 42]
[deterministic: 0]
[force_col_wise: 0]
[force_row_wise: 0]
[histogram_pool_size: -1]
[max_depth: -1]
[min_data_in_leaf: 20]
[min_sum_hessian_in_leaf: 0.001]
[bagging_fraction: 1]
[pos_bagging_fraction: 1]
[neg_bagging_fraction: 1]
[bagging_freq: 0]
[bagging_seed: 400]
[bagging_by_query: 0]
[feature_fraction: 1]
[feature_fraction_bynode: 1]
[feature_fraction_seed: 30056]
[extra_trees: 0]
[extra_seed: 12879]
[early_stopping_round: 0]
[early_stopping_min_delta: 0]
[first_metric_only: 0]
[max_delta_step: 0]
[lambda_l1: 0]
[lambda_l2: 0]
[linear_lambda: 0]
[min_gain_to_split: 0]
[drop_rate: 0.1]
[max_drop: 50]
[skip_drop: 0.5]
[xgboost_dart_mode: 0]
[uniform_drop: 0]
[drop_seed: 17869]
[top_rate: 0.2]
[other_rate: 0.1]
[min_data_per_group: 100]
[max_cat_threshold: 32]
[cat_l2: 10]
[cat_smooth: 10]
[max_cat_to_onehot: 4]
[top_k: 20]
[monotone_constraints: ]
[monotone_constraints_method: basic]
[monotone_penalty: 0]
[feature_contri: ]
[forcedsplits_filename: ]
[refit_decay_rate: 0.9]
[cegb_tradeoff: 1]
[cegb_penalty_split: 0]
[cegb_penalty_feature_lazy: ]
[cegb_penalty_feature_coupled: ]
[path_smooth: 0]
[interaction_constraints: ]
[verbosity: -1]
[saved_feature_importance_type: 0]
[use_quantized_grad: 0]
[num_grad_quant_bins: 4]
[quant_train_renew_leaf: 0]
[stochastic_rounding: 1]
[linear_tree: 0]
[max_bin: 255]
[max_bin_by_feature: ]
[min_data_in_bin: 3]
[bin_construct_sample_cnt: 200000]
[data_random_seed: 175]
[is_enable_sparse: 1]
[enable_bundle: 1]
[use_missing: 1]
[zero_as_missing: 0]
[feature_pre_filter: 1]
[pre_partition: 0]
[two_round: 0]
[header: 0]
[label_column: ]
[weight_column: ]
[group_column: ]
[ignore_column: ]
[categorical_feature: ]
[forcedbins_filename: ]
[precise_float_parser: 0]
[parser_config_file: ]
[objective_seed: 16083]
[num_class: 1]
[is_unbalance: 0]
[scale_pos_weight: 1]
[sigmoid: 1]
[boost_from_average: 1]
[reg_sqrt: 0]
[alpha: 0.9]
[fair_c: 1]
[poisson_max_delta_step: 0.7]
[tweedie_variance_power: 1.5]
[lambdarank_truncation_level: 30]
[lambdarank_norm: 1]
[label_gain: ]
[lambdarank_position_bias_regularization: 0]
[eval_at: ]
[multi_error_top_k: 1]
[auc_mu_weights: ]
[num_machines: 1]
[local_listen_port: 12400]
[time_out: 120]
[machine_list_filename: ]
[machines: ]
[gpu_platform_id: -1]
[gpu_device_id: -1]
[gpu_use_dp: 0]
[num_gpu: 1]

end of parameters

pandas_categorical:null
