tree
version=v4
num_class=1
num_tree_per_iteration=1
label_index=0
max_feature_idx=15
objective=binary sigmoid:1
feature_names=Column_0 Column_1 Column_2 Column_3 Column_4 Column_5 Column_6 Column_7 Column_8 Column_9 Column_10 Column_11 Column_12 Column_13 Column_14 Column_15
feature_infos=[0:1] [0:1] [0:1] [0:1] [0:1] [0:1] [0:1] [0:1] none [0:6] [16:99] [5:2207] [0.20000000000000001:822] [0.56999999999999995:317] [0.89000000000000001:1057] [49.200000000000003:98.599999999999994]
tree_sizes=2011 1880 2008 1908 1905 2223 2115 1917 2007 1904 2009 2007 1919 2101 2020 2121 2133 1711 2108 1922 1910 2017 1715 1921 2123 1811 1913 2123 1916 1906 1932 2227 2127 1923 2135 2235 2133 2033 1818 2007 2028 2122 2231 1805 2219 2028 1921 2129 2042 1823 1916 1807 2027 2022 1940 2114 2032 1928 1926 2132 2229 2120 1930 1929 1931 2254 2039 2252 2142 1913 2043 2028 2040 1939 2127 2247 1930 2045 2029 2250 2031 2246 2126 1839 2040 2147 2146 1931 2152 2038 2034 2131 2141 1829 2155 2033 1834 2035 2163 2145

Tree=0
num_leaves=18
num_cat=0
split_feature=12 15 13 10 10 11 15 10 15 3 11 11 10 15 15 10 13
split_gain=12.2665 9.52733 11.8163 21.7091 8.66376 8.77033 7.90753 7.12532 5.80085 5.62113 3.51814 6.81841 4.20209 2.52829 1.61802 1.52882 0.843866
threshold=92.500000000000014 73.500000000000014 54.000000000000007 54.500000000000007 86.500000000000014 16.250000000000004 91.350000000000009 60.500000000000007 84.250000000000014 1.0000000180025095e-35 65.500000000000014 29.500000000000004 73.500000000000014 88.750000000000014 93.65000000000002 69.500000000000014 199.00000000000003
decision_type=2 2 2 2 2 2 2 2 2 2 2 2 2 2 2 2 2
left_child=6 9 7 13 5 -5 15 -3 -9 -2 11 12 -7 -4 -8 -1 -13
right_child=1 2 3 4 -6 10 14 8 -10 -11 -12 16 -14 -15 -16 -17 -18
leaf_value=0.030690320613478653 -0.0096044443085595808 -0.19999993138065758 0.14142305155748364 0.038946643972648527 0.067688017957711941 -0.12139934395659278 0.14142305155748361 -0.13369397578961936 -0.0032936497655293214 0.11812922992070285 -0.027665483330668032 -0.19999993138065777 0.0058016021930598159 0.056544798975921969 0.076702092946193567 -0.044521262805701421 -0.13697982488576971
leaf_weight=5.4348791539669055 6.5851016789674741 5.2581601142883327 6.7323675453662855 6.1216023415327099 5.4643323272466651 5.3170664608478599 6.7323675453662863 6.3029714822769147 7.4361423701047897 7.2253200560808182 6.0626959949731818 5.9154301285743696 5.0767909735441208 7.330731213092804 9.0622657686471921 5.3759728074073792 3.3158032447099686
leaf_count=20 27 32 17 22 18 28 17 34 30 20 26 36 20 25 29 24 18
internal_value=7.54813e-08 -0.0187137 -0.0336242 -0.00869033 -0.0486337 -0.0686159 0.0591855 -0.101004 -0.0631163 0.0572231 -0.0942489 -0.114818 -0.0592691 0.0971782 0.104289 -0.00671056 -0.177363
internal_weight=110.75 84.1445 70.3341 51.3368 37.2737 31.8094 26.6055 18.9973 13.7391 13.8104 25.6878 19.6251 10.3939 14.0631 15.7946 10.8109 9.23123
internal_count=443 353 306 210 168 150 90 96 64 47 128 102 48 42 46 44 54
is_linear=0
shrinkage=1


Tree=1
num_leaves=17
num_cat=0
split_feature=11 15 14 10 11 10 10 15 13 15 13 11 14 10 10 14
split_gain=10.1292 11.462 10.3058 8.44784 11.9299 14.0128 7.84005 7.60421 7.26225 6.20471 4.29974 4.99102 5.14495 2.8707 5.24204 1.17571
threshold=196.50000000000003 96.050000000000011 7.455000000000001 81.500000000000014 21.500000000000004 69.500000000000014 63.500000000000007 91.950000000000017 103.50000000000001 86.850000000000009 167.50000000000003 39.500000000000007 14.81 60.500000000000007 80.500000000000014 14.915000000000001
decision_type=2 2 2 2 2 2 2 2 2 2 2 2 2 2 2 2
left_child=1 2 13 4 5 15 8 -5 9 -6 11 12 -8 -1 -15 -4
right_child=-2 -3 3 7 6 -7 10 -9 -10 -11 -12 -13 -14 14 -16 -17
leaf_value=0.092990488310533859 0.13006111407609308 0.091455325440303936 0.096574838252542927 -0.029453188173536555 -0.021910009809417354 -0.10437661969538657 -0.19369038618725887 0.12445453515449248 0.024380697769702562 -0.19047817243156084 -0.19218914296806222 -0.020810560769014139 -0.050287539287583699 -0.036011429398392587 0.0956938699511478 0.032776155434910956
leaf_weight=7.6923160701990154 5.6796190142631522 10.614468067884443 8.379208981990816 7.3911943435668928 4.6957547813653964 6.6513307690620413 6.2254471331834846 5.6750379502773285 9.9886487275361997 4.0815680027008057 6.2199726104736319 5.880658194422721 4.1828840523958206 7.7173303812742216 4.9670036137104034 4.4081194698810569
leaf_count=23 15 32 25 32 20 34 38 15 37 25 38 25 19 34 15 16
internal_value=-4.91605e-06 -0.00705578 -0.0181612 -0.0355477 -0.0512454 0.0133476 -0.0816658 0.0373933 -0.0339339 -0.100296 -0.12146 -0.0944525 -0.13606 0.044792 0.0155625 0.0745818
internal_weight=110.451 104.771 94.1565 73.7798 60.7136 19.4387 41.2749 13.0662 18.766 8.77732 22.509 16.289 10.4083 20.3767 12.6843 12.7873
internal_count=443 428 396 324 277 75 202 47 82 45 120 82 57 72 49 41
is_linear=0
shrinkage=0.1


Tree=2
num_leaves=18
num_cat=0
split_feature=12 15 13 10 15 10 11 10 15 3 12 11 11 10 15 15 13
split_gain=8.76077 7.14449 9.12685 16.009 6.13866 6.12401 6.56248 5.82598 4.65288 4.48322 2.52659 2.34796 5.33304 3.31101 1.40073 1.39785 0.816194
threshold=92.500000000000014 73.500000000000014 54.000000000000007 54.500000000000007 91.350000000000009 86.500000000000014 16.250000000000004 60.500000000000007 84.250000000000014 1.0000000180025095e-35 246.50000000000003 65.500000000000014 29.500000000000004 73.500000000000014 85.850000000000009 93.65000000000002 199.00000000000003
decision_type=2 2 2 2 2 2 2 2 2 2 2 2 2 2 2 2 2
left_child=4 9 7 10 14 6 -5 -3 -9 -2 -4 12 13 -8 -1 -6 -14
right_child=1 2 3 5 15 -7 11 8 -10 -11 -12 -13 16 -15 -16 -17 -18
leaf_value=0.020745901627354076 -0.0097216359821203392 -0.17891191196156125 0.043502171431602871 0.034763070261498823 0.12482164545516097 0.056603832451696881 -0.10414452556215317 -0.1177941596448437 -0.00062075474742989548 0.10459299918198715 0.1286087144236541 -0.026266183166437501 -0.17623446652070304 0.0091731656782062625 -0.053258344168641149 0.06440628166515433 -0.11362864272344327
leaf_weight=6.5908109694719332 6.5693660229444486 5.161350071430209 7.2851371467113477 6.1085862964391735 6.6625813692808142 5.4390285462141028 5.2534853219986015 6.2437906265258771 7.4118709117174149 7.1807167530059814 6.6930002123117447 6.0441505610942832 5.7914269715547544 5.0639420300722122 4.1796099841594696 9.0070056915283185 3.2515412420034409
leaf_count=25 27 32 25 22 17 18 28 34 30 20 17 26 36 20 19 29 18
internal_value=-1.88277e-05 -0.015904 -0.0288919 -0.006904 0.0501466 -0.0413865 -0.0582992 -0.0884046 -0.0541961 0.049977 0.0842528 -0.0806762 -0.0976626 -0.0485266 -0.00797246 0.0900944 -0.153724
internal_weight=109.937 83.4974 69.7473 50.9303 26.44 36.9522 31.5131 18.817 13.6557 13.7501 13.9781 25.4045 19.3604 10.3174 10.7704 15.6696 9.04297
internal_count=443 353 306 210 90 168 150 96 64 47 42 128 102 48 44 46 54
is_linear=0
shrinkage=0.1


Tree=3
num_leaves=17
num_cat=0
split_feature=11 15 14 10 11 10 10 15 11 13 13 3 15 15 3 14
split_gain=8.32599 8.77362 8.13345 6.43005 9.1159 10.9298 5.90956 5.71225 4.4924 4.16366 4.49558 3.71363 2.50654 2.50111 2.09154 1.04422
threshold=196.50000000000003 96.050000000000011 7.455000000000001 81.500000000000014 21.500000000000004 69.500000000000014 48.500000000000007 91.950000000000017 26.500000000000004 167.50000000000003 108.50000000000001 1.0000000180025095e-35 83.15000000000002 91.350000000000009 1.0000000180025095e-35 14.915000000000001
decision_type=2 2 2 2 2 2 2 2 2 2 2 2 2 2 2 2
left_child=1 2 12 4 5 15 -6 -5 -8 10 11 13 14 -10 -1 -4
right_child=-2 -3 3 7 6 -7 8 -9 9 -11 -12 -13 -14 -15 -16 -17
leaf_value=0.028125468659481914 0.11833917765979354 0.080044402231619113 0.086201868736214923 -0.025869132389451707 -0.0026513171870484499 -0.093415583826119752 -0.18065842818985345 0.10832293719741129 -0.17873250195643761 -0.14598962498428392 0.022720223653018106 -0.027669039413784593 -0.017776588968953146 -0.063467152199935206 0.10414844418542307 0.025796750939824267
leaf_weight=8.2763123512268084 5.6346988976001731 10.524993464350699 8.2815200686454791 7.3501627594232541 9.2909472584724409 6.5991693288087836 4.9719814211130169 5.5805882066488266 4.4964054673910194 6.5585749447345725 5.5033919513225547 6.4386596828699112 5.4974782168865195 3.238252118229866 6.4308386147022238 4.3729965835809699
leaf_count=31 15 32 25 32 38 34 31 15 28 39 21 29 23 16 18 16
internal_value=-3.6355e-05 -0.00648637 -0.0162911 -0.0318927 -0.0457293 0.0109188 -0.0726609 0.0320448 -0.093504 -0.0769869 -0.0539872 -0.0837721 0.039833 -0.130475 0.0613672 0.0653278
internal_weight=109.047 103.412 92.8873 72.6826 59.7519 19.2537 40.4982 12.9308 31.2073 26.2353 19.6767 14.1733 20.2046 7.73466 14.7072 12.6545
internal_count=443 428 396 324 277 75 202 47 164 133 94 73 72 44 49 41
is_linear=0
shrinkage=0.1


Tree=4
num_leaves=17
num_cat=0
split_feature=11 10 10 15 11 15 13 10 13 9 15 13 1 13 14 12
split_gain=6.82952 7.27632 8.07467 7.09852 7.07654 9.06215 13.31 5.51717 5.39423 4.54231 3.39972 4.75827 2.97465 1.84137 2.97602 0.0984851
threshold=196.50000000000003 81.500000000000014 70.500000000000014 93.250000000000014 21.500000000000004 78.450000000000003 57.400000000000013 64.500000000000014 40.180000000000007 1.5000000000000002 91.950000000000017 114.50000000000001 1.0000000180025095e-35 130.50000000000003 12.690000000000001 187.50000000000003
decision_type=2 2 2 2 2 2 2 2 2 2 2 2 2 2 2 2
left_child=1 2 4 8 12 -6 15 9 -4 -8 11 -3 -1 14 -10 -7
right_child=-2 10 3 -5 5 6 7 -9 13 -11 -12 -13 -14 -15 -16 -17
leaf_value=0.092039886205512289 0.10777620448357271 -0.040826222593689426 -0.018361785370739972 0.034576450314362295 0.062226303989996838 -0.1864302953199265 -0.053199535087439943 -0.09870705939262997 -0.14618050575645852 0.059167687360276756 0.098894911369881267 0.088777958491132236 0.0081711372632609757 -0.17294764508856608 -0.036605935559999324 -0.16194444667446461
leaf_weight=9.9693387895822543 5.5713838636875144 6.6688927412033099 7.431851848959929 5.9886650294065467 9.6996104717254621 3.3309552967548397 5.6164289414882687 5.3717258274555197 5.6541157364845258 10.007639393210409 8.0250934213399869 4.9246058911085129 7.3445004969835272 4.8889530301094046 4.413408949971199 3.2408061325550079
leaf_count=29 15 30 33 22 32 21 26 30 33 34 22 15 28 31 21 21
internal_value=-5.10697e-05 -0.00590764 -0.0188596 -0.062128 0.00363587 -0.0209069 -0.0501572 -0.0112827 -0.0879956 0.0187747 0.0488604 0.0142261 0.0564629 -0.122596 -0.0981451 -0.174355
internal_weight=108.148 102.577 82.958 28.377 54.581 37.2672 27.5676 20.9958 22.3883 15.6241 19.6186 11.5935 17.3138 14.9565 10.0675 6.57176
internal_count=443 428 361 140 221 164 132 90 118 60 67 45 57 85 54 42
is_linear=0
shrinkage=0.1


Tree=5
num_leaves=20
num_cat=0
split_feature=12 15 13 10 10 12 11 15 11 15 3 14 9 12 15 15 12 10 10
split_gain=6.10231 4.80936 6.65912 10.9293 4.97827 5.72234 4.66295 4.36313 3.80823 3.89189 3.16159 2.97058 4.73797 2.17618 1.40664 0.900558 0.691269 0.0210716 0.00237167
threshold=92.500000000000014 73.500000000000014 54.000000000000007 54.500000000000007 80.500000000000014 145.00000000000003 29.500000000000004 91.350000000000009 65.500000000000014 92.350000000000009 1.0000000180025095e-35 20.075000000000006 2.5000000000000004 262.50000000000006 93.65000000000002 85.850000000000009 270.00000000000006 72.500000000000014 66.500000000000014
decision_type=2 2 2 2 2 2 2 2 2 2 2 2 2 2 2 2 2 2 2
left_child=7 10 4 13 5 -3 11 15 9 17 -2 12 -5 -4 -9 -1 18 -8 -7
right_child=1 2 3 6 -6 16 8 14 -10 -11 -12 -13 -14 -15 -16 -17 -18 -19 -20
leaf_value=0.016131785580149147 -0.0091435527021337479 -0.014944640977826022 0.036140190385709842 -0.089097261580477982 0.027873081961378755 -0.16478344068569933 -0.15376349774535672 0.11204728838578266 -0.013777648913150109 -0.031968572215858838 0.08774394469108629 0.06255767673083823 0.028886940089821112 0.11669844057743571 0.050546198408698964 -0.043701324729942599 -0.11011859779299789 -0.16531437186578005 -0.16865999391451336
leaf_weight=6.5035751163959521 6.5095677077770215 4.9326218068599728 7.8511141985654813 6.2943043261766451 3.6718648821115485 3.0414586961269361 3.1169438958168048 6.4361424446105948 6.5957247316837302 3.8403327018022537 6.9786674082279205 5.3513618260622016 7.4113160073757172 5.8533673882484436 8.8088026344776136 4.1022317111492157 3.2626247256994247 3.2014270126819611 3.2803930044174194
leaf_count=25 27 22 27 33 14 20 21 17 28 18 20 18 29 15 29 19 19 21 21
internal_value=-7.02775e-05 -0.0135426 -0.0244057 -0.00539795 -0.0761505 -0.102462 -0.0344612 0.0422442 -0.0729453 -0.111361 0.040985 -0.000626871 -0.0252973 0.0705477 0.0765109 -0.00701113 -0.147502 -0.159616 -0.166795
internal_weight=107.044 81.1931 67.7049 49.5159 18.189 14.5171 35.8114 25.8508 16.7544 10.1587 13.4882 19.057 13.7056 13.7045 15.2449 10.6058 9.58448 6.31837 6.32185
internal_count=443 353 306 210 96 82 168 90 88 60 47 80 62 42 46 44 60 42 41
is_linear=0
shrinkage=0.1


Tree=6
num_leaves=19
num_cat=0
split_feature=11 10 11 14 14 11 10 9 10 15 12 15 15 13 1 10 11 13
split_gain=5.66939 5.90431 5.94852 8.848 6.86083 4.48912 3.94666 3.81195 4.4785 3.61356 3.34173 2.63172 4.21467 2.46062 2.45675 1.97242 1.789 1.74348
threshold=185.00000000000003 81.500000000000014 21.500000000000004 7.2250000000000005 29.435000000000006 26.500000000000004 70.500000000000014 1.5000000000000002 64.500000000000014 89.050000000000026 156.50000000000003 92.350000000000009 85.850000000000009 114.50000000000001 1.0000000180025095e-35 63.500000000000007 39.500000000000007 103.50000000000001
decision_type=2 2 2 2 2 2 2 2 2 2 2 2 2 2 2 2 2 2
left_child=1 2 6 15 5 -5 14 10 17 -8 -7 12 -3 16 -1 -4 -10 -9
right_child=-2 11 3 4 -6 7 9 8 13 -11 -12 -13 -14 -15 -16 -17 -18 -19
leaf_value=0.082433451544511108 0.092207243566166275 0.059731571387555749 0.082577485711322243 -0.14719307785797353 0.073576083253574676 -0.045488846762081189 -0.091484573033490391 -0.019245811231890012 -0.082701773906049325 0.033450680604238822 -0.16769818859641325 0.091704014926180744 -0.062931351282314349 -0.12402528548986569 0.005725035556260534 -0.0017067998709050431 0.0099765763944126493 0.064581164303423352
leaf_weight=9.772182717919355 6.2614611387252799 7.7392100691795367 5.8465563952922803 6.2832597792148581 3.6515094190835944 4.2087995111942273 4.8129242062568647 5.8561728298664111 4.2503428608179075 4.4607550203800201 4.777146190404892 7.1854074597358695 4.3901329636573792 5.3825687766075125 7.289743334054946 5.2877064347267151 4.0842935889959335 4.3050926625728607
leaf_count=29 18 26 18 39 12 20 26 27 23 17 32 20 21 34 28 22 17 14
internal_value=-9.00592e-05 -0.00589337 -0.0178377 -0.0368604 -0.0575193 -0.0697472 0.0211195 -0.0549406 -0.0340481 -0.0313892 -0.110458 0.0437453 0.0153346 -0.071322 0.0496596 0.0425505 -0.0372858 0.0162697
internal_weight=105.845 99.5838 80.2691 53.9334 42.7992 39.1477 26.3356 32.8644 23.8785 9.27368 8.98595 19.3148 12.1293 13.7172 17.0619 11.1343 8.33464 10.1613
internal_count=443 425 358 258 218 206 100 167 115 43 52 67 47 74 57 40 40 41
is_linear=0
shrinkage=0.1


Tree=7
num_leaves=17
num_cat=0
split_feature=4 12 14 14 12 12 15 15 14 3 12 10 14 12 11 15
split_gain=4.73224 6.53074 6.30701 5.2156 4.85046 6.52857 4.88446 4.70051 4.17186 3.23426 4.86794 4.3226 3.10051 1.72321 0.804212 0.446577
threshold=1.0000000180025095e-35 72.000000000000014 11.510000000000002 6.4000000000000012 189.50000000000003 135.50000000000003 90.950000000000017 89.850000000000009 25.020000000000003 1.0000000180025095e-35 320.00000000000006 69.500000000000014 12.340000000000002 270.00000000000006 29.500000000000004 80.550000000000011
decision_type=2 2 2 2 2 2 2 2 2 2 2 2 2 2 2 2
left_child=1 12 -2 15 5 7 14 -5 9 10 11 -6 -1 -11 -7 -3
right_child=2 3 -4 4 8 6 -8 -9 -10 13 -12 -13 -14 -15 -16 -17
leaf_value=0.028984985531175018 -0.0029020781341048897 0.072478835089125379 -0.1404778315423095 0.041630911475615283 0.052880549905393016 -0.18710061572344039 -0.032084183095980434 -0.071149227872103649 0.094415947884719034 -0.0062609270899148112 -0.13384882126967984 -0.069420227986294464 0.12661307729610974 0.060570585013872885 -0.11905160642276494 0.033547315819795802
leaf_weight=7.113312751054762 9.0635253936052305 7.4066581130027753 5.2697097435593596 9.7693562060594576 6.2586116716265661 3.5785457044839841 6.2168678864836693 5.9440921545028678 5.0829203724861136 7.3211733102798471 3.8089280724525461 5.3691287785768509 5.9942318797111511 8.1563509553670865 3.3742855340242386 4.8927928358316422
leaf_count=26 38 23 32 38 24 23 29 29 15 32 23 29 15 29 20 18
internal_value=-0.000104226 0.00836969 -0.0534827 -0.00271381 -0.0140323 -0.0445566 -0.0964886 -0.00103162 0.0104597 -0.00334443 -0.0357323 -0.00359204 0.0736314 0.028958 -0.154076 0.0569917
internal_weight=104.62 90.2873 14.3332 77.1797 64.8803 28.8831 13.1697 15.7134 35.9971 30.9142 15.4367 11.6277 13.1075 15.4775 6.95283 12.2995
internal_count=443 373 70 332 291 139 72 67 152 137 76 53 41 61 43 41
is_linear=0
shrinkage=0.1


Tree=8
num_leaves=18
num_cat=0
split_feature=11 11 14 9 13 10 13 15 12 11 12 14 10 12 12 11 12
split_gain=4.52669 4.78414 5.31931 6.20046 5.80206 6.99213 5.51182 5.07241 4.3526 4.69997 3.13671 2.51579 2.3977 3.51609 4.45908 1.20598 0.0310153
threshold=185.00000000000003 30.250000000000004 25.020000000000003 2.5000000000000004 163.50000000000003 69.500000000000014 102.50000000000001 77.450000000000017 83.500000000000014 84.500000000000014 146.50000000000003 13.800000000000002 82.500000000000014 139.50000000000003 270.00000000000006 36.500000000000007 252.50000000000003
decision_type=2 2 2 2 2 2 2 2 2 2 2 2 2 2 2 2 2
left_child=1 2 3 4 5 6 -1 -3 -9 10 -10 -7 13 -5 -15 -12 -17
right_child=-2 7 -4 12 -6 11 -8 8 9 -11 15 -13 -14 14 -16 16 -18
leaf_value=-0.020184650466926787 0.083462196319511878 0.030022510054272103 0.10284012221097774 0.066333135601928772 -0.14354711726055061 -0.13123068422042775 0.11687211220020266 0.0087138918959698101 -0.043235231192701895 0.0035143521435887942 -0.088443742735726527 -0.019467361526422033 0.08549467070994772 -0.094596726537108239 0.044590756264134328 -0.15144321570569877 -0.16499969396753783
leaf_weight=6.985976763069635 6.1012380868196479 10.485341295599936 6.0270294845104209 8.006387606263166 3.9527049362659445 4.609197720885275 5.0591672360897064 9.0683181136846525 6.2987575680017533 5.9663592278957358 4.0434019044041616 3.5771892070770264 7.5381735563278189 4.5558444038033468 4.6518680974841118 3.9614827856421471 2.940232589840889
leaf_count=32 18 39 17 27 23 28 13 36 33 25 23 16 22 26 17 28 20
internal_value=-0.00010408 -0.00532122 0.014195 0.00327741 -0.0327337 -0.0110837 0.0373815 -0.030405 -0.0500342 -0.0729872 -0.0994567 -0.0823937 0.0384621 0.0178662 -0.0242772 -0.131811 -0.157218
internal_weight=103.829 97.7274 54.9635 48.9365 24.1842 20.2315 12.0451 42.7639 32.2786 23.2102 17.2439 8.18639 24.7523 17.2141 9.20771 10.9451 6.90172
internal_count=443 425 221 204 112 89 45 204 165 129 104 44 92 70 43 71 48
is_linear=0
shrinkage=0.1


Tree=9
num_leaves=17
num_cat=0
split_feature=15 11 15 11 3 14 10 10 10 14 2 14 13 10 3 13
split_gain=3.79619 5.27253 4.45316 4.20584 5.27733 4.44915 3.41251 10.6846 3.21849 2.99401 2.84174 2.54925 2.40646 2.10369 1.95772 2.41599
threshold=96.050000000000011 196.50000000000003 94.050000000000011 32.500000000000007 1.0000000180025095e-35 19.650000000000002 79.500000000000014 70.500000000000014 63.500000000000007 14.81 1.0000000180025095e-35 15.245000000000003 54.000000000000007 80.500000000000014 1.0000000180025095e-35 130.50000000000003
decision_type=2 2 2 2 2 2 2 2 2 2 2 2 2 2 2 2
left_child=1 2 3 6 5 10 7 11 -6 12 -5 14 -9 -10 15 -1
right_child=-2 -3 -4 4 8 -7 -8 9 13 -11 -12 -13 -14 -15 -16 -17
leaf_value=0.058804217045203257 0.057951352353865615 0.092982535020705845 -0.094065679468674279 -0.1653062515114655 0.076275987710893972 0.0069885058042643347 0.059578286236453316 -0.052142414997472665 -0.062515487537479111 -0.0044023533376440303 -0.06553526520595411 -0.022971505274041404 -0.1607754749061196 0.030669209113852122 0.094527316641629486 -0.030978199576916544
leaf_weight=8.8446097373962456 10.146103173494337 5.0385514348745337 6.1779325604438773 4.8286924660205859 4.7968229725956943 4.9041065648198119 11.607010185718535 3.5856947898864728 5.7781608253717405 3.5671972185373297 6.983657993376255 6.1722398176789275 4.7279392257332802 4.1718022674322128 6.7226223945617667 4.5334337800741187
leaf_count=32 33 14 33 33 15 22 39 20 32 16 38 28 32 16 20 20
internal_value=-0.000113073 -0.00648612 -0.0122203 -0.0059951 -0.0346122 -0.0730787 0.0120992 -0.0023447 0.00899204 -0.0810387 -0.10632 0.0332414 -0.113922 -0.0234452 0.0505025 0.0283795
internal_weight=102.587 92.4405 87.4019 81.224 31.4632 16.7165 49.7607 38.1537 14.7468 11.8808 11.8124 26.2729 8.31363 9.94996 20.1007 13.378
internal_count=443 410 396 363 156 93 207 168 63 68 71 100 52 48 72 52
is_linear=0
shrinkage=0.1


Tree=10
num_leaves=18
num_cat=0
split_feature=12 11 12 14 12 13 13 14 14 2 3 13 13 10 10 10 14
split_gain=3.6068 3.82016 3.72678 5.18342 4.18208 4.47458 9.9369 7.2959 5.33545 5.47642 4.19409 3.76927 3.05633 2.70187 2.18301 4.463 1.84231
threshold=368.00000000000006 185.00000000000003 288.50000000000006 7.455000000000001 83.500000000000014 133.49500000000003 115.80000000000001 22.295000000000005 16.505000000000003 1.0000000180025095e-35 1.0000000180025095e-35 130.50000000000003 71.65000000000002 75.500000000000014 65.500000000000014 80.500000000000014 12.690000000000001
decision_type=2 2 2 2 2 2 2 2 2 2 2 2 2 2 2 2 2
left_child=1 2 3 14 11 6 8 16 9 12 -11 -5 -6 -4 -1 -16 -7
right_child=-2 -3 13 4 5 7 -8 -9 -10 10 -12 -13 -14 -15 15 -17 -18
leaf_value=0.071926747872081517 -0.075215420572793706 0.085139772640585018 0.01018115843683691 -0.02581849175482755 -0.12559610028524607 -0.086772488370533321 0.11993290493742464 0.017300916130092291 -0.13380494131499024 -0.028072771072750486 0.089605236143308231 0.07737417685440233 -0.0018387483584126629 0.10869407900467382 -0.05453484600197972 0.072697158158790742 -0.17667084133785146
leaf_weight=9.0935159921646136 6.0168777555227271 5.5484881252050391 6.3604957759380323 7.3219955265521985 5.4064266681671214 4.0998683720827085 4.5191773995757094 4.6079827174544326 4.9793002009391776 6.8082620948553085 5.4555107206106186 6.8521608859300613 3.1629980579018593 4.9512748494744301 5.8153409659862501 5.2422844171524048 5.1344462931156158
leaf_count=29 32 16 28 32 35 24 12 20 31 35 18 22 15 15 28 16 35
internal_value=-0.000124214 0.0046138 -0.000361063 -0.00809382 -0.023195 -0.0383602 -0.0168597 -0.0854728 -0.040809 -0.0185822 0.024276 0.0240676 -0.0799169 0.0533012 0.0356321 0.00578428 -0.136758
internal_weight=101.376 95.3595 89.811 78.4993 58.3481 44.174 30.3317 13.8423 25.8125 20.8332 12.2638 14.1742 8.56942 11.3118 20.1511 11.0576 9.23431
internal_count=443 411 395 352 279 225 146 79 134 103 53 54 50 43 73 44 59
is_linear=0
shrinkage=0.1


Tree=11
num_leaves=18
num_cat=0
split_feature=4 14 12 14 14 12 12 12 12 9 12 10 15 14 15 14 15
split_gain=3.5539 4.63444 4.20298 3.26954 3.52502 4.52585 8.7743 4.04894 5.86846 6.2927 5.37271 3.99827 3.68151 2.40162 2.33448 0.665452 0.369473
threshold=1.0000000180025095e-35 11.510000000000002 72.000000000000014 6.4000000000000012 9.865000000000002 184.50000000000003 238.50000000000003 241.50000000000003 135.50000000000003 1.5000000000000002 348.50000000000006 69.500000000000014 89.850000000000009 8.2800000000000011 92.350000000000009 10.755000000000003 80.550000000000011
decision_type=2 2 2 2 2 2 2 2 2 2 2 2 2 2 2 2 2
left_child=2 -2 15 16 5 13 -7 8 12 -10 14 -11 -6 -5 -9 -1 -4
right_child=1 -3 3 4 7 6 -8 10 9 11 -12 -13 -14 -15 -16 -17 -18
leaf_value=0.038661671937262276 -0.0035824203396980902 -0.12443064771059292 0.060835882444375093 -0.054695639857053446 0.086385932220270134 0.087499869919927864 -0.10224043528934468 0.035932817879083846 0.032443503236306043 -0.047317848497871101 -0.054612743839477312 -0.1697233106140158 -0.030372301053977709 -0.16548961368049531 0.1205457673230827 0.084978926341160221 0.024807271083950991
leaf_weight=6.3686548173427564 8.7551977634429914 4.9774160236120215 7.1273385435342771 4.3140013962984112 6.2433843240141886 5.1026539877057058 4.6657352149486542 7.3993303701281565 5.0943454056978217 5.9275457113981229 4.3751660585403434 4.8535377308726311 4.7590451836585999 3.5800860971212387 5.829859659075737 6.047346755862236 4.738817036151886
leaf_count=23 38 32 23 22 21 17 28 31 22 32 23 34 22 24 15 18 18
internal_value=-0.000128394 -0.0473841 0.00738021 -0.00165208 -0.0108364 -0.0486324 -0.00312695 0.00417116 -0.0202457 -0.0591454 0.0414502 -0.102424 0.0358827 -0.104942 0.0732202 0.061221 0.0464477
internal_weight=100.159 13.7326 86.4268 74.0108 62.1447 17.6625 9.76839 44.4822 26.8779 15.8754 17.6044 10.7811 11.0024 7.89409 13.2292 12.416 11.8662
internal_count=443 70 373 332 291 91 45 200 131 88 69 66 43 46 46 41 41
is_linear=0
shrinkage=0.1


Tree=12
num_leaves=17
num_cat=0
split_feature=15 11 15 11 13 3 14 15 10 12 10 14 11 13 11 13
split_gain=3.01118 3.38786 3.52212 3.73778 3.68835 3.50321 3.11887 3.00257 4.32125 4.62205 3.90875 3.20411 2.70494 2.38621 2.28864 0.559173
threshold=96.050000000000011 196.50000000000003 94.050000000000011 47.500000000000007 114.50000000000001 1.0000000180025095e-35 7.455000000000001 93.250000000000014 69.500000000000014 175.50000000000003 79.500000000000014 15.245000000000003 23.500000000000004 103.50000000000001 20.500000000000004 90.500000000000014
decision_type=2 2 2 2 2 2 2 2 2 2 2 2 2 2 2 2
left_child=1 2 3 6 5 -5 12 8 9 11 14 -8 -1 -11 -10 -16
right_child=-2 -3 -4 4 -6 -7 7 -9 10 13 -12 -13 -14 -15 15 -17
leaf_value=0.00040460398863202722 0.052424870866850742 0.077017756631933748 -0.084263311806572455 -0.16375098801683938 0.0061733468971405742 -0.039475376203341794 0.0075797115013055529 0.07244143568979601 -0.15223076123954865 0.00898354164014184 0.0040522388129335812 -0.11825025138577586 0.084706330135563168 0.095727762261744009 -0.034816288509743172 -0.087957664600791866
leaf_weight=7.073915868997573 9.8167530149221403 4.6661271899938574 6.0144346728920928 3.6903593614697474 7.5302249193191519 5.8861876130104065 5.3782810792326945 4.3776458203792563 3.5381804853677776 5.9715631976723653 8.4878024384379369 3.2444461286067963 8.2393547147512418 6.762500673532486 4.9462937116622907 3.3018423244357109
leaf_count=28 33 14 33 26 35 29 23 14 25 29 36 20 26 20 29 23
internal_value=-0.000139365 -0.00593013 -0.0105136 -0.00485802 -0.0461906 -0.0873655 0.00667243 -0.00633843 -0.0146224 0.0167682 -0.0476893 -0.0397659 0.0457634 0.0550496 -0.0849505 -0.0560895
internal_weight=98.9259 89.1092 84.443 78.4286 17.1068 9.57655 61.3218 46.0086 41.6309 21.3568 20.2741 8.62273 15.3133 12.7341 11.7863 8.24814
internal_count=443 410 396 363 90 55 273 219 205 92 113 43 54 49 77 52
is_linear=0
shrinkage=0.1


Tree=13
num_leaves=19
num_cat=0
split_feature=4 11 12 14 14 12 12 14 14 10 15 14 14 9 15 14 15 10
split_gain=2.81289 4.1059 3.53378 2.48213 3.95619 2.22802 3.70475 4.59446 6.15607 2.76382 3.92234 4.23511 4.24471 4.85541 2.33367 2.01285 1.412 2.3893
threshold=1.0000000180025095e-35 37.500000000000007 92.500000000000014 16.940000000000001 8.8900000000000023 175.50000000000003 146.50000000000003 9.9850000000000012 14.81 47.500000000000007 73.500000000000014 13.685000000000002 15.245000000000003 1.5000000000000002 91.65000000000002 8.4850000000000012 90.050000000000011 72.500000000000014
decision_type=2 2 2 2 2 2 2 2 2 2 2 2 2 2 2 2 2 2
left_child=2 15 3 4 -1 6 7 -4 -9 -7 -11 16 -13 -14 -8 -2 17 -12
right_child=1 -3 5 -5 -6 9 14 8 -10 10 11 12 13 -15 -16 -17 -18 -19
leaf_value=0.067399093911838237 0.032428790168239956 -0.12374366826527844 -0.067104523997053744 0.099757665534503936 -0.04667143802322736 0.061293851135884786 -0.13462800996695104 0.10217305566533781 -0.058558076837311693 0.060103709258294252 -0.045658156473689468 0.083272921247460011 0.056327516384149345 -0.086538834835582057 -0.024526199032362 -0.063558537462411871 -0.013761870336734606 -0.16090126744622099
leaf_weight=7.3993808329105395 5.6055147349834424 4.2616205960512152 6.4906638115644517 5.7707069963216773 5.1610816866159439 8.3611923903226835 4.2808538898825637 6.2348564267158491 3.8569751083850861 7.5904997587203971 4.2417968809604663 5.3859141021966925 4.0668105557560903 5.7313368171453476 3.4982228577136993 3.5798495635390282 3.0646657645702362 3.1239914074540138
leaf_count=24 21 28 35 17 24 30 29 19 22 25 25 20 15 34 17 21 15 22
internal_value=-0.000146264 -0.0426191 0.00663203 0.0454695 0.0205276 -0.0041667 -0.0281795 -0.00146996 0.0407436 0.00990698 -0.0030325 -0.021742 0.0119593 -0.0272409 -0.0851156 -0.00498074 -0.0708025 -0.0945353
internal_weight=97.7059 13.447 84.2589 18.3312 12.5605 65.9278 24.3616 16.5825 10.0918 41.5662 33.205 25.6145 15.1841 9.79815 7.77908 9.18536 10.4305 7.36579
internal_count=443 70 373 65 48 308 122 76 41 186 156 131 69 49 46 42 62 47
is_linear=0
shrinkage=0.1


Tree=14
num_leaves=18
num_cat=0
split_feature=12 11 11 13 13 0 13 12 10 15 13 14 13 13 12 12 14
split_gain=2.47815 2.45689 2.95075 3.67939 4.46837 6.30587 3.72636 4.87191 4.48209 5.08711 3.07776 3.89699 2.92286 2.87091 1.59315 1.06372 0.10159
threshold=368.00000000000006 13.500000000000002 18.500000000000004 255.00000000000003 108.50000000000001 1.0000000180025095e-35 37.850000000000009 151.50000000000003 62.500000000000007 91.950000000000017 186.00000000000003 22.295000000000005 133.49500000000003 48.500000000000007 211.50000000000003 153.50000000000003 9.4350000000000005
decision_type=2 2 2 2 2 2 2 2 2 2 2 2 2 2 2 2 2
left_child=1 -1 12 4 5 6 7 -4 -8 16 14 -12 -3 -7 15 -6 -10
right_child=-2 2 3 -5 10 13 8 -9 9 -11 11 -13 -14 -15 -16 -17 -18
leaf_value=-0.072905736927287829 -0.063514039405805287 0.075887052256811777 0.067088834673682082 -0.088350450609913159 0.054288655881464198 -0.016481237796936065 -0.0033212646466827763 -0.063289786317137192 -0.16993940955816078 -0.0017831054856530611 -0.083562146320313502 0.057661997111930346 -0.020700003554481726 0.077833656530414352 0.0057181552941570008 0.11098023210236051 -0.14649703041927858
leaf_weight=3.9813938513398162 5.8007883578538886 10.687597595155237 5.6026729270815867 4.5223260447382918 8.6550491154193931 5.3576830327510825 5.7352336794137981 5.8677333891391754 3.5052555724978429 2.9215211495757103 4.0370346754789344 3.7867333441972733 4.4324317723512641 8.117210388183592 4.194518916308879 5.3590315952897063 3.9115087017416954
leaf_count=21 32 36 19 27 32 26 25 35 24 14 26 14 19 29 19 16 29
internal_value=-0.000148242 0.00390549 0.00743304 -0.00104651 0.00484178 -0.0157236 -0.0431476 0.000393116 -0.0742192 -0.11355 0.0372463 -0.0152091 0.0475726 0.0403336 0.0597851 0.0759677 -0.157576
internal_weight=96.4757 90.6749 86.6935 71.5735 67.0512 41.0188 27.5439 11.4704 16.0735 10.3383 26.0324 7.82377 15.12 13.4749 18.2086 14.0141 7.41676
internal_count=443 411 390 335 308 201 146 54 92 67 107 40 55 55 67 48 53
is_linear=0
shrinkage=0.1


Tree=15
num_leaves=19
num_cat=0
split_feature=4 11 12 14 12 12 15 10 12 13 9 10 12 1 11 14 11 15
split_gain=2.3131 3.3382 2.69457 2.22996 2.90335 3.19962 3.21012 2.72778 2.41665 2.37748 3.45048 3.05095 2.3156 2.14909 1.53878 0.515969 0.515923 0.328276
threshold=1.0000000180025095e-35 37.500000000000007 72.000000000000014 6.4000000000000012 189.50000000000003 135.50000000000003 90.950000000000017 64.500000000000014 114.50000000000001 80.500000000000014 2.5000000000000004 53.500000000000007 260.50000000000006 1.0000000180025095e-35 24.500000000000004 10.755000000000003 35.500000000000007 80.550000000000011
decision_type=2 2 2 2 2 2 2 2 2 2 2 2 2 2 2 2 2 2
left_child=2 14 15 17 5 7 16 -5 -9 10 13 -11 -13 -6 -2 -1 -7 -4
right_child=1 -3 3 4 9 6 -8 8 -10 11 -12 12 -14 -15 -16 -17 -18 -19
leaf_value=0.030376964859477291 -0.043669531260526133 -0.11388470930202806 0.052798106154844177 0.050706970871185392 -0.1138658751279303 -0.15068803551817406 -0.020071375818155202 -0.093173229576670055 0.011535397697725486 0.087357859012221983 0.035243232337356337 -0.046306022936663319 0.040689893170346256 -0.0049502354694794509 0.039276073513060797 0.072324051447882662 -0.091408631470188975 0.018318504930657023
leaf_weight=6.1492076963186246 4.805974639952181 4.1072414293885222 6.884616091847418 5.8068492338061359 4.230683505535124 3.297568276524542 5.8771698176860809 4.1449155956506711 4.7076229751110077 6.7625460773706463 5.9117516055703163 5.2874483838677389 7.2615185379981995 3.168408565223217 4.1835582032799721 5.6054503172636032 2.6464444920420647 4.6105136126279831
leaf_count=23 24 28 23 21 31 25 29 24 22 20 26 30 30 15 18 18 18 18
internal_value=-0.000157672 -0.0391938 0.00605036 -0.00133063 -0.00916862 -0.0337688 -0.0724779 -0.00255421 -0.037491 0.0108001 -0.0217166 0.0332129 0.00403457 -0.0672265 -0.00506822 0.0503803 -0.124295 0.0389689
internal_weight=95.4495 13.0968 82.3527 70.5981 59.1029 26.4806 11.8212 14.6594 8.85254 32.6224 13.3108 19.3115 12.549 7.39909 8.98953 11.7547 5.94401 11.4951
internal_count=443 70 373 332 291 139 72 67 46 152 72 80 60 46 42 41 43 41
is_linear=0
shrinkage=0.1


Tree=16
num_leaves=19
num_cat=0
split_feature=15 11 10 11 14 6 13 14 12 15 10 3 14 14 11 15 13 14
split_gain=2.17167 2.45321 3.05618 3.27182 2.72714 3.09619 2.23294 5.92174 4.14677 5.35194 2.43762 1.87843 2.26084 1.84213 1.6141 1.42982 2.48608 1.28564
threshold=96.050000000000011 196.50000000000003 81.500000000000014 88.000000000000014 6.4600000000000009 1.0000000180025095e-35 170.50000000000003 15.050000000000002 79.000000000000014 91.750000000000014 69.500000000000014 1.0000000180025095e-35 13.105000000000002 10.105000000000002 29.500000000000004 91.950000000000017 114.50000000000001 5.5550000000000006
decision_type=2 2 2 2 2 2 2 2 2 2 2 2 2 2 2 2 2 2
left_child=1 2 3 4 17 6 8 -8 -6 10 11 12 -10 -12 -7 16 -4 -1
right_child=-2 -3 15 -5 5 14 7 -9 9 -11 13 -13 -14 -15 -16 -17 -18 -19
leaf_value=-0.00022857265067474753 0.045486037714601489 0.068112531942555399 -0.031322509669948394 -0.10047460768033478 0.076047120481009312 -0.044235460907352607 -0.15990884240529424 0.0080003949891780998 -0.047039265089409782 -0.12119786806360971 -0.091334281735014372 0.072918847352893681 0.053318136462832913 -0.0036437340282364596 -0.14665018246423722 0.075674000859882018 0.066942203456471353 0.068977712394222054
leaf_weight=5.5586351901292783 9.3838101774454099 4.3303909897804251 6.0953895002603513 4.5434902086853972 5.7576316371560088 3.6079159229993811 3.454934209585188 5.357321709394455 4.8963330015540176 4.2036940678954116 3.8418814614415151 5.5397892519831649 4.1451539322733879 6.3636099323630333 2.6834717616438866 4.8732096254825583 4.4574697986245155 5.1910612136125565
leaf_count=23 33 14 30 28 19 19 27 27 27 29 28 19 16 36 21 15 15 17
internal_value=-0.000164219 -0.00520976 -0.00915056 -0.0186279 -0.0124916 -0.0223424 -0.0128713 -0.0578301 -0.00146953 -0.0168647 0.000829646 0.0270653 -0.00102948 -0.036655 -0.0879185 0.0308728 0.010184 0.0331914
internal_weight=94.2852 84.9014 80.571 65.1449 60.6014 49.8517 43.5603 8.81226 34.7481 28.9905 24.7868 14.5813 9.04149 10.2055 6.29139 15.4261 10.5529 10.7497
internal_count=443 410 396 336 308 268 228 54 174 155 126 62 43 64 40 60 45 40
is_linear=0
shrinkage=0.1


Tree=17
num_leaves=15
num_cat=0
split_feature=12 12 13 14 13 2 13 13 1 9 0 12 0 12
split_gain=2.08047 2.31799 3.83913 5.70571 2.92247 5.02755 7.44456 5.88687 3.66335 2.72792 1.69965 2.08509 1.13772 1.01495
threshold=368.00000000000006 303.50000000000006 186.00000000000003 22.295000000000005 108.50000000000001 1.0000000180025095e-35 75.500000000000014 70.000000000000014 1.0000000180025095e-35 2.5000000000000004 1.0000000180025095e-35 121.50000000000001 1.0000000180025095e-35 156.50000000000003
decision_type=2 2 2 2 2 2 2 2 2 2 2 2 2 2
left_child=1 2 4 9 5 7 10 8 -1 -4 11 -7 13 -6
right_child=-2 -3 3 -5 12 6 -8 -9 -10 -11 -12 -13 -14 -15
leaf_value=-0.047063196534790304 -0.059147201563259567 0.052970825096789978 -0.17097676154330221 0.037129983523789274 0.027945328830015093 0.062079992423256174 -0.092848464378511977 0.017402016183469503 -0.16650072940689406 -0.050088772224853098 0.076941638280735788 -0.018692480416940199 0.0046997678502738284 0.081542577387940074
leaf_weight=6.3848553895950335 5.620848521590232 8.5816912204027158 3.5335359275341016 4.3259391635656357 7.0813599675893801 6.3255277127027547 4.7362774163484564 8.2388066425919515 4.2957926653325558 3.9570429176092148 9.6029501855373383 6.4596456363797188 6.7174918279051772 7.0512295737862587
leaf_count=37 32 34 26 19 29 22 30 37 31 24 33 36 30 23
internal_value=-0.000177532 0.0036196 -0.0017611 -0.0543082 0.00752112 -0.00654419 0.0210531 -0.0461098 -0.0951014 -0.107115 0.0451493 0.0212701 0.038582 0.0546868
internal_weight=92.913 87.2921 78.7105 11.8165 66.8939 46.0439 27.1244 18.9195 10.6806 7.49058 22.3881 12.7852 20.8501 14.1326
internal_count=443 411 377 69 308 226 121 105 68 50 91 58 82 52
is_linear=0
shrinkage=0.1


Tree=18
num_leaves=19
num_cat=0
split_feature=15 11 15 10 10 13 5 13 15 5 13 10 11 1 10 13 14 13
split_gain=1.78884 2.03685 2.94114 2.3629 3.85823 5.0597 3.62306 3.65885 6.69715 2.58688 2.01584 1.99808 1.67009 1.60032 1.20728 1.07071 0.776598 0.279556
threshold=96.050000000000011 196.50000000000003 94.050000000000011 81.500000000000014 70.500000000000014 90.500000000000014 1.0000000180025095e-35 60.500000000000007 79.200000000000003 1.0000000180025095e-35 140.50000000000003 58.500000000000007 36.500000000000007 1.0000000180025095e-35 63.500000000000007 114.50000000000001 14.81 103.50000000000001
decision_type=2 2 2 2 2 2 2 2 2 2 2 2 2 2 2 2 2 2
left_child=1 2 3 4 6 9 7 8 -1 12 17 -12 -6 -8 -10 -5 -7 -9
right_child=-2 -3 -4 15 5 16 13 10 14 -11 11 -13 -14 -15 -16 -17 -18 -19
leaf_value=0.05299009824858162 0.041703356721745098 0.063216994321529343 -0.077648491338876385 0.010998061078289847 -0.07697794244350778 -0.14294109212556114 -0.0087360034105588603 0.057955988067452641 -0.14891269302694621 0.055057368684676658 -0.032502337743070125 0.059696103028347172 0.014466980002027507 -0.10271731916132971 -0.05642472051000047 0.067262920891002026 -0.073505420700896565 0.088873629958031691
leaf_weight=5.4540318921208364 9.1784219145774824 4.1777183264493933 5.6955082044005385 8.322546184062956 5.2178733721375483 4.3298222310841075 3.4767756611108771 6.2129422351717967 2.8055751174688339 4.070329137146472 5.0454547554254514 4.4006833136081696 3.2356837838888168 3.7836308404803276 2.840085007250309 5.697620525956153 2.5649664402008057 5.5254477858543396
leaf_count=19 33 14 33 36 36 36 17 24 24 17 24 20 16 24 17 19 17 17
internal_value=-0.000184571 -0.00482469 -0.00843759 -0.00303648 -0.0118105 -0.0483142 0.00611496 0.0204692 -0.0260392 -0.01044 0.0448374 0.0104503 -0.0419765 -0.0577127 -0.102386 0.0338634 -0.11711 0.0725094
internal_weight=92.0351 82.8567 78.679 72.9835 58.9633 19.4187 39.5446 32.2842 11.0997 12.5239 21.1845 9.44614 8.45356 7.26041 5.64566 14.0202 6.89479 11.7384
internal_count=443 410 396 363 308 122 186 145 60 69 85 44 52 41 41 55 53 41
is_linear=0
shrinkage=0.1


Tree=19
num_leaves=17
num_cat=0
split_feature=12 12 4 11 15 15 13 14 3 11 2 15 15 0 12 13
split_gain=1.82671 8.37585 3.55413 6.19631 2.47284 4.46784 2.52357 3.0101 2.75125 3.36118 3.92029 3.05557 3.0186 2.90818 2.15514 0.262949
threshold=37.500000000000007 47.500000000000007 1.0000000180025095e-35 29.500000000000004 96.050000000000011 94.050000000000011 17.120000000000001 25.020000000000003 1.0000000180025095e-35 21.500000000000004 1.0000000180025095e-35 81.800000000000026 85.550000000000011 1.0000000180025095e-35 246.50000000000003 91.90000000000002
decision_type=2 2 2 2 2 2 2 2 2 2 2 2 2 2 2 2
left_child=-1 -2 4 -4 5 6 -3 8 9 12 15 -10 -8 -12 -13 -11
right_child=1 2 3 -5 -6 -7 7 -9 11 10 13 14 -14 -15 -16 -17
leaf_value=-0.062698418484081364 0.13166113114712102 0.058669284514020675 0.0078734753024454415 -0.15742580634849282 0.055905221780009506 -0.10009473056311967 -0.042517888778622275 0.066672823934627604 0.058353518006584032 -0.14880057242139119 -0.078860236113346263 -0.059495724203218907 0.064522442666872112 0.026789270403890477 0.028605835861974405 -0.10619276968680541
leaf_weight=4.4468767866492263 4.7812041640281668 7.3245470076799384 5.3014426901936513 3.96287926658988 7.8604827970266333 4.4576433673501006 5.2899079248309153 5.4085852131247512 9.1813020482659358 2.9236318543553361 5.1196984574198723 6.1113599762320501 5.2485524788498878 5.3055113703012466 5.0883457586169243 2.8705204650759697
leaf_count=23 13 31 25 32 27 28 26 19 35 25 36 37 20 22 23 21
internal_value=-0.000197061 0.00302592 -0.0045247 -0.0628345 0.00295833 -0.00351129 0.00367963 -0.00398534 -0.0120925 -0.0331769 -0.0617457 0.0155889 0.0107923 -0.025094 -0.0194687 -0.127692
internal_weight=90.6825 86.2356 81.4544 9.26432 72.1901 64.3296 59.872 52.5474 47.1388 26.7578 16.2194 20.381 10.5385 10.4252 11.1997 5.79415
internal_count=443 420 407 57 350 323 295 264 245 150 104 95 46 58 60 46
is_linear=0
shrinkage=0.1


Tree=20
num_leaves=17
num_cat=0
split_feature=12 11 12 13 14 11 12 14 15 11 2 13 12 14 14 13
split_gain=1.7401 2.03206 2.48643 3.4093 5.90848 2.54268 2.59809 4.2638 2.60921 2.48604 1.99172 5.39689 3.68421 2.13904 1.57829 1.97815
threshold=368.00000000000006 13.500000000000002 288.50000000000006 200.50000000000003 22.295000000000005 185.00000000000003 42.500000000000007 13.945000000000002 91.65000000000002 28.500000000000004 1.0000000180025095e-35 78.90000000000002 145.00000000000003 11.435000000000002 6.1300000000000008 65.000000000000014
decision_type=2 2 2 2 2 2 2 2 2 2 2 2 2 2 2 2
left_child=1 -1 3 5 -5 6 -3 10 -9 -10 11 12 -8 14 -12 -16
right_child=-2 2 -4 4 -6 -7 7 8 9 -11 13 -13 -14 -15 15 -17
leaf_value=-0.068843202243121834 -0.055139031237556008 -0.078548358170769383 0.055516964435484352 -0.13008412856362184 0.040348110099791751 0.081478482897870463 0.012105025924932617 -0.090733549554491685 0.044888112748580226 -0.058332302765098855 0.064182402921946755 0.055263681941377665 -0.12709398925397927 0.10047995772820224 0.038706897676966404 -0.045947396226049292
leaf_weight=3.7274874225258818 5.4170383363962165 3.6775720566511145 9.2292297407984716 4.9143586307764036 3.4706228896975517 4.4199683517217627 3.5545181483030301 5.6547612100839606 4.859012268483637 4.4889697879552841 7.3257196098566117 7.9682913646101952 4.0883349478244781 5.1789961084723464 6.8895898014307004 4.6055550277233124
leaf_count=21 32 19 38 39 16 14 18 39 19 27 25 31 32 20 29 24
internal_value=-0.000204664 0.00333574 0.00668519 0.000346183 -0.0595406 0.00835351 0.00280877 0.00828718 -0.0371143 -0.00467909 0.0254831 -0.00232002 -0.0623557 0.0435681 0.0279075 0.00478997
internal_weight=89.47 84.053 80.3255 71.0963 8.38498 62.7113 58.2913 54.6137 15.0027 9.34798 39.611 15.6111 7.64285 23.9999 18.8209 11.4951
internal_count=443 411 390 352 55 297 283 264 85 46 179 81 50 98 78 53
is_linear=0
shrinkage=0.1


Tree=21
num_leaves=18
num_cat=0
split_feature=4 13 12 3 12 12 13 13 13 13 12 14 14 14 13 1 14
split_gain=1.48342 2.85613 1.95797 1.85568 2.36549 3.16349 2.8214 3.96028 2.2472 4.01974 1.7519 2.99778 1.55943 2.76326 1.46688 1.14716 0.897732
threshold=1.0000000180025095e-35 81.500000000000014 92.500000000000014 1.0000000180025095e-35 339.00000000000006 303.50000000000006 150.50000000000003 118.50000000000001 75.500000000000014 43.500000000000007 206.50000000000003 12.575000000000001 16.940000000000001 8.8900000000000023 200.50000000000003 1.0000000180025095e-35 13.945000000000002
decision_type=2 2 2 2 2 2 2 2 2 2 2 2 2 2 2 2 2
left_child=2 -2 12 4 5 6 7 8 9 -4 11 -5 13 -1 -8 -12 -17
right_child=1 -3 3 10 -6 -7 14 -9 -10 -11 15 -13 -14 -15 -16 16 -18
leaf_value=0.056207967420658637 -0.092624917658250497 0.0066967524966604396 -0.061725113508123514 0.025441039247158459 -0.10419069030078272 0.076255422947183127 -0.034750067459347514 0.078534285562315245 -0.090269299610522213 0.052837352928855899 0.071926916478738237 -0.088769506793362984 0.082346434312272926 -0.043825788636738194 -0.12436705817037591 -0.013377592251946659 0.051745624327854928
leaf_weight=6.74211683124304 4.8018758893012983 7.2919356115162373 6.1578760370612233 6.5380265563726443 2.9347852803766719 3.7242291793227187 4.0733124539256087 4.6342650949954978 4.10058969259262 6.0935138165950775 6.2459338679909679 3.5439321547746658 4.9694070518016806 4.6769547089934349 3.311223279684782 4.7603504955768585 3.8117304518818855
leaf_count=24 33 37 38 28 21 13 21 16 28 27 24 25 17 24 27 25 15
internal_value=-0.000199828 -0.0327391 0.00495653 -0.00341948 -0.0182553 -0.0103973 -0.0217722 -0.00306578 -0.0261918 -0.00474481 0.0174518 -0.0147054 0.0355861 0.0152367 -0.0749343 0.0393311 0.0155806
internal_weight=88.4121 12.0938 76.3182 59.9298 35.0298 32.095 28.3708 20.9862 16.352 12.2514 24.9 10.082 16.3885 11.4191 7.38454 14.818 8.57208
internal_count=443 70 373 308 191 170 157 109 93 65 117 53 65 48 48 64 40
is_linear=0
shrinkage=0.1


Tree=22
num_leaves=15
num_cat=0
split_feature=12 4 11 15 15 13 14 13 10 9 2 10 15 11
split_gain=1.41507 2.78925 5.04174 2.07554 3.7874 2.02712 2.61935 2.04828 1.94365 1.98894 5.68941 2.04355 1.69266 1.34207
threshold=47.500000000000007 1.0000000180025095e-35 29.500000000000004 96.050000000000011 94.050000000000011 17.120000000000001 25.020000000000003 30.360000000000003 49.500000000000007 2.5000000000000004 1.0000000180025095e-35 69.500000000000014 83.15000000000002 48.500000000000007
decision_type=2 2 2 2 2 2 2 2 2 2 2 2 2 2
left_child=-1 3 -3 4 5 -2 7 -7 -9 10 11 -10 -11 -14
right_child=1 2 -4 -5 -6 6 -8 8 9 12 -12 -13 13 -15
leaf_value=0.037603468952878936 0.052614225592819176 0.0055464573425488941 -0.14816287932296834 0.051824040732861801 -0.094735994919518354 -0.069490712572560051 0.062784057946314212 0.039715520286383921 0.036625353757632241 0.044847561485938353 -0.15509252643033014 -0.04819877987784367 -0.047476903986963338 0.029104486155032597
leaf_weight=8.8975788652896863 7.1907626166939727 5.2069360241293889 3.6157535240054131 7.5280133038759223 4.2632990628480902 5.4295636825263491 5.2441557943820944 8.0977956056594831 5.3987032249569911 7.2325757220387485 3.4187001101672641 5.9930341467261314 6.1420269757509214 3.6472736299037933
leaf_count=36 31 25 32 27 28 35 19 33 24 28 29 39 39 18
internal_value=-0.000189655 -0.00447831 -0.0574474 0.00223756 -0.00377759 0.00293208 -0.00412771 -0.0118636 -0.00402762 -0.0151554 -0.041953 -0.00799944 0.00816073 -0.0189444
internal_weight=87.3062 78.4086 8.82269 69.5859 62.0579 57.7946 50.6038 45.3597 39.9301 31.8323 14.8104 11.3917 17.0219 9.7893
internal_count=443 407 57 350 323 295 264 245 210 177 92 63 85 57
is_linear=0
shrinkage=0.1


Tree=23
num_leaves=17
num_cat=0
split_feature=12 12 4 11 15 15 13 14 3 11 15 9 12 13 9 5
split_gain=1.6018 6.95466 2.33424 4.47943 1.71311 3.13322 1.64806 2.15454 1.99952 2.73199 2.24062 2.14671 1.43356 1.40669 1.14399 0.730242
threshold=37.500000000000007 47.500000000000007 1.0000000180025095e-35 29.500000000000004 96.050000000000011 94.050000000000011 17.120000000000001 25.020000000000003 1.0000000180025095e-35 19.500000000000004 81.800000000000026 1.5000000000000002 246.50000000000003 118.50000000000001 1.0000000180025095e-35 1.0000000180025095e-35
decision_type=2 2 2 2 2 2 2 2 2 2 2 2 2 2 2 2
left_child=-1 -2 4 -4 5 6 -3 8 9 -8 -10 14 -12 15 -11 -13
right_child=1 2 3 -5 -6 -7 7 -9 10 11 12 13 -14 -15 -16 -17
leaf_value=-0.059644661772856981 0.12348280200104307 0.04745678578835804 0.004992098141536735 -0.14271196886006585 0.04743974699788376 -0.087038984177160161 0.020448906129829914 0.057302799927801053 0.050363959520726025 -0.051650447566793024 -0.051146583828091154 -0.02323445670351473 0.022317699536068068 0.016196476300474126 -0.14210159194638208 -0.086361261925196733
leaf_weight=4.3077063187956801 4.5203326791524878 7.1757852509617797 5.2066508159041387 3.3901127409189939 7.4078859984874716 4.1806924343109122 7.6528420969843891 5.174946963787078 8.85666621476412 2.5200732760131386 5.8213527649641019 3.7244005203247053 4.885317325592041 4.6116539537906647 3.1411783769726753 3.6073831357061863
leaf_count=23 13 31 25 32 27 28 34 19 35 17 37 20 23 26 30 23
internal_value=-0.000209037 0.00291797 -0.0041272 -0.0532546 0.00201497 -0.00346977 0.00264126 -0.00379101 -0.0108448 -0.0294335 0.0131544 -0.0511176 -0.0176258 -0.027076 -0.101838 -0.0542941
internal_weight=86.185 81.8773 77.3569 8.59676 68.7602 61.3523 57.1716 49.9958 44.8209 25.2575 19.5633 17.6047 10.7067 11.9434 5.66125 7.33178
internal_count=443 420 407 57 350 323 295 264 245 150 95 116 60 69 47 43
is_linear=0
shrinkage=0.1


Tree=24
num_leaves=19
num_cat=0
split_feature=6 12 11 11 0 15 15 15 15 12 11 10 14 10 13 13 10 12
split_gain=1.45225 2.4852 1.70322 2.11846 3.48847 2.03079 2.29777 1.97198 3.96547 1.61977 3.16205 1.97174 1.58727 1.23472 2.88297 1.18288 0.848363 0.376932
threshold=1.0000000180025095e-35 180.50000000000003 185.00000000000003 58.000000000000007 1.0000000180025095e-35 96.050000000000011 94.050000000000011 90.950000000000017 89.65000000000002 213.50000000000003 30.250000000000004 64.500000000000014 10.755000000000003 83.500000000000014 37.850000000000009 108.50000000000001 69.500000000000014 124.50000000000001
decision_type=2 2 2 2 2 2 2 2 2 2 2 2 2 2 2 2 2 2
left_child=2 12 3 5 -5 6 7 8 9 11 16 -1 -2 14 -13 -16 -11 -9
right_child=1 -3 -4 4 -6 -7 -8 17 -10 10 -12 13 -14 -15 15 -17 -18 -19
leaf_value=0.064262541411436266 -0.033206937307606835 0.01689245946393023 0.066627710809803425 -0.096003579759397967 0.028343240183058439 0.064574331522215617 -0.07338739457375236 0.062541003230865755 -0.1029560513467708 0.038633384299029121 -0.10716654050897512 0.049636808473197874 -0.13748980084454582 0.049056480109031082 -0.10473275278273589 -0.016146745648333211 -0.019879078960508903 0.027494041382416234
leaf_weight=7.6730267256498363 3.4059635698795301 5.1613357476890087 4.2091268375515929 5.3388954401016218 3.9073079563677311 5.7311302423477164 3.7641152739524832 5.1443727090954763 3.6469735465943804 4.5666496828198415 3.2133185341954222 3.8727173134684545 2.554089717566967 3.8483893349766722 3.0484990328550339 2.981600072234869 5.4174830317497253 7.6058239080011845
leaf_count=26 18 26 15 37 19 20 24 21 29 19 27 17 22 14 22 20 31 36
internal_value=-0.000213493 -0.0339054 0.00485213 0.00112477 -0.0434565 0.00793653 0.00201135 0.00757419 -0.00377391 0.00667372 -0.0208851 0.0236501 -0.0778958 0.000988781 -0.0176911 -0.0609311 0.00688398 0.0416346
internal_weight=85.0908 11.1214 73.9694 69.7603 9.2462 60.5141 54.783 51.0189 38.2687 34.6217 13.1975 21.4242 5.96005 13.7512 9.90282 6.0301 9.98413 12.7502
internal_count=443 66 377 362 56 306 286 262 205 176 77 99 40 73 59 42 50 57
is_linear=0
shrinkage=0.1


Tree=25
num_leaves=16
num_cat=0
split_feature=12 11 12 13 14 11 12 14 15 10 2 13 12 14 14
split_gain=1.34671 1.83379 1.91347 2.55277 4.82954 2.0859 2.05623 3.33466 1.99641 1.89945 1.51515 4.13428 3.11041 1.40398 1.85687
threshold=368.00000000000006 13.500000000000002 288.50000000000006 200.50000000000003 22.295000000000005 185.00000000000003 42.500000000000007 13.945000000000002 91.65000000000002 73.500000000000014 1.0000000180025095e-35 78.90000000000002 145.00000000000003 9.6700000000000017 6.1300000000000008
decision_type=2 2 2 2 2 2 2 2 2 2 2 2 2 2 2
left_child=1 -1 3 5 -5 6 -3 10 -9 -10 11 12 -8 14 -12
right_child=-2 2 -4 4 -6 -7 7 8 9 -11 13 -13 -14 -15 -16
leaf_value=-0.06785411879697871 -0.049696021815402364 -0.070879707616285134 0.050310038162754367 -0.12163218858735747 0.039701185364484415 0.076086121700501372 0.012079630917026768 -0.084150041602089429 -0.056873503866776282 0.037277152176272053 0.05591408271697116 0.049376030895633652 -0.12077260229552018 0.070035506166773814 -0.017340953225521271
leaf_weight=3.4881665706634513 5.1626369766890994 3.5779211893677703 8.7371588051319105 4.4218846336007109 3.1969837918877602 4.1328243166208258 3.3840931430459005 5.1052539348602286 3.9112936556339246 4.7390965595841408 6.9029887020587939 7.5397065579891205 3.6772895716130733 8.9394911639392358 6.9381009787321091
leaf_count=21 32 19 38 39 16 14 18 39 26 20 25 31 32 37 36
internal_value=-0.000218986 0.00302697 0.00631463 0.000531379 -0.0539344 0.00758289 0.00240862 0.00753638 -0.0345601 -0.00529328 0.023027 -0.00212015 -0.0571046 0.0391449 0.0191936
internal_weight=83.8549 78.6923 75.2041 66.4669 7.61887 58.8481 54.7152 51.1373 13.7556 8.65039 37.3817 14.6011 7.06138 22.7806 13.8411
internal_count=443 411 390 352 55 297 283 264 85 46 179 81 50 98 61
is_linear=0
shrinkage=0.1


Tree=26
num_leaves=17
num_cat=0
split_feature=10 10 5 11 5 15 13 15 15 11 5 12 12 11 10 14
split_gain=1.22521 2.40926 3.95756 2.71099 3.67534 2.95092 2.26814 3.83442 2.07894 1.84589 1.57571 3.53392 1.38004 3.0021 1.90519 1.64475
threshold=80.500000000000014 74.500000000000014 1.0000000180025095e-35 157.50000000000003 1.0000000180025095e-35 87.850000000000009 46.500000000000007 85.550000000000011 91.350000000000009 16.250000000000004 1.0000000180025095e-35 206.50000000000003 213.50000000000003 25.500000000000004 54.500000000000007 14.150000000000002
decision_type=2 2 2 2 2 2 2 2 2 2 2 2 2 2 2 2
left_child=1 3 8 4 6 -6 7 -1 -3 -8 11 -2 13 -11 -14 -15
right_child=10 2 -4 -5 5 -7 9 -9 -10 12 -12 -13 14 15 -16 -17
leaf_value=0.011452861468208238 -0.048929917072296956 -0.14105954120737077 0.040179644734534413 0.08056089452988642 -0.1258767367468667 -0.012939063285848075 0.074824318457976297 -0.11668583027827223 -0.029940679010417744 -0.033980509969722628 0.068478179265691982 0.056491998266388746 0.027621947553167037 0.080101669210505932 -0.076445927362300325 0.004041733195836286
leaf_weight=6.8846573866903764 6.3689332380890864 3.9880782738327962 3.2150042057037354 4.0337929725646964 4.013234004378317 5.4627117961645126 5.4399172514677074 3.5340205878019333 2.9139234498143196 5.8382892049849096 5.3288494646549216 6.3501605167984962 3.3547900468111029 7.9766863584518415 3.6986201573163271 4.4176010191440582
leaf_count=34 35 37 14 15 30 33 19 30 17 32 19 27 14 32 28 27
internal_value=-0.000213115 -0.00663352 -0.0514602 0.00166431 -0.00462271 -0.0607702 0.00830853 -0.0320118 -0.0941468 0.0219805 0.0228287 0.00370324 0.010612 0.0251425 -0.0269485 0.0529922
internal_weight=82.8193 64.7713 10.117 54.6543 50.6205 9.47595 41.1446 10.4187 6.902 30.7259 18.0479 12.7191 25.286 18.2326 7.05341 12.3943
internal_count=443 362 68 294 279 63 216 64 54 152 81 62 133 91 42 59
is_linear=0
shrinkage=0.1


Tree=27
num_leaves=19
num_cat=0
split_feature=12 12 4 11 12 3 14 14 14 12 2 14 10 15 10 11 12 11
split_gain=1.16896 5.94749 1.87773 3.55493 1.20194 1.40399 2.37247 3.15975 3.43834 3.44914 2.79803 4.06381 2.63664 1.33307 3.00047 2.64612 1.27322 0.91296
threshold=37.500000000000007 47.500000000000007 1.0000000180025095e-35 29.500000000000004 72.000000000000014 1.0000000180025095e-35 25.020000000000003 14.410000000000002 11.805000000000001 237.50000000000003 1.0000000180025095e-35 7.455000000000001 64.500000000000014 77.800000000000011 84.500000000000014 47.500000000000007 270.00000000000006 27.500000000000004
decision_type=2 2 2 2 2 2 2 2 2 2 2 2 2 2 2 2 2 2
left_child=-1 -2 4 -4 -3 6 7 8 9 10 -6 -12 -9 -7 15 16 17 -15
right_child=1 2 3 -5 5 13 -8 12 -10 -11 11 -13 -14 14 -16 -17 -18 -19
leaf_value=-0.052394833239462757 0.11709102377545139 0.051743096407888205 0.0015975861839045886 -0.13625820970693128 -0.076099190096136096 0.051916299229728118 0.042409614208303775 -0.025871181800884227 0.059888287733959635 -0.1168074369471617 0.080009643230094379 -0.046055964642751065 -0.15869550057081439 -0.062399983768876871 0.074324122129835649 -0.10385269701853705 0.045092135152973556 0.013300190569763113
leaf_weight=4.0788511261343947 4.2814159318804732 4.4272151961922637 5.0059814117848864 2.9866252783685923 4.35528055205942 7.289158686995509 5.9958289042115203 3.0236614458262911 5.407422797754406 3.7209419608116141 5.3348067402839661 4.9109527133405209 2.955128587782383 3.3211774975061434 4.2655223682522765 3.0492694191634646 4.1448808535933495 3.0619707554578781
leaf_count=23 13 18 25 32 30 27 24 21 25 28 18 34 27 22 15 25 18 18
internal_value=-0.000215445 0.00252945 -0.00416606 -0.0499155 0.00143674 -0.0022242 -0.0149697 -0.0265502 -0.0101801 -0.0308596 -0.00895662 0.0195844 -0.0915221 0.0158828 0.00116244 -0.0218225 0.00193625 -0.0260869
internal_weight=81.6161 77.5372 73.2558 7.99261 65.2632 60.836 35.704 29.7082 23.7294 18.322 14.601 10.2458 5.97879 25.132 17.8428 13.5773 10.528 6.38315
internal_count=443 420 407 57 350 332 207 183 135 110 82 52 48 125 98 83 58 40
is_linear=0
shrinkage=0.1


Tree=28
num_leaves=17
num_cat=0
split_feature=12 12 13 14 9 12 15 14 13 3 13 12 13 0 10 12
split_gain=1.10643 1.1742 1.81428 3.25401 2.09413 1.69104 2.38905 2.04495 1.80841 2.92054 1.76053 2.06094 1.6604 1.45401 2.31177 0.53823
threshold=368.00000000000006 303.50000000000006 186.00000000000003 22.295000000000005 2.5000000000000004 72.000000000000014 91.350000000000009 13.945000000000002 43.500000000000007 1.0000000180025095e-35 80.500000000000014 189.50000000000003 16.500000000000004 1.0000000180025095e-35 69.500000000000014 133.50000000000003
decision_type=2 2 2 2 2 2 2 2 2 2 2 2 2 2 2 2
left_child=1 2 5 4 -4 6 -1 8 9 12 -9 -12 -7 14 -10 -16
right_child=-2 -3 3 -5 -6 7 -8 10 13 -11 11 -13 -14 -15 15 -17
leaf_value=-0.017625440642814287 -0.045862659244370489 0.039897266161082391 -0.14990273494544704 0.032439525529711306 -0.031844127187059687 -0.017599604353302833 0.073734070856522102 -0.10017919388453854 0.041657769092209321 0.02591139281521096 -0.066686218983556436 0.030243456989600528 -0.12113515747760639 0.059600119156846265 -0.016665459098993255 -0.082183871259057115
leaf_weight=4.6523581370711309 4.9808780923485747 7.6645319163799277 2.8004848845303041 3.7077798768877983 3.2416460011154413 3.0825869366526586 7.4392218366265297 3.3595438133925191 7.3109387867152691 6.6174539513885975 4.1216516457498056 4.6891830638051033 3.1133182905614376 8.3980195075273514 2.7765096984803677 2.2862996459007263
leaf_count=23 32 34 26 19 24 18 27 29 31 32 30 21 23 34 19 21
internal_value=-0.000217709 0.00280312 -0.00140283 -0.041308 -0.0865635 0.00532303 0.0385826 -0.0034663 0.00925989 -0.0202849 -0.0385852 -0.0150996 -0.0696241 0.027485 0.00568855 -0.0462527
internal_weight=80.2424 75.2615 67.597 9.74991 6.04213 57.8471 12.0916 45.7555 33.5851 12.8134 12.1704 8.81083 6.19591 20.7718 12.3737 5.06281
internal_count=443 411 377 69 50 308 50 258 178 73 80 51 41 105 71 40
is_linear=0
shrinkage=0.1


Tree=29
num_leaves=17
num_cat=0
split_feature=6 10 12 15 13 14 10 10 9 12 12 11 3 12 13 13
split_gain=0.957785 2.02129 1.26226 2.41058 1.70724 3.72194 1.98857 2.53429 1.88618 2.38267 3.8094 4.20813 1.43331 0.768324 0.767438 0.442991
threshold=1.0000000180025095e-35 61.500000000000007 72.000000000000014 91.350000000000009 36.150000000000006 11.56 86.500000000000014 47.500000000000007 2.5000000000000004 156.50000000000003 198.50000000000003 18.500000000000004 1.0000000180025095e-35 262.50000000000006 148.50000000000003 78.90000000000002
decision_type=2 2 2 2 2 2 2 2 2 2 2 2 2 2 2 2
left_child=2 -2 3 -1 5 12 7 -6 9 -9 -11 -12 -4 -13 15 -10
right_child=1 -3 4 -5 6 -7 -8 8 14 10 11 13 -14 -15 -16 -17
leaf_value=-0.020927921822677498 0.0083593206412978602 -0.08178955603925149 -0.047080788082922063 0.069850325365117705 0.058741751387696328 -0.13914717942442256 0.061402432219037045 -0.092361622612235961 0.013350717272756829 0.06711098882683407 0.043182950604438497 -0.067986880356369378 0.03506906637036198 -0.14166785327506767 0.040523692993881047 -0.031006007400539229
leaf_weight=4.8996589295566064 6.0499800611287338 4.2234704382717609 4.111209608614443 7.259057529270649 5.9300848469138137 2.7136936224997035 5.7392167747020713 5.0486737042665508 5.5183904953300935 4.1968064457178107 3.2350185178220254 3.3430924955755472 4.3936291038990021 2.4542078077793121 6.2589362096041432 3.8032684177160263
leaf_count=26 33 33 26 28 23 27 22 37 29 18 15 28 19 22 34 23
internal_value=-0.000217579 -0.0287014 0.00402924 0.033269 -0.0022358 -0.0371779 0.00637432 -0.00156311 -0.0121251 -0.0339167 -0.0116122 -0.0481904 -0.00464189 -0.0991787 0.0134389 -0.00474698
internal_weight=79.1784 10.2735 68.9049 12.1587 56.7462 11.2185 45.5277 39.7885 33.8584 18.2778 13.2291 9.03232 8.50484 5.7973 15.5806 9.32166
internal_count=443 66 377 54 323 72 251 229 206 120 83 65 45 50 86 52
is_linear=0
shrinkage=0.1


Tree=30
num_leaves=17
num_cat=0
split_feature=11 11 2 12 15 15 11 11 15 14 10 5 10 10 15 13
split_gain=0.97287 0.968062 3.31988 1.69508 1.19362 3.21154 1.22206 1.94914 1.16485 1.5521 1.23029 2.98652 2.22269 1.47587 1.08266 0.880973
threshold=196.50000000000003 47.500000000000007 1.0000000180025095e-35 107.50000000000001 96.050000000000011 93.850000000000009 39.500000000000007 32.500000000000007 92.15000000000002 15.145000000000001 70.500000000000014 1.0000000180025095e-35 80.500000000000014 57.500000000000007 78.450000000000003 124.50000000000001
decision_type=2 2 2 2 2 2 2 2 2 2 2 2 2 2 2 2
left_child=1 4 3 -3 5 6 7 8 9 10 13 12 -12 -1 -5 -4
right_child=-2 2 15 14 -6 -7 -8 -9 -10 -11 11 -13 -14 -15 -16 -17
leaf_value=-0.012081252495132059 0.049042309191481226 -0.0080999693638796732 -0.0087710960122807189 -0.044489640863152789 0.047334437032545876 -0.094320362353730286 0.051004730962584101 -0.061795495116419456 0.045487240285295556 -0.048240998913718761 -0.099896321689245879 0.048718877710968604 0.0082485073183240394 0.054716985850214117 -0.13436863325288945 0.058638543071861116
leaf_weight=5.2963508367538479 3.8129390925168982 3.2221397124230879 4.0267087221145621 2.2066556736826897 5.5794764906167975 3.4669461548328391 5.2214982584118834 4.5937712863087645 6.5644596405327311 5.6667726133018723 4.2897158004343492 4.7681215666234493 3.4122438356280327 8.8088949732482416 3.4132524328306317 3.7389000691473484
leaf_count=26 15 18 23 13 22 25 29 37 31 38 38 21 16 36 35 20
internal_value=-0.000221378 -0.00275032 -0.024024 -0.0659244 0.00337619 -0.00133238 0.00529806 -0.000200914 0.00709042 -0.00072714 0.00940445 -0.0134789 -0.0519843 0.029635 -0.0990777 0.0236846
internal_weight=78.0888 74.2759 16.6077 8.84205 57.6683 52.0888 48.6218 43.4003 38.8066 32.2421 26.5753 12.4701 7.70196 14.1052 5.61991 7.76561
internal_count=443 428 109 66 319 297 272 243 206 175 137 75 54 62 48 43
is_linear=0
shrinkage=0.1


Tree=31
num_leaves=20
num_cat=0
split_feature=12 12 4 11 11 11 11 14 9 13 13 11 14 12 14 12 12 12 13
split_gain=1.10059 4.54006 1.56554 3.03359 1.14193 1.98206 1.85068 1.20649 1.62213 5.57588 3.88146 2.3293 2.27052 2.26419 1.99113 2.22177 2.74455 1.14701 0.690872
threshold=37.500000000000007 47.500000000000007 1.0000000180025095e-35 29.500000000000004 82.000000000000014 47.500000000000007 106.00000000000001 26.045000000000005 2.5000000000000004 133.49500000000003 103.50000000000001 27.500000000000004 6.1300000000000008 214.50000000000003 9.6700000000000017 146.50000000000003 270.00000000000006 186.50000000000003 118.50000000000001
decision_type=2 2 2 2 2 2 2 2 2 2 2 2 2 2 2 2 2 2 2
left_child=-1 -2 4 -4 5 7 -6 8 9 10 11 13 -10 -3 -14 -16 -17 -11 -7
right_child=1 2 3 -5 6 18 -8 -9 12 17 -12 -13 14 -15 15 16 -18 -19 -20
leaf_value=-0.05170819695329866 0.10679757087011826 -0.11572220893324375 0.0010251478257482451 -0.13239586572927414 0.082428057415339012 -0.086115392987619888 -0.0082797414224637621 0.052740628721062346 0.073355184565071674 -0.16428582643254475 0.10057246695092591 0.024380952492640121 -0.058489942406818679 0.0068362514947412911 0.070363084230236253 -0.080329715777437374 0.049482173102130676 -0.067638409219359083 -0.019445501598193846
leaf_weight=3.9406755678355685 3.9515631571412078 3.4901467747986334 4.7490198835730544 2.6579378936439753 4.272616269066928 3.4969394467771044 4.7496777251362801 4.4635721072554579 5.4095735549926784 2.4040321037173262 3.4648097902536383 6.118170652538538 4.4418977685272685 2.6533984877169132 5.0136119611561281 3.4005983993411064 3.1257813796401024 2.5101118534803391 2.7979270815849304
leaf_count=23 13 27 25 32 17 27 25 19 18 20 11 38 29 17 21 28 13 20 20
internal_value=-0.00022843 0.00254403 -0.0034075 -0.0468521 0.00179841 -0.00382062 0.034676 0.00330901 -0.00194034 -0.0219395 0.00711429 -0.0192943 0.0173569 -0.0627892 -0.00159755 0.0203011 -0.0181569 -0.114919 -0.0564821
internal_weight=77.1121 73.1714 69.2198 7.40696 61.8129 52.7906 9.02229 46.4957 42.0321 20.6407 15.7265 12.2617 21.3915 6.14355 15.9819 11.54 6.52638 4.91414 6.29487
internal_count=443 420 407 57 350 308 42 261 242 133 93 82 109 44 91 62 41 40 47
is_linear=0
shrinkage=0.1


Tree=32
num_leaves=19
num_cat=0
split_feature=11 10 11 6 10 14 14 14 9 13 10 2 12 10 3 15 11 14
split_gain=0.903828 0.830359 1.87061 1.39928 1.67882 1.11285 2.22359 1.0601 2.10486 1.95157 1.09219 2.66438 4.56259 0.714687 1.37267 2.2767 0.600262 0.400276
threshold=185.00000000000003 80.500000000000014 90.500000000000014 1.0000000180025095e-35 57.500000000000007 8.5150000000000023 12.165000000000001 19.650000000000002 1.5000000000000002 189.50000000000003 69.500000000000014 1.0000000180025095e-35 117.50000000000001 55.500000000000007 1.0000000180025095e-35 90.050000000000011 26.500000000000004 9.6450000000000014
decision_type=2 2 2 2 2 2 2 2 2 2 2 2 2 2 2 2 2 2
left_child=1 2 3 7 -5 -3 -7 9 -9 10 13 16 -13 17 15 -15 -12 -1
right_child=-2 5 -4 4 -6 6 -8 8 -10 -11 11 12 -14 14 -16 -17 -18 -19
leaf_value=-0.029206552943950193 0.044371738412429897 0.050587454542762533 -0.080633980994123125 0.0025109405776924075 -0.098230392607659811 -0.06748204543353481 0.03122719646035171 0.08403686609956397 -0.010826288772796422 -0.074831197515823775 -0.10526263254368609 0.10313999690793561 -0.059833691959358004 -0.056111295794380324 0.070171977954373604 0.062137704197960636 -0.040547206819222942 0.01618107854488194
leaf_weight=3.8882019110024002 4.2890400588512412 6.1377375349402454 3.3943892586976281 3.3684005588293067 3.2505032494664192 3.5205875597894174 6.4873742610216141 4.2699597403407079 5.1722087301313877 3.6554226204752913 2.6960543356835824 3.4237741306424141 3.4475686475634575 3.3289379589259607 5.3238575384020805 3.1869922522455454 3.0600001439452171 3.8840104825794697
leaf_count=20 18 23 26 18 30 24 32 16 32 35 23 12 29 23 20 18 24 20
internal_value=-0.000215632 -0.00289043 -0.00871093 -0.00401204 -0.0469625 0.0170633 -0.00349661 0.00225844 0.032073 -0.00558429 0.00226718 -0.020671 0.021371 0.0170362 0.0325029 0.00172521 -0.070859 -0.00652498
internal_weight=75.785 71.496 55.3503 51.9559 6.6189 16.1457 10.008 45.337 9.44217 35.8948 32.2394 12.6274 6.87134 19.612 11.8398 6.51593 5.75605 7.77221
internal_count=443 425 346 320 48 79 56 272 48 224 189 88 41 101 61 41 47 40
is_linear=0
shrinkage=0.1


Tree=33
num_leaves=17
num_cat=0
split_feature=12 12 4 12 11 11 11 15 15 14 12 13 13 1 9 10
split_gain=0.900517 3.6669 1.25516 2.51694 1.02637 1.6713 1.61524 0.947823 2.03493 0.974509 1.37995 6.28936 2.04829 2.58426 1.04027 0.53233
threshold=37.500000000000007 47.500000000000007 1.0000000180025095e-35 138.00000000000003 82.000000000000014 47.500000000000007 106.00000000000001 96.050000000000011 93.65000000000002 7.455000000000001 167.50000000000003 77.950000000000017 80.500000000000014 1.0000000180025095e-35 2.5000000000000004 71.500000000000014
decision_type=2 2 2 2 2 2 2 2 2 2 2 2 2 2 2 2
left_child=-1 -2 4 -4 5 7 -6 8 9 -3 11 -11 14 -14 -12 -7
right_child=1 2 3 -5 6 15 -8 -9 -10 10 12 -13 13 -15 -16 -17
leaf_value=-0.047206882886478591 0.099067123631417453 0.032260398610658686 -0.12099904472323525 0.0026594410334005803 0.07843085852931217 -0.077337291963784929 -0.007185526295671635 0.045033752348637879 -0.078647969841162027 0.025877497092824206 -0.062474439141002418 -0.14501960749885306 0.078498584885066891 -0.023628752589056414 0.011242642477553043 -0.017680628293752675
leaf_weight=3.8641043417155734 3.715629741549491 9.4558221697807294 2.6032507866621009 4.4761971514672041 4.1679403781890851 3.6036798022687426 4.6753870286047459 4.7850634455680838 3.1925297938287249 5.9206654094159621 4.1124434582889107 3.3844494707882404 6.5271183177828771 3.9937741793692112 3.5813987366855145 2.5571467466652393
leaf_count=23 13 38 24 33 17 28 25 20 24 34 35 36 26 27 21 19
internal_value=-0.000198577 0.00236875 -0.00299092 -0.0428122 0.00171097 -0.00373116 0.0331663 0.00296299 -0.00204872 0.00456496 -0.00495119 -0.0362811 0.0110539 0.0397306 -0.02816 -0.0525759
internal_weight=74.6166 70.7525 67.0369 7.07945 59.9574 51.1141 8.84333 44.9533 40.1682 36.9757 27.5198 9.30511 18.2147 10.5209 7.69384 6.16083
internal_count=443 420 407 57 350 308 42 261 241 217 179 70 109 53 56 47
is_linear=0
shrinkage=0.1


Tree=34
num_leaves=19
num_cat=0
split_feature=12 11 12 12 12 7 14 12 2 14 15 15 11 13 15 13 15 13
split_gain=0.873444 1.13475 1.80834 2.0103 1.23009 1.40786 1.04884 2.76651 1.96784 1.95376 1.75282 1.72586 1.72037 1.61067 1.24919 1.19524 1.0903 0.262636
threshold=368.00000000000006 157.50000000000003 42.500000000000007 63.500000000000007 328.00000000000006 1.0000000180025095e-35 13.945000000000002 246.50000000000003 1.0000000180025095e-35 20.075000000000006 84.250000000000014 91.950000000000017 40.500000000000007 75.500000000000014 78.450000000000003 153.50000000000003 89.850000000000009 133.49500000000003
decision_type=2 2 2 2 2 2 2 2 2 2 2 2 2 2 2 2 2 2
left_child=1 2 -1 -4 5 6 8 9 10 17 12 -11 -5 14 -10 -15 -12 -8
right_child=-2 -3 3 4 -6 -7 7 -9 13 11 16 -13 -14 15 -16 -17 -18 -19
leaf_value=-0.068087654487448093 -0.042373844452184714 0.050553183980589868 0.068794911812885523 -0.099383582042613827 0.054579217739603073 -0.070495588129924611 -0.083269315091448762 0.042456559527418364 0.086650269060585525 0.033402811347308166 0.05560529631640844 -0.065086773515933241 -0.0024461081476945122 -0.052587738635330519 0.023687073735897523 0.031989145334098835 -0.023388521528652829 -0.13719058255888683
leaf_weight=3.7615129947662345 4.6014147885143748 4.6096145659685126 4.3584059365093699 3.9093999899923784 3.6320832408964625 3.1424462534487239 1.7772155534476026 4.5224870964884749 5.2927958145737666 3.2490628771483898 3.4809615798294544 3.9328604154288769 3.4433076605200768 3.4120139833539715 7.787102859467268 3.2744325920939445 3.5082509890198708 1.8369939643889663
leaf_count=24 32 19 18 33 17 26 21 22 19 19 20 29 20 23 39 18 24 20
internal_value=-0.000190628 0.00262527 -0.000809505 0.0033693 -0.00170444 -0.00559315 -0.00146681 -0.0232035 0.00829553 -0.0507084 -0.0199029 -0.0205306 -0.0539873 0.0287555 0.0491652 -0.0111694 0.0159542 -0.110676
internal_weight=73.5324 68.9309 64.3213 60.5598 56.2014 52.5693 49.4269 15.3186 34.1083 10.7961 14.3419 7.18192 7.35271 19.7663 13.0799 6.68645 6.98921 3.61421
internal_count=443 411 392 368 350 333 307 111 196 89 97 48 53 99 58 41 44 41
is_linear=0
shrinkage=0.1


Tree=35
num_leaves=20
num_cat=0
split_feature=6 3 14 11 11 14 14 12 9 13 13 15 10 13 15 13 15 12 10
split_gain=0.725689 1.94237 2.38236 1.02093 1.20708 1.23412 1.17502 1.33633 1.82559 3.41942 2.14914 1.4697 0.992479 2.57698 0.884773 0.862697 1.10779 2.23132 0.477017
threshold=1.0000000180025095e-35 1.0000000180025095e-35 11.105000000000002 185.00000000000003 69.000000000000014 10.330000000000002 26.045000000000005 47.500000000000007 2.5000000000000004 133.49500000000003 102.50000000000001 89.850000000000009 55.500000000000007 24.500000000000004 86.500000000000014 43.500000000000007 83.15000000000002 170.50000000000003 76.500000000000014
decision_type=2 2 2 2 2 2 2 2 2 2 2 2 2 2 2 2 2 2 2
left_child=3 2 -2 4 6 -6 7 -1 9 10 12 -11 -9 -14 -15 -10 -17 18 -18
right_child=1 -3 -4 -5 5 -7 -8 8 15 11 -12 -13 13 14 -16 16 17 -19 -20
leaf_value=0.051864094941992768 -0.0069855899459348508 0.04291031698888359 -0.13042265612732315 0.054734747710601807 -0.089926112529598187 0.00050706394815881837 0.051080201606516412 -0.06819542455223214 -0.017483879449048497 -0.044007750202104373 0.060936437282582058 -0.14349932966678255 0.076600563454231593 -0.07646423308951783 -0.0021157931902490157 0.062049924843845861 0.010608997415566406 -0.067004844499719038 0.06372504071146709
leaf_weight=4.5852374732494345 3.9197257924824935 2.8359927907586098 2.6011691354215145 3.6856629699468604 2.8352996036410323 3.226090531796217 5.0729156583547583 3.394329655915505 5.5937694059684899 3.2501844009384504 4.159410633146762 2.733488729223609 2.7242712117731553 3.2212324049323797 3.1814939007163048 5.9896226301789275 3.2224884517490846 2.8477760143578053 3.5570756569504738
leaf_count=19 22 15 29 15 19 22 23 23 33 25 17 26 14 29 27 24 24 21 16
internal_value=-0.000184002 -0.0261775 -0.0562243 0.0036595 0.000500722 -0.0417943 0.00528964 0.000496209 -0.00487207 -0.0246053 -0.00134154 -0.0894579 -0.0220294 -0.00486028 -0.0395207 0.0162136 0.0282835 0.00727588 0.0384777
internal_weight=72.6372 9.35689 6.52089 63.2803 59.5947 6.06139 53.5333 48.4604 43.8751 22.6644 16.6807 5.98367 12.5213 9.127 6.40273 21.2107 15.617 9.62734 6.77956
internal_count=443 66 51 377 362 41 321 298 279 161 110 51 93 70 56 118 85 61 40
is_linear=0
shrinkage=0.1


Tree=36
num_leaves=19
num_cat=0
split_feature=12 12 4 12 15 15 13 10 13 10 11 11 15 9 0 15 12 12
split_gain=0.726095 2.83505 0.999755 2.15875 0.851742 1.95943 0.943785 1.90579 1.06945 0.963684 1.19237 3.97706 1.93455 1.49731 0.977104 0.883818 0.348279 0.0301466
threshold=37.500000000000007 47.500000000000007 1.0000000180025095e-35 138.00000000000003 96.050000000000011 94.050000000000011 17.120000000000001 49.500000000000007 118.50000000000001 86.500000000000014 21.500000000000004 40.500000000000007 86.500000000000014 1.5000000000000002 1.0000000180025095e-35 82.050000000000011 191.50000000000003 211.50000000000003
decision_type=2 2 2 2 2 2 2 2 2 2 2 2 2 2 2 2 2 2
left_child=-1 -2 4 -4 5 6 -3 8 -8 10 13 14 16 -9 17 -15 -13 -12
right_child=1 2 3 -5 -6 -7 7 9 -10 -11 11 12 -14 15 -16 -17 -18 -19
leaf_value=-0.0430231269560521 0.091089931525127468 0.03954200670998307 -0.11386893176153064 0.0035505261676597212 0.036935158507666703 -0.075809987280227864 0.0057617587874204679 0.056956934336045706 0.074978528119225771 0.029712636576761004 -0.12291692192935576 0.055483798219190465 -0.060914699497749206 0.017948059830519322 -0.058960078850972632 -0.053188744421871471 0.011378450396350066 -0.14184138244273289
leaf_weight=3.7501732856035224 3.4062420502305022 6.0864790342748156 2.4496728628873816 4.3392721954733133 6.1474740132689467 3.4001995511353007 4.7462235726416093 3.7423866689205187 4.2142797373235226 4.4323843494057646 1.8230044776573806 3.4538312014192325 3.196963906288147 3.1669295243918896 4.0719013642519712 3.8940366096794605 3.717365613207221 1.563884252682328
leaf_count=23 13 31 24 33 27 28 27 16 17 20 23 19 27 15 33 28 21 18
internal_value=-0.000189057 0.00217836 -0.00252097 -0.0388182 0.0017529 -0.00244594 0.00273914 -0.00259125 0.0383156 -0.0136776 -0.0203951 -0.0362818 0.00377959 0.00582006 -0.0919695 -0.021283 0.0326207 -0.131655
internal_weight=71.6027 67.8525 64.4463 6.78895 57.6573 51.5099 48.1097 42.0232 8.9605 33.0627 28.6303 17.827 10.3682 10.8034 7.45879 7.06097 7.1712 3.38689
internal_count=443 420 407 57 350 323 295 264 44 220 200 141 67 59 74 43 40 41
is_linear=0
shrinkage=0.1


Tree=37
num_leaves=18
num_cat=0
split_feature=12 12 13 14 9 11 13 12 12 13 13 10 3 12 0 10 13
split_gain=0.666681 1.06137 1.19716 2.38828 1.48265 1.37003 1.1268 1.44601 2.5055 1.63674 1.11573 2.17404 1.21879 2.19484 2.08953 1.85426 0.635426
threshold=368.00000000000006 303.50000000000006 186.00000000000003 22.295000000000005 2.5000000000000004 185.00000000000003 168.50000000000003 42.500000000000007 63.500000000000007 133.49500000000003 118.50000000000001 55.500000000000007 1.0000000180025095e-35 198.50000000000003 1.0000000180025095e-35 73.500000000000014 48.500000000000007
decision_type=2 2 2 2 2 2 2 2 2 2 2 2 2 2 2 2 2
left_child=1 2 5 4 -4 6 7 -1 -9 10 11 -10 13 14 16 -14 -13
right_child=-2 -3 3 -5 -6 -7 -8 8 9 -11 -12 12 15 -15 -16 -17 -18
leaf_value=-0.077396589983296127 -0.037517090115038801 0.039002260797840971 -0.13927822784875621 0.030605215157658568 -0.031741040826529586 0.063595230876157413 0.054962853240510402 0.077344674456283402 -0.062618161902955577 -0.069922402236515205 0.050273045824619028 -0.0047442456041212845 0.064360207913293402 -0.095330191135630904 0.060722264517376334 -0.014734209444658496 -0.075093654603040599
leaf_weight=2.5979883410036555 4.480594625696539 7.0547521710395804 2.2796877957880479 3.234020110219717 2.929861843585968 3.5596509277820578 3.3707185797393313 3.7593475058674803 5.796194393187764 3.8646680116653434 3.7418190166354171 2.9654156453907472 6.4915678687393665 2.7489331848919401 4.0135035626590252 5.4544813185930252 2.2643227223306894
leaf_count=16 32 34 26 19 24 14 17 15 39 28 16 19 30 28 21 37 28
internal_value=-0.000187353 0.00234202 -0.00203617 -0.0368955 -0.0787991 0.00377749 -0.000746308 -0.0050435 -0.000469992 -0.00830409 -0.00119056 -0.00766681 0.00563864 -0.016882 0.0064484 0.0282463 -0.0352035
internal_weight=70.6075 66.1269 59.0722 8.44357 5.20955 50.6286 47.069 43.6982 41.1003 37.3409 33.4762 29.7344 23.9382 11.9922 9.24324 11.946 5.22974
internal_count=443 411 377 69 50 308 294 277 261 246 218 202 163 96 68 67 47
is_linear=0
shrinkage=0.1


Tree=38
num_leaves=16
num_cat=0
split_feature=10 10 6 13 10 15 15 12 12 10 2 12 3 15 12
split_gain=0.659271 1.06446 1.36183 3.15077 1.11754 2.48483 1.31318 1.01379 1.87934 1.48746 1.24195 0.880953 0.854273 2.83357 0.696731
threshold=47.500000000000007 55.500000000000007 1.0000000180025095e-35 52.500000000000007 69.500000000000014 76.800000000000026 91.450000000000017 168.50000000000003 246.50000000000003 80.500000000000014 1.0000000180025095e-35 189.50000000000003 1.0000000180025095e-35 86.000000000000014 105.50000000000001
decision_type=2 2 2 2 2 2 2 2 2 2 2 2 2 2 2
left_child=11 -2 4 -4 6 -6 12 10 -9 -10 -7 -1 13 -3 -12
right_child=1 2 3 -5 5 7 -8 8 9 -11 14 -13 -14 -15 -16
leaf_value=-0.0092978165517507479 -0.046053933717352745 -0.041832032335646474 0.028854421083776251 -0.13008079141569237 -0.068001442478193216 -0.015047001650142309 -0.013760296593769331 -0.065835465508043575 -0.028684325407942076 0.061685245969432173 0.069845349537363807 0.048646313123438034 0.0802842321034129 0.087334724414451628 0.015138300293230964
leaf_weight=4.741801265627144 5.5341644864529362 3.3514080643653887 2.522714488208293 2.4671597238630056 5.3527433015406158 5.183585613965989 5.5327651510015121 4.5101056536659581 3.6588940564543009 3.6267720349133015 5.3093964830040932 5.8742822762578726 4.3741420805454254 3.4433261416852474 4.1457216301932931
leaf_count=28 35 24 13 30 35 36 37 39 29 17 25 30 20 19 26
internal_value=-0.000176972 -0.00430408 1.63413e-05 -0.0497284 0.00513546 -0.00586888 0.0260793 0.00671241 -0.0151037 0.0163012 0.0242917 0.0227649 0.0458148 0.023625 0.0458583
internal_weight=69.629 59.0129 53.4787 4.98987 48.4889 31.7872 16.7016 26.4345 11.7958 7.28567 14.6387 10.6161 11.1689 6.79473 9.45512
internal_count=443 385 350 43 307 207 100 172 85 46 87 58 63 43 51
is_linear=0
shrinkage=0.1


Tree=39
num_leaves=18
num_cat=0
split_feature=13 15 10 12 13 13 15 12 15 14 10 12 12 0 1 12 15
split_gain=0.598112 2.66669 2.24843 1.37933 1.31334 1.26616 1.33093 1.52091 1.35275 1.65025 2.81119 1.98395 4.31327 1.3438 1.26502 1.04034 0.133993
threshold=33.500000000000007 71.950000000000017 63.500000000000007 130.00000000000003 38.500000000000007 54.000000000000007 71.450000000000017 368.00000000000006 83.15000000000002 11.31 69.500000000000014 246.50000000000003 168.50000000000003 1.0000000180025095e-35 1.0000000180025095e-35 47.500000000000007 81.800000000000026
decision_type=2 2 2 2 2 2 2 2 2 2 2 2 2 2 2 2 2
left_child=1 -1 -3 -4 -2 16 -7 8 13 10 -10 12 14 -8 -11 -12 -6
right_child=4 2 3 -5 5 6 7 -9 9 11 15 -13 -14 -15 -16 -17 -18
leaf_value=0.056230693838271353 0.069122712330159403 -0.12435092049150254 0.021147786616614993 -0.067011884106411165 -0.032269850556672912 -0.050953837668627523 0.009817313890050746 -0.05870728871821973 0.019581678852844883 -0.0089149036621066109 -0.019135258165497725 0.066910427243130066 -0.087395070820734361 0.093435476102433801 0.060766367818600286 -0.11621506566276181 -0.06522484852294673
leaf_weight=3.4737664759159079 2.9687573686242095 2.6538540255278331 4.1281477957963943 3.1130353827029467 2.7176766209304324 3.8042675182223311 3.6818467881530514 2.9436911530792704 6.2932029515504819 4.1955250632017869 1.7085001319646833 6.969386897981166 3.9474268080666652 4.0206874366849661 6.8739652596414089 3.1191517822444439 2.2596324607729912
leaf_count=14 13 31 19 27 19 21 27 23 34 29 10 31 37 16 39 32 21
internal_value=-0.000159853 -0.019148 -0.0456106 -0.0167527 0.0044137 0.000756982 0.00577933 0.0107122 0.0157195 0.00693773 -0.0244544 0.0228161 0.00235185 0.0534656 0.034356 -0.0818586 -0.047231
internal_weight=68.8725 13.3688 9.89504 7.24118 55.5037 52.535 47.5577 43.7534 40.8097 33.1072 11.1209 21.9863 15.0169 7.70253 11.0695 4.82765 4.97731
internal_count=443 91 77 46 352 339 299 278 255 212 76 136 105 43 68 42 40
is_linear=0
shrinkage=0.1


Tree=40
num_leaves=18
num_cat=0
split_feature=12 12 13 10 15 15 12 10 10 15 10 15 12 9 11 15 10
split_gain=0.561594 2.06794 0.653249 2.08299 1.48861 1.93411 2.99838 1.92251 1.04855 1.25083 2.09383 2.36578 1.66159 1.39295 1.51481 1.89181 0.537108
threshold=37.500000000000007 47.500000000000007 54.000000000000007 56.500000000000007 71.950000000000017 84.250000000000014 178.50000000000003 75.500000000000014 48.500000000000007 96.050000000000011 81.500000000000014 93.050000000000011 114.50000000000001 1.5000000000000002 65.500000000000014 83.450000000000017 71.500000000000014
decision_type=2 2 2 2 2 2 2 2 2 2 2 2 2 2 2 2 2
left_child=-1 -2 3 -3 -5 6 -6 -7 -4 10 11 12 -10 -14 15 -15 -17
right_child=1 2 8 4 5 7 -8 -9 9 -11 -12 -13 13 14 -16 16 -18
leaf_value=-0.038913468017039238 0.082287455587443242 -0.082834780860985613 0.037837914813448531 0.054096461735989122 0.0076389263037383833 -0.028392780216393687 -0.14332523397105576 0.080667198345762803 -0.081355558902977076 0.044353678808826985 0.033059535414274567 -0.10704102912354607 0.041545464816158652 0.0053291243539956429 0.047371182839793413 -0.13215531276239026 -0.05394311553400416
leaf_weight=3.5431643724441519 3.0542979687452307 3.8682203665375736 7.9011903032660475 3.7457796446979037 2.7990817800164205 3.8142985068261623 2.4824759513139725 2.8050359766930342 2.9648945964872935 4.8575628474354735 8.0041710864752513 3.1436007544398299 5.3382384888827792 3.6807854399085027 2.3601807504892349 1.9534092172980311 1.5949468184262512
leaf_count=23 13 34 37 16 16 33 25 12 27 22 39 33 34 23 12 26 18
internal_value=-0.00015381 0.00197973 -0.00202073 -0.0171271 -0.000882628 -0.0181872 -0.0633183 0.0178229 0.00503204 -0.00261463 -0.010471 -0.0270343 -0.0129776 0.000603562 -0.0221882 -0.0448981 -0.0969998
internal_weight=67.9113 64.3682 61.3139 19.5149 15.6467 11.9009 5.28156 6.61933 41.799 33.8978 29.0402 21.0361 17.8925 14.9276 9.58932 7.22914 3.54836
internal_count=443 420 407 136 102 86 41 45 271 234 212 173 140 113 79 67 44
is_linear=0
shrinkage=0.1


Tree=41
num_leaves=19
num_cat=0
split_feature=11 12 12 3 9 9 12 14 11 13 11 12 11 15 12 11 13 10
split_gain=0.560417 1.27964 1.1478 0.768384 1.75899 1.35615 1.91537 1.88603 1.74759 1.76866 2.49684 2.09739 1.28881 0.919133 1.33177 1.35669 0.747219 0.0221678
threshold=196.50000000000003 42.500000000000007 63.500000000000007 1.0000000180025095e-35 3.5000000000000004 2.5000000000000004 138.00000000000003 26.045000000000005 78.500000000000014 133.49500000000003 21.500000000000004 117.50000000000001 25.500000000000004 81.65000000000002 234.50000000000003 35.500000000000007 60.500000000000007 67.500000000000014
decision_type=2 2 2 2 2 2 2 2 2 2 2 2 2 2 2 2 2 2
left_child=1 -1 -3 4 5 7 -7 8 9 10 -4 -12 -11 16 15 -15 -5 -13
right_child=-2 2 3 13 -6 6 -8 -9 -10 12 11 17 -14 14 -16 -17 -18 -19
leaf_value=-0.06153993004428196 0.039394035913140557 0.05543901502919301 0.033113533967595608 0.0080423038453859841 -0.0723662261558847 0.074577827371342831 -0.016282934767764774 0.047369800798677704 0.047847045566432954 -0.14885731264967819 0.0086088845245098529 -0.11629313496747412 -0.043698855134545717 -0.074134773830049974 0.02979726088285034 0.011038955153648399 0.065600694626965092 -0.13382633318362583
leaf_weight=3.4473409615457049 3.3974157720804206 3.652181949466466 4.4975631870329433 4.5507591925561446 4.2233529556542626 4.5507053583860415 4.7331272438168526 3.6177421938627949 2.3286196738481513 2.3206952325999728 2.0078591369092464 1.5823655314743521 2.3412694195285439 3.8641448952257615 6.1823220178484917 3.624020978808403 4.4716850444674492 1.3248676564544437
leaf_count=24 15 18 26 24 33 23 36 17 15 20 11 24 24 29 38 27 20 19
internal_value=-0.000172873 -0.0022958 0.00111531 -0.00241361 -0.0120315 -0.00333618 0.0282548 -0.0179851 -0.0323991 -0.0456757 -0.0207279 -0.0699956 -0.096046 0.0117966 -0.0045533 -0.0329135 0.0365693 -0.124283
internal_weight=66.718 63.3206 59.8733 56.2211 33.5282 29.3048 9.28383 20.021 16.4032 14.0746 9.41266 4.91509 4.66196 22.6929 13.6705 7.48817 9.02244 2.90723
internal_count=443 428 404 386 248 215 59 156 139 124 80 54 44 138 94 56 44 43
is_linear=0
shrinkage=0.1


Tree=42
num_leaves=20
num_cat=0
split_feature=10 12 12 15 12 13 10 10 10 5 0 15 13 10 14 11 11 13 15
split_gain=0.558197 1.87617 1.40753 1.38877 1.55472 1.26995 4.54807 1.18705 1.7693 1.96661 2.0047 1.82383 1.93468 2.81914 2.89547 1.68958 0.814578 0.760204 0.0821684
threshold=64.500000000000014 37.500000000000007 47.500000000000007 93.050000000000011 87.500000000000014 60.500000000000007 56.500000000000007 68.500000000000014 70.500000000000014 1.0000000180025095e-35 1.0000000180025095e-35 80.350000000000009 48.500000000000007 82.500000000000014 22.765000000000004 21.500000000000004 44.500000000000007 127.80000000000001 91.65000000000002
decision_type=2 2 2 2 2 2 2 2 2 2 2 2 2 2 2 2 2 2 2
left_child=3 -2 -3 4 -1 6 -6 15 -9 11 -11 -10 -13 14 18 -4 -5 -7 -14
right_child=1 2 7 16 5 17 -8 8 9 10 -12 12 13 -15 -16 -17 -18 -19 -20
leaf_value=0.079372545879605932 -0.097548307796389622 0.070666796110922289 0.0180433787246616 -0.075819906852692465 -0.11086286097097771 0.056736614048896294 0.056400433194384161 0.061427785548538262 -0.087289803464887017 -0.020593250399319394 0.081590014641028011 0.04834070935734653 -0.12013746446298378 0.017174890084892168 0.020683016151294753 -0.10872166778431579 0.0061777471485585603 0.0022253870353095488 -0.15057324021847338
leaf_weight=3.9192990772426191 2.1890107579529277 2.469170778989791 1.7897995561361302 2.5427786894142619 3.1723386291414526 5.483773071318863 3.3342743553221226 4.0081662666052607 3.9510055370628896 3.6560332309454671 4.0432540625333786 4.0396919511258593 2.5099347466602908 5.7908634431660175 1.8660736680030821 2.5486362725496292 2.3140606172382832 4.7956453301012516 1.3718413338065145
leaf_count=16 17 11 9 23 30 27 17 21 32 27 16 24 38 32 11 34 17 27 14
internal_value=-0.0001813 -0.00752306 -0.00234317 0.0113742 0.0226631 0.00942229 -0.0251498 -0.00741056 -0.000602971 -0.00973413 0.0330679 -0.0266084 -0.0112184 -0.03207 -0.0816834 -0.0564254 -0.0367518 0.0313056 -0.130894
internal_weight=65.7957 40.2335 38.0445 25.5622 20.7053 16.786 6.50661 35.5753 31.2369 27.2287 7.69929 19.5294 15.5784 11.5387 5.74785 4.33844 4.85684 10.2794 3.88178
internal_count=443 286 269 157 117 101 47 258 215 194 43 151 119 95 63 43 40 54 52
is_linear=0
shrinkage=0.1


Tree=43
num_leaves=16
num_cat=0
split_feature=11 12 12 3 9 9 15 12 12 11 14 15 14 14 10
split_gain=0.493118 1.01763 0.829469 0.63479 1.52093 1.1226 1.51027 2.06038 1.45899 1.41957 1.2609 0.795825 1.78886 1.40925 0.631251
threshold=196.50000000000003 42.500000000000007 63.500000000000007 1.0000000180025095e-35 3.5000000000000004 2.5000000000000004 86.500000000000014 156.50000000000003 138.00000000000003 30.250000000000004 11.31 80.950000000000017 10.105000000000002 15.520000000000001 70.500000000000014
decision_type=2 2 2 2 2 2 2 2 2 2 2 2 2 2 2
left_child=1 -1 -3 4 5 6 10 -8 -7 -9 -4 14 -13 -14 -5
right_child=-2 2 3 11 -6 8 7 9 -10 -11 -12 12 13 -15 -16
leaf_value=-0.055943489390068241 0.037519883848490948 0.048302843970566722 -0.095127839742921452 0.062932559173048117 -0.067779085987100515 0.067966927471934918 -0.050417970054116024 0.063955073227213444 -0.012253725130942941 -0.021675962995254251 -0.0030312639065775832 -0.066677124731156057 0.048220233828247437 -0.024920166804468662 0.0064720567831074109
leaf_weight=3.3343457747250786 3.2895178496837607 3.4659659303724757 3.6257661320269134 4.1895596832036999 4.1262600533664218 4.3511592559516448 4.6662635132670394 5.2816666299477202 4.7335614860057831 3.0561768785119057 2.5196851454675198 3.387293178588151 6.1069984529167396 4.6327692903578281 3.7550634741783142
leaf_count=24 15 18 39 17 33 23 36 31 36 29 21 25 36 37 23
internal_value=-0.000197904 -0.00222417 0.000869516 -0.0021508 -0.0110694 -0.00278164 -0.0165157 0.00278991 0.0261682 0.0325676 -0.0573675 0.0109253 -0.00331445 0.01667 0.0362462
internal_weight=64.5221 61.2325 57.8982 54.4322 32.3605 28.2343 19.1496 13.0041 9.08472 8.33784 6.14545 22.0717 14.1271 10.7398 7.94462
internal_count=443 428 404 386 248 215 156 96 59 60 60 138 98 73 40
is_linear=0
shrinkage=0.1


Tree=44
num_leaves=20
num_cat=0
split_feature=10 10 9 10 12 12 4 10 13 12 13 15 10 11 15 14 14 10 10
split_gain=0.507215 0.857855 1.48695 1.26614 1.5558 1.12711 1.01097 2.22505 1.7423 0.854974 0.528491 2.38923 1.39596 1.46115 1.21334 1.14372 1.92957 1.91932 1.75386
threshold=47.500000000000007 57.500000000000007 1.5000000000000002 62.500000000000007 37.500000000000007 47.500000000000007 1.0000000180025095e-35 77.500000000000014 11.000000000000002 189.50000000000003 95.280000000000015 92.65000000000002 81.500000000000014 19.500000000000004 79.200000000000003 19.650000000000002 14.81 82.500000000000014 70.500000000000014
decision_type=2 2 2 2 2 2 2 2 2 2 2 2 2 2 2 2 2 2 2
left_child=9 2 -2 -3 -5 -6 8 -8 -7 -1 11 12 13 -10 -15 16 17 18 -12
right_child=1 3 -4 4 5 6 7 -9 10 -11 15 -13 -14 14 -16 -17 -18 -19 -20
leaf_value=-0.011679099247236117 0.0098784289323452842 0.043927109850434742 -0.087790036264751209 -0.088393661364565945 0.065991918661162371 0.086862683232472981 -0.12892457835936991 0.022477431419989598 0.055811560355785328 0.048106890792729076 0.0063637239696356998 0.074651149070857972 -0.073422695918594738 0.027708652847520405 -0.06054504106683533 0.025299601458888363 -0.1179134918685416 0.055041397951915705 -0.10737280768390707
leaf_weight=4.3829954937100393 3.1256389636546364 5.9128300612792364 3.1095529366284609 2.1482611019164315 2.3605945706367484 2.1762732043862334 1.9500551661476486 1.932738287374377 3.504400406032806 5.2655741311609745 2.8140135835856182 3.9308093860745421 3.0567268133163443 2.6373494351282716 3.8058267366141081 4.0646824073046437 2.3081056270748368 2.6758059337735176 2.6163629265502095
leaf_count=28 19 38 23 18 11 10 27 14 19 30 22 17 21 16 37 23 28 11 31
internal_value=-0.000174261 -0.00393931 -0.0388298 0.00060291 -0.00549896 -0.00102839 -0.00525029 -0.0535612 0.000334092 0.0209483 -0.00566035 0.00633275 -0.0143178 0.0038441 -0.0244206 -0.0196879 -0.0372465 -0.0142778 -0.0484347
internal_weight=63.7786 54.13 6.23519 47.8948 41.982 39.8337 37.4731 3.88279 33.5904 9.64857 31.4141 16.9351 13.0043 9.94758 6.44318 14.479 10.4143 8.10618 5.43038
internal_count=443 385 42 343 305 287 276 41 235 58 225 110 93 72 53 115 92 64 53
is_linear=0
shrinkage=0.1


Tree=45
num_leaves=18
num_cat=0
split_feature=12 11 12 13 14 11 13 11 12 14 15 1 14 14 12 10 11
split_gain=0.496815 1.23946 0.79035 0.985169 1.92008 1.36061 1.19555 0.872317 0.876446 1.34877 1.05048 1.74731 0.919845 1.05562 2.70367 0.866352 0.686077
threshold=368.00000000000006 13.500000000000002 288.50000000000006 186.00000000000003 22.295000000000005 24.500000000000004 168.50000000000003 185.00000000000003 42.500000000000007 13.945000000000002 91.65000000000002 1.0000000180025095e-35 9.9850000000000012 7.455000000000001 167.50000000000003 64.500000000000014 22.100000000000005
decision_type=2 2 2 2 2 2 2 2 2 2 2 2 2 2 2 2 2
left_child=1 -1 3 6 5 -5 7 8 -3 12 -11 -12 13 15 -15 -10 -14
right_child=-2 2 -4 4 -6 -7 -8 -9 9 10 11 -13 16 14 -16 -17 -18
leaf_value=-0.064890625477302066 -0.03428000536485161 -0.061382750684729426 0.037741389592441145 -0.013226840407242473 0.0268128456863308 -0.1310263671313153 0.066643894884329341 0.054177381542984571 0.056155531057255709 -0.083383292030575457 -0.066835064765584776 0.046971767010943702 0.079639127543573884 -0.099742379511205834 0.021522748639680053 -0.0030113019293414502 0.019008602321079607
leaf_weight=2.6346382945775977 4.0002461280673733 2.3466756232082835 6.6197063140571109 1.7467807019129389 2.9775710925459862 2.2351021179929376 3.0817670766264191 2.9600957185029975 4.200317241251474 2.7910392433404905 2.6021710112690926 2.8014302430674434 2.926651217043398 3.1027284208685151 4.5126105388626456 6.0241666324436665 5.1514097694307566
leaf_count=21 32 16 38 13 19 33 16 13 18 32 22 20 14 31 31 35 39
internal_value=-0.000180978 0.00214219 0.00529138 0.000948329 -0.0339286 -0.0793498 0.00665935 0.00196981 -0.00226889 0.00179769 -0.0335651 -0.00783332 0.0129786 0.000301613 -0.0278845 0.021295 0.0409748
internal_weight=62.7151 58.7149 56.0802 49.4605 6.95945 3.98188 42.5011 39.4193 36.4592 34.1125 8.19464 5.4036 25.9179 17.8398 7.61534 10.2245 8.07806
internal_count=443 411 390 352 65 46 287 271 258 242 74 42 168 115 62 53 53
is_linear=0
shrinkage=0.1


Tree=46
num_leaves=17
num_cat=0
split_feature=13 14 10 14 12 3 10 10 13 13 3 14 14 12 12 14
split_gain=0.485083 1.2447 2.93585 1.7623 2.15308 2.23911 0.997062 1.37934 1.67952 1.23437 0.986617 0.982348 1.11129 1.13944 2.24162 0.939456
threshold=118.50000000000001 17.180000000000003 70.500000000000014 13.685000000000002 216.50000000000003 1.0000000180025095e-35 70.500000000000014 83.500000000000014 176.50000000000003 140.50000000000003 1.0000000180025095e-35 10.755000000000003 9.3250000000000011 165.50000000000003 95.000000000000014 19.650000000000002
decision_type=2 2 2 2 2 2 2 2 2 2 2 2 2 2 2 2
left_child=1 3 -3 4 11 -6 9 8 -8 -2 15 12 13 14 -1 -11
right_child=6 2 -4 -5 5 -7 7 -9 -10 10 -12 -13 -14 -15 -16 -17
leaf_value=0.028859995564765983 0.077119071018893967 -0.12894515641717805 0.032135489535349691 0.053507233471830035 -0.1114895586288969 -0.0043393202487280623 0.0019639209676718286 0.034773313027646788 -0.10719004876284917 -0.03960828402119837 0.059764176982052664 -0.040120274338033883 0.06207884626751399 0.043288422195644279 -0.071889715520145295 0.034291586808920853
leaf_weight=4.7151036113500684 3.7746823728084591 2.5003811204805961 2.0667195096611977 5.1394097944721571 3.6894410578533998 4.1371392533183098 3.3373072911053878 3.5918619856238365 2.4404441667720675 4.268483857624231 2.8491085898131132 3.7240204550325862 4.0888378936797372 4.5363881029188624 4.1539236828684807 2.8815213888883591
leaf_count=25 16 31 15 34 39 29 26 18 31 37 17 31 23 24 32 15
internal_value=-0.000178637 -0.00702013 -0.0560524 -0.000469302 -0.0100203 -0.0548498 0.0112768 -0.0138892 -0.0441412 0.0283959 0.0100028 0.00651552 0.0164429 0.00252335 -0.0183274 -0.00982592
internal_weight=61.8948 38.7514 4.5671 34.1843 29.0449 7.82658 23.1434 9.36961 5.77775 13.7738 9.99911 21.2183 17.4943 13.4054 8.86903 7.15001
internal_count=443 283 46 237 203 68 160 75 57 85 69 135 104 81 57 52
is_linear=0
shrinkage=0.1


Tree=47
num_leaves=19
num_cat=0
split_feature=13 2 13 13 9 10 14 10 14 13 12 12 11 11 15 15 15 3
split_gain=0.464962 2.68769 1.41176 1.08021 0.949019 0.888972 0.941566 0.868429 1.62296 2.02813 0.658795 1.50778 1.98354 0.761058 0.641392 0.612353 1.67859 1.23928
threshold=72.500000000000014 1.0000000180025095e-35 38.500000000000007 23.500000000000004 3.5000000000000004 70.500000000000014 6.4600000000000009 82.500000000000014 10.105000000000002 133.49500000000003 83.500000000000014 184.50000000000003 31.500000000000004 22.100000000000005 92.350000000000009 78.450000000000003 91.15000000000002 1.0000000180025095e-35
decision_type=2 2 2 2 2 2 2 2 2 2 2 2 2 2 2 2 2 2
left_child=1 2 3 -1 5 6 -2 8 -7 -10 -8 12 -12 -13 -6 -3 17 -17
right_child=4 15 -4 -5 14 7 10 -9 9 -11 11 13 -14 -15 -16 16 -18 -19
leaf_value=-0.07207974829425666 0.078354856944644197 0.040568583801682642 -0.11243643360778538 0.010364163527229067 -0.068461596851044734 -0.10183459018757245 0.058607821070064285 0.02258497480799089 0.073425576589150041 -0.048912958810780095 -0.10817449737834904 0.069210155957561789 0.024191530055225622 0.0031509934125031505 0.0019970046392446834 -0.088951904429275822 0.048798531058308323 0.008758879561509848
leaf_weight=2.9371404098346829 3.0940095037221971 5.8260451331734666 2.8159770667552948 3.4630452580749989 2.5555608402937642 2.1417664568871242 3.0929138772189608 6.1347517818212509 2.2714123539626598 3.3590598753653467 2.141631502658127 3.4506126828491688 2.4016812425106764 3.5262907948344946 2.6129907071590424 2.4944941066205484 3.8810838833451271 2.7062340080738068
leaf_count=30 12 29 34 25 26 27 15 32 13 36 20 19 21 24 16 25 23 16
internal_value=-0.00019097 -0.0109798 -0.0534317 -0.0274706 0.00688489 0.0133796 0.0282405 -0.00554214 -0.0277433 0.000440141 0.0176299 0.00662828 -0.0382033 0.0358223 -0.0328408 0.0152644 -0.000968445 -0.0381074
internal_weight=60.9067 24.124 9.21616 6.40019 36.7827 31.6141 17.7071 13.907 7.77224 5.63047 14.6131 11.5202 4.54331 6.9769 5.16855 14.9079 9.08181 5.20073
internal_count=443 182 89 55 261 219 111 108 76 49 99 84 41 43 42 93 64 41
is_linear=0
shrinkage=0.1


Tree=48
num_leaves=18
num_cat=0
split_feature=11 11 13 11 13 6 14 10 10 5 14 14 11 13 15 10 2
split_gain=0.409023 0.814365 1.247 0.627456 0.72855 0.974703 0.843691 1.66151 1.14321 3.33088 1.15664 0.692154 0.627029 0.609453 1.78915 0.429727 0.120671
threshold=157.50000000000003 47.500000000000007 54.000000000000007 39.500000000000007 251.00000000000003 1.0000000180025095e-35 15.520000000000001 73.500000000000014 70.500000000000014 1.0000000180025095e-35 8.1200000000000028 13.315000000000001 82.000000000000014 88.500000000000014 78.450000000000003 71.500000000000014 1.0000000180025095e-35
decision_type=2 2 2 2 2 2 2 2 2 2 2 2 2 2 2 2 2
left_child=1 3 -3 4 5 6 8 -8 13 10 -10 16 15 14 -1 -4 -12
right_child=-2 2 12 -5 -6 -7 7 -9 9 -11 11 -13 -14 -15 -16 -17 -18
leaf_value=0.074362842025266981 0.030412239728127267 -0.092718099428016232 -0.061266042492194743 0.039353929766687883 0.048227109793026655 -0.057459122524854037 -0.072922531142499511 0.018004936699012333 -0.0074757663944692689 0.057127126429315112 -0.093066659599555804 -0.032465243214033594 0.017689865087322783 0.057626837027132005 -0.025321779993563571 -0.0043865700054255743 -0.13434549544851346
leaf_weight=2.9288526140153426 4.0703586600720874 2.2442378066480151 2.6939522176980955 4.4797875406220546 2.8860443294979623 3.1154050873592487 3.9969097664579731 4.0418083481490612 3.5729634240269643 4.5409299936145535 1.4127099886536598 1.6616782639175651 4.4406267683953047 5.1537362635135651 4.6734944544732571 2.6200982499867678 1.4200590755790472
leaf_count=14 22 27 24 32 20 31 37 27 19 22 23 15 29 25 37 22 17
internal_value=-0.000192638 -0.0024218 -0.025508 0.00389046 -0.000141275 -0.00396381 0.00102553 -0.0272049 0.00997256 -0.0113815 -0.0499432 -0.0837036 -0.0100451 0.0310793 0.0130824 -0.0332216 -0.11376
internal_weight=59.9537 55.8833 11.9989 43.8844 39.4046 36.5185 33.4031 8.03872 25.3644 12.6083 8.06741 4.49445 9.75468 12.7561 7.60235 5.31405 2.83277
internal_count=443 421 102 319 287 267 236 64 172 96 74 55 75 76 51 46 40
is_linear=0
shrinkage=0.1


Tree=49
num_leaves=16
num_cat=0
split_feature=14 11 11 2 14 11 15 13 13 14 14 13 12 11 15
split_gain=0.61534 0.510785 1.52636 0.938086 0.677732 0.784575 0.723981 0.828684 0.931891 0.648734 1.07812 1.14057 1.9979 0.846961 0.581651
threshold=4.9650000000000007 82.000000000000014 58.000000000000007 1.0000000180025095e-35 26.045000000000005 46.150000000000006 94.050000000000011 192.65000000000001 135.50000000000003 14.915000000000001 9.865000000000002 37.850000000000009 165.50000000000003 22.100000000000005 96.550000000000011
decision_type=2 2 2 2 2 2 2 2 2 2 2 2 2 2 2
left_child=-1 2 4 -3 5 6 7 8 9 10 11 -2 -13 -12 -8
right_child=1 3 -4 -5 -6 -7 14 -9 -10 -11 13 12 -14 -15 -16
leaf_value=-0.049668545603342558 0.026144364169741835 -0.015982844834846934 -0.076444153182796737 0.050161303823633721 0.040129097341774944 -0.052395263790414461 -0.06531467477101581 -0.038683364980509241 0.055097895593502172 -0.033209455093813685 0.072725312475185031 -0.10786296899537813 0.0054266452763553517 0.00730023611903108 -0.00051862290735745105
leaf_weight=2.4110594633966675 6.1044553406536668 3.5614763544872385 2.6168888630345455 5.3879873566329479 4.2475744374096385 2.8552502933889619 2.6485911961644879 3.4524618973955503 4.4778258278965941 3.6813741857185951 4.1305323168635359 2.3597685052081943 4.5739269461482763 3.7981164399534464 2.9046915881335735
leaf_count=17 35 29 29 27 26 29 25 38 26 33 20 22 35 37 15
internal_value=-0.000188895 0.00191139 -0.00218963 0.023839 0.00210611 -0.0018343 0.00195163 0.00764055 0.0131316 0.00550757 0.0123055 -0.00537756 -0.0331296 0.0413843 -0.0314226
internal_weight=59.212 56.8009 47.8515 8.94946 45.2346 40.987 38.1317 32.5785 29.126 24.6482 20.9668 13.0382 6.9337 7.92865 5.55328
internal_count=443 426 370 56 341 315 286 246 208 182 149 92 57 57 40
is_linear=0
shrinkage=0.1


Tree=50
num_leaves=17
num_cat=0
split_feature=10 10 6 13 12 12 10 12 12 15 15 10 12 12 10 14
split_gain=0.427631 1.22591 0.75137 1.99233 0.716093 1.20651 1.40142 1.16364 1.48333 1.84633 0.809127 0.739843 1.79649 2.25933 0.526868 0.32742
threshold=49.500000000000007 55.500000000000007 1.0000000180025095e-35 52.500000000000007 211.50000000000003 246.50000000000003 82.500000000000014 189.50000000000003 168.50000000000003 77.800000000000011 86.850000000000009 64.500000000000014 123.50000000000001 72.000000000000014 36.500000000000007 7.5650000000000004
decision_type=2 2 2 2 2 2 2 2 2 2 2 2 2 2 2 2
left_child=14 -2 4 -4 7 -6 10 8 9 -3 -7 -11 13 -13 -1 -15
right_child=1 2 3 -5 5 6 -8 -9 -10 11 -12 12 -14 15 -16 -17
leaf_value=-0.011061762615532995 -0.06143585448043553 -0.06255043134696861 0.022972119888541739 -0.11944291397131356 -0.069660204365875375 0.0038483711022475886 0.060192178993131333 0.073348105934901958 -0.060407146952099935 0.063603599085902837 -0.064483679802852481 0.036636199102222419 0.065194352791312027 -0.023002275702649073 0.036111538594287951 -0.077766241965643801
leaf_weight=3.7747588623315078 3.4592573503032318 2.6637524180114367 2.1792520396411414 1.7884824331849811 3.0697170179337254 4.6926874434575421 2.937255784869194 2.9112391881644717 2.9215276502072802 4.1622921274974969 2.74742341786623 5.2921654880046827 4.962120965588837 1.6941808909177778 6.3512042313814163 3.0701161492615938
leaf_count=30 28 21 13 30 35 37 15 17 25 24 25 33 35 9 35 31
internal_value=-0.000166869 -0.00406553 0.00033564 -0.0412224 0.0043452 -0.0145862 0.00170516 0.013543 0.00651302 0.015463 -0.0213847 0.0262972 0.0159579 -0.00833659 0.0185263 -0.0582922
internal_weight=58.6774 48.5515 45.0922 3.96773 41.1245 13.4471 10.3774 27.6774 24.7662 21.8446 7.44011 19.1809 15.0186 10.0565 10.126 4.7643
internal_count=443 378 350 43 307 112 77 195 178 153 62 132 108 73 65 40
is_linear=0
shrinkage=0.1


Tree=51
num_leaves=16
num_cat=0
split_feature=15 9 12 15 12 13 12 15 15 12 12 9 14 13 11
split_gain=0.410667 1.02721 1.78404 1.58298 1.4779 1.00973 1.86156 1.79161 1.86662 0.967831 1.96357 0.848603 0.779138 0.716899 0.556042
threshold=92.15000000000002 1.5000000000000002 216.50000000000003 89.40000000000002 117.50000000000001 46.500000000000007 114.50000000000001 71.950000000000017 80.550000000000011 234.50000000000003 146.50000000000003 2.5000000000000004 10.105000000000002 146.00000000000003 21.500000000000004
decision_type=2 2 2 2 2 2 2 2 2 2 2 2 2 2 2
left_child=1 2 12 5 -5 7 -7 -3 -9 10 13 -8 -1 -2 -13
right_child=9 3 -4 4 -6 6 11 8 -10 -11 -12 14 -14 -15 -16
leaf_value=0.014914264755870932 -0.0013800589014368887 0.031937774412890786 -0.040107284854525894 -0.015646632707805044 -0.12585876307878593 -0.064767658591888946 -0.015258308774714317 -0.1386415610231804 -0.017962159752930803 0.050018318701456704 -0.067980537198647162 0.074097262613980017 0.073714221394987386 0.055776814450235634 0.022565344497865198
leaf_weight=4.9467380046844465 5.4076316636055726 2.7106509432196679 3.772505920380353 2.5509019847959271 2.3262755232863128 2.7259063525125375 3.4565191250294438 2.1921092020347714 3.0861613526940346 4.965002790093421 3.3249880746006957 3.5042654126882535 4.1391062866896391 3.69308852404356 5.2025909880176187
leaf_count=33 38 13 39 18 37 25 30 23 25 27 35 16 25 22 37
internal_value=-0.000160257 -0.00566626 0.0176992 -0.0164909 -0.0682147 -0.00546441 0.00992415 -0.0341447 -0.0680813 0.0126983 -0.00221385 0.0266632 0.0417009 0.0218143 0.0433055
internal_weight=58.0044 40.6137 12.8584 27.7554 4.87718 22.8782 14.8893 7.98892 5.27827 17.3907 12.4257 12.1634 9.08584 9.10072 8.70686
internal_count=443 321 97 224 55 169 108 61 48 122 95 83 58 60 53
is_linear=0
shrinkage=0.1


Tree=52
num_leaves=18
num_cat=0
split_feature=15 15 9 13 10 15 12 12 12 12 2 1 13 10 15 12 12
split_gain=0.354961 1.54425 0.984951 2.02224 1.14137 2.40433 0.948123 1.14154 1.49954 1.83245 0.708202 1.08111 0.638629 0.865027 0.557284 0.487617 0.345333
threshold=91.15000000000002 89.65000000000002 3.5000000000000004 54.000000000000007 70.500000000000014 80.350000000000009 89.500000000000014 246.50000000000003 168.50000000000003 138.00000000000003 1.0000000180025095e-35 1.0000000180025095e-35 49.500000000000007 82.500000000000014 94.050000000000011 151.50000000000003 191.50000000000003
decision_type=2 2 2 2 2 2 2 2 2 2 2 2 2 2 2 2 2
left_child=1 2 4 -4 10 -6 14 8 9 -8 11 16 -7 -14 -2 -3 -1
right_child=6 15 3 -5 5 12 7 -9 -10 -11 -12 -13 13 -15 -16 -17 -18
leaf_value=0.053247718155549933 0.069526923990911163 -0.10756224256520153 -0.10150283597978256 0.01628252016813149 -0.077425416515683618 0.054610291175997132 -0.050115801564198294 0.032458031914523518 -0.084357911668631214 0.064803649939996447 0.054000050343073813 -0.043650887415134149 -0.051198125496873387 0.035185732155888161 0.014099241340245126 -0.031136591818863992 0.0084722701922645329
leaf_weight=3.4350192407146114 3.3177052401006248 1.740019598975777 2.6464885417371979 3.2448230860754848 4.0438247034326178 2.9309405162930489 2.992666148580609 5.0253232046961775 3.0153725724667311 2.5869935229420662 5.7857980942353597 2.7210719306021929 2.1659938432276249 2.493951715528965 4.0020362809300423 1.604785979259759 3.4550320999696851
leaf_count=19 19 19 24 22 37 17 28 28 33 18 36 21 31 13 26 23 29
internal_value=-0.000170603 -0.00615598 0.000421113 -0.0366289 0.00849584 -0.0151425 0.0101959 -0.00540307 -0.0275396 0.00316628 0.0263582 0.00971808 0.0180369 -0.00496643 0.0392221 -0.0708944 0.030795
internal_weight=57.2078 36.2677 32.9229 5.89131 27.0316 11.6347 20.9401 13.6204 8.59503 5.57966 15.3969 9.61112 7.59089 4.65995 7.31974 3.34481 6.89005
internal_count=443 291 249 46 203 98 152 107 79 46 105 69 61 44 45 42 48
is_linear=0
shrinkage=0.1


Tree=53
num_leaves=18
num_cat=0
split_feature=11 11 2 14 14 9 15 13 13 13 4 14 12 2 12 10 10
split_gain=0.320448 1.46358 0.985362 0.508018 1.66926 0.981285 1.5677 0.821511 0.713181 1.71813 1.01998 1.72149 1.4936 0.674689 1.25324 0.681244 0.520254
threshold=82.000000000000014 58.000000000000007 1.0000000180025095e-35 20.075000000000006 15.520000000000001 1.5000000000000002 93.450000000000017 186.00000000000003 73.250000000000014 49.500000000000007 1.0000000180025095e-35 11.31 165.50000000000003 1.0000000180025095e-35 114.50000000000001 60.500000000000007 71.500000000000014
decision_type=2 2 2 2 2 2 2 2 2 2 2 2 2 2 2 2 2
left_child=1 3 -2 4 7 -5 -7 8 9 13 11 12 -10 15 -15 -1 -6
right_child=2 -3 -4 5 16 6 -8 -9 10 -11 -12 -13 -14 14 -16 -17 -18
leaf_value=0.021531555326246912 -0.022064687961110524 -0.075996617165231914 0.044598151941853653 0.059479736904337534 -0.10372607682381881 -0.075841961961456303 0.044494225206793227 -0.044782150330983296 -0.074778537577271084 -0.070789576554215194 0.074011836935594419 0.06073215074853569 0.025747571668196068 0.083214175789927916 -0.00095278820556136685 -0.049466357864891813 -0.028921104627268903
leaf_weight=2.5208135116845423 3.7856466481462103 2.6281846752390257 5.3521936349570751 3.91775034368038 1.9322104249149554 1.9611429087817667 2.4166883211582899 3.2506389385089269 2.9616543408483249 3.2529269699007264 3.2636817395687094 3.9378440659493208 2.9503909293562174 2.7741041779518127 4.8831641674041748 2.9135052915662527 1.7919707428663967
leaf_count=18 32 30 29 19 24 24 17 35 24 34 19 26 20 11 37 27 17
internal_value=-0.000164359 -0.00347267 0.0169809 0.000788736 -0.00429665 0.023123 -0.00941294 0.00292603 0.00819053 -0.00574655 0.0255615 0.00950782 -0.0246112 0.010415 0.0295395 -0.0165326 -0.067732
internal_weight=56.4945 47.3567 9.13784 44.7285 36.4329 8.29558 4.37783 32.7087 29.4581 16.3445 13.1136 9.84989 5.91205 13.0916 7.65727 5.43432 3.72418
internal_count=443 382 61 352 292 60 41 251 216 127 89 70 44 93 48 45 41
is_linear=0
shrinkage=0.1


Tree=54
num_leaves=17
num_cat=0
split_feature=4 13 11 11 1 13 13 15 11 13 10 13 10 10 14 10
split_gain=0.366605 1.45661 0.709454 1.00856 0.594619 0.516836 0.769387 0.624529 0.909765 0.656235 1.66662 1.32271 1.30789 1.04298 0.852025 0.509335
threshold=1.0000000180025095e-35 81.500000000000014 82.000000000000014 47.500000000000007 1.0000000180025095e-35 239.00000000000003 165.50000000000003 94.050000000000011 39.500000000000007 17.120000000000001 49.500000000000007 36.150000000000006 79.500000000000014 69.500000000000014 13.945000000000002 71.500000000000014
decision_type=2 2 2 2 2 2 2 2 2 2 2 2 2 2 2 2
left_child=2 -2 3 5 -4 6 7 8 9 -1 -11 -12 13 -13 -15 -5
right_child=1 -3 4 15 -6 -7 -8 -9 -10 10 11 12 -14 14 -16 -17
leaf_value=0.044621289866128178 -0.082975946516936544 0.012487101815949196 0.063167972716579313 -0.072938009789971572 0.0081134128657686377 0.043108686450526623 -0.042098657638771776 -0.032193584604302779 0.060157661698518328 0.061410333479391767 -0.086494116653973288 0.0016506419733646677 0.037224905951791822 -0.12263669874220443 -0.022007803574496127 -0.0092550286347187326
leaf_weight=3.3176672533154585 2.4864857774227849 4.4748696312308311 3.2255079485475999 2.7852493468672028 5.0072610713541508 3.0075882826931766 3.8649554192088535 3.8193691279739133 3.2969425637274972 3.2260419316589859 2.3630088549107304 4.5281259743496758 4.6370062939822674 1.6670815553516152 1.6988536454737184 2.2872615940868855
leaf_count=21 33 37 19 28 31 25 34 30 19 18 23 35 25 28 15 22
internal_value=-0.000144476 -0.0216108 0.00292199 -0.0025181 0.0296832 0.00345329 -0.00022563 0.00544212 0.0112536 0.00373255 -0.0037539 -0.0178684 -0.00492751 -0.029688 -0.0718473 -0.0442225
internal_weight=55.6933 6.96136 48.7319 40.4992 8.23277 35.4266 32.4191 28.5541 24.7347 21.4378 18.1201 14.8941 12.5311 7.89406 3.36594 5.07251
internal_count=443 70 373 323 50 273 248 214 184 165 144 126 103 78 43 50
is_linear=0
shrinkage=0.1


Tree=55
num_leaves=19
num_cat=0
split_feature=13 14 15 13 10 10 14 11 13 11 0 14 14 12 13 3 14 15
split_gain=0.338581 1.65511 0.733627 0.825706 1.07712 0.985418 1.23218 1.58081 1.02196 0.875196 1.23249 1.13501 1.79562 1.54115 0.654516 0.561189 0.378065 0.249174
threshold=33.500000000000007 10.330000000000002 96.050000000000011 38.500000000000007 86.500000000000014 48.500000000000007 20.855000000000004 23.500000000000004 54.000000000000007 52.500000000000007 1.0000000180025095e-35 8.8900000000000023 11.31 131.50000000000003 135.50000000000003 1.0000000180025095e-35 11.31 86.000000000000014
decision_type=2 2 2 2 2 2 2 2 2 2 2 2 2 2 2 2 2 2
left_child=1 15 3 -2 5 16 8 -8 -7 11 -11 14 -13 -14 -10 -1 -5 -15
right_child=2 -3 -4 4 -6 6 7 -9 9 10 -12 12 13 17 -16 -17 -18 -19
leaf_value=-0.017330759058163031 0.056691631367881884 -0.079130110928127273 0.040019988283924716 -0.0050862094437184079 0.043292058667631521 -0.074412794824893852 -0.0065422467449855861 -0.13547362665677579 -0.017065762918782101 -0.011487943049347254 0.081183406603687572 -0.11399210016433708 0.04428039931104831 -0.029467050403769693 0.049291783928211506 0.036561285144356311 0.042227896533475473 -0.087331841415125427
leaf_weight=4.0540414452552778 2.3459706380963317 3.000051137059927 4.945427816361188 2.8669236563146105 4.1856491379439822 2.2474142219871345 1.8697378113865846 1.9352413183078168 2.952391771599653 3.2589677451178423 2.5644205994904041 2.3881720174103958 2.6890901643782854 1.4066460253670814 2.9935465753078461 3.6918362639844418 4.1097999587655067 1.5801176088862119
leaf_count=33 13 39 27 17 22 27 15 25 25 30 15 33 19 17 17 19 25 25
internal_value=-0.000143684 -0.0160689 0.00371589 -0.000841628 -0.00448476 -0.01057 -0.0195599 -0.0721177 -0.0105031 -0.00326123 0.0293213 -0.0168045 -0.0412453 -0.0106363 0.0163427 0.00835524 0.0227853 -0.0600798
internal_weight=55.0854 10.7459 44.3395 39.3941 37.0481 32.8625 25.8857 3.80498 22.0808 19.8334 5.82339 14.01 8.06403 5.67585 5.94594 7.74588 6.97672 2.98676
internal_count=443 91 352 325 312 290 248 40 208 181 45 136 94 61 42 52 42 42
is_linear=0
shrinkage=0.1


Tree=56
num_leaves=18
num_cat=0
split_feature=12 13 2 12 12 15 13 12 6 11 14 13 10 9 15 15 14
split_gain=0.293284 0.532325 1.55216 0.831466 0.761125 0.99007 1.36504 1.54657 0.738981 0.644663 0.783269 1.00633 1.59626 2.98885 0.562301 0.493363 0.244586
threshold=368.00000000000006 30.360000000000003 1.0000000180025095e-35 121.50000000000001 303.50000000000006 96.050000000000011 200.50000000000003 95.000000000000014 1.0000000180025095e-35 15.500000000000002 20.855000000000004 108.50000000000001 62.500000000000007 3.5000000000000004 85.350000000000009 88.750000000000014 10.105000000000002
decision_type=2 2 2 2 2 2 2 2 2 2 2 2 2 2 2 2 2
left_child=1 2 16 -4 5 6 8 -8 9 -3 11 12 -11 14 -14 -13 -1
right_child=-2 4 3 -5 -6 -7 7 -9 -10 10 -12 15 13 -15 -16 -17 -18
leaf_value=-0.10369933350880581 -0.028301794773030787 -0.031735316687949724 0.052119155086973304 -0.021865894039638012 0.043836494616020641 0.046821929705761212 0.015053761117393455 -0.12556226727561889 -0.042298030664386033 0.053067638967941692 -0.039646225271025126 0.076816094858434894 -0.10945211256453853 0.049677260105229194 -0.040830188079427385 0.024267657513378026 -0.049627541441306926
leaf_weight=1.5225525489076956 3.4662865102291098 3.4785180408507648 2.6871473658829927 3.4942122735083103 4.8662081658840171 4.2923206631094208 1.3533507455140346 1.8532670708373187 3.2569316867738953 4.3479198263958159 2.3770466167479745 3.646595172584056 2.2315464336425048 3.4129304252564907 2.5685355151072145 3.5030089132487774 1.8566699754446743
leaf_count=16 32 25 13 29 29 24 13 35 37 23 22 19 29 19 29 25 24
internal_value=-0.000159165 0.00176306 -0.0194948 0.0102967 0.00669743 0.00172175 -0.00432216 -0.0662154 0.00256358 0.00827861 0.0145803 0.0211199 0.00407276 -0.0218648 -0.0727324 0.0510695 -0.0739903
internal_weight=54.215 50.7488 9.56058 6.18136 41.1882 36.322 32.0297 3.20662 28.823 25.5661 22.0876 19.7105 12.5609 8.21301 4.80008 7.1496 3.37922
internal_count=443 411 82 42 329 300 276 48 228 191 166 144 100 77 58 44 40
is_linear=0
shrinkage=0.1


Tree=57
num_leaves=17
num_cat=0
split_feature=4 13 12 15 14 15 13 12 12 13 14 14 10 13 3 10
split_gain=0.285867 1.10263 0.542016 0.766754 1.09784 0.699345 0.615398 1.59584 1.2533 0.814335 1.22766 1.09868 1.79811 0.909251 0.548549 0.493684
threshold=1.0000000180025095e-35 81.500000000000014 92.500000000000014 64.950000000000017 5.7450000000000001 71.450000000000017 133.49500000000003 260.50000000000006 157.50000000000003 115.80000000000001 15.520000000000001 13.545000000000002 73.500000000000014 54.000000000000007 1.0000000180025095e-35 66.500000000000014
decision_type=2 2 2 2 2 2 2 2 2 2 2 2 2 2 2 2
left_child=2 -2 14 -4 -5 -6 9 8 -8 10 11 12 13 -7 15 -1
right_child=1 -3 3 4 5 6 7 -9 -10 -11 -12 -13 -14 -15 -16 -17
leaf_value=0.068254444026045483 -0.074744588749731264 0.010571632991344049 0.0537731725427327 -0.072543507455773842 -0.051322050365684282 0.0021044439065090017 -0.0078878087647005751 0.037420132088356366 -0.097181057180934255 0.062784532067213905 -0.054012503544321758 0.077536508178418145 -0.051972628284649373 0.070452685908326165 -0.01177160224288528 0.013813917800668207
leaf_weight=3.1674046926200372 2.3433568500913671 4.2845086650922894 2.2414995022118083 2.3516670800745478 2.6193258240818968 4.5749392900616019 3.540983372833578 3.3884676788002253 2.8266442283056676 2.7844355851411811 2.9683376429602495 2.4554097130894652 3.8613870465196669 3.3876429256051779 3.0132356714457273 3.5134277008473873
leaf_count=17 33 37 13 16 17 39 31 22 39 14 38 17 38 24 19 29
internal_value=-0.000158373 -0.0195929 0.00260016 -0.00291451 -0.00657009 -0.00178271 0.00257336 -0.0180226 -0.0475258 0.012604 0.00450299 0.016667 0.00402655 0.0311829 0.0236488 0.0396244
internal_weight=53.3227 6.62787 46.6948 37.0007 34.7592 32.4076 29.7882 9.7561 6.36763 20.0322 17.2477 14.2794 11.824 7.96258 9.69407 6.68083
internal_count=443 70 373 308 295 279 262 92 70 170 156 118 101 63 65 46
is_linear=0
shrinkage=0.1


Tree=58
num_leaves=17
num_cat=0
split_feature=14 14 10 1 15 12 13 12 15 9 12 12 9 14 15 2
split_gain=0.429102 0.433354 0.962511 0.948764 0.832105 1.72316 1.90249 1.2055 1.18526 1.06136 0.704229 0.811789 0.75157 1.32935 1.29784 0.346647
threshold=4.9650000000000007 7.455000000000001 36.500000000000007 1.0000000180025095e-35 84.250000000000014 119.00000000000001 46.500000000000007 320.00000000000006 88.40000000000002 2.5000000000000004 72.000000000000014 246.50000000000003 2.5000000000000004 13.105000000000002 91.950000000000017 1.0000000180025095e-35
decision_type=2 2 2 2 2 2 2 2 2 2 2 2 2 2 2 2
left_child=-1 3 -3 -2 5 -4 -7 8 15 -8 -10 12 14 -14 -12 -6
right_child=1 2 4 -5 7 6 9 -9 10 -11 11 -13 13 -15 -16 -17
leaf_value=-0.042891447851600706 0.048357476838050605 -0.065658249691738779 -0.10475286433026987 -0.0098857184227679768 0.084489640441009609 -0.069587989807095921 -0.014555954191878018 -0.050342467480408895 0.039827273237373097 0.072261989338337981 0.0083191711885114566 0.037089353395978408 0.058367084152721418 -0.043281591419952227 -0.093471386067799977 0.034075104716255869
leaf_weight=2.2473866250365964 5.5732174292206746 2.3201271435245863 2.0711219934746614 5.6142981350421906 2.6565610980615082 2.8521129949949664 2.7058589644730091 2.9196668984368435 4.4663149025291231 2.9360854867845774 2.2913877377286536 3.3055438566952935 2.5441762916743755 2.6027854927815497 2.7629139758646488 2.8028846858069301
leaf_count=17 29 25 23 35 18 32 26 29 33 16 26 21 20 35 32 26
internal_value=-0.000137836 0.00176764 -0.00318246 0.0191289 0.000743921 -0.0229667 -0.00302468 0.01025 0.0177998 0.0306244 0.00540441 -0.00597825 -0.0199336 0.006964 -0.0473242 0.0586068
internal_weight=52.6724 50.4251 39.2375 11.1875 36.9174 10.5652 8.49406 26.3522 23.4326 5.64194 17.9731 13.5068 10.2013 5.14696 5.0543 5.45945
internal_count=443 426 362 64 337 97 74 240 211 42 167 134 113 55 58 44
is_linear=0
shrinkage=0.1


Tree=59
num_leaves=19
num_cat=0
split_feature=14 13 9 14 13 10 13 10 10 13 2 11 13 15 15 11 1 15
split_gain=0.332195 1.28736 1.68583 0.876243 0.664651 1.08363 1.22973 0.835777 0.924858 0.75568 1.62818 0.854539 0.675999 0.552401 0.912408 0.70454 0.428502 0.328118
threshold=19.650000000000002 186.00000000000003 2.5000000000000004 15.520000000000001 124.50000000000001 44.500000000000007 95.280000000000015 55.500000000000007 85.500000000000014 77.950000000000017 1.0000000180025095e-35 29.500000000000004 29.250000000000004 89.65000000000002 95.750000000000014 32.500000000000007 1.0000000180025095e-35 89.550000000000011
decision_type=2 2 2 2 2 2 2 2 2 2 2 2 2 2 2 2 2 2
left_child=1 3 -3 4 5 -1 7 -7 9 10 11 -9 -12 -2 15 -15 -5 -6
right_child=13 2 -4 16 17 6 -8 8 -10 -11 12 -13 -14 14 -16 -17 -18 -19
leaf_value=0.057167782964736062 0.06093682841016447 -0.12447141941405632 0.0068130689809704414 -0.07881415702868555 0.014709238236796979 -0.053353721765145093 -0.0608442015231241 -0.087328143980741416 -0.045918991596298663 0.060935289721534773 0.061301906651103168 -0.0035741754832966733 0.005419651354419153 0.011798674963823237 0.055991370557789494 -0.063308390895205915 -0.010984317822923882 0.060951914234589115
leaf_weight=2.9844067851081517 2.1788421012461168 1.9489499800838523 1.9635373298078773 1.8389720804989329 3.278485804796218 2.4008751157671275 3.5819749142974606 2.058162248693411 2.6388380434364072 3.2671649251133195 4.385677307844162 2.9849981805309653 4.2745594382286072 2.9669282790273428 2.300364788621664 2.1569117167964578 1.8870336445979774 2.8843853548169136
leaf_count=23 15 30 22 18 23 18 34 25 20 21 24 31 34 25 13 28 22 17
internal_value=-0.0001292 -0.00393467 -0.0585844 0.00162398 0.00656693 0.000143451 -0.00650637 0.00233663 0.00915507 0.0177188 0.00741514 -0.037755 0.0337193 0.0166642 0.00367121 -0.0198181 -0.0444618 0.036352
internal_weight=51.9811 42.378 3.91249 38.4655 34.7395 28.5767 25.5923 22.0103 19.6094 16.9706 13.7034 5.04316 8.66024 9.60305 7.4242 5.12384 3.72601 6.16287
internal_count=443 362 52 310 270 230 207 173 155 135 114 56 58 81 66 53 40 40
is_linear=0
shrinkage=0.1


Tree=60
num_leaves=20
num_cat=0
split_feature=15 12 12 9 10 10 11 11 12 15 10 13 15 14 10 13 10 12 14
split_gain=0.289925 0.749577 1.23291 0.848716 1.82839 0.881113 0.844199 1.42123 1.02551 0.735403 1.07086 1.09911 0.793562 0.643565 0.627533 1.22931 1.66346 2.33826 0.195976
threshold=92.15000000000002 216.50000000000003 206.50000000000003 3.5000000000000004 72.500000000000014 74.500000000000014 30.250000000000004 82.000000000000014 328.00000000000006 93.050000000000011 68.500000000000014 114.50000000000001 96.050000000000011 8.2050000000000018 56.500000000000007 33.500000000000007 62.500000000000007 133.50000000000003 9.865000000000002
decision_type=2 2 2 2 2 2 2 2 2 2 2 2 2 2 2 2 2 2 2
left_child=1 2 3 5 -5 14 8 18 -3 -2 12 -12 -11 -7 -1 -16 -17 -18 -8
right_child=9 6 -4 4 -6 13 7 -9 -10 10 11 -13 -14 -15 15 16 17 -19 -20
leaf_value=-0.0099413192703761005 0.053726870874633181 -0.037909960774428222 0.073668676346002548 -0.10582184054203517 0.025585064342125041 0.0065335480760874733 -0.13476686301192425 0.0047015217225033872 0.037247326822390701 -0.068723086493993696 0.068034714817629169 -0.01123854006088522 0.012083008001697176 -0.068019138035734769 0.098205170484171503 0.082606442980956082 -0.10184155112954325 0.051667842335085971 -0.078996827612496698
leaf_weight=4.3981923535466292 3.237334255129098 4.1267745294608158 2.3639175961725405 2.1978047569282344 2.0432150894775987 2.357295209541916 1.3713854942470791 1.9313722094520924 3.2416019458323717 2.9376247259788197 3.2358512617647648 3.8062956621870399 2.0729096680879593 2.2756895180791616 2.3454957753419858 2.2151129003614187 1.9968889998272064 1.9722878164611755 1.1656469455920158
leaf_count=32 22 39 16 24 19 17 18 14 24 37 18 30 15 29 11 12 26 18 22
internal_value=-0.000125964 -0.00502547 0.00507301 -0.00236459 -0.0425133 0.00733144 -0.0256425 -0.0599362 -0.00484569 0.0114107 4.45841e-05 0.0251873 -0.0352928 -0.0300862 0.0207408 0.0365613 0.0131818 -0.0255626 -0.109143
internal_weight=51.2927 36.0027 24.1659 21.802 4.24102 17.561 11.8368 4.4684 7.36838 15.29 12.0527 7.04215 5.01053 4.63298 12.928 8.52979 6.18429 3.96918 2.53703
internal_count=443 321 204 188 43 145 117 54 63 122 100 48 52 46 99 67 56 44 40
is_linear=0
shrinkage=0.1


Tree=61
num_leaves=19
num_cat=0
split_feature=14 13 11 14 10 12 13 14 12 12 14 14 12 12 11 14 14 15
split_gain=0.273245 1.11353 1.5045 0.695157 0.661367 0.63297 0.592756 0.96095 1.10126 1.59242 0.616737 0.873681 0.915682 1.21771 0.582108 0.129257 0.0797945 0.0524719
threshold=19.650000000000002 186.00000000000003 20.500000000000004 15.520000000000001 73.500000000000014 83.500000000000014 124.50000000000001 13.685000000000002 237.50000000000003 341.50000000000006 10.755000000000003 9.3250000000000011 165.50000000000003 95.000000000000014 30.250000000000004 11.510000000000002 9.4350000000000005 89.050000000000026
decision_type=2 2 2 2 2 2 2 2 2 2 2 2 2 2 2 2 2 2
left_child=1 3 -3 6 -5 -2 7 8 10 16 11 12 13 -1 -7 -4 -10 -8
right_child=5 2 15 4 -6 14 17 -9 9 -11 -12 -13 -14 -15 -16 -17 -18 -19
leaf_value=0.013995167520107347 0.067059030234218484 0.029582951209937664 -0.12444126558606446 -0.081038593121239191 0.0044674688864893087 0.027798868067315061 0.025452339972478272 0.053778776778645038 -0.10785649599698122 0.01790541273309269 -0.03347614788272215 0.057174071139557248 0.035741757121740977 -0.065689121608828158 -0.02848539431281262 -0.077627443650483713 -0.076061333237924578 0.044197088588051853
leaf_weight=4.4494736399501651 1.8872075378894786 1.3235295861959451 1.3112346907146277 1.8876340440474444 1.7369630746543405 4.0382909364998341 3.063513981178402 2.9557842938229433 1.6073250668123358 2.2458274960517883 3.4950901325792065 3.4841460282914332 4.635615911334753 3.37052490003407 3.3717135326005518 1.0719847902655599 1.5509432498365638 2.9137265235185623
leaf_count=28 15 9 23 25 15 30 21 22 20 17 34 27 30 32 36 20 20 19
internal_value=-0.000125583 -0.00362742 -0.055907 0.00155453 -0.0400628 0.0153562 0.00602113 -0.000122552 -0.0065367 -0.0464675 0.00456654 0.0129081 0.000525816 -0.0203498 0.0021883 -0.103384 -0.0922427 0.0345898
internal_weight=50.4005 41.1033 3.70675 37.3966 3.6246 9.29721 33.772 27.7947 24.8389 5.4041 19.4349 15.9398 12.4556 7.82 7.41 2.38322 3.15827 5.97724
internal_count=443 362 52 310 40 81 270 230 208 57 151 117 90 60 66 43 40 40
is_linear=0
shrinkage=0.1


Tree=62
num_leaves=17
num_cat=0
split_feature=4 13 11 11 13 13 15 11 13 10 13 10 10 14 14 11
split_gain=0.296475 0.902389 0.464079 0.936111 0.560237 0.60277 0.511284 0.636026 0.527814 1.0209 1.01094 1.02753 0.909283 0.964688 0.425588 0.407242
threshold=1.0000000180025095e-35 81.500000000000014 82.000000000000014 47.500000000000007 239.00000000000003 165.50000000000003 94.050000000000011 39.500000000000007 17.120000000000001 49.500000000000007 36.150000000000006 79.500000000000014 69.500000000000014 14.410000000000002 12.165000000000001 106.00000000000001
decision_type=2 2 2 2 2 2 2 2 2 2 2 2 2 2 2 2
left_child=2 -2 3 4 5 6 7 8 -1 -10 -11 12 -12 -14 -5 -4
right_child=1 -3 15 14 -6 -7 -8 -9 9 10 11 -13 13 -15 -16 -17
leaf_value=0.043139033179921842 -0.071506575952250365 0.0081511906783377705 0.053296998942047452 -0.072252419172902357 0.04859980968273897 -0.038777985661922122 -0.03051322946101083 0.054339287756992621 0.05128660571620576 -0.078177669251803444 0.0041728998590594944 0.036374363967023947 -0.12267514622729164 -0.0079826346460220333 -0.010298617446431747 0.0053437167681800318
leaf_weight=2.9836296178400685 2.2283577574416986 3.9306214861571789 3.100569996982812 2.4839856643229714 2.6081101992167524 3.488732725614681 3.416236223652958 2.9435051660984746 2.8964272662997272 2.0846639946103087 4.2117058662697655 4.2688427343964577 1.5464864969253542 1.3947747461497781 2.0028138794004917 4.1299252770841122
leaf_count=21 33 37 19 27 25 34 30 19 18 23 35 25 29 14 23 31
internal_value=-0.000133169 -0.0206695 0.00277045 -0.00183425 0.00419123 0.000229459 0.00551514 0.0110271 0.00445086 -0.00258638 -0.0141393 -0.00245127 -0.0256222 -0.0682868 -0.0445975 0.025907
internal_weight=49.7194 6.15898 43.5604 36.3299 31.8431 29.235 25.7463 22.33 19.3865 16.4029 13.5065 11.4218 7.15297 2.94126 4.4868 7.2305
internal_count=443 70 373 323 273 248 214 184 165 144 126 103 78 43 50 50
is_linear=0
shrinkage=0.1


Tree=63
num_leaves=17
num_cat=0
split_feature=12 3 9 11 15 12 15 11 15 14 10 14 10 10 15 11
split_gain=0.243557 0.452638 0.847246 0.936286 1.47191 1.31254 0.997496 0.901872 0.790266 1.3106 0.627084 0.804236 0.542268 0.501021 0.231384 0.0418915
threshold=47.500000000000007 1.0000000180025095e-35 3.5000000000000004 21.500000000000004 89.750000000000014 213.50000000000003 86.500000000000014 82.000000000000014 80.950000000000017 9.9850000000000012 81.500000000000014 15.520000000000001 64.500000000000014 69.500000000000014 91.950000000000017 40.500000000000007
decision_type=2 2 2 2 2 2 2 2 2 2 2 2 2 2 2 2
left_child=-1 2 3 6 5 12 -2 14 15 -10 11 -11 -5 -8 -6 -3
right_child=1 8 -4 4 7 -7 13 -9 9 10 -12 -13 -14 -15 -16 -17
leaf_value=0.021456749192218256 -0.019042557925951418 0.046756634033541203 -0.055488927139474842 0.063985667295288082 -0.049880629164514967 -0.059107123169808928 0.073700719035581383 0.006070991752786554 -0.072609905334699187 0.028261581644617312 0.055791239010484689 -0.04225158906494815 -0.00025615489577624168 0.016323268825136249 -0.099623411613906379 0.030464729390445356
leaf_weight=4.7223914982751003 4.0797521863132769 3.0616234634071615 3.6323123341426244 2.8906729985028488 1.4015166589524595 2.0705777434632182 3.027692548930645 1.5536579005420206 2.3302430380135766 3.496372056193648 2.3625392857939005 3.0099701434373856 2.4089157842099667 3.0598960053175688 2.8101412146352232 3.2575365304946899
leaf_count=36 32 21 36 17 24 32 17 12 22 30 15 35 32 24 39 19
internal_value=-0.000135417 -0.0024292 -0.010567 -0.00356488 -0.0212001 0.00840669 0.0192186 -0.0590483 0.0100831 -0.00587124 0.0116639 -0.00435929 0.0347847 0.0448602 -0.0830705 0.0383581
internal_weight=49.1758 44.4534 26.9351 23.3028 13.1355 7.37017 10.1673 5.76532 17.5183 11.1991 8.86888 6.50634 5.29959 6.08759 4.21166 6.31916
internal_count=443 407 265 229 156 81 73 75 142 102 80 65 49 41 63 40
is_linear=0
shrinkage=0.1


Tree=64
num_leaves=17
num_cat=0
split_feature=15 15 15 14 12 12 15 12 12 15 13 15 9 14 15 12
split_gain=0.300116 0.551949 0.716615 0.665496 0.529248 1.13156 0.519081 0.76126 0.876242 1.02896 1.00307 0.947111 0.518735 0.403841 0.390204 0.885871
threshold=92.15000000000002 89.65000000000002 90.950000000000017 4.9650000000000007 234.50000000000003 146.50000000000003 87.850000000000009 89.500000000000014 141.50000000000003 67.350000000000009 37.850000000000009 72.550000000000026 2.5000000000000004 7.455000000000001 81.050000000000011 262.50000000000006
decision_type=2 2 2 2 2 2 2 2 2 2 2 2 2 2 2 2
left_child=1 3 -3 -1 5 12 7 -5 13 -10 -11 -12 -2 -9 -13 -16
right_child=4 2 -4 6 -6 -7 -8 8 9 10 11 14 -14 -15 15 -17
leaf_value=-0.063435703537742916 -0.0087744815882632356 -0.075116012501130716 -0.0041177583634693996 -0.060205852781488427 0.042016273024224865 -0.056605399907869072 0.038762548425726628 0.065268256265670163 0.057967882239094874 -0.073206023159714667 -0.062617712019348112 0.041086835178300071 0.043360403874772982 0.011666389362767881 -0.058116845348000205 0.02527639066993503
leaf_weight=1.5363075733184839 3.553164176642893 2.4026605442631981 3.4818153423257172 2.0078483298420968 4.1661526188254348 2.6459033438004553 3.7458106949925414 2.7637118622660664 2.0394876301288596 2.6620308253914109 2.2194042615592471 2.8278541760519129 4.1230911742895842 2.8602026589214802 1.9835010878741739 3.5602425746619701
leaf_count=13 30 39 33 20 27 35 31 12 12 35 16 25 30 28 26 31
internal_value=-0.000124663 -0.00524866 -0.0331067 0.000563134 0.0119321 -0.000210294 0.00424973 -0.00138964 0.00425636 -0.00815582 -0.0183315 -0.00453887 0.0192284 0.0380075 0.0108585 -0.00456095
internal_weight=48.5792 34.0909 5.88448 28.2064 14.4883 10.3222 26.6701 22.9243 20.9164 15.2925 13.253 10.591 7.67626 5.62391 8.3716 5.54374
internal_count=443 321 72 249 122 95 236 205 185 145 133 98 60 40 82 57
is_linear=0
shrinkage=0.1


Tree=65
num_leaves=20
num_cat=0
split_feature=14 13 9 13 14 13 10 13 10 10 12 3 10 12 10 10 12 2 13
split_gain=0.251118 0.940191 1.37597 0.600604 0.559547 0.446055 0.850018 1.0739 0.671639 0.704685 0.527621 0.788964 1.16204 0.850936 0.394776 0.376886 0.357522 0.296059 0.00282276
threshold=19.650000000000002 186.00000000000003 2.5000000000000004 118.50000000000001 15.520000000000001 124.50000000000001 44.500000000000007 95.280000000000015 55.500000000000007 85.500000000000014 84.500000000000014 1.0000000180025095e-35 75.500000000000014 146.50000000000003 71.500000000000014 62.500000000000007 220.50000000000003 1.0000000180025095e-35 161.00000000000003
decision_type=2 2 2 2 2 2 2 2 2 2 2 2 2 2 2 2 2 2 2
left_child=1 4 -3 -2 5 6 -1 8 -8 10 -10 12 13 -12 -6 -5 -15 -13 -7
right_child=3 2 -4 15 14 18 7 -9 9 -11 11 17 -14 16 -16 -17 -18 -19 -20
leaf_value=0.052160893978707795 -0.025992740869205357 -0.11982175184189257 0.006861502849786219 0.057814538347022243 -0.070972274673516564 0.028616006424779013 -0.048823846834648695 -0.058881034306616953 -0.027004426270077982 -0.040332786704296963 0.027781782552952224 0.026845025612306631 0.062439983493172271 -0.026186943773067236 -0.003806076188516964 0.0088750001466290571 -0.097901853107771997 0.068448318266688082 0.03306884771757114
leaf_weight=2.7869617156684425 2.5403421488590521 1.6379361576400691 1.7991269808262584 2.9343189094215631 1.7157513103447848 3.0008839815855017 2.2766276840120616 3.3290885733440509 2.3462729230523136 2.5143186850473276 1.6403889758512358 3.3536890931427479 2.0044153183698654 1.3534125471487644 1.7859854809939859 3.3933184165507555 1.4292907300405202 3.4910719636827707 2.7086328770965338
leaf_count=23 34 30 22 19 23 22 18 34 19 20 13 29 13 19 17 28 22 20 18
internal_value=-0.000115233 -0.00355511 -0.0535095 0.0150803 0.00124936 0.00537354 -8.40022e-05 -0.00621767 0.0023725 0.00880034 0.0167099 0.0244378 -0.00072242 -0.0293458 -0.0367156 0.0315698 -0.0630222 0.0480642 0.0307285
internal_weight=48.0418 39.1739 3.43706 8.86798 35.7368 32.2351 26.5255 23.7386 20.4095 18.1329 15.6185 13.2723 6.42751 4.42309 3.50174 6.32764 2.7827 6.84476 5.70952
internal_count=443 362 52 81 310 270 230 207 173 155 135 116 67 54 40 47 41 49 40
is_linear=0
shrinkage=0.1


Tree=66
num_leaves=18
num_cat=0
split_feature=12 4 12 15 15 13 13 10 10 11 15 11 11 11 13 13 15
split_gain=0.277617 0.387491 1.3231 0.473877 1.34653 0.423963 0.743149 0.486571 0.511997 0.545468 0.988163 1.28751 0.740898 0.754478 0.408977 0.219296 0.0278559
threshold=47.500000000000007 1.0000000180025095e-35 138.00000000000003 96.050000000000011 94.050000000000011 17.120000000000001 30.360000000000003 49.500000000000007 86.500000000000014 18.500000000000004 82.050000000000011 40.500000000000007 84.500000000000014 22.100000000000005 118.50000000000001 84.500000000000014 90.800000000000026
decision_type=2 2 2 2 2 2 2 2 2 2 2 2 2 2 2 2 2
left_child=-1 3 -3 4 5 -2 -7 14 9 -9 11 -11 13 -12 -8 -15 -17
right_child=1 2 -4 -5 -6 6 7 8 -10 10 12 -13 -14 15 -16 16 -18
leaf_value=0.02312922413759317 0.031686748189265382 -0.10322408066018263 0.011480848148651461 0.032116799284769841 -0.079088761187669832 -0.047541820545502433 0.004266701696930564 0.016322982557471451 0.03356131665696023 -0.039841421539755395 -0.0027372941968234208 0.058792758422695213 0.00024532143239820427 -0.059778732782697623 0.058370205037319406 -0.10957744900906466 -0.13292772350211715
leaf_weight=4.6365995779633513 4.1441503763198844 1.5985847231931973 2.7109525464475155 4.2332013770937911 2.1967668030410996 3.2497770572081235 3.034615843556824 4.9272166937589708 3.0093941539525977 2.7500245831906778 1.033394757891074 2.5510896826162934 1.8528108745813368 0.86831106804311309 2.589304830878973 1.1921126858796927 0.89405841007828701
leaf_count=36 31 24 33 27 28 35 23 35 18 27 13 18 14 18 17 32 14
internal_value=-0.00011454 -0.00263048 -0.0310679 0.000550534 -0.00334607 0.00183799 -0.00258735 0.00332674 -0.00429321 -0.0113826 -0.0236348 0.00762495 -0.0520066 -0.0762835 0.0291765 -0.102008 -0.119585
internal_weight=47.4724 42.8358 4.30954 38.5262 34.293 32.0963 27.9521 24.7023 19.0784 16.069 11.1418 5.30111 5.84069 3.98788 5.62392 2.95448 2.08617
internal_count=443 407 57 350 323 295 264 229 189 171 136 45 91 77 40 64 46
is_linear=0
shrinkage=0.1


Tree=67
num_leaves=20
num_cat=0
split_feature=11 12 12 3 11 14 14 13 15 11 15 14 14 15 14 12 12 15 10
split_gain=0.26513 0.651983 0.747291 0.394403 0.739963 0.860924 1.69193 0.803723 1.12804 0.739326 0.968705 0.667869 0.621078 0.54845 0.962319 0.872769 0.586873 0.421418 0.0567231
threshold=185.00000000000003 42.500000000000007 63.500000000000007 1.0000000180025095e-35 32.500000000000007 25.020000000000003 14.410000000000002 37.850000000000009 80.350000000000009 84.500000000000014 91.450000000000017 8.3950000000000014 12.575000000000001 81.65000000000002 9.9850000000000012 146.50000000000003 276.50000000000006 76.800000000000026 66.500000000000014
decision_type=2 2 2 2 2 2 2 2 2 2 2 2 2 2 2 2 2 2 2
left_child=1 -1 -3 4 5 6 7 -4 -9 10 12 -10 -6 17 -15 -16 -17 -5 -13
right_child=-2 2 3 13 9 -7 -8 8 11 -11 -12 18 -14 14 15 16 -18 -19 -20
leaf_value=-0.053139950264145586 0.030257847760855817 0.050914595018861336 -0.047677309483738099 0.0096916101423093273 -0.063638521651636262 0.057548861572831178 -0.092798922003316298 -0.040955764758224322 0.071059746146694178 0.010587499546626597 -0.12299652624838493 -0.0042341281716923957 0.026436216238590278 -0.066518462291284775 0.053266353861060933 -0.054355482937763967 0.017931647671412382 0.060616728539454913 0.021005896757098297
leaf_weight=2.3590262392535797 2.7053301744163027 2.7875788155943146 2.2428189227357533 3.8298210129141834 1.942449803464114 2.2873613536357871 2.0367118027061215 2.3458345234394056 3.3851049048826098 2.1426400654017925 1.6210482604801653 1.6891409270465376 1.263365681748837 2.0656930268742126 2.9165701624006033 2.1715002357959747 2.3262650705873966 2.8226045928895473 1.8829362937249241
leaf_count=24 18 18 21 26 34 14 31 19 21 19 29 17 18 20 20 33 20 18 23
internal_value=-0.000129734 -0.00199309 0.000896239 -0.00268147 -0.0111362 0.000791988 -0.00876612 0.00605746 0.0190121 -0.0382974 -0.0599974 0.0392322 -0.0281414 0.00928832 -0.00615724 0.0106599 -0.0169682 0.031299 0.00907056
internal_weight=46.8238 44.1185 41.7594 38.9719 22.8394 15.8699 13.5825 11.5458 9.30302 6.9695 4.82686 6.95718 3.20582 16.1325 9.48003 7.41434 4.49777 6.65243 3.57208
internal_count=443 425 401 383 246 146 132 101 80 100 81 61 52 137 93 73 53 44 40
is_linear=0
shrinkage=0.1


Tree=68
num_leaves=19
num_cat=0
split_feature=15 10 11 2 11 11 4 12 12 12 14 13 10 9 14 10 11 12
split_gain=0.275223 0.517761 0.611287 0.871158 0.900543 0.690135 0.486162 0.950061 0.566461 2.02697 1.01324 0.973746 0.854855 0.916968 1.18826 0.755209 0.493156 0.205515
threshold=92.15000000000002 83.500000000000014 18.500000000000004 1.0000000180025095e-35 37.500000000000007 44.500000000000007 1.0000000180025095e-35 153.50000000000003 141.50000000000003 165.50000000000003 9.9850000000000012 40.180000000000007 69.500000000000014 3.5000000000000004 13.800000000000002 57.500000000000007 23.500000000000004 256.50000000000006
decision_type=2 2 2 2 2 2 2 2 2 2 2 2 2 2 2 2 2 2
left_child=6 2 -2 4 -4 -5 8 -8 10 -10 11 -1 15 14 16 17 -14 -11
right_child=1 -3 3 5 -6 -7 7 -9 9 12 -12 -13 13 -15 -16 -17 -18 -19
leaf_value=0.030627733890280957 0.05019895880394723 0.049342257656014826 -0.0030921561441493101 -0.015411090654109111 -0.09911369410717219 0.061964746187236776 -0.091430720118767322 0.0079542947893997545 -0.12380650661382689 0.014122817309937044 0.052685431852166155 -0.048208707115870546 -0.046996944944612346 0.033700049966644517 0.0046469779928538955 0.051356690631038697 -0.12665554623747899 -0.027939717526051896
leaf_weight=3.1210727021098155 2.090850004926323 2.8932147584855548 2.271205764263867 2.5697419764474034 1.7136566622648386 2.090430585667491 1.8034987384453409 2.0610914556309581 1.4776986965443963 2.2434300556778926 4.6441963128745556 3.1459071766585112 1.5173646239563816 1.9112909808754919 2.5144225182011724 4.0620410572737455 1.5931840869598088 2.4088153066113591
leaf_count=18 13 17 24 28 24 16 26 24 25 14 37 33 17 14 25 38 24 26
internal_value=-0.000131506 0.0117966 0.00167841 -0.0100566 -0.0443854 0.0192977 -0.00513302 -0.038426 -0.000640483 -0.0116738 0.0172862 -0.00894669 -0.00147731 -0.0261405 -0.0464736 0.0198519 -0.0877971 -0.0076561
internal_weight=46.1331 13.6291 10.7359 8.64503 3.98486 4.66017 32.504 3.86459 28.6394 17.7282 10.9112 6.26698 16.2505 7.53626 5.62497 8.71429 3.11055 4.65225
internal_count=443 122 105 92 48 44 321 50 271 183 88 51 158 80 66 78 41 40
is_linear=0
shrinkage=0.1


Tree=69
num_leaves=17
num_cat=0
split_feature=11 12 9 12 13 13 13 9 13 12 13 14 14 10 12 11
split_gain=0.278129 0.624528 0.405595 0.777136 0.781292 1.89414 0.804054 0.735656 0.73234 1.2336 1.02417 0.885095 0.556408 0.453391 0.363486 0.353591
threshold=13.500000000000002 368.00000000000006 2.5000000000000004 281.50000000000006 78.90000000000002 121.50000000000001 54.000000000000007 3.5000000000000004 78.90000000000002 130.00000000000003 140.50000000000003 18.145000000000003 14.410000000000002 59.500000000000007 138.00000000000003 25.500000000000004
decision_type=2 2 2 2 2 2 2 2 2 2 2 2 2 2 2 2
left_child=-1 2 8 4 6 -6 7 -4 9 -2 14 15 -7 -11 -10 -12
right_child=1 -3 3 -5 5 12 -8 -9 10 13 11 -13 -14 -15 -16 -17
leaf_value=-0.032800479677309362 0.010820420278256219 -0.047735674843912695 0.031889402812999575 0.071602691302794202 -0.1053346752886134 0.037978953251091394 0.06391110690830501 -0.036203997271749361 0.0049179126813574505 -0.10807837222516239 -0.092024061915192412 0.022661088884014618 -0.025808601556664652 -0.039581789153326073 0.05211656991827604 -0.025232927360255442
leaf_weight=2.467319704592227 3.8891034461557892 2.4093792820349327 4.0620522904209846 2.1518078297376624 1.820704468525945 3.3481130045838654 3.605938533321023 2.6034792717546225 2.5569418929517251 1.6705707190558317 1.5115891639143231 2.4854818501044065 2.3116282485425472 2.2924121161922812 4.5089163430966437 1.666423676535487
leaf_count=24 29 29 31 13 27 28 26 25 22 26 16 24 27 37 33 26
internal_value=-0.000151786 0.00172619 0.00466979 0.0148479 0.00796839 -0.0166147 0.0258716 0.00529291 -0.00517321 -0.0291908 0.009642 -0.0220407 0.011926 -0.0684561 0.0350367 -0.0570014
internal_weight=45.3619 42.8945 40.4852 19.9037 17.7519 7.48045 10.2715 6.66553 20.5814 7.85209 12.7294 5.66349 5.65974 3.96298 7.06586 3.17801
internal_count=443 419 390 177 164 82 82 56 213 92 121 66 55 63 55 42
is_linear=0
shrinkage=0.1


Tree=70
num_leaves=18
num_cat=0
split_feature=12 4 12 15 15 13 13 10 10 11 11 14 15 13 14 11 13
split_gain=0.249304 0.335093 0.964835 0.370425 1.13638 0.397213 0.576698 0.488192 0.432003 0.363246 0.805683 1.04096 0.885864 0.656693 0.514933 0.387934 0.118026
threshold=47.500000000000007 1.0000000180025095e-35 138.00000000000003 96.050000000000011 94.050000000000011 17.120000000000001 30.360000000000003 49.500000000000007 87.500000000000014 18.500000000000004 40.500000000000007 5.4650000000000007 77.800000000000011 88.500000000000014 14.150000000000002 26.500000000000004 115.80000000000001
decision_type=2 2 2 2 2 2 2 2 2 2 2 2 2 2 2 2 2
left_child=-1 3 -3 4 5 -2 -7 16 9 -9 11 -11 -12 -13 -14 -15 -8
right_child=1 2 -4 -5 -6 6 7 8 -10 10 12 13 14 15 -16 -17 -18
leaf_value=0.022460523843641028 0.030826478316026692 -0.095186062049144496 0.0068815497117474117 0.029094323860454442 -0.074918288360646415 -0.043562479656097296 0.015064511843680593 0.011539571917575018 0.034743118113520585 0.043187942528676582 0.057155924687987573 -0.11814974654131159 -0.06579266427824941 -0.00088287769685532844 0.014354736616652897 -0.076640178594115538 0.045074696506514383
leaf_weight=4.3984791850671163 4.0693017076700952 1.4510139729827631 2.5603184544015676 4.0074491314589968 2.0646466417238107 3.0587565456517067 2.73454839922488 4.8079774212092188 2.3470947518944731 1.0050439722835998 2.0746320383623242 1.7067930372431872 1.6432947097346189 1.3460136861540379 1.5651134354993699 1.3578050041105596 2.5165373235940933
leaf_count=36 31 24 33 27 28 35 22 36 15 6 13 34 25 19 18 23 18
internal_value=-0.000145727 -0.00261205 -0.0300392 0.000418373 -0.00313971 0.00176215 -0.00275831 0.00264358 -0.00523963 -0.0112914 -0.0215517 -0.0486556 0.00623269 -0.069584 -0.0266955 -0.0389267 0.0294466
internal_weight=44.7148 40.3163 4.01133 36.305 32.2976 30.2329 26.1636 23.1049 17.8538 15.5067 10.6987 5.41566 5.28304 4.41061 3.20841 2.70382 5.25109
internal_count=443 407 57 350 323 295 264 229 189 174 138 82 56 76 43 42 40
is_linear=0
shrinkage=0.1


Tree=71
num_leaves=18
num_cat=0
split_feature=11 12 15 14 12 2 12 12 13 15 15 10 13 15 12 14 15
split_gain=0.242014 0.514528 0.406447 1.04508 0.872327 0.842045 0.523859 1.29978 0.694683 0.767466 0.883066 0.548881 0.534337 0.745443 0.679099 0.834123 0.47489
threshold=13.500000000000002 368.00000000000006 80.350000000000009 7.2250000000000005 288.50000000000006 1.0000000180025095e-35 168.50000000000003 189.50000000000003 23.500000000000004 96.050000000000011 93.65000000000002 69.500000000000014 37.850000000000009 92.350000000000009 114.50000000000001 10.650000000000002 88.40000000000002
decision_type=2 2 2 2 2 2 2 2 2 2 2 2 2 2 2 2 2
left_child=-1 2 3 -2 6 -5 8 -8 -4 10 12 -9 -10 14 15 -14 -16
right_child=1 -3 4 5 -6 -7 7 11 9 -11 -12 -13 13 -15 16 -17 -18
leaf_value=-0.030742856381419381 0.018689338824756332 -0.043928934669496517 -0.044213845060999207 -0.095875027675704716 0.055378730882528066 -0.011837341283862273 -0.09693978447788798 0.033740430029636864 0.07083753830075451 0.071311351871523043 -0.049324485177030454 -0.026606092081515011 -0.077876807293231057 0.064667338896169213 0.062274141174257495 0.01664734689718609 -0.009256654749581655
leaf_weight=2.443984603509306 5.1252048090100271 2.3392118401825419 1.8904576923232621 1.9976602389942852 3.7453718436881891 2.9574744217097759 1.6449415385723103 2.9925945466384292 1.8391696196049441 2.4561012471094719 2.0836983686313024 3.0365635983180255 1.9617405962198957 2.0959804831072688 1.9068152483087035 1.7812238819897173 1.8083018437027929
leaf_count=24 34 29 19 26 30 26 27 36 11 16 23 39 23 17 18 21 24
internal_value=-0.000159 0.00163509 0.00434555 -0.0129706 0.0103146 -0.0457171 0.00369505 -0.0181494 0.0131004 0.0199008 0.0105314 0.00334712 0.0214784 0.0119767 -0.00283116 -0.0328941 0.0274571
internal_weight=44.1065 41.6625 39.3233 10.0803 29.243 4.95513 25.4976 7.6741 17.8235 15.933 13.4769 6.02916 11.3932 9.55406 7.45808 3.74296 3.71512
internal_count=443 419 390 86 304 52 274 102 172 153 137 75 114 103 86 44 42
is_linear=0
shrinkage=0.1


Tree=72
num_leaves=18
num_cat=0
split_feature=11 12 12 3 12 12 12 9 9 11 11 11 2 10 12 13 15
split_gain=0.232791 0.536923 0.599899 0.2696 0.597633 0.538563 0.560007 0.484953 0.618055 0.853439 0.798244 0.586191 0.666429 0.46013 1.26687 0.35715 0.345729
threshold=196.50000000000003 42.500000000000007 63.500000000000007 1.0000000180025095e-35 320.00000000000006 206.50000000000003 146.50000000000003 3.5000000000000004 2.5000000000000004 17.500000000000004 17.500000000000004 21.500000000000004 1.0000000180025095e-35 69.500000000000014 247.50000000000003 143.00000000000003 89.850000000000009
decision_type=2 2 2 2 2 2 2 2 2 2 2 2 2 2 2 2 2
left_child=1 -1 -3 4 7 6 -5 8 10 -10 -4 -12 16 -7 -15 -11 -13
right_child=-2 2 3 5 -6 13 -8 -9 9 15 11 12 -14 14 -16 -17 -18
leaf_value=-0.049342756015333042 0.031940708434482268 0.047609771383439227 -0.066186332251126398 0.0066254463638211252 -0.053058790399675086 0.052148228009877395 -0.053740388577733236 -0.042338031409268832 0.087934760809177961 -0.027341189180648262 0.044700334982831665 -0.010305702706174404 0.019729145034315734 0.062574876254762546 -0.046421763623121642 0.036531766304102424 -0.077251432923859831
leaf_weight=2.2474105544388285 2.1496974974870673 2.5710239373147479 2.0670327711850467 5.0120508652180416 2.7555964011698952 3.6178322657942772 2.2163476347923279 2.7022464601323 1.7752545215189446 1.8513486369047316 2.4234955981373769 1.4452189623843881 3.0631668067071587 1.9754059370607135 2.3172876005992293 1.6606863196939228 1.6546003408730028
leaf_count=24 15 18 21 37 33 25 31 31 12 25 18 25 37 16 29 17 29
internal_value=-0.00014348 -0.00181123 0.000920216 -0.00236517 -0.00959028 0.00784742 -0.0118837 -0.00316527 0.0034752 0.0314256 -0.0103965 0.00303389 -0.0133508 0.0258771 0.00373616 0.00286151 -0.0460395
internal_weight=43.5057 41.356 39.1086 36.5376 21.3986 15.1389 7.2284 18.6431 15.9408 5.28729 10.6535 8.58648 6.16299 7.91053 4.29269 3.51203 3.09982
internal_count=443 428 404 386 248 138 68 215 184 54 130 109 91 70 45 42 54
is_linear=0
shrinkage=0.1


Tree=73
num_leaves=17
num_cat=0
split_feature=12 11 11 11 12 12 2 3 13 14 11 14 9 0 14 14
split_gain=0.217578 0.290911 0.709139 0.83586 0.741253 0.383958 1.68813 0.78276 0.908142 0.842417 0.893589 0.485363 1.73131 0.859865 0.445461 0.0592418
threshold=47.500000000000007 106.00000000000001 82.000000000000014 47.500000000000007 211.50000000000003 123.50000000000001 1.0000000180025095e-35 1.0000000180025095e-35 37.850000000000009 11.905000000000003 26.500000000000004 8.3950000000000014 1.5000000000000002 1.0000000180025095e-35 9.9850000000000012 18.620000000000001
decision_type=2 2 2 2 2 2 2 2 2 2 2 2 2 2 2 2
left_child=-1 2 3 5 -5 6 -2 8 -7 -9 -11 -10 15 -14 -8 -13
right_child=1 -3 -4 4 -6 7 14 9 11 10 -12 12 13 -15 -16 -17
leaf_value=0.021370245027677752 -0.094073566378339898 -0.031763696200513745 0.048865191955202635 -0.019668283396085971 -0.11767271304756484 -0.078683892714116174 -0.012025070635083727 0.062682877946821119 0.033833188268463828 -0.048631257008323915 0.043501326853158467 0.019113104024193424 -0.12586281005220437 -0.016251458246408758 0.041029008362901041 0.043635289285272438
leaf_weight=4.2448527663946143 2.0975109124556202 3.1188378212973467 2.7502476302906862 2.5949477297253902 1.0984213603660462 1.5578774667810655 4.0214595589786768 4.4029424693435431 3.4475497864186746 1.9870884567499159 2.2387647088617086 2.0889799322467302 1.4412642470560968 1.4215932469815016 2.6095737889409065 1.8644416183233259
leaf_count=36 27 29 20 37 21 28 32 35 23 24 20 27 27 20 23 14
internal_value=-0.00012284 -0.00247781 8.62323e-05 -0.00399483 -0.0488152 0.00167836 -0.0158801 0.00917255 -0.0075421 0.0320721 0.000178574 0.00325604 -0.0122093 -0.0714337 0.00885381 0.0306778
internal_weight=42.9864 38.7415 35.6227 32.8724 3.69337 29.179 8.72854 20.4505 11.8217 8.6288 4.22585 10.2638 6.81628 2.86286 6.63103 3.95342
internal_count=443 407 378 358 58 300 82 218 139 79 44 111 88 47 55 41
is_linear=0
shrinkage=0.1


Tree=74
num_leaves=19
num_cat=0
split_feature=12 12 15 11 11 11 13 15 14 12 13 10 13 14 11 9 15 13
split_gain=0.239579 1.16186 0.272489 0.408226 0.620198 0.87878 0.570317 0.401537 0.611326 1.778 0.837456 0.763505 1.29017 0.699445 0.719677 0.600726 0.702713 0.297503
threshold=37.500000000000007 47.500000000000007 64.950000000000017 106.00000000000001 82.000000000000014 51.500000000000007 15.300000000000002 96.050000000000011 13.945000000000002 167.50000000000003 27.635000000000002 53.500000000000007 121.50000000000001 11.56 31.500000000000004 2.5000000000000004 89.050000000000026 91.90000000000002
decision_type=2 2 2 2 2 2 2 2 2 2 2 2 2 2 2 2 2 2
left_child=-1 -2 -3 4 5 6 -4 8 10 -10 -8 -11 -13 14 15 16 -12 -7
right_child=1 2 3 -5 -6 17 7 -9 9 11 13 12 -14 -15 -16 -17 -18 -19
leaf_value=-0.032276145977301371 0.075474518082870132 0.033441439475092295 -0.045627123085602149 -0.040433035099259829 0.04468365812060926 -0.0224816644957571 0.068383134370416751 0.040721964618935118 -0.11463814669622059 0.05262760953350834 -0.062046438236262373 0.034735301409597304 -0.085697184883817404 0.047903950595092476 -0.061551311126914601 0.02718753949550707 0.022047645977103777 -0.094911105884853131
leaf_weight=2.1996181849390259 2.022690385580062 2.0200034454464904 2.5339314695447746 2.8775412403047076 2.7091204896569243 0.9813877295237029 2.1813301937654677 2.6813697740435591 1.6727173912804563 1.9877701774239538 2.2705840105190855 1.8010708680376413 1.7575722339097408 2.6325741191394618 2.1379098237957797 4.7630041670054197 1.7669587316922841 1.3433854212053118
leaf_count=23 13 15 26 28 20 18 16 18 35 15 31 20 26 28 35 34 17 25
internal_value=-0.000142063 0.0016188 -0.00230025 -0.0043003 -0.00117052 -0.00524191 -0.000368027 0.00410256 -0.000171871 -0.0242694 0.0108718 0.00298451 -0.0247449 0.0016277 -0.00950967 0.00313276 -0.0252442 -0.0643355
internal_weight=42.3405 40.1409 38.1182 36.0982 33.2207 30.5116 28.1868 25.6529 22.9715 7.21913 15.7524 5.54641 3.55864 13.571 10.9385 8.80055 4.03754 2.32477
internal_count=443 420 407 392 364 344 301 275 257 96 161 61 46 145 117 82 48 43
is_linear=0
shrinkage=0.1


Tree=75
num_leaves=20
num_cat=0
split_feature=11 12 12 14 13 5 10 14 10 15 15 13 13 14 11 13 15 10 10
split_gain=0.256748 0.479718 0.467552 0.226404 0.570317 0.477772 1.66944 0.752885 0.873953 0.836672 0.692336 0.966186 1.18705 1.00112 0.680223 0.980312 0.518497 0.248513 0.0863914
threshold=185.00000000000003 42.500000000000007 63.500000000000007 7.3600000000000003 62.500000000000007 1.0000000180025095e-35 75.500000000000014 8.0050000000000008 69.500000000000014 81.050000000000011 84.250000000000014 40.180000000000007 165.50000000000003 16.215000000000003 19.500000000000004 103.50000000000001 87.850000000000009 57.500000000000007 75.500000000000014
decision_type=2 2 2 2 2 2 2 2 2 2 2 2 2 2 2 2 2 2 2
left_child=1 -1 -3 4 -4 7 16 -5 9 -9 18 -12 13 -13 -11 -16 -7 -17 -10
right_child=-2 2 3 5 -6 6 -8 8 10 14 11 12 -14 -15 15 17 -18 -19 -20
leaf_value=-0.047520024170456761 0.031314226268951154 0.043051265347484685 -0.014355066724759932 -0.064822754119547271 0.036961645354238869 -0.12317301192642566 0.041187423482185487 0.07492459124320637 -0.042266573293644735 0.05003514786119815 0.06920389617717182 -0.1227815898420057 0.042840796069468869 -0.010926008216657242 -0.083302867152263316 -0.010126480453411408 -0.039394764656353727 0.041414429463863596 -0.079265124695255082
leaf_weight=2.1954969568178049 2.4422848373651496 2.4234986994415513 4.2800875417888147 1.6835866123437941 4.3839590530842543 1.4952148543670767 1.7624215320684014 2.521682195831092 1.1829598252661511 2.6328408736735582 1.5278539378195999 1.367189070209861 1.8458902372512964 1.9292381722480056 1.4161818460561333 1.970228670164943 1.4601067870389668 1.7812943896278737 1.3528379201889036
leaf_count=24 18 18 35 14 28 23 14 19 19 21 12 31 22 19 36 22 26 20 22
internal_value=-0.000144073 -0.0021034 0.000590281 -0.00238438 0.0116109 -0.00706074 -0.0358436 -0.000659092 0.00487266 0.0248511 -0.0175282 -0.000619424 -0.0213649 -0.057318 0.0086638 -0.0124141 -0.0817815 0.0143461 -0.0620052
internal_weight=41.6549 39.2126 37.0171 34.5936 8.66405 25.9295 4.71774 21.2118 19.5282 10.3222 9.20597 6.67017 5.14232 3.29643 7.80055 5.1677 2.95532 3.75152 2.5358
internal_count=443 425 401 383 63 320 63 257 243 118 125 84 72 50 99 78 49 42 41
is_linear=0
shrinkage=0.1


Tree=76
num_leaves=17
num_cat=0
split_feature=14 13 9 13 14 11 14 13 14 14 11 11 14 15 11 10
split_gain=0.239408 0.890283 0.856925 0.392775 0.368532 0.445979 0.430556 0.564461 0.698956 1.20575 0.551675 0.743555 0.741472 0.526272 0.39646 0.337431
threshold=19.650000000000002 186.00000000000003 2.5000000000000004 118.50000000000001 15.520000000000001 26.500000000000004 13.685000000000002 127.80000000000001 10.755000000000003 9.865000000000002 22.100000000000005 31.500000000000004 7.705000000000001 77.450000000000017 26.500000000000004 62.500000000000007
decision_type=2 2 2 2 2 2 2 2 2 2 2 2 2 2 2 2
left_child=1 4 -3 -2 6 -6 7 8 9 10 12 -12 -1 -13 -10 -5
right_child=3 2 -4 15 5 -7 -8 -9 14 -11 11 13 -14 -15 -16 -17
leaf_value=-0.0053194565629797238 -0.021116617445250258 -0.11575130059479455 -0.0052933273094162995 0.058148667012338 -0.073533105580245797 0.0051087492022227413 0.036720549650346004 0.035787348657388925 -0.011464245880326102 0.070830081529710237 0.042266827923146483 0.0087307961603941015 -0.083333578162295779 -0.049656784241950774 -0.080890235964510143 0.0073689516020500282
leaf_weight=3.1925093047321011 2.0302053946070364 1.3324108918895938 1.485245998483151 2.4165454525500536 1.3924959991127246 1.4956654312554745 3.6533956229686728 3.7119726473465553 1.5339267896488302 2.1895510959438971 3.5028176675550622 3.78977005276829 1.9700772184878586 2.6047345576807857 1.7735887933522461 2.8541641258634627
leaf_count=23 34 30 22 19 17 23 35 27 16 18 25 31 27 39 29 28
internal_value=-0.000158583 -0.0037222 -0.0575266 0.0162555 0.00119828 -0.0328076 0.00471569 -0.000102255 -0.00658284 0.00149153 -0.00858956 0.00523353 -0.0350902 -0.0150528 -0.0486925 0.0306507
internal_weight=40.9291 33.6282 2.81766 7.30091 30.8105 2.88816 27.9223 24.2689 20.557 17.2495 15.0599 9.89732 5.16259 6.3945 3.30752 5.27071
internal_count=443 362 52 81 310 40 270 235 208 163 145 95 50 70 45 47
is_linear=0
shrinkage=0.1


Tree=77
num_leaves=18
num_cat=0
split_feature=11 12 12 12 14 11 2 3 13 14 11 15 2 15 15 11 10
split_gain=0.237939 0.374429 0.391177 0.446637 0.950791 0.475624 1.25886 0.648772 0.728972 0.674063 0.604618 0.522655 0.42407 0.616259 0.550713 0.305853 0.203262
threshold=196.50000000000003 42.500000000000007 92.500000000000014 123.50000000000001 9.9850000000000012 47.500000000000007 1.0000000180025095e-35 1.0000000180025095e-35 37.850000000000009 11.905000000000003 26.500000000000004 77.800000000000011 1.0000000180025095e-35 89.550000000000011 83.450000000000017 21.500000000000004 73.500000000000014
decision_type=2 2 2 2 2 2 2 2 2 2 2 2 2 2 2 2 2
left_child=1 -1 16 4 -4 7 11 8 -5 -9 -11 -7 13 -10 -14 -16 -3
right_child=-2 2 3 5 -6 6 -8 9 12 10 -12 -13 14 -15 15 -17 -18
leaf_value=-0.042841915970247918 0.032862590414200067 0.0091024607080327086 -0.077028124379457524 -0.073553472517489477 0.017225328526233024 -0.026924732953555394 0.019893812037910769 0.058164851704090137 -0.0080734615825756358 -0.040803975035279119 0.036943440397142008 -0.11334702119116831 0.023993903261960992 0.062202580115946107 -0.080934793861674043 -0.01417551755970882 0.045060209271575079
leaf_weight=2.1151102744042865 2.0699472427368155 4.3878142824396482 2.3594560096971717 1.454818777041514 1.9587757159024475 1.3208915907889598 3.0748627195134759 4.1011365368030965 2.8987633474171144 1.8813506830483673 2.1357644312083721 1.4882099181413648 1.7415597515646366 2.1909182858653367 1.3866880247369411 1.3586452612653372 2.449772123247385
leaf_count=24 15 37 27 28 21 11 32 35 31 24 20 35 16 24 17 23 23
internal_value=-0.000161036 -0.00194561 0.0004446 -0.00457339 -0.0342742 0.000549924 -0.0243166 0.00819047 -0.00759952 0.0296465 0.0005317 -0.0727097 0.00241983 0.0221778 -0.0199925 -0.0478961 0.0219854
internal_weight=40.3745 38.3045 36.1894 29.3518 4.31823 25.0336 5.88396 19.1496 11.0314 8.11825 4.01712 2.8091 9.57657 5.08968 4.48689 2.74533 6.83759
internal_count=443 428 404 344 48 296 78 218 139 79 44 46 111 55 56 40 60
is_linear=0
shrinkage=0.1


Tree=78
num_leaves=18
num_cat=0
split_feature=14 13 9 15 15 14 14 15 14 14 10 10 13 11 12 15 10
split_gain=0.230238 0.731455 0.795811 0.314962 0.639102 0.54627 0.30848 0.38051 0.870917 0.849462 1.11522 0.893958 1.25063 0.951694 0.577147 0.416252 0.348528
threshold=19.650000000000002 186.00000000000003 2.5000000000000004 96.250000000000014 89.65000000000002 23.040000000000003 15.520000000000001 84.250000000000014 9.865000000000002 9.4000000000000021 70.500000000000014 80.500000000000014 29.250000000000004 40.500000000000007 138.00000000000003 89.40000000000002 73.500000000000014
decision_type=2 2 2 2 2 2 2 2 2 2 2 2 2 2 2 2 2
left_child=1 6 -3 4 -2 -6 7 9 14 11 -11 12 -1 -14 -9 -10 -8
right_child=3 2 -4 -5 5 -7 16 8 15 10 -12 -13 13 -15 -16 -17 -18
leaf_value=0.047149717039185961 0.056388050838851692 -0.11377791650112346 -0.0041633649646713013 0.05443146411691039 0.035274350731928132 -0.044762353027708437 -0.064243805905951232 -0.033707016780132708 0.071476162262171503 0.0075909268951635835 -0.094520220075287903 0.064247070961867589 -0.087127843278549985 0.0031167636944071514 0.024441564247564145 0.020119455538436658 0.0062618163377797286
leaf_weight=2.6390351029112988 1.6608995739370573 1.2113734346348786 1.4613139885477719 1.6491968892514703 1.2835134044289591 2.5409980749245733 1.477468543685972 3.9337031124159676 2.8099399474449456 2.091144614852964 2.1894510886631906 2.2397262752056122 2.1858914953190833 2.5108749684877694 3.0152783947996795 3.6003203708678484 1.3342887386679647
leaf_count=20 15 30 22 12 17 37 25 37 27 20 32 14 27 20 34 39 15
internal_value=-0.000163348 -0.00371452 -0.0538453 0.0161126 0.00459199 -0.0179019 0.000747575 0.00400548 0.0160477 -0.00760489 -0.0446372 0.00894984 -0.00793321 -0.0388834 -0.00847538 0.0426317 -0.0307861
internal_weight=39.8344 32.6998 2.67269 7.13461 5.48541 3.82451 30.0271 27.2154 13.3592 13.8561 4.2806 9.57553 7.3358 4.69677 6.94898 6.41026 2.81176
internal_count=443 362 52 81 69 54 310 270 137 133 52 81 67 47 71 66 40
is_linear=0
shrinkage=0.1


Tree=79
num_leaves=20
num_cat=0
split_feature=11 11 11 11 14 10 11 15 10 5 15 15 13 13 15 10 12 11 15
split_gain=0.224929 0.404682 0.294151 0.790809 0.393718 0.333627 0.634269 0.789742 0.373493 0.914993 0.975978 0.766551 0.76225 1.06088 0.586268 0.539514 0.741443 0.748268 0.292592
threshold=185.00000000000003 98.500000000000014 82.000000000000014 58.000000000000007 26.045000000000005 55.500000000000007 19.500000000000004 84.450000000000017 70.500000000000014 1.0000000180025095e-35 80.550000000000011 71.950000000000017 48.500000000000007 158.00000000000003 93.65000000000002 68.500000000000014 127.50000000000001 27.500000000000004 87.300000000000026
decision_type=2 2 2 2 2 2 2 2 2 2 2 2 2 2 2 2 2 2 2
left_child=1 2 3 4 5 6 -1 -8 11 10 -10 -7 -12 14 18 16 -13 -18 -14
right_child=-2 -3 -4 -5 -6 8 7 -9 9 -11 12 15 13 -15 -16 -17 17 -19 -20
leaf_value=0.024238509717703804 0.030136056640775566 -0.049332899635471487 0.03443523593289035 -0.066435895409388879 0.039188911949827793 0.080450682159492151 -0.0003045294713882642 -0.089625360981778313 -0.091430796866683151 0.031641845954110862 0.038192317134036688 0.020625431493864026 -0.054416128610703544 0.039973802144766063 -0.0099002565181950594 0.05018249679078407 0.002726767457558601 -0.11206846005146959 -0.12748975686252714
leaf_weight=1.913248635828501 2.3054511509835711 1.7261799355037499 2.3502147654071441 1.8101314071100194 2.5521358165424308 1.6764086410403267 1.940070038661361 2.0210797414183617 1.7613928862847368 4.2403502948582164 2.3700520284473896 3.1532297099474818 1.0599592961370952 1.5128102249000219 1.429870495572686 1.9846197395818306 1.1427721213549378 1.1285899274516848 1.1343620163388548
leaf_count=15 18 22 21 30 26 10 18 30 28 38 23 28 17 21 11 17 17 28 25
internal_value=-0.000167062 -0.00205997 0.000259492 -0.00218698 0.00156207 -0.00181106 -0.0230418 -0.0458783 0.00370879 -0.00683532 -0.0244388 0.0193861 -0.00872032 -0.0303643 -0.0597249 0.00556964 -0.0107522 -0.0543125 -0.0921918
internal_weight=39.2129 36.9075 35.1813 32.8311 31.021 28.4688 5.8744 3.96115 22.5944 13.5088 9.26845 9.08562 7.50705 5.137 3.62419 7.40921 5.42459 2.27136 2.19432
internal_count=443 425 403 382 352 326 63 48 263 163 125 100 97 74 53 90 73 45 42
is_linear=0
shrinkage=0.1


Tree=80
num_leaves=18
num_cat=0
split_feature=15 15 12 9 15 10 15 10 12 9 14 12 10 15 15 0 10
split_gain=0.218659 0.58727 0.550991 0.379976 1.24227 0.607643 1.06369 0.629947 1.21803 0.38865 0.768536 0.555587 0.287469 0.507593 0.901949 0.411095 0.202862
threshold=90.950000000000017 89.65000000000002 47.500000000000007 3.5000000000000004 78.450000000000003 70.500000000000014 77.15000000000002 79.500000000000014 135.50000000000003 2.5000000000000004 6.1300000000000008 206.50000000000003 83.500000000000014 93.050000000000011 96.050000000000011 1.0000000180025095e-35 61.500000000000007
decision_type=2 2 2 2 2 2 2 2 2 2 2 2 2 2 2 2 2
left_child=1 3 -2 5 -5 9 -7 8 -8 10 -1 -12 13 16 15 -15 -4
right_child=2 -3 12 4 -6 6 7 -9 -10 -11 11 -13 -14 14 -16 -17 -18
leaf_value=-0.055297851349128159 0.059688665695427259 -0.06145129870357513 0.045593635371073464 0.028615645779489791 -0.07959434878348412 -0.076091811375463725 0.032368061268688089 0.03478608147505776 -0.11287841298425622 0.055892759822448068 0.049761734076201602 -0.0088502914410432953 0.032908474266308975 -0.10025678330619998 0.013395018836667969 -0.024856613892126421 0.0001986650522508743
leaf_weight=1.4756755456328479 1.9053404051810492 1.7686241916380812 1.9216169985011204 2.0098923724144688 2.2469888431951404 2.1620667148381463 1.2781519112177195 3.2715647667646408 1.0530258069047702 2.3840638045221558 3.7573313892353326 2.8394152978435159 2.4108764603734008 1.5050873779691756 3.1303100977092981 1.391739594982937 2.0184948283713311
leaf_count=14 15 39 19 16 30 28 15 26 29 22 30 39 17 31 26 19 28
internal_value=-0.000187059 -0.00596899 0.00962801 -0.00160354 -0.0285028 0.00468071 -0.0165108 0.00648117 -0.0332418 0.0204172 0.00994001 0.0245336 0.00192228 -0.00557266 -0.0238187 -0.0640318 0.0223381
internal_weight=38.5303 24.2468 14.2835 22.4782 4.25688 18.2213 7.76481 5.60274 2.33118 10.4565 8.07242 6.59675 12.3781 9.96725 6.02714 2.89683 3.94011
internal_count=443 288 155 249 46 203 98 70 44 105 83 69 140 123 76 50 47
is_linear=0
shrinkage=0.1


Tree=81
num_leaves=20
num_cat=0
split_feature=11 12 12 15 15 5 10 15 15 13 10 11 10 10 13 13 14 11 13
split_gain=0.19612 0.331685 0.391027 0.235934 0.323706 0.504 1.65667 0.876298 0.772639 0.62002 1.04813 1.19995 0.692147 0.678014 0.529207 0.494729 0.452993 0.321166 0.220038
threshold=196.50000000000003 42.500000000000007 63.500000000000007 64.950000000000017 71.450000000000017 1.0000000180025095e-35 75.500000000000014 80.950000000000017 87.850000000000009 80.500000000000014 70.500000000000014 20.500000000000004 83.500000000000014 70.500000000000014 24.500000000000004 46.500000000000007 9.1750000000000025 23.500000000000004 156.00000000000003
decision_type=2 2 2 2 2 2 2 2 2 2 2 2 2 2 2 2 2 2 2
left_child=1 -1 -3 -4 -5 7 8 15 -7 13 16 -12 -13 17 -15 -6 -11 -9 -18
right_child=-2 2 3 4 5 6 -8 9 -10 10 11 12 -14 14 -16 -17 18 -19 -20
leaf_value=-0.041450070239181173 0.03076154388339282 0.041424931581733285 0.03590685846520051 -0.036351951076837308 0.0047557926391628173 -0.12128228086345752 0.038739932912773688 -0.028366260697162027 -0.024691579195821559 0.086064426202716135 -0.092793064391715779 -0.039482948673317995 0.053884145527349318 0.04321926122899819 -0.039575568285093558 0.072069480621214266 0.044535006848181631 -0.099799865147279079 0.0035643683371520255
leaf_weight=1.9991863030008961 1.9416785761713971 2.1808895729482165 1.5343211591243768 2.8518442725762752 1.8269666073611066 1.6478111967444413 2.2307831756770611 1.095547561533752 1.6648539904272182 1.3633226389065365 1.7449130201712248 1.4876798760378735 1.7027444560080764 1.4808642957359555 1.6127717178314922 2.7135150991380215 2.3281178618781269 1.4792073760181663 3.0000103327911347
leaf_count=24 15 18 13 23 22 25 18 15 29 10 18 35 13 15 29 26 27 31 37
internal_value=-0.000194745 -0.00186693 0.000464237 -0.00234798 -0.00428954 -0.000949873 -0.0278776 0.00588629 -0.0727385 -0.00437805 0.00884222 -0.0261184 0.0103475 -0.031495 5.67305e-05 0.0449843 0.0346277 -0.0694052 0.0214664
internal_weight=37.887 35.9454 33.9462 31.7653 30.231 27.3791 5.54345 21.8357 3.31267 17.2952 11.6268 4.93534 3.19042 5.66839 3.09364 4.54048 6.69145 2.57475 5.32813
internal_count=443 428 404 386 373 350 72 278 54 230 140 66 48 90 44 48 74 46 64
is_linear=0
shrinkage=0.1


Tree=82
num_leaves=19
num_cat=0
split_feature=14 13 11 9 14 11 13 13 4 13 11 9 12 13 14 11 14 10
split_gain=0.190913 0.656506 0.894762 0.321578 0.705388 0.261406 0.601816 0.476803 0.667641 0.424663 0.581521 0.714975 0.595183 0.713466 0.344657 0.14091 0.0687358 0.0216099
threshold=19.650000000000002 186.00000000000003 18.500000000000004 1.5000000000000002 24.050000000000004 16.250000000000004 84.500000000000014 118.50000000000001 1.0000000180025095e-35 95.280000000000015 26.500000000000004 2.5000000000000004 213.50000000000003 54.000000000000007 13.435 26.500000000000004 11.510000000000002 69.500000000000014
decision_type=2 2 2 2 2 2 2 2 2 2 2 2 2 2 2 2 2 2
left_child=1 5 -3 -2 -5 6 -1 8 9 10 11 -7 13 17 -14 -9 -4 -12
right_child=3 2 16 4 -6 7 -8 15 -10 -11 12 -13 14 -15 -16 -17 -18 -19
leaf_value=0.019933332307194837 0.04005167893759623 0.030329075257286592 -0.11523508316331872 0.035543507182726641 -0.050634853498571164 -0.063237003300892658 -0.053467673720719366 0.049044579792117515 -0.054325843371136412 -0.040903951132110948 0.022877210941443234 0.014725960296904509 -0.04143250729386079 0.083103667029923403 0.025005069564103269 0.014948847790488979 -0.073545374617582954 0.0084651425042824961
leaf_weight=1.9928461536765159 2.9161509489640585 0.84121022094041054 0.90284315543249227 2.068138107657433 1.7564563709311185 2.03484850237147 2.5416372818872333 2.5606073159724465 2.1752554620616129 1.8227427592501033 2.0865815542638284 2.787892491556704 1.7373277756851169 2.5210325762163848 1.4182695071212945 2.3016181644052267 0.70375156565569341 2.0750492308288813
leaf_count=19 27 8 24 24 30 27 25 19 38 28 20 23 28 22 13 27 20 21
internal_value=-0.000192254 -0.00355789 -0.0532247 0.0150381 -0.00403416 0.000775445 -0.0212089 0.00501364 -0.00225432 0.00461723 0.0102767 -0.0181688 0.0242207 0.0411225 -0.0115724 0.0329048 -0.0969734 0.0156911
internal_weight=37.2443 30.5035 2.4478 6.74075 3.82459 28.0557 4.53448 23.5212 18.659 16.4837 14.661 4.82274 9.83826 6.68266 3.1556 4.86223 1.60659 4.16163
internal_count=443 362 52 81 54 310 44 266 220 182 154 50 104 63 41 46 44 41
is_linear=0
shrinkage=0.1


Tree=83
num_leaves=16
num_cat=0
split_feature=12 4 12 13 13 15 15 12 12 14 12 14 13 12 15
split_gain=0.185939 0.231378 0.718154 0.26521 0.621657 0.424809 0.600575 0.475007 0.740583 0.807512 0.481672 0.466592 0.623428 0.655372 0.572611
threshold=47.500000000000007 1.0000000180025095e-35 138.00000000000003 17.120000000000001 26.400000000000002 96.050000000000011 93.850000000000009 92.500000000000014 165.50000000000003 10.560000000000002 123.50000000000001 19.650000000000002 135.50000000000003 220.50000000000003 81.250000000000014
decision_type=2 2 2 2 2 2 2 2 2 2 2 2 2 2 2
left_child=-1 3 -3 -2 -5 6 7 -6 9 -9 -11 12 13 -10 -15
right_child=1 2 -4 4 5 -7 -8 8 11 10 -12 -13 -14 14 -16
leaf_value=0.021363630285790643 0.025549557384007417 -0.089894146644521333 0.0081263701047872821 -0.066683455715027873 0.043024106258034815 0.03526355326470438 -0.059598184574330831 -0.082397630810055689 0.042160447451879197 0.042498583087402217 -0.044380816395802769 0.046259818014183232 -0.052814336235550596 -0.054066562534298993 0.015824056055810217
leaf_weight=3.612626746762543 3.6291970619931844 1.1845105774700635 2.0257396458182484 1.4608836150728191 2.3245139787905016 3.070124100893735 1.811743483878671 2.241623388836163 3.6008200081996602 1.2999882921576502 1.2534319390542803 2.4966574320569626 1.9515588396461669 2.0619672272587195 2.7167778960429132
leaf_count=36 33 24 33 21 21 24 29 32 34 14 27 23 34 27 31
internal_value=-0.000178993 -0.00252812 -0.028041 0.000209339 -0.00328873 0.000441241 -0.00447206 0.000534848 -0.00506964 -0.0385993 -0.000149083 0.00746378 -0.00191181 0.00994314 -0.0143328
internal_weight=36.7422 33.1295 3.21025 29.9193 26.2901 24.8292 21.7591 19.9473 17.6228 4.79504 2.55342 12.8278 10.3311 8.37957 4.77875
internal_count=443 407 57 350 317 296 272 243 222 73 41 149 126 92 58
is_linear=0
shrinkage=0.1


Tree=84
num_leaves=18
num_cat=0
split_feature=11 15 2 15 12 14 15 15 15 11 14 9 14 14 2 15 12
split_gain=0.154402 0.870753 0.711738 0.477411 0.430802 0.464261 0.2206 0.453975 0.349317 0.361585 0.335621 1.16162 0.512204 0.373793 0.625343 0.423304 0.23216
threshold=47.500000000000007 76.800000000000026 1.0000000180025095e-35 91.950000000000017 92.500000000000014 11.905000000000003 94.050000000000011 96.550000000000011 92.15000000000002 39.500000000000007 15.145000000000001 1.5000000000000002 13.800000000000002 9.2650000000000023 1.0000000180025095e-35 83.15000000000002 146.50000000000003
decision_type=2 2 2 2 2 2 2 2 2 2 2 2 2 2 2 2 2
left_child=6 -2 4 -4 -3 -6 8 -8 9 10 12 -12 13 15 -15 16 -1
right_child=1 2 3 -5 5 -7 7 -9 -10 -11 11 -13 -14 14 -16 -17 -18
leaf_value=0.050162214601952429 -0.073820145190241063 0.0069556874303714974 0.0009937886391713942 0.068698757713892875 -0.011183372135334241 -0.11195813370410963 -0.054271044955611504 0.012000293407082814 0.036754564304369061 0.038605858867667091 0.029645566415599917 -0.096662441109516994 0.053933249088825498 -0.074708292487920103 0.0048656072278522441 -0.024099886217360422 0.0076722589908521759
leaf_weight=2.1737753199413543 1.796487795189021 1.6628681747242811 2.3387577440589666 1.8776044920086858 0.8830228862352667 0.94787558098323643 1.8558161230757821 2.3332654125988483 3.4822164764627805 2.3995786281302562 1.4506671715062105 1.4618512257002292 1.7637123558670271 1.6998296265956012 2.3569816545350477 2.6161087707150728 3.1483979299664497
leaf_count=15 18 20 28 17 17 24 28 18 39 27 14 33 16 35 32 32 30
internal_value=-0.000175974 -0.0111222 0.0034866 0.0311437 -0.0298907 -0.0633555 0.00371533 -0.0173587 0.00762968 0.00231168 -0.0029123 -0.0337509 0.00361574 -0.00378275 -0.0284764 0.00883677 0.0250268
internal_weight=36.2488 9.50662 7.71013 4.21636 3.49377 1.8309 26.7422 4.18908 22.5531 19.0709 16.6713 2.91252 13.7588 11.9951 4.05681 7.93828 5.32217
internal_count=443 124 106 45 61 41 319 46 273 234 207 47 160 144 67 77 45
is_linear=0
shrinkage=0.1


Tree=85
num_leaves=19
num_cat=0
split_feature=10 10 14 10 10 6 12 15 12 12 14 15 13 12 12 13 15 11
split_gain=0.162995 0.652018 0.545426 0.422171 0.309472 0.409009 0.347942 0.272211 1.20164 0.872435 0.531192 0.746014 0.510612 0.487204 0.896906 0.472394 0.164141 0.0026943
threshold=49.500000000000007 55.500000000000007 7.455000000000001 38.000000000000007 62.500000000000007 1.0000000180025095e-35 135.50000000000003 90.950000000000017 89.500000000000014 72.000000000000014 9.4000000000000021 80.350000000000009 121.50000000000001 135.50000000000003 270.00000000000006 81.500000000000014 85.65000000000002 24.500000000000004
decision_type=2 2 2 2 2 2 2 2 2 2 2 2 2 2 2 2 2 2
left_child=2 -2 -1 -4 6 7 -3 8 -6 -9 15 -12 -11 -13 16 17 -15 -10
right_child=1 4 3 -5 5 -7 -8 9 10 12 11 13 -14 14 -16 -17 -18 -19
leaf_value=0.063022416449235646 -0.055682573885241796 0.064446474438698442 -0.042236003121834682 0.021576744700241127 -0.08510214984825705 -0.05232240567505584 0.0016389990132743863 0.063057739609682029 -0.0051626851323074152 0.022278580903884626 -0.09930387733903441 0.053326572437448955 -0.035628114003081593 -0.047049101951095462 0.025426733400184406 0.052061654029733131 -0.11344680214663892 0.00035388261227248339
leaf_weight=1.6892197728157032 2.193605286069217 1.5304502360522776 1.7303732149302957 2.586354642175138 1.779501018114394 1.580013163620605 2.0818464527837932 2.5701861865818483 1.5768101289868339 3.0729599655605853 0.97664917353540648 1.1478051368612794 3.0185906048864126 0.75777120538987242 1.7848328212276099 2.9233220559544861 0.73194213979877532 2.0188837017631158
leaf_count=11 28 16 29 25 25 32 29 22 15 32 16 16 33 19 21 26 23 25
internal_value=-0.000177967 -0.00321203 0.0148486 -0.00400279 0.000965581 -0.00315135 0.0282491 0.000323316 -0.00845084 0.0141986 0.00299411 -0.0202043 -0.00641635 -0.00273564 -0.0223868 0.0222069 -0.0796723 -0.00206528
internal_weight=35.7511 29.7452 6.00595 4.31673 27.5516 23.9393 3.6123 22.3593 13.6975 8.66174 11.918 5.399 6.09155 4.42235 3.27455 6.51902 1.48971 3.59569
internal_count=443 378 65 54 350 305 45 273 186 87 161 95 65 79 63 66 42 40
is_linear=0
shrinkage=0.1


Tree=86
num_leaves=19
num_cat=0
split_feature=14 12 13 12 15 15 13 14 14 11 15 15 13 11 10 10 11 15
split_gain=0.167584 0.775699 0.531442 0.500479 0.526716 0.759369 0.449489 0.537501 0.580064 0.386362 0.592187 1.11286 0.560992 0.400916 0.350995 0.764421 0.316867 0.172304
threshold=13.685000000000002 54.000000000000007 186.00000000000003 189.50000000000003 96.050000000000011 92.15000000000002 127.80000000000001 10.755000000000003 9.8350000000000026 22.100000000000005 79.200000000000003 91.350000000000009 29.250000000000004 17.500000000000004 48.500000000000007 75.500000000000014 26.500000000000004 91.950000000000017
decision_type=2 2 2 2 2 2 2 2 2 2 2 2 2 2 2 2 2 2
left_child=2 -2 6 4 5 -3 7 8 9 13 12 -12 -11 -1 -5 17 -9 -16
right_child=1 3 -4 14 -6 -7 -8 16 -10 10 11 -13 -14 -15 15 -17 -18 -19
leaf_value=-0.0047946346691331498 0.086059263707106079 -0.0091664612000000503 -0.059393677973960612 0.058406855278396744 0.023100537570766473 -0.11177039184459331 0.033415200670902298 -0.011915995781810367 0.051869151768580916 0.072312723260910955 -0.088185179696830346 0.026443976632349826 0.002734434602600738 -0.06509477905025822 -0.059142234625072732 0.042423418099719605 -0.078664325271983665 -0.0054396867710841653
leaf_weight=2.5494236769154766 1.1861293450929213 1.8836958501487955 1.6813520974246774 1.6566483862698076 1.5514917671680448 1.1689274549717081 3.2196281831711522 1.3542746743187302 1.9101456138305355 1.7748023755848388 1.5853821812197568 1.8182847746647892 3.3387131281197071 1.9428653167560694 1.3439225425245243 2.6573284834157676 1.4977719527669249 1.0756510584615169
leaf_count=27 12 38 35 17 14 25 27 16 21 11 31 16 34 23 25 27 29 15
internal_value=-0.000169002 0.0091153 -0.00529742 0.00106554 -0.024343 -0.0484561 -0.000964437 -0.00719287 0.000410831 -0.00714466 0.005371 -0.0269487 0.0268837 -0.0308738 0.0184388 0.00539683 -0.0469693 -0.0352681
internal_weight=35.1964 12.5238 22.6726 11.3377 4.60412 3.05262 20.9913 17.7717 14.9196 13.0095 8.51718 3.40367 5.11352 4.49229 6.73355 5.0769 2.85205 2.41957
internal_count=443 173 270 161 77 63 235 208 163 142 92 47 45 50 84 67 45 40
is_linear=0
shrinkage=0.1


Tree=87
num_leaves=17
num_cat=0
split_feature=11 11 15 12 12 15 15 15 11 10 9 9 11 11 12 15
split_gain=0.159238 0.308012 0.834821 0.478293 0.43347 0.198753 0.362174 0.265048 0.290689 0.344229 0.440609 0.205057 0.443578 0.37547 0.503859 0.867155
threshold=185.00000000000003 47.500000000000007 76.800000000000026 191.50000000000003 95.000000000000014 94.050000000000011 96.550000000000011 92.15000000000002 13.500000000000002 84.500000000000014 3.5000000000000004 2.5000000000000004 21.500000000000004 39.500000000000007 165.50000000000003 85.550000000000011
decision_type=2 2 2 2 2 2 2 2 2 2 2 2 2 2 2 2
left_child=1 5 -3 4 -4 7 -7 8 -1 10 11 13 -13 14 -10 -16
right_child=-2 2 3 -5 -6 6 -8 -9 9 -11 -12 12 -14 -15 15 -17
leaf_value=-0.042618713078318958 0.027576749050581991 -0.087313832406250902 0.00095427259216880925 0.026989671789939093 -0.07832812164367163 -0.051530071957282764 0.0090927772574275426 0.033071203396207463 -0.030778408611515842 -0.037216549563616093 -0.029984658141040822 0.063983222139114546 0.0022981686948261699 0.055390580158607851 -0.028101605632147891 0.068790714896786523
leaf_weight=1.3318266673013663 1.9519254304468621 1.471711417660116 1.6901692342944445 2.7592334994114935 1.1649151463061569 1.7370530520565797 2.2776212599128485 3.3227351168170562 3.1472583096474427 1.6679841089062382 2.2712376734707496 2.4402204863727084 2.2320984192192554 1.4054741433355955 1.7305752151878553 1.9810133551945908
leaf_count=18 18 16 23 38 29 28 18 39 38 19 33 20 31 16 33 26
internal_value=-0.0001677 -0.00182731 -0.0202741 -0.00270058 -0.0313941 0.00328969 -0.0171373 0.0070986 0.00235884 0.00590843 0.0106383 0.0177704 0.0345145 0.00830387 -0.00134486 0.0236134
internal_weight=34.5831 32.6311 7.08603 5.61432 2.85508 25.5451 4.01467 21.5304 18.2077 16.8759 15.2079 12.9366 4.67232 8.26432 6.85885 3.71159
internal_count=443 425 106 90 52 319 46 273 234 216 197 164 51 113 97 59
is_linear=0
shrinkage=0.1


Tree=88
num_leaves=19
num_cat=0
split_feature=14 13 11 14 14 13 12 12 10 11 12 5 11 11 13 9 12 15
split_gain=0.144822 0.511297 0.751695 0.283363 0.326326 0.392315 0.50643 1.04363 0.340004 0.305187 0.466711 0.412314 0.599306 0.274793 0.257804 0.292408 0.215973 0.0644344
threshold=19.650000000000002 186.00000000000003 18.500000000000004 15.520000000000001 13.685000000000002 127.80000000000001 237.50000000000003 341.50000000000006 69.500000000000014 73.950000000000017 206.50000000000003 1.0000000180025095e-35 27.500000000000004 26.500000000000004 227.15000000000003 1.5000000000000002 169.50000000000003 92.350000000000009
decision_type=2 2 2 2 2 2 2 2 2 2 2 2 2 2 2 2 2 2
left_child=1 3 -3 4 5 6 9 8 -8 10 11 12 -1 -5 15 -2 -17 -4
right_child=14 2 17 13 -6 -7 7 -9 -10 -11 -12 -13 -14 -15 -16 16 -18 -19
leaf_value=-0.042286184030901966 0.02921196321136546 0.029360060707827085 -0.11215884625642979 -0.068107664888333322 0.034360157908103199 0.031965207734637201 -0.041555752239014261 0.021183715880360974 -0.12214912677445056 -0.028642224069245464 0.056958544792979772 0.030322113338287379 0.020385323237300933 0.00019660128461032014 0.043163073691494844 0.0038232811819689447 -0.058229642518225003 -0.069078730398462337
leaf_weight=3.4058775091543954 1.8213088642805804 0.77661613374948446 0.78797940979711689 1.1231209151446813 3.0861901342868796 3.1470798691734663 0.96190147753804911 1.6261423644609747 1.1484333043918011 2.5509166251868001 1.7594388880534086 3.1359585742466152 2.7642065910622478 1.2384902833728118 2.0085756499320269 1.2228403845801952 1.0361376190558074 0.62064763531088829
leaf_count=39 19 8 30 17 35 27 17 17 23 27 19 31 35 23 20 23 19 14
internal_value=-0.000147773 -0.00317416 -0.0496288 0.000738106 0.00404483 -0.000519032 -0.0064103 -0.039022 -0.0854143 0.00253868 0.00972679 0.000796963 -0.0142093 -0.0322871 0.0138354 -0.000601588 -0.0246389 -0.0931775
internal_weight=34.2219 28.133 2.18524 25.9478 23.5861 20.5 17.3529 3.73648 2.11033 13.6164 11.0655 9.30604 6.17008 2.36161 6.08886 4.08029 2.25898 1.40863
internal_count=443 362 52 310 270 235 208 57 40 151 124 105 74 40 81 61 42 44
is_linear=0
shrinkage=0.1


Tree=89
num_leaves=18
num_cat=0
split_feature=11 12 12 11 14 13 12 10 14 14 14 11 2 2 11 10 11
split_gain=0.141525 0.309209 0.356319 0.217999 0.223784 0.420742 0.309052 0.646393 0.400601 1.32057 0.694859 0.372076 0.589079 0.446572 0.673776 0.463274 0.237089
threshold=157.50000000000003 42.500000000000007 63.500000000000007 90.500000000000014 6.4600000000000009 45.20000000000001 189.50000000000003 59.500000000000007 12.805000000000001 23.040000000000003 9.9850000000000012 36.500000000000007 1.0000000180025095e-35 1.0000000180025095e-35 14.500000000000002 62.500000000000007 25.500000000000004
decision_type=2 2 2 2 2 2 2 2 2 2 2 2 2 2 2 2 2
left_child=1 -1 -3 4 5 -4 7 -6 10 -10 16 13 -13 14 -8 -16 -9
right_child=-2 2 3 -5 6 -7 11 8 9 -11 -12 12 -14 -15 15 -17 -18
leaf_value=-0.042657275094298654 0.02425868751706621 0.041912311583223477 -0.013291965694726342 -0.03909491149359335 -0.06719372777840768 0.04322474735628537 0.086681881949142683 -0.04824296028328881 -0.099709918844700818 0.036888727008426082 0.052859925237930407 -0.073888791843408672 0.022524034707755148 -0.014731515516076999 0.045826267327075759 -0.025969049693494575 0.006424243265428408
leaf_weight=1.7557786135002995 2.2176895812153807 1.9446232635527874 2.3743304796516957 1.527070132549851 2.0663933800533441 2.9586089570075274 1.6942398771643619 1.493796498049049 1.4987590686650949 1.3409409916494039 2.3063172071706504 1.2838817508891216 1.2514513733331114 2.794024745002389 1.8107366347685458 1.7845111671485936 1.6918657752685247
leaf_count=24 22 18 21 19 35 25 12 20 38 17 28 24 23 34 21 36 26
internal_value=-0.000160331 -0.00187529 0.000525798 -0.00236122 -0.000232368 0.0180624 -0.00487457 -0.017129 -0.00471213 -0.0352064 0.0110553 0.00712509 -0.026299 0.0176083 0.0346909 0.0101905 -0.0192099
internal_weight=33.795 31.5773 29.8216 27.8769 26.3499 5.33294 21.0169 10.3981 8.33168 2.8397 5.49198 10.6188 2.53533 8.08351 5.28949 3.59525 3.18566
internal_count=443 421 397 379 360 46 314 164 129 55 74 150 47 103 69 57 46
is_linear=0
shrinkage=0.1


Tree=90
num_leaves=18
num_cat=0
split_feature=10 10 6 15 10 14 15 15 13 13 14 14 11 11 10 14 10
split_gain=0.146391 0.519245 0.23656 0.573075 0.415135 0.586922 0.653255 0.548764 0.486092 0.943739 0.703648 0.7371 0.493841 0.442241 0.229898 0.210053 0.178289
threshold=49.500000000000007 55.500000000000007 1.0000000180025095e-35 81.800000000000026 69.500000000000014 6.7300000000000013 91.450000000000017 76.800000000000026 121.50000000000001 158.00000000000003 13.685000000000002 7.705000000000001 22.100000000000005 29.500000000000004 35.500000000000007 9.1750000000000025 73.500000000000014
decision_type=2 2 2 2 2 2 2 2 2 2 2 2 2 2 2 2 2
left_child=14 -2 4 -4 5 -3 15 -6 10 -10 11 -9 -13 -11 -1 -7 -14
right_child=1 2 3 -5 7 6 -8 8 9 13 -12 12 16 -15 -16 -17 -18
leaf_value=-0.016692606669112701 -0.051572722590547328 -0.032624469613632995 0.030964665174416001 -0.075905629475171099 -0.046504431581309791 0.094224243316541598 -0.0056243839159124294 0.057250390924900141 -0.094029686987998948 0.04129276546693858 0.058910579814821284 -0.071288526539868335 0.030235411248241764 -0.032140110975126368 0.027533134551690167 0.044864394376689647 -0.022351131742723695
leaf_weight=1.665951567236333 2.0498688947409418 1.5632999781519235 0.85583363566547577 1.2128158643608911 2.7398660667240611 1.2678166772238912 2.380063699092716 1.4836567398160676 1.3374674408696581 1.6883707094239073 2.7231341018341482 1.4753023358061907 1.1636180882342162 1.5947781131835652 3.9917274718172848 2.6944151951465756 1.4458110778359694
leaf_count=26 28 16 10 33 35 12 34 13 20 17 30 21 14 31 39 38 26
internal_value=-0.000146598 -0.00314287 0.000731085 -0.0316917 0.0035782 0.0222569 0.0357845 -0.00585613 0.00276915 -0.0232221 0.0172533 -0.00311854 -0.0250458 0.005623 0.0145105 0.0606583 0.00109869
internal_weight=33.3338 27.6761 25.6262 2.06865 23.5576 7.9056 6.3423 15.652 12.9121 4.62062 8.29152 5.56839 4.08473 3.28315 5.65768 3.96223 2.60943
internal_count=443 378 350 43 307 100 84 207 172 68 104 74 61 48 65 50 40
is_linear=0
shrinkage=0.1


Tree=91
num_leaves=19
num_cat=0
split_feature=12 13 2 13 14 12 15 14 15 12 12 13 10 12 14 10 13 15
split_gain=0.141241 0.253286 0.759627 0.364471 0.458604 0.603313 0.825409 0.594352 0.673835 0.520442 0.541597 0.686178 0.576264 0.507291 0.254058 0.220186 0.107795 0.0282883
threshold=385.00000000000006 30.360000000000003 1.0000000180025095e-35 38.500000000000007 11.56 135.50000000000003 91.750000000000014 9.4000000000000021 71.450000000000017 312.50000000000006 83.500000000000014 121.50000000000001 72.500000000000014 89.500000000000014 8.2450000000000028 70.500000000000014 171.50000000000003 83.65000000000002
decision_type=2 2 2 2 2 2 2 2 2 2 2 2 2 2 2 2 2 2
left_child=1 2 17 -3 5 6 13 8 -7 10 -6 15 16 -5 -4 -12 -13 -1
right_child=-2 3 14 4 9 7 -8 -9 -10 -11 11 12 -14 -15 -16 -17 -18 -19
leaf_value=-0.076922710371311487 -0.026786571501216494 0.051720729475055183 0.03304888920077393 -0.11825095714767207 0.054562876455094202 -0.02041662095063216 0.0085718319008610717 -0.041717513172633253 0.055184630212991997 0.069502116912621259 0.00086205979912154583 0.025401427358946474 -0.069669227025907138 -0.033148298513873006 -0.016600181209055532 0.052235740456038737 -0.016973769515884519 -0.053674134511786403
leaf_weight=1.0743388331029593 1.8739930079318572 1.6296798558905745 2.0720672346651554 1.3249978632666191 2.0162840792909247 1.917063884437084 2.1949352230876684 1.7468997529940677 3.0620309780351818 1.6230512112379063 1.4651027640793475 1.1433628154918554 1.9808275946415959 1.485983405029401 2.050634877756238 1.9376073610037563 1.2639163756393825 1.0205452343216164
leaf_count=19 26 16 15 23 24 15 24 35 36 16 27 15 31 23 27 24 26 21
internal_value=-0.000126862 0.00148427 -0.0165626 0.00601029 0.00279411 -0.0110949 -0.0373809 0.00846875 0.0260764 0.0170498 0.00836909 -0.00358598 -0.0297197 -0.0732627 0.00835341 0.0301158 0.00315278 -0.0655969
internal_weight=32.8833 31.0093 6.21759 24.7917 23.1621 11.7319 5.00592 6.72599 4.97909 11.4302 9.8071 7.79082 4.38811 2.81098 4.1227 3.40271 2.40728 2.09488
internal_count=443 417 82 335 319 156 70 86 51 163 147 123 72 46 42 51 41 40
is_linear=0
shrinkage=0.1


Tree=92
num_leaves=19
num_cat=0
split_feature=12 15 12 14 11 2 13 13 9 10 15 15 11 12 1 12 14 13
split_gain=0.146725 0.356669 0.341144 1.1002 0.337204 0.418451 0.889562 0.614668 0.561631 0.376723 0.558378 0.698172 0.406087 0.370678 0.341636 0.320968 0.284949 0.304151
threshold=92.500000000000014 64.950000000000017 123.50000000000001 9.9850000000000012 36.500000000000007 1.0000000180025095e-35 74.500000000000014 70.000000000000014 2.5000000000000004 73.500000000000014 75.550000000000011 84.850000000000009 98.500000000000014 189.50000000000003 1.0000000180025095e-35 37.500000000000007 6.4600000000000009 138.00000000000003
decision_type=2 2 2 2 2 2 2 2 2 2 2 2 2 2 2 2 2 2
left_child=15 -2 3 -3 5 6 -4 -7 13 10 -6 -12 -13 -8 -9 -1 -17 -18
right_child=1 2 4 -5 9 7 8 14 -10 -11 11 12 -14 -15 -16 16 17 -19
leaf_value=-0.027805137806423991 0.042149352314821885 -0.090166253560179377 -0.04219015195402126 0.022604098636670043 -0.060231523140897164 0.024695513899675163 -0.027296930192482166 -0.008314056751558661 0.086037310965993097 -0.061298772488637847 0.070540437035339534 -0.057281229504557864 0.024429831755810573 0.03993508288241604 -0.076035456324357265 0.059180190232718526 -0.010428564940156211 0.043026005851647724
leaf_weight=1.6094942241907109 1.5754400100559021 1.7995592951774626 1.6309364387998373 1.6661006151698527 1.4144905284047116 2.3398224804550409 1.1733700074255469 1.423451466136612 1.897020421689376 1.6575498441234229 1.3677807480562481 1.2883923576446252 1.1520819100551305 2.7234530555433594 1.5627384698018432 1.5656257048249242 2.8270278153941035 1.7072558775544164
leaf_count=23 14 26 36 22 14 32 16 16 14 34 17 36 15 34 27 11 37 19
internal_value=-0.000124487 -0.00388727 -0.00702745 -0.0359524 -0.00192106 0.00770634 0.0230494 -0.0136829 0.041414 -0.0197629 -0.00658056 0.0133469 -0.0187076 0.0196909 -0.0437541 0.0119174 0.0223985 0.00969824
internal_weight=32.3816 24.6722 23.0967 3.46566 19.6311 12.7508 7.42478 5.32601 5.79384 6.8803 5.22275 3.80826 2.44047 3.89682 2.98619 7.7094 6.09991 4.53428
internal_count=443 353 339 48 291 175 100 75 64 116 82 68 51 50 43 90 67 56
is_linear=0
shrinkage=0.1


Tree=93
num_leaves=16
num_cat=0
split_feature=4 13 11 11 14 14 9 15 14 14 14 12 10 14 14
split_gain=0.149426 0.512191 0.303461 0.362756 0.330269 0.32004 0.295702 0.713126 0.90578 0.667547 0.632608 0.487208 0.280908 0.268887 0.683854
threshold=1.0000000180025095e-35 81.500000000000014 82.000000000000014 51.500000000000007 26.045000000000005 9.3250000000000011 2.5000000000000004 91.950000000000017 6.7300000000000013 6.1300000000000008 9.865000000000002 146.50000000000003 63.500000000000007 9.2650000000000023 13.105000000000002
decision_type=2 2 2 2 2 2 2 2 2 2 2 2 2 2 2
left_child=2 -2 3 4 6 -5 7 8 -1 -8 -11 -12 -4 -10 -15
right_child=1 -3 12 5 -6 -7 9 -9 13 10 11 -13 -14 14 -16
leaf_value=-0.073848229850156072 -0.065777119527864622 0.0098127214867393189 0.055748682424067053 -0.088094625856231734 0.04339827452712805 -0.0080657634469772487 0.053600643427090283 -0.067259841834674219 0.045262121852053375 -0.04562180707690059 0.047664178018866597 -0.015327124622898359 0.0055145439483034603 -0.04371425035939544 0.038047973472235763
leaf_weight=1.377529304474608 1.4385028735268854 2.3786987420171499 1.8694075462408353 0.87734664557501618 1.7397750560194243 1.1609068636316804 2.5960741043090803 2.0291046714410186 2.0654652626253664 2.5552503378130496 2.4216699870303273 2.4907876164652407 2.7518021166324615 1.8676164194475857 2.2618517059599981
leaf_count=14 33 37 20 15 20 26 18 32 23 37 24 39 30 38 37
internal_value=-0.000110132 -0.0186731 0.00241471 -0.00220208 0.00163648 -0.0425134 -0.00205815 -0.0146123 -0.0005049 0.00991937 -0.00526599 0.0157254 0.0258356 0.015804 0.00106973
internal_weight=31.8818 3.8172 28.0646 23.4434 21.4051 2.03825 19.6653 9.60157 7.57246 10.0638 7.46771 4.91246 4.62121 6.19493 4.12947
internal_count=443 70 373 323 282 41 262 144 112 118 100 63 50 98 75
is_linear=0
shrinkage=0.1


Tree=94
num_leaves=19
num_cat=0
split_feature=12 4 12 13 13 15 15 10 10 1 14 11 10 14 13 11 12 14
split_gain=0.163598 0.226346 0.522601 0.206714 0.417102 0.333945 0.629929 0.281941 0.274247 0.226288 0.433414 0.504912 0.406357 0.360478 0.737725 0.653678 0.151863 0.138353
threshold=47.500000000000007 1.0000000180025095e-35 138.00000000000003 17.120000000000001 30.360000000000003 96.050000000000011 94.050000000000011 49.500000000000007 86.500000000000014 1.0000000180025095e-35 9.3250000000000011 18.500000000000004 60.500000000000007 8.4850000000000012 91.90000000000002 44.500000000000007 175.50000000000003 13.105000000000002
decision_type=2 2 2 2 2 2 2 2 2 2 2 2 2 2 2 2 2 2
left_child=-1 3 -3 -2 -5 6 7 17 9 10 -9 -12 -11 -14 -15 -16 -13 -6
right_child=1 2 -4 4 5 -7 -8 8 -10 12 11 16 13 14 15 -17 -18 -19
leaf_value=0.022216503948771275 0.024237263773522144 -0.087261455319312328 0.0033081544136590807 -0.044054653512880543 0.0059181172694523793 0.03483629277509729 -0.066840744851137321 0.04431370353386193 0.028721865662485802 -0.074078679455956781 0.043046900868861898 -0.022971495766678118 -0.046789291606146567 0.051055424880094749 -0.10836259843219481 0.026061160113574802 -0.084993216195483043 0.044462331277890052
leaf_weight=2.9744988330639925 3.207290035672492 1.0023551608901464 1.7483434936730189 2.2197523848153677 1.755919492803524 2.6315394081175318 1.4356311378069211 1.7634507645852844 2.0291998181492081 1.2631386141292749 0.81202921643853221 0.78950057743350022 1.7913256227038798 1.8372540283016863 0.75965882395394124 0.69063660386018455 0.7896554924082011 1.9828932769596574
leaf_count=36 33 24 33 36 18 24 28 17 18 15 8 19 24 25 28 14 21 22
internal_value=-0.000100292 -0.00242868 -0.0296954 0.000483042 -0.00289529 0.00159834 -0.00334322 0.00226151 -0.00493165 -0.0114375 0.00670312 -0.0210339 -0.0233214 -0.0106978 0.00896777 -0.0443495 -0.0539854 0.0263602
internal_weight=31.4841 28.5096 2.7507 25.7589 22.5516 20.3318 17.7003 16.2647 12.5258 10.4966 4.15464 2.39119 6.34201 5.07888 3.28755 1.4503 1.57916 3.73881
internal_count=443 407 57 350 317 281 257 229 189 171 65 48 106 91 67 42 40 40
is_linear=0
shrinkage=0.1


Tree=95
num_leaves=18
num_cat=0
split_feature=11 12 12 13 14 11 12 14 14 11 10 14 10 12 12 10 10
split_gain=0.147434 0.387276 0.237096 0.258555 1.06522 0.38819 0.296857 0.501445 0.330718 0.635615 0.298223 0.267371 0.233272 0.45746 0.515938 0.476092 0.710186
threshold=13.500000000000002 368.00000000000006 288.50000000000006 200.50000000000003 22.295000000000005 185.00000000000003 42.500000000000007 13.945000000000002 16.940000000000001 21.500000000000004 55.500000000000007 22.765000000000004 64.500000000000014 123.50000000000001 92.500000000000014 70.500000000000014 80.500000000000014
decision_type=2 2 2 2 2 2 2 2 2 2 2 2 2 2 2 2 2
left_child=-1 2 3 5 -5 6 -2 10 -9 -10 -8 -11 -12 14 -14 -15 -17
right_child=1 -3 -4 4 -6 -7 7 8 9 11 12 -13 13 15 -16 16 -18
leaf_value=-0.028118277460204399 -0.042998488182966144 -0.044626829694902385 0.031072781268919936 -0.094077314868388981 0.038272818181221982 0.054021013130877683 -0.013396683898656753 -0.074404718855814247 0.048787065544769449 -0.011745870725943887 0.04925294386424256 -0.083850727206633432 0.019703860193246447 0.084113003837632178 -0.052734798583246617 -0.034576337345985267 0.051260841672858708
leaf_weight=1.7723876726813639 1.4233612529933619 1.707734656985848 2.9825924113392821 1.2505535454256453 1.1837695124559102 1.4838831089436997 3.3198710735887316 1.0526376059278835 1.1783044282346966 1.1853326397249477 2.2816240787506095 0.90835951478220511 2.2473813993856298 1.3490743124857543 1.747974310768768 1.6578423721948641 2.3026399633381516
leaf_count=24 19 29 38 39 16 14 34 21 17 27 22 20 22 16 25 35 25
internal_value=-0.000112328 0.00158393 0.00444784 0.00121614 -0.0297177 0.00461762 0.00106831 0.00432986 -0.0256495 -0.00996436 0.0130274 -0.0430289 0.0205987 0.0135725 -0.0119882 0.0328065 0.0153297
internal_weight=31.0353 29.2629 27.5552 24.5726 2.43432 22.1383 20.6544 19.231 4.32463 3.272 14.9064 2.09369 11.5865 9.30491 3.99536 5.30956 3.96048
internal_count=443 419 390 352 55 297 283 264 85 64 179 47 145 123 47 76 60
is_linear=0
shrinkage=0.1


Tree=96
num_leaves=16
num_cat=0
split_feature=12 4 14 12 15 3 13 15 13 15 12 11 10 12 1
split_gain=0.154456 0.199454 0.489317 0.18787 0.344458 0.29009 0.646875 0.433491 0.428805 0.918309 0.367828 0.467209 0.283751 0.501011 0.182232
threshold=47.500000000000007 1.0000000180025095e-35 8.4850000000000012 72.000000000000014 64.950000000000017 1.0000000180025095e-35 37.850000000000009 80.350000000000009 75.500000000000014 92.65000000000002 206.50000000000003 35.500000000000007 70.500000000000014 175.50000000000003 1.0000000180025095e-35
decision_type=2 2 2 2 2 2 2 2 2 2 2 2 2 2 2
left_child=-1 3 -3 -2 -5 6 -6 -8 -9 12 11 -7 13 -10 -12
right_child=1 2 -4 4 5 10 7 8 9 -11 14 -13 -14 -15 -16
leaf_value=0.021787365338405539 0.032745251396679657 0.0062772725846695623 -0.081325394634337148 0.04591181826712229 -0.075438944324375534 -0.04648929783857024 -0.046680862692658677 0.048714860278138927 -0.0066059604570558915 -0.06234684649488146 0.048467176809951329 0.017134479926351597 -0.020848591239614817 0.073179558680067577 0.010543391411502085
leaf_weight=2.915601261425766 1.6716526886448324 1.6101263640448444 1.0556471410673109 1.4119911119341875 1.5663363598287112 2.1919776815921068 2.1349705408792934 1.6947089545428733 1.5383420287398624 2.0951814036816359 2.1019233162514865 2.4377766323741525 1.3315159563207997 1.6115379320690406 3.1901218378916383
leaf_count=36 18 19 38 13 35 30 30 25 25 35 23 29 28 20 39
internal_value=-0.000103584 -0.00241243 -0.0284134 0.000362518 -0.00196014 -0.00504745 -0.015526 -0.00650796 0.0038614 -0.00769683 0.00759696 -0.0129885 0.0178536 0.0342138 0.0256062
internal_weight=30.5594 27.6438 2.66577 24.978 23.3064 21.8944 11.9726 10.4063 8.27129 6.57658 9.9218 4.62975 4.4814 3.14988 5.29205
internal_count=443 407 57 350 332 319 198 163 133 108 121 59 73 45 62
is_linear=0
shrinkage=0.1


Tree=97
num_leaves=18
num_cat=0
split_feature=12 12 15 11 1 14 15 9 12 2 13 13 9 13 15 14 13
split_gain=0.139242 0.311215 0.223199 0.24824 0.43699 0.984435 0.478248 0.335385 0.219646 0.364174 0.750884 0.440182 0.431772 0.324346 0.289064 0.157262 0.551478
threshold=92.500000000000014 37.500000000000007 64.950000000000017 36.500000000000007 1.0000000180025095e-35 9.3250000000000011 89.40000000000002 3.5000000000000004 133.50000000000003 1.0000000180025095e-35 74.500000000000014 65.000000000000014 2.5000000000000004 167.50000000000003 89.550000000000011 7.5650000000000004 130.50000000000003
decision_type=2 2 2 2 2 2 2 2 2 2 2 2 2 2 2 2 2
left_child=1 -1 -2 8 6 -6 -5 -7 -4 10 -10 -11 14 -13 -12 -3 -17
right_child=2 15 3 4 5 7 -8 -9 9 11 12 13 -14 -15 -16 16 -18
leaf_value=-0.02817863253874512 0.033854653917472707 0.043120333325925242 -0.024667600285393776 0.031395597372357247 -0.11235227240491885 -0.039624175208607754 -0.048967078615528029 0.032273288040326982 -0.039614630705393734 0.022742750434388021 -0.0057084374245081589 -0.071970072204837879 0.08197613105880823 -0.0037989268081571066 0.052128199635917929 -0.023964535689615523 0.057270905199734982
leaf_weight=1.5243067620322133 1.4640352316200758 2.2692779377102852 2.6471398761495974 2.2696987618692215 1.3725673416629431 1.4697082644561308 1.0991538064554331 1.1616009473800657 1.5147127426462228 1.9342901175841687 1.9173806873150172 1.4564682743512096 1.6867325509665532 1.3400677252211606 1.573152153578121 2.044425393454731 1.4134203186258671
leaf_count=23 14 17 39 36 19 26 30 21 35 28 26 26 14 17 22 32 18
internal_value=-9.93943e-05 0.0119774 -0.00392247 -0.00650177 -0.0213655 -0.0436972 0.00517571 -0.00788478 0.00128692 0.00730167 0.0223144 -0.0139345 0.040433 -0.0393032 0.020358 0.0226652 0.00924106
internal_weight=30.1581 7.25143 22.9067 21.4427 7.37273 4.00388 3.36885 2.63131 14.0699 11.4228 6.69198 4.73083 5.17727 2.79654 3.49053 5.72712 3.45785
internal_count=443 90 353 339 132 66 66 47 207 168 97 71 62 43 48 67 50
is_linear=0
shrinkage=0.1


Tree=98
num_leaves=19
num_cat=0
split_feature=12 4 12 13 13 15 10 15 1 2 14 10 5 15 12 11 11 11
split_gain=0.131853 0.20005 0.406259 0.200882 0.402929 0.29741 0.374647 0.84277 0.438678 0.613753 0.713291 0.604804 0.424145 0.476632 0.302593 0.241767 0.566963 0.0697935
threshold=47.500000000000007 1.0000000180025095e-35 138.00000000000003 17.120000000000001 26.400000000000002 96.050000000000011 86.500000000000014 93.050000000000011 1.0000000180025095e-35 1.0000000180025095e-35 8.4850000000000012 53.500000000000007 1.0000000180025095e-35 80.950000000000017 201.00000000000003 21.500000000000004 42.500000000000007 26.500000000000004
decision_type=2 2 2 2 2 2 2 2 2 2 2 2 2 2 2 2 2 2
left_child=-1 3 -3 -2 -5 6 7 8 11 10 -10 -6 13 -11 -9 -13 -17 -12
right_child=1 2 -4 4 5 -7 -8 14 9 12 17 15 -14 -15 -16 16 -18 -19
leaf_value=0.020325195999565407 0.024442926359348038 -0.081909371782477453 0.0011763183248211352 -0.059887801123228557 0.054046571992701326 0.033278958392699953 0.034506939921366463 -0.11457333855638618 -0.13163249711828606 0.059440670904402818 -0.038830664310399915 0.022278638476829819 -0.041473469544242303 -0.015925719352004916 -0.03396653946882263 -0.086857610567852073 0.01873179420638317 0.0013579204298865199
leaf_weight=2.8592604291625348 3.0695494804531398 0.92286288947798256 1.6243405522545797 1.1731972149573291 2.715894193388527 2.4202640876173964 2.2008084859699002 0.89460566244088002 0.85173337068408761 1.7459293249994519 0.91658677940722533 1.455701841041446 1.4509340468794105 1.6156267048791049 0.97139494027942419 0.96240713540464673 1.0782805271446703 0.81756697501987219
leaf_count=36 33 24 33 21 31 24 20 24 12 14 20 15 22 31 17 30 16 20
internal_value=-9.09137e-05 -0.00226198 -0.028926 0.000528377 -0.00292267 0.000402651 -0.00409852 -0.00958829 -0.000947917 -0.0173989 -0.0566913 0.018644 0.00371407 0.0232182 -0.0726114 -0.00885576 -0.0310651 -0.0198838
internal_weight=29.7469 26.8877 2.5472 24.3405 21.2709 20.0977 17.6775 15.4767 13.6107 7.39838 2.58589 6.21228 4.81249 3.36156 1.866 3.49639 2.04069 1.73415
internal_count=443 407 57 350 317 296 272 252 211 119 52 92 67 45 41 61 46 40
is_linear=0
shrinkage=0.1


Tree=99
num_leaves=19
num_cat=0
split_feature=15 15 10 12 12 12 13 15 3 10 10 12 14 15 11 10 10 1
split_gain=0.136898 0.339168 0.608293 0.285149 0.353365 0.47795 0.384629 0.292919 0.55636 0.515244 0.306544 0.248934 0.214401 0.424311 0.959592 0.354771 0.689112 0.127232
threshold=90.950000000000017 89.40000000000002 69.500000000000014 89.500000000000014 138.00000000000003 170.50000000000003 115.80000000000001 69.750000000000014 1.0000000180025095e-35 74.500000000000014 69.500000000000014 47.500000000000007 17.475000000000005 96.250000000000014 30.250000000000004 81.500000000000014 67.500000000000014 1.0000000180025095e-35
decision_type=2 2 2 2 2 2 2 2 2 2 2 2 2 2 2 2 2 2
left_child=1 3 -3 -1 17 -6 7 -7 9 -9 -10 -2 15 14 -14 16 -13 -5
right_child=11 2 -4 4 5 6 -8 8 10 -11 -12 12 13 -15 -16 -17 -18 -19
leaf_value=-0.035263156690864696 0.048391484640312746 0.0025139105878300414 -0.11643571139766239 0.0504086907371597 -0.057599486923280166 0.028019911150101634 0.036921930255533635 -0.10829224927335922 0.034152005044382955 -0.0035270417865132207 -0.025876476219796177 0.03397864650349592 0.01618558165048951 0.030258338189689767 -0.11203770651303711 0.054765587125323117 -0.050122069393365526 0.013410669591242331
leaf_weight=2.1131658554077246 1.389145866036414 1.0341249052435149 0.73582510545384128 1.7339741502655663 1.4938359485240642 1.648716002702711 2.4989587147720158 1.0936391318682579 1.6962431501597168 0.822486295364797 1.7065989980474112 2.3639885463053343 1.3071920173242695 1.2895606360398231 1.0544570267666129 1.6182713061571119 1.6573586324229834 2.0033467425964773
leaf_count=29 15 22 25 18 27 14 34 36 17 10 30 33 18 14 31 12 32 26
internal_value=-0.000113569 -0.00529926 -0.0469373 -0.000915384 0.00402294 -0.00503127 0.00326399 -0.00880743 -0.0202228 -0.0633224 0.00404642 0.00890845 0.00300502 -0.0158746 -0.0410651 0.0152281 -0.000682635 0.0305763
internal_weight=29.2609 18.5809 1.76995 16.811 14.6978 10.9605 9.46664 6.96768 5.31897 1.91613 3.40284 10.68 9.29083 3.65121 2.36165 5.63962 4.02135 3.73732
internal_count=443 288 47 241 212 168 141 107 93 46 47 155 140 63 49 77 65 44
is_linear=0
shrinkage=0.1


end of trees

feature_importances:
Column_12=304
Column_15=255
Column_13=243
Column_14=238
Column_11=223
Column_10=222
Column_9=59
Column_2=36
Column_3=36
Column_4=26
Column_1=19
Column_5=14
Column_0=13
Column_6=11
Column_7=1

parameters:
[boosting: gbdt]
[objective: binary]
[metric: binary_logloss]
[tree_learner: serial]
[device_type: cpu]
[data_sample_strategy: bagging]
[data: ]
[valid: ]
[num_iterations: 100]
[learning_rate: 0.1]
[num_leaves: 31]
[num_threads: 1]
[seed: 42]
[deterministic: 0]
[force_col_wise: 0]
[force_row_wise: 0]
[histogram_pool_size: -1]
[max_depth: -1]
[min_data_in_leaf: 20]
[min_sum_hessian_in_leaf: 0.001]
[bagging_fraction: 1]
[pos_bagging_fraction: 1]
[neg_bagging_fraction: 1]
[bagging_freq: 0]
[bagging_seed: 400]
[bagging_by_query: 0]
[feature_fraction: 1]
[feature_fraction_bynode: 1]
[feature_fraction_seed: 30056]
[extra_trees: 0]
[extra_seed: 12879]
[early_stopping_round: 0]
[early_stopping_min_delta: 0]
[first_metric_only: 0]
[max_delta_step: 0]
[lambda_l1: 0]
[lambda_l2: 0]
[linear_lambda: 0]
[min_gain_to_split: 0]
[drop_rate: 0.1]
[max_drop: 50]
[skip_drop: 0.5]
[xgboost_dart_mode: 0]
[uniform_drop: 0]
[drop_seed: 17869]
[top_rate: 0.2]
[other_rate: 0.1]
[min_data_per_group: 100]
[max_cat_threshold: 32]
[cat_l2: 10]
[cat_smooth: 10]
[max_cat_to_onehot: 4]
[top_k: 20]
[monotone_constraints: ]
[monotone_constraints_method: basic]
[monotone_penalty: 0]
[feature_contri: ]
[forcedsplits_filename: ]
[refit_decay_rate: 0.9]
[cegb_tradeoff: 1]
[cegb_penalty_split: 0]
[cegb_penalty_feature_lazy: ]
[cegb_penalty_feature_coupled: ]
[path_smooth: 0]
[interaction_constraints: ]
[verbosity: -1]
[saved_feature_importance_type: 0]
[use_quantized_grad: 0]
[num_grad_quant_bins: 4]
[quant_train_renew_leaf: 0]
[stochastic_rounding: 1]
[linear_tree: 0]
[max_bin: 255]
[max_bin_by_feature: ]
[min_data_in_bin: 3]
[bin_construct_sample_cnt: 200000]
[data_random_seed: 175]
[is_enable_sparse: 1]
[enable_bundle: 1]
[use_missing: 1]
[zero_as_missing: 0]
[feature_pre_filter: 1]
[pre_partition: 0]
[two_round: 0]
[header: 0]
[label_column: ]
[weight_column: ]
[group_column: ]
[ignore_column: ]
[categorical_feature: ]
[forcedbins_filename: ]
[precise_float_parser: 0]
[parser_config_file: ]
[objective_seed: 16083]
[num_class: 1]
[is_unbalance: 0]
[scale_pos_weight: 1]
[sigmoid: 1]
[boost_from_average: 1]
[reg_sqrt: 0]
[alpha: 0.9]
[fair_c: 1]
[poisson_max_delta_step: 0.7]
[tweedie_variance_power: 1.5]
[lambdarank_truncation_level: 30]
[lambdarank_norm: 1]
[label_gain: ]
[lambdarank_position_bias_regularization: 0]
[eval_at: ]
[multi_error_top_k: 1]
[auc_mu_weights: ]
[num_machines: 1]
[local_listen_port: 12400]
[time_out: 120]
[machine_list_filename: ]
[machines: ]
[gpu_platform_id: -1]
[gpu_device_id: -1]
[gpu_use_dp: 0]
[num_gpu: 1]

end of parameters

pandas_categorical:null
