tree
version=v4
num_class=1
num_tree_per_iteration=1
label_index=0
max_feature_idx=12
objective=binary sigmoid:1
feature_names=Column_0 Column_1 Column_2 Column_3 Column_4 Column_5 Column_6 Column_7 Column_8 Column_9 Column_10 Column_11 Column_12
feature_infos=[0:1] [0:1] [0:1] [0:1] [0:1] [0:1] [0:1] [0:1] none [0:6] [16:99] [0.89000000000000001:1057] [0.050000000000000003:11.4]
tree_sizes=1685 1807 2022 2020 1915 2136 2024 2016 2125 2034 1999 1924 1919 1931 1823 1915 2006 2137 1912 1921 1815 2027 1819 2023 1920 2018 1924 2026 1816 1927 2052 1920 1818 1687 2246 2024 1706 1927 1832 2145 1707 2022 2027 2043 2027 2129 1824 2031 2145 1824 1931 2038 2041 1929 2029 2102 1821 1937 2022 1842 1940 1940 1934 2148 2146 2136 2048 2033 2046 2026 2140 2364 1716 1831 2150 2053 2156 2358 2327 2028 2150 2380 2157 2149 1832 2034 2152 1947 2156 2041 2265 1824 2046 1839 1932 2148 2047 2137 2281 2153

Tree=0
num_leaves=15
num_cat=0
split_feature=11 12 10 10 12 12 10 4 10 10 11 10 10 11
split_gain=9.37005 10.4205 6.51426 11.3813 13.6637 6.54958 8.38305 3.98606 4.39852 7.10738 5.46609 3.41373 10.1542 1.844
threshold=7.455000000000001 0.30500000000000005 62.500000000000007 81.500000000000014 0.85500000000000009 1.2050000000000003 44.500000000000007 1.0000000180025095e-35 69.500000000000014 67.500000000000014 13.800000000000002 65.500000000000014 80.500000000000014 10.330000000000002
decision_type=2 2 2 2 2 2 2 2 2 2 2 2 2 2
left_child=11 -2 5 7 -5 6 -3 8 9 -4 13 -1 -13 -10
right_child=1 2 3 4 -6 -7 -8 -9 10 -11 -12 12 -14 -15
leaf_value=0.095452128712803605 0.073724184471706602 0.040380499215819259 -0.083642567065460263 0.11047991983652838 -0.10703440924266736 0.07177426814592619 -0.1103126345237754 -0.1592132420291579 -0.11237262440978177 0.067688017957711927 -0.035924111838010732 -0.068615909731857494 0.11259991870693187 -0.19999993138065766
leaf_weight=11.316206008195879 11.451070338487623 7.8236837238073367 7.1834653466939908 8.0763607472181302 4.4954789429903022 10.76434715092182 6.98969466984272 5.1232957839965811 7.1540121734142321 5.464332327246666 8.9149999022483808 6.3618778288364393 6.0161911845207214 3.6149850785732269
leaf_count=34 37 28 35 23 23 35 36 29 37 18 39 30 17 22
internal_value=7.54813e-08 -0.0151747 -0.0286393 -0.0496281 0.0327004 0.0124122 -0.0307241 -0.0772617 -0.0642757 -0.018262 -0.0938415 0.0557541 0.0194616 -0.141788
internal_weight=110.75 87.0557 75.6047 50.0269 12.5718 25.5777 14.8134 37.4551 32.3318 12.6478 19.684 23.6943 12.3781 10.769
internal_count=443 362 325 226 46 99 64 180 151 53 98 81 47 59
is_linear=0
shrinkage=1


Tree=1
num_leaves=16
num_cat=0
split_feature=11 12 10 10 12 12 10 10 3 11 11 10 12 11 11
split_gain=7.60942 8.45803 5.29599 9.24993 11.1031 5.31327 6.81098 3.37518 4.55681 4.74957 3.85238 2.85192 7.00533 1.50206 2.57779
threshold=7.455000000000001 0.30500000000000005 62.500000000000007 81.500000000000014 0.85500000000000009 1.2050000000000003 44.500000000000007 76.500000000000014 1.0000000180025095e-35 12.165000000000001 19.650000000000002 60.500000000000007 0.81500000000000006 9.5550000000000015 13.895000000000001
decision_type=2 2 2 2 2 2 2 2 2 2 2 2 2 2 2
left_child=11 -2 5 7 -5 6 -3 8 10 -10 13 -1 -13 -4 -15
right_child=1 2 3 4 -6 -7 -8 -9 9 -11 -12 12 -14 14 -16
leaf_value=0.094966951354622742 0.066445243260644091 0.036357741337286406 -0.071984535970837357 0.099746837244044317 -0.096617442124692809 0.064683093090770583 -0.099594981115023878 -0.13181206304694351 0.057729261175098849 -0.066830536197049539 -0.0076990281526408333 -0.050478611020879985 0.08773812004843333 -0.18880779795985819 -0.075703321653999428
leaf_weight=8.9070979654788989 11.435524255037306 7.8204952031373995 5.1671471297740963 8.0517662167549116 4.4826278388500205 10.750495657324789 6.9684735238552094 7.0990219414234152 5.7770484089851397 6.5118755102157593 4.5413192659616461 6.8704633414745313 7.8644660711288452 4.7423008084297162 3.5039204061031342
leaf_count=26 37 28 25 23 23 35 36 39 20 31 19 31 24 29 17
internal_value=-3.09653e-06 -0.0136948 -0.0258466 -0.0448091 0.0295218 0.0111861 -0.0277024 -0.069759 -0.0551934 -0.00827472 -0.0873065 0.0502953 0.0232917 -0.114259 -0.140748
internal_weight=110.494 86.852 75.4165 49.877 12.5344 25.5395 14.789 37.3426 30.2436 12.2889 17.9547 23.642 14.7349 13.4134 8.24622
internal_count=443 362 325 226 46 99 64 180 141 51 90 81 55 71 46
is_linear=0
shrinkage=0.1


Tree=2
num_leaves=18
num_cat=0
split_feature=11 12 10 5 10 12 3 11 12 5 12 12 10 10 10 11 12
split_gain=6.19546 6.98944 10.9508 8.38767 8.35919 6.25235 5.56218 5.46709 4.78178 4.23511 3.54137 5.26942 3.83277 2.43018 8.01943 1.05636 0.759584
threshold=7.455000000000001 0.51500000000000012 69.500000000000014 1.0000000180025095e-35 71.500000000000014 1.2850000000000004 1.0000000180025095e-35 16.215000000000003 0.28500000000000009 1.0000000180025095e-35 1.5050000000000001 1.2150000000000001 80.500000000000014 65.500000000000014 80.500000000000014 13.895000000000001 0.79500000000000015
decision_type=2 2 2 2 2 2 2 2 2 2 2 2 2 2 2 2 2
left_child=13 4 3 5 8 6 15 -6 -2 10 11 12 16 -1 -15 -3 -4
right_child=1 2 9 -5 7 -7 -8 -9 -10 -11 -12 -13 -14 14 -16 -17 -18
leaf_value=0.079107540622622707 0.03990270556159918 -0.082180476524227983 -0.1214368046642505 -0.099322189790458648 0.03199832645776618 0.087453749626495214 0.064402837634061724 0.1584385104190946 -0.092485522716771296 -0.00070089651460189474 -0.1810370447864659 0.021301238011349293 -0.044459568307545112 -0.063451427554333889 0.097954980333217312 -0.018364611635644405 -0.18455356403110268
leaf_weight=11.227889701724054 4.9177316725254077 5.7947253584861809 3.5894685834646314 6.1343428045511237 8.5925397574901563 11.260954186320303 6.4481175839900962 5.6803750544786444 6.1280637085437775 5.5235386192798606 4.216645047068595 4.0251615345478049 5.3192359060049057 6.3498696237802488 5.9745095670223236 4.6959888488054276 4.0672076046466827
leaf_count=34 17 29 20 31 31 34 22 13 31 23 26 16 24 30 17 20 25
internal_value=-1.08733e-05 -0.0124051 -0.0307185 0.00665111 0.0317714 0.0297036 -0.00868869 0.0823193 -0.0335446 -0.0786987 -0.0990036 -0.0786575 -0.109665 0.0454536 0.0147938 -0.0536144 -0.154964
internal_weight=109.946 86.3941 61.0754 34.3341 25.3187 28.1998 16.9388 14.2729 11.0458 26.7413 21.2177 17.0011 12.9759 23.5523 12.3244 10.4907 7.65668
internal_count=443 362 270 136 92 105 71 44 48 134 111 85 69 81 47 49 45
is_linear=0
shrinkage=0.1


Tree=3
num_leaves=18
num_cat=0
split_feature=4 12 12 11 11 12 10 12 12 10 10 3 12 0 12 1 9
split_gain=5.8518 11.7431 6.7773 5.54144 4.17501 4.13474 9.59874 5.39205 6.87801 4.36676 3.13993 2.89032 3.71286 2.57715 2.75236 0.727362 0.479459
threshold=1.0000000180025095e-35 0.57500000000000007 0.31500000000000006 6.4000000000000012 27.625000000000004 1.0600000000000003 83.500000000000014 0.49500000000000005 0.87500000000000011 76.500000000000014 54.500000000000007 1.0000000180025095e-35 1.4550000000000003 1.0000000180025095e-35 0.74500000000000011 1.0000000180025095e-35 2.5000000000000004
decision_type=2 2 2 2 2 2 2 2 2 2 2 2 2 2 2 2 2
left_child=2 -2 16 -4 5 6 7 -5 10 11 -9 12 -7 14 -12 -3 -1
right_child=1 15 3 4 -6 9 -8 8 -10 -11 13 -13 -14 -15 -16 -17 -18
leaf_value=0.056307163961494225 0.02324390269983094 -0.18822590176187123 0.0610422900708689 -0.15425688485583644 0.066404237692068532 0.056610122545126443 0.069616955311489911 0.049290456531429591 -0.14758961602603973 -0.066956989763772415 -0.11192531749710165 0.074374818100673687 -0.057804644016195464 0.016408224623560633 -0.0008703263399596179 -0.122710962061782 0.094155521362305206
leaf_weight=6.7551838308572751 8.0490560531616193 3.3821435421705237 11.98128306865692 5.5523706227540996 6.09435249865055 5.5774498134851491 6.3946435600519171 5.0897011607885423 5.2053887397050849 5.7183725237846366 6.2005588412284833 8.9732417613267899 5.7708569169044495 5.0064417272806159 3.4865127950906754 3.3963270038366318 6.6339720040559769
leaf_count=22 30 21 39 32 20 19 20 18 30 29 34 29 27 20 15 19 19
internal_value=-1.98639e-05 -0.0584239 0.00914982 -0.00173815 -0.0126284 -0.0202767 -0.0417914 -0.065118 -0.0453116 0.0102403 -0.0184001 0.0319632 -0.00157224 -0.0418475 -0.0719551 -0.1554 0.07506
internal_weight=109.268 14.8275 94.4403 81.0512 69.0699 62.9755 36.9356 30.541 24.9886 26.0399 19.7832 20.3215 11.3483 14.6935 9.68707 6.77847 13.3892
internal_count=443 70 373 332 293 273 169 149 117 104 87 75 46 69 49 40 41
is_linear=0
shrinkage=0.1


Tree=4
num_leaves=17
num_cat=0
split_feature=10 10 12 5 5 12 11 3 10 12 9 9 10 12 11 3
split_gain=4.8822 6.11974 7.28386 5.58732 4.93531 4.05478 4.68703 5.16397 3.66785 2.96958 2.29165 2.16337 2.38719 0.950464 0.90838 0.00312667
threshold=81.500000000000014 70.500000000000014 0.53500000000000014 1.0000000180025095e-35 1.0000000180025095e-35 1.8550000000000002 15.245000000000003 1.0000000180025095e-35 51.500000000000007 0.87500000000000011 2.5000000000000004 1.5000000000000002 72.500000000000014 1.1950000000000001 8.8900000000000023 1.0000000180025095e-35
decision_type=2 2 2 2 2 2 2 2 2 2 2 2 2 2 2 2
left_child=1 4 -3 11 5 6 7 9 -6 14 -2 -4 -13 -8 -1 -14
right_child=10 2 3 -5 8 -7 13 -9 -10 -11 -12 12 15 -15 -16 -17
leaf_value=0.050412087188388882 0.001280970430593077 0.024467314283179352 -0.055622292750369874 0.011043702860498302 0.017401020636524493 0.10753714645398989 -0.061116363094493448 0.088413981671899788 -0.10020884806953514 -0.06759594899041807 0.071714822939278097 -0.070348101624542525 -0.16698082627533925 -0.00040174567165579132 0.00058813856772418601 -0.1712542143041961
leaf_weight=7.0425525605678576 7.4282735288143185 9.9817532598972338 5.1694163531065014 5.164830967783927 4.5353213250637037 5.0913844704627982 7.7622597217559797 11.002141654491426 6.3846625536680222 4.5965945720672599 12.216267779469488 3.7635624259710294 3.1229408979415894 3.8608573526144028 7.6169203668832779 3.7899352461099625
leaf_count=24 29 38 26 21 17 14 37 33 33 22 39 19 20 15 32 24
internal_value=-3.4254e-05 -0.0100053 -0.0458674 -0.079282 0.00919325 0.023271 0.013027 0.0337608 -0.0513628 0.00253418 0.0450814 -0.108723 -0.134434 -0.0409488 0.024524 -0.169324
internal_weight=108.53 88.8851 30.9924 21.0107 57.8927 46.9727 41.8813 30.2582 10.92 19.2561 19.6445 15.8459 10.6764 11.6231 14.6595 6.91288
internal_count=443 375 148 110 227 177 163 111 50 78 68 89 63 52 56 44
is_linear=0
shrinkage=0.1


Tree=5
num_leaves=19
num_cat=0
split_feature=4 12 12 12 3 9 2 10 10 10 10 10 2 11 9 10 12 12
split_gain=4.81456 8.93553 5.43607 3.39376 5.41311 3.67218 5.21162 4.00216 2.7288 3.41331 2.69936 2.29454 3.28683 1.41512 0.712534 0.649977 0.220356 0.162879
threshold=1.0000000180025095e-35 0.57500000000000007 0.36500000000000005 1.2150000000000001 1.0000000180025095e-35 1.0000000180025095e-35 1.0000000180025095e-35 69.500000000000014 60.500000000000007 81.500000000000014 69.500000000000014 69.500000000000014 1.0000000180025095e-35 17.585000000000004 2.5000000000000004 75.500000000000014 0.91000000000000014 0.74500000000000011
decision_type=2 2 2 2 2 2 2 2 2 2 2 2 2 2 2 2 2 2
left_child=2 -2 14 4 5 -4 16 -8 -6 10 -10 13 -13 -5 -1 -3 -7 -9
right_child=1 15 3 11 8 6 7 17 9 -11 -12 12 -14 -15 -16 -17 -18 -19
leaf_value=0.042333583298433064 0.017307893472089286 -0.17025775009367494 0.025940957233159909 0.075260099685467458 0.075457248564193891 -0.14582122886121898 -0.091499737855374769 0.020428609884639844 0.014766660217922407 0.058297521120653929 -0.090143019197979471 -0.063405098950786623 0.043306864389917432 0.0074724384716829467 0.085062771836892037 -0.10716559858166036 -0.11122700071295917 -0.0057198277114104794
leaf_weight=8.5124534666538221 8.0067460685968381 3.4279457032680503 5.8327422887086895 9.7626341730356234 6.3613745719194439 4.3723622709512737 6.5238183587789562 5.7349485009908658 4.8534868806600553 5.8426335453987113 4.9581000655889511 5.3652570992708188 6.2471666634082794 4.4986765682697287 7.2065231353044501 3.1181313991546631 3.1807125806808472 4.0747402757406235
leaf_count=29 30 22 23 30 20 25 34 23 19 19 27 27 24 17 21 18 18 17
internal_value=-4.5497e-05 -0.0535436 0.00829661 -0.00256501 -0.0173535 -0.045194 -0.0625641 -0.0308003 0.020229 -0.00221392 -0.0382475 0.0270047 -0.00599698 0.0538767 0.0619232 -0.140205 -0.131253 0.00956709
internal_weight=107.88 14.5528 93.3276 77.6087 51.7349 29.7193 23.8866 16.3335 22.0156 15.6542 9.81159 25.8737 11.6124 14.2613 15.719 6.54608 7.55307 9.80969
internal_count=443 70 373 323 225 140 117 74 85 65 46 98 51 47 50 40 43 40
is_linear=0
shrinkage=0.1


Tree=6
num_leaves=18
num_cat=0
split_feature=4 12 12 11 11 9 10 12 3 10 10 12 1 11 10 1 10
split_gain=3.96429 7.53254 4.47674 3.9401 3.66367 4.49408 3.83089 3.92986 5.1588 5.09764 4.71632 3.18547 2.15753 1.79409 0.879827 0.618032 0.319151
threshold=1.0000000180025095e-35 0.57500000000000007 0.31500000000000006 6.4000000000000012 9.865000000000002 1.0000000180025095e-35 80.500000000000014 1.2050000000000003 1.0000000180025095e-35 71.500000000000014 64.500000000000014 1.3950000000000002 1.0000000180025095e-35 15.390000000000002 75.500000000000014 1.0000000180025095e-35 72.500000000000014
decision_type=2 2 2 2 2 2 2 2 2 2 2 2 2 2 2 2 2
left_child=2 -2 16 -4 11 -6 7 8 9 -7 -9 12 -5 -10 -14 -3 -1
right_child=1 15 3 4 5 6 -8 10 13 -11 -12 -13 14 -15 -16 -17 -18
leaf_value=0.075465629114361207 0.015597609772331954 -0.16159953910462821 0.051981163097236896 -0.030293843810309223 0.081715095144156799 -0.1693998634745143 0.052546847463719674 0.075723455377771004 0.038653993122308591 -0.018651320815003935 -0.04471113751019111 0.020361552357164279 -0.13567064208283916 -0.047382389032790823 -0.068893142416896092 -0.099209023776131583 0.044035770229003429
leaf_weight=7.3487893342971784 7.9967625290155393 3.162711888551712 11.778884083032606 7.5449051260948199 6.5445815920829764 5.34396688640118 8.3856904208660108 6.8851369917392713 5.1664154231548309 3.8659341931343079 6.1615187525749207 5.4399677813053122 4.29083152115345 4.5654971897602081 3.6526259332895279 3.1882736831903458 5.7655652016401291
leaf_count=22 30 21 39 34 21 34 29 21 19 18 30 21 25 22 19 19 19
internal_value=-5.76863e-05 -0.0489741 0.00751012 -0.00140635 -0.0106749 0.00484491 -0.00761562 -0.023387 -0.0524762 -0.106122 0.018846 -0.0454684 -0.0685899 -0.00170795 -0.104964 -0.130279 0.0616479
internal_weight=107.088 14.3477 92.7403 79.626 67.8471 46.9187 40.3742 31.9885 18.9418 9.2099 13.0467 20.9283 15.4884 9.73191 7.94346 6.35099 13.1144
internal_count=443 70 373 332 293 194 173 144 93 52 51 99 78 41 44 40 41
is_linear=0
shrinkage=0.1


Tree=7
num_leaves=18
num_cat=0
split_feature=6 10 12 10 10 12 10 10 3 10 9 10 11 12 12 11 11
split_gain=3.7906 6.18189 3.50138 3.81971 4.4032 5.35727 3.31509 2.39675 3.13764 3.22707 2.20521 1.58166 1.38035 1.35687 1.13297 0.974281 0.125719
threshold=1.0000000180025095e-35 57.500000000000007 0.30500000000000005 49.500000000000007 81.500000000000014 1.0900000000000003 69.500000000000014 74.500000000000014 1.0000000180025095e-35 66.500000000000014 2.5000000000000004 41.500000000000007 13.800000000000002 0.64500000000000013 0.77500000000000013 11.105000000000002 14.580000000000002
decision_type=2 2 2 2 2 2 2 2 2 2 2 2 2 2 2 2 2
left_child=2 -2 16 11 5 7 -7 8 9 15 -6 -4 -8 -9 -3 -5 -1
right_child=1 14 3 4 10 6 12 13 -10 -11 -12 -13 -14 -15 -16 -17 -18
leaf_value=0.047079899356213567 0.019604279048781474 -0.14697776416820083 0.016431253507690199 -0.080953117244583095 -0.012317059264119225 0.05546696345481944 -0.058958711568087609 -0.064354588205024252 0.010927938488165034 -0.020048598928751871 0.06499112342234771 0.08871441121956862 0.016334065832336014 -0.15417746917182057 -0.067549158831002917 -0.1565748477519712 0.067016083813220967
leaf_weight=7.9356950521469098 6.9191567450761777 4.1144979894161224 6.3361282795667631 3.9396850466728246 5.8894191682338706 10.268822833895685 5.5102046728134138 3.9380991011857978 8.9881161749362946 7.8455484509468079 9.8791324794292432 5.7965875715017319 4.3627811372280121 2.9352531954646111 3.1866941004991531 3.0018031597137451 5.2595845311880112
leaf_count=26 26 24 24 21 24 34 29 21 37 37 32 17 19 20 16 20 16
internal_value=-7.93713e-05 -0.0481249 0.00735613 -0.00063739 -0.0100439 -0.0243752 0.0156872 -0.0507037 -0.0356678 -0.0639904 0.0361172 0.0509656 -0.0256875 -0.102713 -0.11231 -0.113655 0.0550264
internal_weight=106.107 14.2203 91.8869 78.6916 66.5589 50.7903 20.1418 30.6485 23.7752 14.787 15.7686 12.1327 9.87299 6.87335 7.30119 6.94149 13.1953
internal_count=443 66 377 335 294 238 82 156 115 78 56 41 48 41 40 41 42
is_linear=0
shrinkage=0.1


Tree=8
num_leaves=19
num_cat=0
split_feature=11 6 12 10 5 9 12 9 12 11 5 11 10 5 10 11 9 11
split_gain=3.24527 4.04055 4.33517 7.7032 5.15328 4.88066 4.43731 4.15666 3.99793 3.51246 2.89361 2.25919 1.85696 1.71561 3.44316 1.57714 0.975807 1.30802
threshold=7.455000000000001 1.0000000180025095e-35 0.56500000000000006 69.500000000000014 1.0000000180025095e-35 1.5000000000000002 1.8550000000000002 1.0000000180025095e-35 0.46500000000000002 21.325000000000003 1.0000000180025095e-35 15.520000000000001 72.500000000000014 1.0000000180025095e-35 71.500000000000014 13.895000000000001 1.5000000000000002 9.5900000000000016
decision_type=2 2 2 2 2 2 2 2 2 2 2 2 2 2 2 2 2 2
left_child=13 2 5 6 9 -2 7 -4 12 15 -3 -9 -7 14 -1 16 -5 -18
right_child=1 10 3 4 -6 8 -8 11 -10 -11 -12 -13 -14 -15 -16 -17 17 -19
leaf_value=0.044660007277286869 -0.036644585643290886 -0.025535813479732824 0.070720335499093845 -0.045041752728105157 0.030701096673830832 -0.013344934683463894 0.10881134887587757 0.0023230243793193328 0.12640791758119493 0.0084274114579894321 -0.1352242632138396 -0.078167279674778226 0.06645022067922933 0.069813260063613186 -0.061476650487909928 -0.16353716653416056 -0.070225841928107602 -0.15639334769552166
leaf_weight=10.139679729938505 7.2268384546041515 6.1231177151203138 5.8523498177528444 3.5316656529903465 4.7632364779710761 5.8380664736032504 4.5296716690063468 8.9746166914701444 6.1026610732078543 3.1856407523155204 3.9606879651546478 5.7030421495437613 5.8275945335626602 8.2328752130270004 4.3754479140043268 3.7348833233118048 3.8795109838247299 3.2271073386073112
leaf_count=34 33 28 19 19 19 24 12 38 17 14 23 30 18 26 21 25 21 22
internal_value=-9.02384e-05 -0.00931484 -0.00105238 -0.018828 -0.06155 0.0326438 0.0192268 -0.000538865 0.0608252 -0.0865752 -0.0686189 -0.0289517 0.0265168 0.0333486 0.0126661 -0.107631 -0.0880041 -0.109354
internal_weight=105.209 82.4607 72.3769 47.3817 22.322 24.9952 25.0597 20.53 17.7683 17.5588 10.0838 14.6777 11.6657 22.748 14.5151 14.3732 10.6383 7.10662
internal_count=443 362 311 219 120 92 99 87 59 101 51 68 42 81 55 87 62 43
is_linear=0
shrinkage=0.1


Tree=9
num_leaves=18
num_cat=0
split_feature=4 12 12 11 12 11 11 0 2 1 12 10 3 3 11 9 1
split_gain=3.20466 5.43365 3.02696 2.56576 2.54749 3.58407 2.94815 3.78901 2.20425 4.17969 3.47888 1.3213 1.49206 1.13835 0.88036 0.599675 0.525438
threshold=1.0000000180025095e-35 0.57500000000000007 0.36500000000000005 5.5550000000000006 1.0600000000000003 13.895000000000001 15.520000000000001 1.0000000180025095e-35 1.0000000180025095e-35 1.0000000180025095e-35 0.58500000000000008 69.500000000000014 1.0000000180025095e-35 1.0000000180025095e-35 19.650000000000002 2.5000000000000004 1.0000000180025095e-35
decision_type=2 2 2 2 2 2 2 2 2 2 2 2 2 2 2 2 2
left_child=2 -2 15 -4 5 8 -7 -8 9 -5 -10 12 14 -13 -6 -1 -3
right_child=1 16 3 4 11 6 7 -9 10 -11 -12 13 -14 -15 -16 -17 -18
leaf_value=0.029320284295614937 0.0092530917999797315 -0.14819222348930342 0.060226660104297225 -0.035062386238105252 -0.0080909139381886812 0.071248364387343777 -0.063954758183554478 0.052421286738565276 0.040462114749769573 -0.16847725373586217 -0.068147928545735911 0.02058923449198212 0.074953738705321876 -0.039664279965907906 0.049036721885050871 0.0692261401957706 -0.088382618978421867
leaf_weight=8.2847415208816511 7.8672136068344098 2.8944398015737534 6.1852005422115317 6.2643826007843018 7.503109693527227 5.4529551118612316 7.0531491786241514 4.6369740664958954 5.16204634308815 3.7562203407287598 6.8796105086803436 6.2245623171329481 5.6660031378269187 6.3182736858725548 4.2117674350738525 6.9035557210445395 2.9823025763034821
leaf_count=29 30 21 20 29 30 19 37 17 20 25 36 27 17 32 14 21 19
internal_value=-9.84786e-05 -0.0450904 0.00673412 -0.00147864 -0.00699961 -0.0237707 0.0105295 -0.0177933 -0.050423 -0.0850729 -0.0215887 0.0149735 0.0328241 -0.00976261 0.0124478 0.0474587 -0.11784
internal_weight=104.247 13.744 90.5026 75.3143 69.1291 39.2053 17.1431 11.6901 22.0623 10.0206 12.0417 29.9237 17.3809 12.5428 11.7149 15.1883 5.87674
internal_count=443 70 373 323 303 183 73 54 110 54 56 120 61 59 44 50 40
is_linear=0
shrinkage=0.1


Tree=10
num_leaves=18
num_cat=0
split_feature=6 10 11 9 10 10 11 10 9 12 12 10 11 9 11 11 12
split_gain=2.74799 4.58945 2.46954 4.47676 4.38516 5.02411 3.88946 2.68358 2.28748 2.28425 4.08489 3.0471 2.09199 1.50725 1.45793 1.45681 0.917287
threshold=1.0000000180025095e-35 57.500000000000007 26.045000000000005 2.5000000000000004 69.500000000000014 85.500000000000014 16.505000000000003 63.500000000000007 1.5000000000000002 1.3950000000000002 0.84500000000000008 68.500000000000014 10.560000000000002 1.5000000000000002 11.56 9.5900000000000016 0.77500000000000013
decision_type=2 2 2 2 2 2 2 2 2 2 2 2 2 2 2 2 2
left_child=2 -2 3 4 6 12 7 8 -1 10 11 -5 -6 -14 -13 -12 -3
right_child=1 16 -4 9 5 -7 -8 -9 -10 -11 15 14 13 -15 -16 -17 -18
leaf_value=0.027284558072947763 0.01718745832250871 -0.12952823982433456 0.059629962865276623 -0.02298345273211444 -0.04775861495843553 0.04599767509248813 -0.074761755818639836 0.074441617797747925 -0.056588406018292542 0.077695141499366543 -0.0042119703388979086 0.029096013604394608 -0.080866865250041539 -0.1740390137290109 0.092767277042348842 -0.084791026405191039 -0.05703476432180471
leaf_weight=9.8759745806455665 6.8037790209054929 3.9855940267443657 7.9190841838717452 5.5661397278308931 7.7177362814545649 3.7493838518857947 4.8727111518383017 7.121346876025199 4.8479445427656165 7.2028207480907431 4.9129704385995847 6.5534071996808034 3.8172677457332611 3.1848647892475128 7.9697595164179802 4.1295821666717529 3.1054471433162689
leaf_count=37 26 24 28 25 40 13 25 24 23 25 21 25 21 22 25 23 16
internal_value=-0.00011129 -0.0414849 0.00631618 0.00113725 -0.0198762 -0.0573443 0.00602427 0.0240441 -0.000331152 0.0272704 0.0148029 0.0399258 -0.0836672 -0.123245 0.0640364 -0.0410111 -0.0977805
internal_weight=103.336 13.8948 89.441 81.5219 45.1872 18.4693 26.718 21.8453 14.7239 36.3347 29.1319 20.0893 14.7199 7.00213 14.5232 9.04255 7.09104
internal_count=443 66 377 349 205 96 109 84 60 144 119 75 83 43 50 44 40
is_linear=0
shrinkage=0.1


Tree=11
num_leaves=17
num_cat=0
split_feature=10 11 11 10 11 12 5 10 11 11 2 9 2 12 12 11
split_gain=2.62322 3.72012 5.48959 3.24141 4.01367 3.42216 3.05707 2.59088 2.52249 3.8008 3.36016 2.88576 1.87506 1.32861 1.22561 0.900519
threshold=80.500000000000014 8.5150000000000023 13.800000000000002 70.500000000000014 13.685000000000002 0.68500000000000016 1.0000000180025095e-35 51.500000000000007 15.245000000000003 27.625000000000004 1.0000000180025095e-35 2.5000000000000004 1.0000000180025095e-35 0.85500000000000009 0.96500000000000008 9.4000000000000021
decision_type=2 2 2 2 2 2 2 2 2 2 2 2 2 2 2 2
left_child=3 -2 -3 6 12 -6 8 -8 10 14 13 -12 -5 -1 -10 -14
right_child=1 2 -4 4 5 -7 7 -9 9 -11 11 -13 15 -15 -16 -17
leaf_value=-0.024582985513465438 0.084378576226491878 -0.074254984604760127 0.054209599380556917 -0.11886921511634246 0.060527743198294827 -0.050081876344149789 0.014788186242451377 -0.086088536106547098 -0.095061329189851496 0.049127644179341373 0.017596919790158854 0.10976762758207173 -0.017250344429177937 0.029544758196533516 -0.015351479331922305 -0.080537416656452906
leaf_weight=8.752575486898424 8.1077485382556933 5.8532654270529729 7.7052458003163338 5.4196276739239702 5.8176481202244741 5.3874297961592674 4.4091571569442731 6.0253264904022217 4.7941323071718198 4.8528744876384726 6.0952008068561572 7.6729318648576736 5.1916835084557533 9.4103988707065565 3.2276988476514816 3.9658003374934196
leaf_count=39 24 30 27 36 21 30 17 33 27 17 24 21 25 35 14 23
internal_value=-0.000113977 0.0307937 -0.00124909 -0.00837901 -0.0376564 0.00734636 0.00528555 -0.0434624 0.0166381 -0.0207287 0.0317045 0.0689633 -0.0722489 0.00346108 -0.0629889 -0.0446579
internal_weight=102.689 21.6663 13.5585 81.0225 25.7822 11.2051 55.2403 10.4345 44.8058 12.8747 31.9311 13.7681 14.5771 18.163 8.02183 9.15748
internal_count=443 81 57 362 135 51 227 50 177 58 119 45 84 74 41 48
is_linear=0
shrinkage=0.1


Tree=12
num_leaves=17
num_cat=0
split_feature=4 12 12 10 10 12 12 11 10 11 10 10 11 9 11 11
split_gain=2.43327 4.63102 2.39421 2.08656 4.3822 3.72733 3.18981 2.4054 3.22205 3.19834 2.10485 1.86692 1.6272 1.32772 0.492699 0.469082
threshold=1.0000000180025095e-35 0.57500000000000007 0.36500000000000005 36.500000000000007 47.500000000000007 0.71500000000000008 0.56500000000000006 6.4600000000000009 69.500000000000014 13.800000000000002 73.500000000000014 65.500000000000014 9.4000000000000021 1.5000000000000002 13.315000000000001 16.215000000000003
decision_type=2 2 2 2 2 2 2 2 2 2 2 2 2 2 2 2
left_child=2 -2 15 -4 -5 6 10 -7 11 12 -6 13 -10 -9 -3 -1
right_child=1 14 3 4 5 7 -8 8 9 -11 -12 -13 -14 -15 -16 -17
leaf_value=0.030148770007078746 0.0097288524600858614 -0.081725384197611217 -0.068449074030111606 0.072577155966805612 -0.055211799120559915 0.058803740970019114 -0.10352479429520776 0.045041349864311422 -0.030577130774807434 0.016378186280302614 0.029459513849206437 0.077598554202791714 -0.11029155507949912 -0.023132294024746904 -0.14156561718203828 0.068061993564184881
leaf_weight=9.986554026603697 7.7752266228198987 2.9070694968104362 4.3781276643276206 7.9522708654403678 6.0865505486726779 8.0539935976266843 6.0921592488884917 5.0902299433946627 5.4851150289177912 8.0442840903997404 5.6718462556600571 5.4814611673355094 4.8031140938401222 6.5107060447335243 2.6123708412051201 4.8473971486091605
leaf_count=35 30 20 21 25 31 26 38 18 28 35 22 18 32 29 20 15
internal_value=-0.000108251 -0.0399979 0.00588516 -0.00149714 0.00273437 -0.00632326 -0.0447969 0.00947598 -0.00174205 -0.0308584 -0.0143693 0.029505 -0.0677922 0.00678077 -0.110048 0.0425379
internal_weight=101.778 13.2947 88.4838 73.6499 69.2717 61.3195 17.8506 43.4689 35.4149 18.3325 11.7584 17.0824 10.2882 11.6009 5.51944 14.834
internal_count=443 70 373 323 302 277 91 186 160 95 53 65 60 47 40 50
is_linear=0
shrinkage=0.1


Tree=13
num_leaves=17
num_cat=0
split_feature=6 10 12 12 7 9 0 11 10 11 12 11 12 10 11 9
split_gain=2.19561 3.99002 1.73004 1.71621 2.51708 2.21932 4.90678 4.61318 3.35525 3.88562 2.54168 2.43532 2.27861 2.12839 0.920421 0.910428
threshold=1.0000000180025095e-35 41.500000000000007 1.1850000000000003 0.23500000000000001 1.0000000180025095e-35 2.5000000000000004 1.0000000180025095e-35 26.045000000000005 69.500000000000014 10.105000000000002 1.3950000000000002 9.6450000000000014 0.84500000000000008 71.500000000000014 11.965000000000002 1.0000000180025095e-35
decision_type=2 2 2 2 2 2 2 2 2 2 2 2 2 2 2 2
left_child=3 -2 -3 -1 5 6 7 8 11 -10 12 -5 13 -7 -14 -13
right_child=1 2 -4 4 -6 10 -8 -9 9 -11 -12 15 14 -15 -16 -17
leaf_value=0.051500923946862447 0.037705102428007259 -0.1087157237748973 -0.016385330468783117 0.051635016052651798 -0.071504195515680477 -0.0078790756771167751 -0.093817774008345955 0.088738854917774113 -0.10739233704217732 -0.00014080066842939981 0.080893348041732732 0.015543170202693491 -0.0010956890300394464 0.068076306776104739 -0.067643034450873565 -0.045158197985370963
leaf_weight=7.4817001521587363 4.6419955044984809 5.828083895146845 3.1135641634464264 9.9577663391828555 4.4691356196999541 6.5971919000148835 5.840703733265399 5.5683470368385306 6.064664810895918 7.6249927580356598 6.7330117449164382 4.4432522207498533 4.7200536429882032 8.369544789195059 3.7135812267661095 5.566178061068058
leaf_count=24 17 35 14 34 25 30 34 18 37 37 23 17 21 28 21 28
internal_value=-0.000120115 -0.0375153 -0.0765654 0.00570848 0.00140809 0.0057413 -0.00830633 0.00442648 -0.00952255 -0.0476544 0.0267502 0.0166209 0.0111715 0.0345959 -0.0303985 -0.0182125
internal_weight=100.734 13.5836 8.94165 87.1501 79.6684 75.1993 45.0659 39.2252 33.6569 13.6897 30.1334 19.9672 23.4004 14.9667 8.43363 10.0094
internal_count=443 66 49 377 353 328 205 171 153 74 123 79 100 58 42 45
is_linear=0
shrinkage=0.1


Tree=14
num_leaves=16
num_cat=0
split_feature=10 11 11 10 2 12 12 5 10 10 2 1 2 12 11
split_gain=2.23853 3.05202 3.9713 2.2908 3.04398 4.41577 3.89688 2.21231 2.42548 3.11231 4.50835 2.86334 2.36484 2.09828 0.227548
threshold=80.500000000000014 8.5150000000000023 13.800000000000002 70.500000000000014 1.0000000180025095e-35 0.72500000000000009 1.2150000000000001 1.0000000180025095e-35 68.500000000000014 64.500000000000014 1.0000000180025095e-35 1.0000000180025095e-35 1.0000000180025095e-35 0.85500000000000009 13.545000000000002
decision_type=2 2 2 2 2 2 2 2 2 2 2 2 2 2 2
left_child=3 -2 -3 7 6 -6 14 8 9 10 11 13 -9 -1 -5
right_child=1 2 -4 4 5 -7 -8 12 -10 -11 -12 -13 -14 -15 -16
leaf_value=-0.03170168975357094 0.077856488956749903 -0.06333430162308612 0.047204111791361789 -0.14945689262597886 0.040384068207182967 -0.068978334284120243 -0.00033081080428606083 0.011502449521808922 0.071762827282117303 -0.056269266928977393 0.066941595874521018 -0.081067254474010031 -0.084626835063002837 0.044614290624828162 -0.10927437641307947
leaf_weight=6.6574001386761683 7.9217693507671383 5.7281000167131406 7.5132408365607262 2.9670358002185822 8.8444467112421972 6.337730050086976 3.8910850286483765 4.9533114507794362 6.1341104209423056 6.988843508064746 11.568175546824934 4.5837812572717658 5.294515460729599 7.8518753945827484 2.6842528134584427
leaf_count=31 24 30 27 23 35 38 21 21 21 35 39 24 29 27 18
internal_value=-0.000115063 0.0287591 -0.000613937 -0.007874 -0.0330862 -0.00526877 -0.0773446 0.0036629 0.0134523 0.00395206 0.0176788 -0.0121688 -0.0381625 0.00959765 -0.130371
internal_weight=99.9197 21.1631 13.2413 78.7566 24.7246 15.1822 9.54237 54.032 43.7842 37.6501 30.6612 19.0931 10.2478 14.5093 5.65129
internal_count=443 81 57 362 135 73 62 227 177 156 121 82 50 58 41
is_linear=0
shrinkage=0.1


Tree=15
num_leaves=17
num_cat=0
split_feature=4 11 12 11 11 2 10 10 9 12 9 12 11 10 12 11
split_gain=1.88299 3.9991 1.92797 2.00028 3.2717 2.13376 1.75706 3.76249 2.22789 3.8683 3.01193 1.92488 1.42296 0.952324 0.35421 0.247739
threshold=1.0000000180025095e-35 11.510000000000002 0.23500000000000001 6.4000000000000012 9.9850000000000012 1.0000000180025095e-35 62.500000000000007 86.500000000000014 2.5000000000000004 0.79500000000000015 1.5000000000000002 0.84500000000000008 8.8900000000000023 69.500000000000014 1.2950000000000002 5.6250000000000009
decision_type=2 2 2 2 2 2 2 2 2 2 2 2 2 2 2 2
left_child=2 -2 -1 15 5 12 11 8 10 -10 -8 -6 -5 -7 -13 -4
right_child=1 -3 3 4 6 13 7 -9 9 -11 -12 14 -14 -15 -16 -17
leaf_value=0.054866508729948915 0.0044277596945473804 -0.1134820115948299 0.025881903446693683 -0.042675977907971126 -0.010434921744251983 0.025027006717516412 -0.012317388254344541 0.079886082934194622 0.05304049703525128 -0.058464432096713648 -0.12093016508981332 0.073067658909497582 -0.12098794214069331 -0.033028790051034443 0.03847503097103392 0.055270654770238674
leaf_weight=7.1641788482666007 8.400777727365492 4.3742765933275214 6.3962578922510129 6.1336962878704071 6.5670725256204632 4.8042912185192108 6.2759948745369964 4.2333180755376807 7.3119171187281591 5.4155528545379639 4.3042326718568802 6.3758438378572446 3.7320021688938141 6.859933041036129 5.5250453501939774 5.2004601210355759
leaf_count=23 38 32 23 31 30 18 31 13 29 30 29 21 24 35 19 17
internal_value=-0.000113882 -0.0359455 0.00519031 0.000693099 -0.00589485 -0.0380692 0.00916116 -0.0068415 -0.0225936 0.00559502 -0.0565031 0.0330257 -0.0722999 -0.00911662 0.0570079 0.0390611
internal_weight=99.0749 12.7751 86.2998 79.1356 67.5389 21.5299 46.009 27.541 23.3077 12.7275 10.5802 18.468 9.8657 11.6642 11.9009 11.5967
internal_count=443 70 373 350 310 108 202 132 119 59 60 70 55 53 40 40
is_linear=0
shrinkage=0.1


Tree=16
num_leaves=18
num_cat=0
split_feature=6 3 11 11 9 10 10 11 11 10 12 12 10 9 11 11 11
split_gain=2.00001 3.80751 5.4862 1.2783 2.65377 2.59393 4.37931 2.42217 2.30523 2.15529 1.95885 2.58628 2.14382 1.48262 1.41971 1.23984 1.00117
threshold=1.0000000180025095e-35 1.0000000180025095e-35 11.105000000000002 26.045000000000005 2.5000000000000004 69.500000000000014 87.500000000000014 16.505000000000003 13.895000000000001 63.500000000000007 1.3950000000000002 0.84500000000000008 68.500000000000014 1.5000000000000002 10.105000000000002 11.56 9.4350000000000005
decision_type=2 2 2 2 2 2 2 2 2 2 2 2 2 2 2 2 2
left_child=3 2 -2 4 5 7 8 9 14 13 11 12 -6 -1 -7 -14 -13
right_child=1 -3 -4 -5 10 6 -8 -9 -10 -11 -12 16 15 -15 -16 -17 -18
leaf_value=0.019819147076612108 -0.0044811752313528201 0.045453423756311492 -0.15965625297432595 0.045151815105934176 -0.022491275164252412 -0.073106600441975561 0.058491391309824552 -0.060549758119661158 -0.13544783747612557 0.065216110906139518 0.070535065089239624 -0.0033086047208012886 0.019248664213041836 -0.048301712761517068 0.0057225843100310392 0.079565759273379777 -0.072017185854773097
leaf_weight=9.6577935963869148 5.2920513525605184 3.9946386963129035 4.0008977800607681 7.4301028177142134 5.3785985335707727 6.2632600888609904 3.2867477536201468 4.6264750957489005 3.8674966692924491 6.9046970680356017 6.7911868244409552 4.5681983232498151 6.2786660715937597 4.7745030894875518 3.5966305881738663 7.4533198848366737 3.9583180472254753
leaf_count=37 22 15 29 28 25 39 11 25 26 24 25 20 25 23 20 25 24
internal_value=-0.000118468 -0.0361926 -0.0712888 0.00553171 0.00172863 -0.0148436 -0.0451919 0.00504394 -0.0700168 0.0192665 0.0224161 0.010592 0.0310254 -0.00271665 -0.0443518 0.051987 -0.0352056
internal_weight=98.1236 13.2876 9.29295 84.836 77.4059 42.9776 17.0141 25.9635 13.7274 21.337 34.4283 27.6371 19.1106 14.4323 9.85989 13.732 8.52652
internal_count=443 66 51 377 349 205 96 109 85 84 144 119 75 60 59 50 44
is_linear=0
shrinkage=0.1


Tree=17
num_leaves=19
num_cat=0
split_feature=6 10 12 12 7 11 11 5 10 10 10 2 11 11 3 10 11 11
split_gain=1.65398 3.2022 1.44997 1.18436 2.05384 2.19647 1.59362 2.34853 3.79902 3.21587 4.06133 3.11357 2.76817 3.88155 1.98382 1.34698 2.16751 1.02201
threshold=1.0000000180025095e-35 41.500000000000007 1.1850000000000003 0.23500000000000001 1.0000000180025095e-35 5.3000000000000007 26.045000000000005 1.0000000180025095e-35 75.500000000000014 76.500000000000014 80.500000000000014 1.0000000180025095e-35 14.580000000000002 10.105000000000002 1.0000000180025095e-35 64.500000000000014 9.8350000000000026 13.685000000000002
decision_type=2 2 2 2 2 2 2 2 2 2 2 2 2 2 2 2 2 2
left_child=3 -2 -3 -1 5 -5 7 9 -9 11 -11 12 13 14 -7 -13 -17 -12
right_child=1 2 -4 4 -6 6 -8 8 -10 10 17 15 -14 -15 -16 16 -18 -19
leaf_value=0.043828016661948688 0.034331066299459936 -0.099654859193430201 -0.013048895623234816 0.073895206515434519 -0.06573992025145399 -0.091396290385416704 0.047363464881590669 -0.01496700288400022 0.089261305613874298 -0.1494758491740463 -0.052529423463468318 0.064793218952355805 -0.095183005058680964 0.060530403209376638 0.0052561427656047065 0.054736400848527225 -0.043781132735306788 0.014577108752960005
leaf_weight=7.1894040405750266 4.5680852681398383 5.5440747216343862 2.9680616706609726 4.39378698170185 4.3031713217496863 4.6454649344086665 6.6759056895971289 7.8103676140308362 6.3322534039616585 3.4998412877321234 5.1435423716902715 7.3107866197824505 4.5071992054581633 5.4880855306982985 3.9118838831782341 4.6014047786593419 4.3392049670219421 4.0615658238530159
leaf_count=24 17 35 14 14 25 28 25 36 20 28 26 25 28 22 17 18 24 17
internal_value=-0.000127064 -0.0332102 -0.0694566 0.00501146 0.00138835 0.00536056 0.000953454 -0.00407203 0.0317004 -0.0147209 -0.0577825 0.000998415 -0.0269951 -0.00511346 -0.0472129 0.0329558 0.00692224 -0.02292
internal_weight=97.2941 13.0802 8.51214 84.2139 77.0245 72.7213 68.3275 61.6516 14.1426 47.509 12.7049 34.804 18.5526 14.0454 8.55735 16.2514 8.94061 9.20511
internal_count=443 66 49 377 353 328 314 289 56 233 71 162 95 67 45 67 42 43
is_linear=0
shrinkage=0.1


Tree=18
num_leaves=17
num_cat=0
split_feature=10 11 12 6 10 12 12 10 11 3 11 12 11 10 10 2
split_gain=1.41379 2.62048 3.0688 1.62076 4.56421 1.57451 2.3611 4.71506 3.13457 2.95042 3.40966 2.0239 1.8713 3.3438 0.319637 0.0277597
threshold=80.500000000000014 8.5150000000000023 0.82500000000000007 1.0000000180025095e-35 57.500000000000007 1.2050000000000003 0.58500000000000008 72.500000000000014 15.520000000000001 1.0000000180025095e-35 10.400000000000002 1.5750000000000004 20.400000000000002 67.500000000000014 66.500000000000014 1.0000000180025095e-35
decision_type=2 2 2 2 2 2 2 2 2 2 2 2 2 2 2 2
left_child=3 -2 -3 5 -5 6 12 8 9 10 -8 14 13 15 -7 -1
right_child=1 2 -4 4 -6 11 7 -9 -10 -11 -12 -13 -14 -15 -16 -17
leaf_value=0.037179077186957184 0.069427802827261312 0.031075554012389064 -0.072488277843172619 0.012479852763643723 -0.1155995466301481 0.068010069093052544 -0.090450371781941041 -0.13195542221316511 -0.10073815515104678 0.055926285739636906 0.04182687252719737 -0.013861756276904925 0.062348974274901964 -0.055032058511740173 0.033435909775959206 0.026948886563652876
leaf_weight=5.4255100637674385 7.667435064911845 8.2949967458844167 4.3678460270166388 6.6508511751890165 4.7834133356809616 5.9122063815593737 4.5473074018955284 4.0074447542428961 3.2624019160866728 6.8034094497561455 3.4099785536527634 8.0568142458796483 5.5662396326661101 7.5049061849713317 4.8819434940814972 5.1895494312047958
leaf_count=21 24 32 25 26 34 19 27 37 22 24 14 38 20 38 23 19
internal_value=-0.000133542 0.0232898 -0.00464714 -0.0063992 -0.0411009 -0.000253885 -0.0102814 -0.0338457 -0.012031 0.00757502 -0.0337649 0.0240646 0.0116358 -0.00394274 0.052373 0.0321777
internal_weight=96.3323 20.3303 12.6628 76.002 11.4343 64.5677 45.7167 22.0305 18.0231 14.7607 7.95729 18.851 23.6862 18.12 10.7941 10.6151
internal_count=443 81 57 362 60 302 222 124 87 65 41 80 98 78 42 40
is_linear=0
shrinkage=0.1


Tree=19
num_leaves=17
num_cat=0
split_feature=4 12 12 10 10 12 12 12 10 12 12 10 3 11 12 10
split_gain=1.34858 3.34121 1.40237 1.99196 3.12494 3.29407 2.33419 2.24015 1.9957 1.69153 1.78455 1.77214 1.02203 0.902372 0.804266 0.516369
threshold=1.0000000180025095e-35 0.57500000000000007 0.36500000000000005 36.500000000000007 47.500000000000007 0.71500000000000008 0.78500000000000014 0.56500000000000006 73.500000000000014 1.2150000000000001 1.5750000000000004 80.500000000000014 1.0000000180025095e-35 11.805000000000001 1.3950000000000002 75.500000000000014
decision_type=2 2 2 2 2 2 2 2 2 2 2 2 2 2 2 2
left_child=2 -2 13 -4 -5 7 -7 8 -6 11 14 12 -8 -1 -11 -3
right_child=1 15 3 4 5 6 9 -9 -10 10 -12 -13 -14 -15 -16 -17
leaf_value=0.0059318861486044143 0.010237892717176757 -0.13072148383454615 -0.067632319752236492 0.063122833543824058 -0.056780259847736138 0.082071256287616537 -0.071349883758111785 -0.095598500536448 0.027360931476262687 0.024475475943758596 -0.013516709585751753 0.027131589673845519 -0.012670632331253293 0.057116974608624652 0.078128590164131276 -0.064255213435234548
leaf_weight=6.4093025997281057 7.4633792266249639 2.3436428084969521 4.2632209658622733 7.6141685098409644 5.9938228130340594 4.0762941017746916 5.94322692230344 5.3782087340950957 5.321662612259388 6.3351018354296702 8.0146052017807943 5.3821409791707984 5.9296432137489319 7.4452946558594704 4.998184934258461 2.331770408898592
leaf_count=25 30 22 21 25 31 14 38 38 22 27 39 21 30 25 17 18
internal_value=-0.000151955 -0.0312868 0.00439578 -0.00141459 0.00292936 -0.00505914 0.0102907 -0.0424636 -0.0172087 0.00229681 0.0225981 -0.0204668 -0.0420438 0.0334381 0.0481375 -0.0975727
internal_weight=95.2437 12.1388 83.1049 69.2503 64.9871 57.3729 40.6792 16.6937 11.3155 36.6029 19.3479 17.255 11.8729 13.8546 11.3333 4.67541
internal_count=443 70 373 323 302 277 186 91 53 172 83 89 68 50 44 40
is_linear=0
shrinkage=0.1


Tree=20
num_leaves=16
num_cat=0
split_feature=4 11 12 11 11 10 10 12 12 1 10 11 11 11 11
split_gain=1.11944 3.03568 1.21082 1.32024 3.98995 1.78666 2.04731 2.71545 2.03075 1.5934 1.26045 1.61416 4.25277 3.30756 3.05642
threshold=1.0000000180025095e-35 11.510000000000002 0.23500000000000001 7.455000000000001 8.8400000000000016 62.500000000000007 40.500000000000007 0.85500000000000009 1.5450000000000002 1.0000000180025095e-35 86.500000000000014 14.915000000000001 13.685000000000002 10.330000000000002 19.650000000000002
decision_type=2 2 2 2 2 2 2 2 2 2 2 2 2 2 2
left_child=2 -2 -1 9 -5 6 -6 -8 10 -4 11 12 13 -7 -13
right_child=1 -3 3 4 5 8 7 -9 -10 -11 -12 14 -14 -15 -16
leaf_value=0.044530757411126318 0.0058151986712468564 -0.1024475390747808 0.060726826826225745 -0.079162150011156701 -0.022423326146821576 0.0167297897328577 -0.0040684271310111346 0.083311961463901366 -0.070513359117587215 -0.0055797771187386771 0.048759343576603026 -0.10412525859569742 0.0887114735176322 -0.10228875401202978 0.0088617814721856873
leaf_weight=6.7610800564289084 8.0957068651914579 3.8083627559244624 7.2323612049221975 6.6549863740801802 6.1465090066194561 6.5337111651897484 6.1586252599954596 8.4170309826731664 4.945976346731185 7.2644641771912575 4.3032202422618857 4.3333654999732953 4.7618495598435393 3.6334437839686871 5.3500645384192467
leaf_count=23 38 32 24 38 27 34 29 26 30 30 15 30 16 26 25
internal_value=-0.000153206 -0.0288203 0.00398339 0.000363639 -0.00606027 0.00285248 0.0259798 0.0463913 -0.0113007 0.0275001 -0.00117243 -0.00990247 0.0107226 -0.025804 -0.0417003
internal_weight=94.4008 11.9041 82.4967 75.7356 61.2388 54.5838 20.7222 14.5757 33.8616 14.4968 28.9157 24.6124 14.929 10.1672 9.68343
internal_count=443 70 373 350 296 258 82 55 176 54 146 131 76 60 55
is_linear=0
shrinkage=0.1


Tree=21
num_leaves=18
num_cat=0
split_feature=6 3 11 9 11 10 10 11 2 12 11 11 11 10 5 10 12
split_gain=1.10026 3.02657 4.55192 0.921149 2.77732 3.01899 1.52289 1.3612 1.12883 2.08438 1.10481 1.66269 3.09683 1.77975 1.25094 0.869916 0.0762427
threshold=1.0000000180025095e-35 1.0000000180025095e-35 11.105000000000002 2.5000000000000004 20.075000000000006 69.500000000000014 63.500000000000007 7.705000000000001 1.0000000180025095e-35 0.89500000000000013 17.320000000000004 9.865000000000002 8.3950000000000014 82.500000000000014 1.0000000180025095e-35 47.500000000000007 0.81500000000000006
decision_type=2 2 2 2 2 2 2 2 2 2 2 2 2 2 2 2 2
left_child=3 2 -2 4 5 6 7 -1 9 -7 11 12 13 -5 -13 -9 -6
right_child=1 -3 -4 10 16 8 -8 15 -10 -11 -12 14 -14 -15 -16 -17 -18
leaf_value=0.027361165308111612 -0.0010681443485267741 0.045563246039924704 -0.1490546942329426 -0.0044484018403975782 0.034221924858297587 -0.12837300317731523 0.04265997580145537 -0.0073271255950315018 -0.01861025302936643 -0.030160496904483164 -0.020676360185108891 0.021445354302604847 -0.066833521506152793 0.076686642805821312 0.085448868480256651 -0.06673638554929924 0.05186522501762815
leaf_weight=5.4401184171438244 5.1584768593311292 3.8862260878086081 3.481155551970005 5.9984717816114443 5.7914565429091436 4.0726703070104104 7.2965091392397872 5.3117917925119382 5.5809947028756133 4.6036033928394318 6.4313187897205344 6.2169984281063062 4.4519689902663222 4.9220384657382965 6.0016609281301498 4.5984704494476318 4.2442099303007126
leaf_count=20 22 15 29 27 25 31 29 22 28 30 33 31 25 15 20 26 15
internal_value=-0.000147689 -0.0277285 -0.0606962 0.0041194 -0.00496164 -0.0176463 0.00504755 -0.0128308 -0.0536941 -0.0762618 0.0166483 0.0253484 0.0034627 0.0321204 0.0528831 -0.0348937 0.0416835
internal_weight=93.4881 12.5259 8.63963 80.9623 46.9398 36.9042 22.6469 15.3504 14.2573 8.67627 34.0225 27.5911 15.3725 10.9205 12.2187 9.91026 10.0357
internal_count=443 66 51 377 226 186 97 68 89 61 151 118 67 42 51 48 40
is_linear=0
shrinkage=0.1


Tree=22
num_leaves=16
num_cat=0
split_feature=10 11 12 10 6 12 12 10 12 12 12 11 10 10 12
split_gain=0.917488 2.11261 2.87751 1.12231 2.98542 2.61768 2.56351 2.37597 2.11175 1.28462 3.00891 4.44526 1.82641 4.80767 1.03105
threshold=80.500000000000014 8.5150000000000023 0.51500000000000012 47.500000000000007 1.0000000180025095e-35 0.30500000000000005 1.2050000000000003 61.500000000000007 0.7350000000000001 0.40500000000000008 0.56500000000000006 14.580000000000002 70.500000000000014 65.500000000000014 1.5750000000000004
decision_type=2 2 2 2 2 2 2 2 2 2 2 2 2 2 2
left_child=3 -2 -3 8 5 -5 9 -6 -1 -7 -11 12 13 -12 -8
right_child=1 2 -4 4 7 6 14 -9 -10 10 11 -13 -14 -15 -16
leaf_value=0.061805188316233821 0.061305532812980901 0.048240789945081082 -0.049656542173964542 0.047529691433438832 -0.016249687477242362 -0.084981662541538661 0.040450217248624742 -0.14122238117525096 -0.014174120559988956 0.032581557762684087 -0.069778588887812604 -0.13899911809365861 -0.067477574711237984 0.076643183300126067 -0.01293291892859981
leaf_weight=6.5310568735003462 7.3800846785306957 5.3699007332324964 6.8101939558982849 8.3410574123263341 3.0874745696783057 3.8441365286707905 9.2674800604581815 2.9989480264484882 8.3157942444086057 7.0206944495439556 4.197025805711748 3.9044639356434336 4.8847412392497054 4.8151907995343208 5.9350388199090949
leaf_count=22 24 19 38 28 14 22 38 27 36 29 24 36 39 17 30
internal_value=-0.000152095 0.0190856 -0.00649604 -0.0052967 -0.0115479 -0.00382136 -0.0135851 -0.0778272 0.0192488 -0.0311891 -0.0228584 -0.0447233 -0.0182358 0.00845397 0.0196095
internal_weight=92.7033 19.5602 12.1801 73.1431 58.2963 52.2098 43.8688 6.08642 14.8469 28.6663 24.8221 17.8014 13.897 9.01222 15.2025
internal_count=443 81 57 362 304 263 235 41 58 167 145 116 80 41 68
is_linear=0
shrinkage=0.1


Tree=23
num_leaves=18
num_cat=0
split_feature=4 12 12 3 11 2 12 10 11 11 10 11 10 12 12 11 10
split_gain=0.914409 2.45291 0.838716 1.02973 2.11485 5.15432 2.74216 2.6476 2.05771 3.29968 1.66525 1.35257 3.62097 2.50281 0.519968 0.35055 0.244004
threshold=1.0000000180025095e-35 0.57500000000000007 0.23500000000000001 1.0000000180025095e-35 10.560000000000002 1.0000000180025095e-35 0.79500000000000015 75.500000000000014 14.410000000000002 19.650000000000002 58.500000000000007 15.390000000000002 76.500000000000014 1.1200000000000003 0.96500000000000008 13.105000000000002 61.500000000000007
decision_type=2 2 2 2 2 2 2 2 2 2 2 2 2 2 2 2 2
left_child=2 -2 -1 4 5 6 -4 -7 15 -10 -5 12 13 -12 -3 -6 -11
right_child=1 14 3 10 8 7 -8 -9 9 16 11 -13 -14 -15 -16 -17 -18
leaf_value=0.03801953212733733 0.0081040567388942965 -0.1246210027113147 -0.042215711438483773 0.058540012848981429 0.027728164277696206 -0.03600223734674745 -0.17515402370490424 0.055139192317627185 -0.078768011486737385 0.0043921145096916334 0.0046602092414969884 -0.040130689013845977 -0.045669579937029053 0.10101805725826339 -0.053072387206771814 0.065497560031335361 0.035384789347723981
leaf_weight=6.499136619269847 7.2381996810436231 2.0392792895436287 3.0889575108885774 6.781597942113879 5.1553236655890959 7.7332300394773483 3.1177676804363728 5.421962559223175 5.0746106654405585 5.053232513368128 5.6101850941777283 5.6904975548386565 6.051228091120719 5.1886430606245995 2.0236648321151733 4.6955963522195816 5.1081233471632004
leaf_count=23 30 24 18 23 24 38 24 20 33 22 26 32 33 17 16 19 21
internal_value=-0.000168583 -0.0268007 0.00358093 0.000546929 -0.00904902 -0.033878 -0.108993 0.00156205 0.0101139 -0.012915 0.0150932 0.00202172 0.0162572 0.0509584 -0.0889842 0.0457315 0.0199722
internal_weight=91.5712 11.3011 80.2701 73.771 44.4488 19.3619 6.20673 13.1552 25.0869 15.236 29.3222 22.5406 16.8501 10.7988 4.06294 9.85092 10.1614
internal_count=443 70 373 350 219 100 42 58 119 76 131 108 76 43 40 43 43
is_linear=0
shrinkage=0.1


Tree=24
num_leaves=17
num_cat=0
split_feature=10 11 11 10 6 10 12 12 12 12 12 10 10 11 12 12
split_gain=0.783827 1.68023 2.48602 0.943912 2.53972 2.1891 2.00846 1.83945 1.72964 1.15426 1.56224 1.93351 2.84708 2.14515 1.6798 0.847039
threshold=80.500000000000014 8.5150000000000023 13.800000000000002 47.500000000000007 1.0000000180025095e-35 61.500000000000007 0.30500000000000005 1.2050000000000003 0.7350000000000001 0.95500000000000007 0.40500000000000008 68.500000000000014 70.500000000000014 11.730000000000002 0.68500000000000016 1.5750000000000004
decision_type=2 2 2 2 2 2 2 2 2 2 2 2 2 2 2 2
left_child=3 -2 -3 8 6 -6 -5 9 -1 10 -8 13 -13 -12 -14 -9
right_child=1 2 -4 4 5 -7 7 15 -10 -11 11 12 14 -15 -16 -17
leaf_value=0.056369370478717533 0.056085413478614843 -0.057330101859985619 0.034558550828285038 0.041785732428776173 -0.014928215873817624 -0.13757736378166172 -0.077488330639298553 0.034869490881269359 -0.012741221891962532 -0.074040205433765202 -0.0047141790889096433 0.10196910497661493 0.031052292122161491 -0.10336180828220348 -0.070084745860535799 -0.013806858345282514
leaf_weight=6.4560629948973647 7.1706826761364963 5.1794862225651723 6.8226193264126778 8.1637202277779561 3.056566670536994 2.7777468785643578 3.7801668941974702 9.1591988429427129 8.2474159970879537 4.4804206155240527 6.366953484714033 3.1723421961069089 3.7625398971140385 3.3717419914901257 2.9142085872590542 5.8635207414627066
leaf_count=22 24 30 27 28 14 27 22 38 36 32 30 11 21 24 27 30
internal_value=-0.00017064 0.0177861 -0.00509583 -0.00498088 -0.0108202 -0.0733221 -0.003675 -0.0123318 0.0176041 -0.0275456 -0.018631 -0.00727236 0.0239692 -0.0388681 -0.0130911 0.0158706
internal_weight=90.7454 19.1728 12.0021 71.5726 56.8691 5.83431 51.0348 42.8711 14.7035 27.8484 23.368 19.5878 9.84909 9.7387 6.67675 15.0227
internal_count=443 81 57 362 304 41 263 235 58 167 135 113 59 54 48 68
is_linear=0
shrinkage=0.1


Tree=25
num_leaves=18
num_cat=0
split_feature=4 11 2 11 3 12 11 5 10 10 11 11 5 11 12 3 12
split_gain=0.778337 2.20216 0.648244 2.45115 4.37339 2.23511 1.83486 1.91645 4.33554 3.20852 2.59333 1.66888 2.83425 2.5812 2.28168 1.31339 1.54004
threshold=1.0000000180025095e-35 11.510000000000002 1.0000000180025095e-35 10.105000000000002 1.0000000180025095e-35 0.79500000000000015 6.1300000000000008 1.0000000180025095e-35 71.500000000000014 64.500000000000014 20.400000000000002 11.905000000000003 1.0000000180025095e-35 23.040000000000003 1.135 1.0000000180025095e-35 0.60500000000000009
decision_type=2 2 2 2 2 2 2 2 2 2 2 2 2 2 2 2 2
left_child=2 -2 3 4 5 -1 -4 9 -9 -8 15 -5 13 14 -13 16 -11
right_child=1 -3 6 11 -6 -7 7 8 -10 10 -12 12 -14 -15 -16 -17 -18
leaf_value=-0.044059566853258542 0.0041758332995395463 -0.093896622023681028 0.056669989008962543 0.0724610424401783 0.01053474046734019 -0.16563939338820399 0.065130688154372354 -0.11901001173415744 0.022813858669533685 -0.014985368419180174 0.058739396860294335 -0.017038763924210942 0.069071067952032411 0.040134879739866243 -0.12207447802664312 0.0045256481345602988 -0.10584108434840511
leaf_weight=3.0963211804628354 7.6417398676276189 3.2690169308334589 7.4653465002775183 3.9769481942057636 7.5902710258960724 2.9553043730556965 8.7360243275761622 3.7907193414866907 4.9967155754566193 3.8990562334656733 4.2914977297186843 6.3411812856793421 4.614209070801734 4.5956847369670859 3.0691143125295639 5.9422367811203003 3.5773266926407814
leaf_count=18 38 32 25 15 33 24 31 26 21 18 16 36 17 17 21 27 28
internal_value=-0.000173304 -0.0252081 0.00328698 -0.00654965 -0.040022 -0.103433 0.0116354 0.00209345 -0.0383661 0.0155372 -0.00892622 0.0136576 0.00109823 -0.0212951 -0.0512956 -0.0305668 -0.0584583
internal_weight=89.8487 10.9108 78.938 36.239 13.6419 6.05163 42.6989 35.2336 8.78743 26.4461 17.7101 22.5971 18.6202 14.006 9.4103 13.4186 7.47638
internal_count=443 70 373 181 75 42 192 167 47 120 89 106 91 74 57 73 46
is_linear=0
shrinkage=0.1


Tree=26
num_leaves=17
num_cat=0
split_feature=6 3 10 11 11 12 9 10 10 10 11 3 11 9 12 11
split_gain=0.640749 2.2785 1.93215 0.650365 2.31401 2.23506 1.42414 3.56821 3.52554 1.3156 3.12743 1.80767 2.47214 2.04663 4.1484 2.61229
threshold=1.0000000180025095e-35 1.0000000180025095e-35 36.500000000000007 9.9850000000000012 9.4000000000000021 1.3350000000000002 1.5000000000000002 75.500000000000014 68.500000000000014 85.500000000000014 10.650000000000002 1.0000000180025095e-35 15.520000000000001 2.5000000000000004 1.0900000000000003 18.145000000000003
decision_type=2 2 2 2 2 2 2 2 2 2 2 2 2 2 2 2
left_child=3 2 -2 4 5 6 -1 8 -8 10 -5 13 -13 14 15 -12
right_child=1 -3 -4 9 -6 -7 7 -9 -10 -11 11 12 -14 -15 -16 -17
leaf_value=0.025458760573031508 0.0091837450594006997 0.041862161371332675 -0.092917078859333674 0.099153576241009012 -0.06355225826227956 0.066560529678253474 -0.14442119631428904 0.023434116861030141 -0.0090021879266962892 0.059915580840260135 -0.10325039845413338 0.0059234446650170457 -0.086141048528214359 0.056308370141053568 0.051624452198575782 0.0039621437005318491
leaf_weight=8.2116813100874477 3.0424333140254003 3.7505123466253281 4.7427161745727062 3.2289438098669043 6.0074563324451438 4.8518012240529051 3.6913127154111844 7.3716071061789989 4.0120337009429932 4.9232023805379859 4.7298401594162005 6.4659661799669248 5.3134967647492886 7.3046897798776618 6.7708046212792388 4.3745788298547268
leaf_count=36 13 15 38 11 37 17 23 34 20 18 32 33 35 32 27 22
internal_value=-0.000185147 -0.022169 -0.0530161 0.00309736 -0.0072121 0.00481633 -0.00804816 -0.0263002 -0.0738927 0.0112628 0.00499056 -0.0037066 -0.0356051 0.0125035 -0.00765256 -0.0517359
internal_weight=88.7931 11.5357 7.78515 77.2574 34.1459 28.1384 23.2866 15.075 7.70335 43.1115 38.1883 34.9594 11.7795 23.1799 15.8752 9.10442
internal_count=443 66 51 377 167 130 113 77 43 210 192 181 68 113 81 54
is_linear=0
shrinkage=0.1


Tree=27
num_leaves=18
num_cat=0
split_feature=4 12 2 11 1 3 11 5 11 5 10 10 11 11 12 11 12
split_gain=0.669942 1.99129 0.579939 2.17588 3.47195 4.80217 3.52067 1.69683 1.61466 1.63618 3.43953 2.71066 1.97892 1.20914 1.08091 0.552356 0.497796
threshold=1.0000000180025095e-35 0.57500000000000007 1.0000000180025095e-35 13.800000000000002 1.0000000180025095e-35 1.0000000180025095e-35 8.4850000000000012 1.0000000180025095e-35 6.1300000000000008 1.0000000180025095e-35 71.500000000000014 64.500000000000014 20.400000000000002 12.575000000000001 1.135 9.5550000000000015 0.96500000000000008
decision_type=2 2 2 2 2 2 2 2 2 2 2 2 2 2 2 2 2
left_child=2 -2 3 4 5 -1 -6 14 -4 11 -11 -10 13 15 -5 -13 -3
right_child=1 16 8 7 6 -7 -8 -9 9 10 -12 12 -14 -15 -16 -17 -18
leaf_value=-0.058744751344313111 0.0073102023479870992 -0.12182798408215714 0.053585585689131868 0.022186828803687157 -0.17569408095559377 0.067068431903796369 -0.030403866792307995 0.074320509558867681 0.060454384636506021 -0.10943639448066511 0.018881405856570652 -0.028949998866328513 0.05176744632817061 -0.070503171288132049 -0.041797636923702294 0.021149647838269784 -0.047838602796208711
leaf_weight=6.1315121576190013 7.0775954425334913 1.7646348811686041 7.356173910200595 8.0532597117126006 2.6531550697982302 6.0049606114625931 4.4909533262252808 4.318823240697383 8.5809368789196032 3.6503126956522447 4.8836786672472954 4.8163494691252726 4.1754142418503752 4.3344149179756633 3.9279819577932349 4.0520885549485683 1.8760216683149336
leaf_count=34 30 24 25 39 20 22 31 15 31 26 21 25 16 28 20 20 16
internal_value=-0.000171892 -0.0236036 0.00307164 -0.00631421 -0.0290519 0.00350589 -0.0843613 0.0205811 0.0110516 0.00198058 -0.036005 0.0144682 -0.0082386 -0.0272156 0.00120989 -0.00605891 -0.0837014
internal_weight=88.1483 10.7183 77.43 35.5806 19.2806 12.1365 7.14411 16.3001 41.8494 34.4932 8.53399 25.9592 17.3783 13.2029 11.9812 8.86844 3.64066
internal_count=443 70 373 181 107 56 51 74 192 167 47 120 89 73 59 45 40
is_linear=0
shrinkage=0.1


Tree=28
num_leaves=16
num_cat=0
split_feature=12 12 12 12 12 11 10 6 10 0 12 11 12 10 12
split_gain=0.563308 2.20487 1.34304 1.63085 2.06723 1.56644 1.33668 2.1269 1.10936 1.42316 1.08318 0.547983 2.05787 1.67848 3.69768
threshold=1.5750000000000004 2.2850000000000006 1.2150000000000001 0.95500000000000007 1.0900000000000003 11.510000000000002 41.500000000000007 1.0000000180025095e-35 58.500000000000007 1.0000000180025095e-35 0.58500000000000008 11.805000000000001 0.50500000000000012 66.500000000000014 0.52500000000000013
decision_type=2 2 2 2 2 2 2 2 2 2 2 2 2 2 2
left_child=2 -2 3 6 -5 -4 -1 8 -8 11 -11 13 -13 -10 -15
right_child=1 -3 5 4 -6 -7 7 -9 9 10 -12 12 -14 14 -16
leaf_value=0.042510651873744233 -0.05749413619557249 0.039162050724491484 0.0655574984010769 -0.09962910349994214 -0.0022306171303135675 -0.0040467838774977342 -0.039832209585680005 -0.071488163581787986 0.037154225102262232 0.060943383733235372 0.0003662054743753962 0.050331456612587033 -0.039125123563410705 -0.10451579775573278 0.012885541863048312
leaf_weight=7.492617391049861 6.4760811105370504 3.7132857106626034 6.7300407513976079 3.7299919016659242 5.2410662621259689 6.2228764481842518 5.1831987984478465 4.1322164498269549 4.2757287248969105 7.5663833394646627 4.8399230726063251 6.2564679235219938 4.3660928439348936 4.6431601494550687 6.3540844805538654
leaf_count=28 38 18 24 28 28 30 28 32 17 28 26 23 33 26 36
internal_value=-0.000173439 -0.02227 0.0027493 -0.00318711 -0.042727 0.032118 0.00324939 -0.0029284 0.00358657 0.00946222 0.0373111 -0.00387994 0.0135629 -0.0160117 -0.0366826
internal_weight=87.2232 10.1894 77.0338 64.0809 8.97106 12.9529 55.1099 47.6173 43.485 38.3018 12.4063 25.8955 10.6226 15.273 10.9972
internal_count=443 56 387 333 56 54 277 249 217 189 54 135 56 79 62
is_linear=0
shrinkage=0.1


Tree=29
num_leaves=17
num_cat=0
split_feature=11 11 10 11 12 9 2 11 3 12 0 11 5 1 12 11
split_gain=0.57305 3.32669 2.40017 1.73856 2.06297 1.54295 1.02956 3.04311 1.74908 3.15433 1.37443 1.86106 1.57853 0.953908 0.669064 0.0267712
threshold=17.320000000000004 20.075000000000006 73.500000000000014 13.800000000000002 0.71500000000000008 1.5000000000000002 1.0000000180025095e-35 10.650000000000002 1.0000000180025095e-35 0.77500000000000013 1.0000000180025095e-35 9.3250000000000011 1.0000000180025095e-35 1.0000000180025095e-35 1.0900000000000003 7.455000000000001
decision_type=2 2 2 2 2 2 2 2 2 2 2 2 2 2 2 2
left_child=3 -2 5 6 -5 -3 7 8 9 -1 12 -12 13 -8 -6 -10
right_child=1 2 -4 4 14 -7 10 -9 15 -11 11 -13 -14 -15 -16 -17
leaf_value=0.0074101456237096273 -0.09682756593772894 0.024021444942935042 0.060136165317712986 -0.027054938025309991 0.087607305449393963 -0.054216573741573154 -0.018313554111556 -0.096980689156213343 0.034855816559661197 -0.10610523143700573 -0.00058231119227956853 0.079972352477747782 -0.061472452057131005 0.035208476758102958 0.034834240461382476 0.024042696930747252
leaf_weight=7.5160710960626638 3.9791128858923939 4.2517013736069185 5.3245790749788275 3.6769329626113167 4.7685501482337695 6.1911964006721973 6.6964734047651309 4.1448779199272385 4.5559494867920876 3.630269929766655 6.3736643046140689 5.214308112859726 4.2855726778507224 6.6238347962498665 4.8415510766208172 4.602803997695446
leaf_count=36 29 18 21 22 18 39 34 31 18 29 29 19 25 30 23 22
internal_value=-0.000153088 -0.0151227 0.00549652 0.00426339 0.0366472 -0.0223629 -0.00375775 -0.0188959 -0.00295642 -0.0295609 0.00892048 0.0356653 -0.00868265 0.00830153 0.0610203 0.0294216
internal_weight=86.6774 19.7466 15.7675 66.9309 13.287 10.4429 53.6438 24.45 20.3051 11.1463 29.1939 11.588 17.6059 13.3203 9.6101 9.15875
internal_count=443 107 78 336 63 57 273 136 105 65 137 48 89 64 41 40
is_linear=0
shrinkage=0.1


Tree=30
num_leaves=18
num_cat=0
split_feature=11 11 10 10 5 10 6 12 10 5 9 10 2 11 1 1 12
split_gain=0.510126 0.990475 2.17419 2.31151 2.04355 1.31021 0.931184 1.19625 3.60017 2.20257 2.92499 1.93928 1.33015 1.20321 0.725347 0.701107 0.341985
threshold=4.3800000000000017 7.455000000000001 36.500000000000007 47.500000000000007 1.0000000180025095e-35 57.500000000000007 1.0000000180025095e-35 0.56500000000000006 69.500000000000014 1.0000000180025095e-35 1.5000000000000002 72.500000000000014 1.0000000180025095e-35 9.4000000000000021 1.0000000180025095e-35 1.0000000180025095e-35 0.96500000000000008
decision_type=2 2 2 2 2 2 2 2 2 2 2 2 2 2 2 2 2
left_child=-1 4 -3 -4 15 -5 7 11 12 10 -10 -7 -9 -12 -13 -2 -15
right_child=1 2 3 5 -6 6 -8 8 9 -11 13 14 -14 16 -16 -17 -18
leaf_value=-0.040167476702436852 0.021112367830096006 -0.070172908317508026 0.057339034439430892 -0.052004463839065651 0.072189204756635442 -0.015639539038467626 -0.049668831302068756 0.067294481874672921 0.0072753406986742937 0.025786138847300508 -0.039194940093891489 0.023228677184277863 -0.0023946905559255739 -0.088097319981423353 0.074645934747317802 -0.030467066569435465 -0.13859753334000824
leaf_weight=3.0708189457654944 5.7987608760595339 4.6283197626471511 6.4922130852937689 5.5093354992568484 5.6290739253163329 7.7397303655743626 3.5944625660777083 5.8227683566510695 4.3639011178165701 3.9946930631995192 2.7544288635253888 5.3263991177082044 5.1712488234043121 2.1466793455183506 5.6582044214010239 4.830646775662899 3.5728190019726753
leaf_count=14 23 25 23 32 20 37 32 25 28 19 18 21 27 22 20 24 33
internal_value=-0.000142997 0.00133722 -0.00405201 0.000872268 0.0234713 -0.00571468 -0.000628941 0.00315771 -0.00999215 -0.0390615 -0.0592399 0.0226999 0.0345148 -0.0934939 0.0497139 -0.00232845 -0.119643
internal_weight=86.1045 83.0337 66.7752 62.1469 16.2585 55.6547 50.1453 46.5509 27.8265 16.8325 12.8378 18.7243 10.994 8.47393 10.9846 10.6294 5.7195
internal_count=443 429 362 337 67 314 282 250 172 120 101 78 52 73 41 47 55
is_linear=0
shrinkage=0.1


Tree=31
num_leaves=17
num_cat=0
split_feature=4 12 9 11 10 11 11 10 10 1 11 9 11 10 10 12
split_gain=0.510525 1.66017 0.566769 1.74942 2.2443 1.50547 2.47171 1.40006 1.29387 1.1022 1.01504 1.0104 0.982392 1.49378 3.19165 0.527733
threshold=1.0000000180025095e-35 0.57500000000000007 2.5000000000000004 25.020000000000003 69.500000000000014 17.320000000000004 13.685000000000002 75.500000000000014 38.000000000000007 1.0000000180025095e-35 8.4850000000000012 1.5000000000000002 6.1300000000000008 79.500000000000014 69.500000000000014 1.0600000000000003
decision_type=2 2 2 2 2 2 2 2 2 2 2 2 2 2 2 2
left_child=2 -2 3 4 8 6 12 -6 -1 -9 -10 -12 -4 14 -14 -3
right_child=1 15 5 -5 7 -7 -8 9 10 -11 11 -13 13 -15 -16 -17
leaf_value=-0.041564118720742553 0.0066381299282197055 -0.11951898166337337 0.037570976481248831 0.044250552513996649 -0.097902426331418269 -0.032052592959790703 0.076029558382235018 -0.057011858343597226 -0.018195716907892269 0.012719240633645766 0.0084550242781771742 0.065723876337798567 0.018164098680321483 0.035672308662544915 -0.1010566665557418 -0.039363247817509418
leaf_weight=4.6624174043536213 6.9330293461680395 1.6517990585416558 6.5231253579258981 6.1447325944900504 3.7866527438163748 6.1846510320901862 6.5657827258110038 5.0335950143635255 5.5248024314641979 4.1238877549767494 7.1172166019678098 5.4320501536130905 5.2190354280173761 4.8137767165899268 3.941183976829052 1.6338272169232366
leaf_count=23 30 25 24 23 32 37 25 29 26 24 33 22 23 21 31 15
internal_value=-0.000139514 -0.0211096 0.00271486 -0.00503192 -0.0135191 0.0124603 0.0226328 -0.0467582 0.00540429 -0.0256099 0.0175203 0.0332443 0.00552833 -0.00942932 -0.0331306 -0.0796603
internal_weight=85.2916 10.2187 75.0729 41.8254 35.6806 33.2476 27.0629 12.9441 22.7365 9.15748 18.0741 12.5493 20.4971 13.974 9.16022 3.28563
internal_count=443 70 373 212 189 161 124 85 104 53 81 55 99 75 54 40
is_linear=0
shrinkage=0.1


Tree=32
num_leaves=16
num_cat=0
split_feature=12 12 12 10 6 11 12 12 11 11 10 10 12 9 11
split_gain=0.530662 1.76338 1.16104 1.37391 2.1628 1.34508 1.28131 2.68848 1.78313 1.38012 1.47702 2.39197 0.938391 0.597143 0.485108
threshold=1.5750000000000004 2.2850000000000006 1.2150000000000001 44.500000000000007 1.0000000180025095e-35 11.510000000000002 0.56500000000000006 0.71500000000000008 14.580000000000002 20.075000000000006 65.500000000000014 75.500000000000014 0.93500000000000016 2.5000000000000004 7.3600000000000003
decision_type=2 2 2 2 2 2 2 2 2 2 2 2 2 2 2
left_child=2 -2 3 -1 6 -4 9 13 12 10 -5 -12 14 -8 -9
right_child=1 -3 5 4 -6 -7 7 8 -10 -11 11 -13 -14 -15 -16
leaf_value=0.032170771464437781 -0.054331403285547863 0.034362665221029653 0.061846303278901282 0.042951072457872226 -0.076608753522755813 -0.0035643543585472735 -0.12566051865164782 0.058095686062303656 -0.062462532650784386 0.0562389881947023 -0.069059066103436692 0.016322250032349425 -0.019136149961400305 -0.05382091056492036 0.011785517480521802
leaf_weight=9.4702715501189214 6.1786205880343896 3.5178594216704369 6.5391345322132093 5.6540595740079942 4.3653477877378455 6.0546013005077839 2.2129810377955463 4.1343466416001338 3.9807050824165335 5.6259957030415526 5.4669976755976668 8.2066092491149885 5.6355013549327841 2.4248825795948505 4.9945655204355717
leaf_count=38 38 18 24 21 36 30 25 15 30 21 30 35 36 16 30
internal_value=-0.000143305 -0.0221534 0.00271121 -0.00289734 -0.0091989 0.0303993 -0.00311102 -0.0199303 -0.00306402 0.0126496 -3.86753e-05 -0.017815 0.0129507 -0.0880996 0.0327587
internal_weight=84.4625 9.69648 74.766 62.1723 52.702 12.5937 48.3366 23.383 18.7451 24.9537 19.3277 13.6736 14.7644 4.63786 9.12891
internal_count=443 56 387 333 295 54 259 152 111 107 86 65 81 41 45
is_linear=0
shrinkage=0.1


Tree=33
num_leaves=15
num_cat=0
split_feature=2 6 5 10 12 10 10 11 12 12 12 11 11 12
split_gain=0.496672 1.66963 1.37091 1.99213 2.55145 1.75448 1.37998 1.35331 1.20736 3.43284 1.795 4.41118 1.79809 0.750093
threshold=1.0000000180025095e-35 1.0000000180025095e-35 1.0000000180025095e-35 69.500000000000014 1.2550000000000001 64.500000000000014 80.500000000000014 11.56 0.84500000000000008 1.2050000000000003 0.71500000000000008 8.8400000000000016 14.81 1.5050000000000001
decision_type=2 2 2 2 2 2 2 2 2 2 2 2 2 2
left_child=1 2 3 5 6 7 -5 -1 10 -10 11 -2 -13 -11
right_child=8 -3 -4 4 -6 -7 -8 -9 9 13 -12 12 -14 -15
leaf_value=0.020733381602508098 -0.064476681129382554 -0.067683907696433579 0.046024008587798856 -0.063475699520566045 -0.13532321873305839 0.064736863701169614 0.016951598190610897 -0.039106529485619435 -0.079840533248265927 0.043027955444008913 0.071878995773902291 0.064021038151686138 -0.0056593649309328795 -0.0086698355230694409
leaf_weight=8.3387988172471577 6.1112643294036451 4.2165005514398208 5.255711290985345 3.785735132172702 2.365242898464202 4.4891720190644255 4.8877321928739548 6.9120464138686648 5.3544951863586929 5.6761984378099424 5.402812745422124 9.1899497322738153 6.2029367424547663 5.5513423979282379
leaf_count=37 33 29 22 38 23 18 22 37 37 22 24 37 34 30
internal_value=-0.000139232 -0.0081444 -0.0011775 -0.00923753 -0.0432586 0.00978724 -0.0181528 -0.00638749 0.00726989 -0.0139548 0.0203501 0.00740375 0.0359416 0.0174665
internal_weight=83.7399 40.2509 36.0344 30.7787 11.0387 19.74 8.67347 15.2508 43.489 16.582 26.907 21.5042 15.3929 11.2275
internal_count=443 226 197 175 83 92 60 74 217 89 128 104 71 52
is_linear=0
shrinkage=0.1


Tree=34
num_leaves=20
num_cat=0
split_feature=4 12 12 12 12 10 11 1 12 10 9 11 11 9 10 10 11 12 10
split_gain=0.45241 1.67165 3.60154 0.573081 0.700301 2.82517 1.98209 1.33723 1.25817 1.95906 1.69046 0.843692 1.43465 1.75697 1.49818 2.0119 3.76393 0.483091 0.354007
threshold=1.0000000180025095e-35 0.34500000000000003 0.57500000000000007 0.23500000000000001 0.66500000000000015 49.500000000000007 9.9850000000000012 1.0000000180025095e-35 0.72500000000000009 38.000000000000007 1.0000000180025095e-35 20.400000000000002 13.800000000000002 1.5000000000000002 60.500000000000007 70.500000000000014 8.2800000000000011 1.0600000000000003 68.500000000000014
decision_type=2 2 2 2 2 2 2 2 2 2 2 2 2 2 2 2 2 2 2
left_child=3 -2 -3 -1 5 -5 -7 -8 -6 -10 -11 12 13 -12 -15 -16 -17 -4 -14
right_child=1 2 17 4 8 6 7 -9 9 10 11 -13 18 14 15 16 -18 -19 -20
leaf_value=0.032460631565127136 -0.084604613665293329 0.069109591907687729 -0.11741308787099519 0.063595536574233072 0.064668757836962437 -0.077025125821722648 -0.047958440681259436 0.021132321891948483 -0.073039373267219904 0.069803579206499183 -0.056912611406116677 -0.0391571870895909 0.062904585462536397 -0.047315277756336031 0.071989814062032392 0.05147996531869295 -0.085612756232073317 -0.037351584135617018 0.021436721596862808
leaf_weight=5.8954442888498297 2.8633810617029649 3.9420984983444214 1.4585574083030226 3.782963469624522 3.488079421222209 6.2335063889622715 4.7370069213211519 6.8555373847484589 3.2004584074020377 4.0151364468038073 5.1844027377665105 4.4929247722029677 4.2708228901028615 3.6632677279412773 5.4217530786991111 4.7342143803834897 3.4710042979568243 1.5595011264085767 3.9745316877961159
leaf_count=23 16 14 25 13 17 39 28 35 17 14 34 24 18 19 19 19 32 15 22
internal_value=-0.000136099 -0.0202902 0.00616843 0.00256047 -5.00164e-05 -0.0148949 -0.0315517 -0.00709991 0.00693618 0.00218994 0.0083276 0.00131783 0.00723746 -0.00585195 0.00945837 0.0247205 -0.00651354 -0.0760434 0.0429157
internal_weight=83.2446 9.82354 6.96016 73.4211 67.5256 21.609 17.8261 11.5925 45.9166 42.4285 39.2281 35.2129 30.72 22.4746 17.2902 13.627 8.20522 3.01806 8.24535
internal_count=443 70 54 373 350 115 102 63 235 218 201 187 163 123 89 70 51 40 40
is_linear=0
shrinkage=0.1


Tree=35
num_leaves=18
num_cat=0
split_feature=3 12 10 11 10 12 10 12 11 9 11 11 10 9 10 11 11
split_gain=0.418436 2.2229 1.94749 4.52249 2.8375 1.19589 2.19454 2.35625 2.75874 2.59464 2.11533 1.75002 3.08901 0.856285 0.829342 1.43034 0.801618
threshold=1.0000000180025095e-35 0.44500000000000006 73.500000000000014 11.905000000000003 84.500000000000014 0.50500000000000012 40.500000000000007 1.0900000000000003 10.650000000000002 1.5000000000000002 14.410000000000002 18.145000000000003 67.500000000000014 2.5000000000000004 66.500000000000014 8.8900000000000023 12.690000000000001
decision_type=2 2 2 2 2 2 2 2 2 2 2 2 2 2 2 2 2
left_child=5 -2 3 -3 16 11 -7 10 -9 -10 14 12 -1 -14 -8 -16 -4
right_child=1 2 4 -5 -6 6 7 8 9 -11 -12 -13 13 -15 15 -17 -18
leaf_value=0.040545921844387711 -0.054624594039645952 0.087435594888177592 -0.098407589452435121 -0.023722320539314508 0.048783606212957742 -0.090976511815686126 -0.050801143774389351 -0.03782503888889481 0.10517982694157819 -0.0012730779907448948 -0.11031675883569272 0.067057291428831531 -0.083212258196404321 -0.014962462563235815 0.04362201490707629 -0.046012179098019156 -0.023077468934517929
leaf_weight=7.9558316990733164 4.5910313352942493 9.2327100709080714 2.7607608065009099 6.0641535744070998 4.181984044611454 3.5957283079624167 4.4517688229680079 5.1520126350224009 4.7281025201082212 4.4394233524799347 3.0553978141397229 4.7112360075116149 3.7063614577054977 3.6473012939095497 4.0351372286677361 3.1859145648777485 2.892866674810648
leaf_count=30 25 30 23 36 17 22 30 30 15 27 31 18 21 19 21 28 20
internal_value=-0.000126553 0.00935963 0.0210478 0.0433691 -0.0136674 -0.00548052 -0.0172818 -0.0081594 0.0207251 0.0536294 -0.0362424 0.0137613 -0.00263959 -0.0493614 -0.0168533 0.00407558 -0.0598624
internal_weight=82.3877 29.7235 25.1325 15.2969 9.83561 52.6642 32.6435 29.0478 14.3195 9.16753 14.7282 20.0207 15.3095 7.35366 11.6728 7.22105 5.65363
internal_count=443 151 126 66 60 292 204 182 72 42 110 88 70 40 79 49 43
is_linear=0
shrinkage=0.1


Tree=36
num_leaves=15
num_cat=0
split_feature=11 11 10 10 11 12 12 12 12 12 2 11 11 12
split_gain=0.417613 2.28812 1.93512 1.58594 1.19056 1.17652 0.756371 1.52747 1.88258 1.46999 1.04516 4.48708 1.9323 2.46494
threshold=17.320000000000004 20.075000000000006 68.500000000000014 54.500000000000007 13.800000000000002 0.74500000000000011 1.2150000000000001 0.93500000000000016 1.0900000000000003 1.5050000000000001 1.0000000180025095e-35 8.8900000000000023 9.5550000000000015 0.64500000000000013
decision_type=2 2 2 2 2 2 2 2 2 2 2 2 2 2
left_child=4 -2 3 -3 6 -6 7 10 -9 -8 11 -1 13 -12
right_child=1 2 -4 -5 5 -7 9 8 -10 -11 12 -13 -14 -15
leaf_value=0.021192810554609046 -0.0832933058962015 0.013701758013746151 0.046029193758474522 -0.073510469654204283 -0.012177230116310672 0.052718193472217692 0.05506574098292806 -0.11315518800233222 0.00035473133077233428 -0.014331179476730987 -0.052892456960206918 -0.098525033644071197 0.050120189351819611 0.046097276223661755
leaf_weight=8.5200386121869069 3.7299992069602039 4.4484013244509679 6.348470624536275 3.9248356577008963 4.1754269357770672 8.4416647963225824 5.7951285652816278 2.9582537785172454 2.8871064782142639 6.449174914509058 6.488630875945093 4.9494234044104806 8.2072580046951753 4.1081536561250687
leaf_count=39 29 19 31 28 25 38 24 26 17 37 35 39 39 17
internal_value=-0.000103564 -0.013334 0.00439143 -0.0271777 0.00377263 0.0312421 -0.00310908 -0.0100546 -0.057091 0.0185138 -0.00153544 -0.0227981 0.0136952 -0.0145162
internal_weight=81.432 18.4517 14.7217 8.37324 62.9803 12.6171 50.3632 38.1189 5.84536 12.2443 32.2735 13.4695 18.804 10.5968
internal_count=443 107 78 47 336 63 273 212 43 61 169 78 91 52
is_linear=0
shrinkage=0.1


Tree=37
num_leaves=17
num_cat=0
split_feature=7 2 12 10 11 11 10 11 9 11 9 10 11 12 9 11
split_gain=0.370007 0.934365 2.95144 1.48921 1.36576 2.10076 1.33583 1.67398 1.17054 1.09992 2.80953 1.74782 1.44522 2.7739 0.990213 0.333346
threshold=1.0000000180025095e-35 1.0000000180025095e-35 0.34500000000000003 69.500000000000014 7.455000000000001 10.330000000000002 75.500000000000014 13.800000000000002 1.0000000180025095e-35 15.145000000000001 2.5000000000000004 73.500000000000014 8.8400000000000016 0.64500000000000013 2.5000000000000004 17.585000000000004
decision_type=2 2 2 2 2 2 2 2 2 2 2 2 2 2 2 2
left_child=1 2 -1 4 -4 -6 -5 -8 -7 12 -11 -12 13 -3 -14 -10
right_child=-2 9 3 6 5 8 7 -9 15 10 11 -13 14 -15 -16 -17
leaf_value=-0.094927460573255115 -0.028125280518930647 -0.057314758185959672 0.060411407418460239 -0.083801084411128324 -0.061107806269654799 0.057454776051878889 -0.052825243867913665 0.03858021331412971 0.016428469052113922 0.042331832300887273 -0.10886749434248931 -0.0022668103117387032 0.014046034454835668 0.037686735708433672 0.064037276615439689 -0.026206692567301699
leaf_weight=3.6795163825154296 4.4525336846709243 5.3714474812150019 5.0428557321429279 3.2728005554527035 4.1032324470579651 5.2292718738317472 4.0843801293522102 3.9327771496027708 3.7428530277684331 4.8464168421924096 3.3116303160786629 2.8719200156629086 7.0122679807245758 7.1841996237635612 9.1095123551785928 3.5954378638416529
leaf_count=21 31 29 18 33 27 19 34 21 19 20 28 17 34 29 39 24
internal_value=-0.000103234 0.00153007 -0.00997637 -0.000505317 0.0148118 0.00101806 -0.0299643 -0.00798675 0.0213018 0.0121601 -0.0146765 -0.0593573 0.0224821 -0.00295598 0.0422933 -0.00446087
internal_weight=80.8431 76.3905 36.6831 33.0036 21.7137 16.6708 11.29 8.01716 12.5676 39.7074 11.03 6.18355 28.6774 12.5556 16.1218 7.33829
internal_count=443 412 216 195 107 89 88 55 62 196 65 45 131 58 73 43
is_linear=0
shrinkage=0.1


Tree=38
num_leaves=16
num_cat=0
split_feature=10 10 10 6 12 10 10 10 9 5 12 12 12 9 12
split_gain=0.342562 0.897037 0.865063 1.09292 1.07906 1.29386 1.63457 1.70849 1.42314 1.39841 1.92545 2.32991 2.39608 1.12428 0.731671
threshold=47.500000000000007 36.500000000000007 55.500000000000007 1.0000000180025095e-35 0.23500000000000001 62.500000000000007 68.500000000000014 70.500000000000014 2.5000000000000004 1.0000000180025095e-35 0.54500000000000015 1.4650000000000001 0.80500000000000016 2.5000000000000004 0.85500000000000009
decision_type=2 2 2 2 2 2 2 2 2 2 2 2 2 2 2
left_child=1 -1 -2 4 -4 -6 8 -8 -7 10 -9 12 -12 -14 -5
right_child=2 -3 3 14 5 6 7 9 -10 -11 11 -13 13 -15 -16
leaf_value=-0.013606825789818242 -0.038151658397087874 0.038454420869757262 0.046021489190774645 -0.079338944921074045 0.040052232040396908 -0.090667499123888995 0.055001735642999428 0.021091617269651718 -0.0067620207787592798 0.028703792078460078 -0.1033170904255501 -0.12853600233747417 0.035499432750605242 -0.038052617895857316 -0.0034072736446999364
leaf_weight=6.1207127198576909 6.3418249152600756 7.2062859386205673 5.6834475547075263 2.7004424994811407 6.9479605853557578 3.8768936619162542 5.3396794199943534 7.4070876017212894 4.2238196097314358 8.1521808691322821 2.769673002883791 2.5443368516862384 4.8249604254960996 3.6505532674491405 2.3940760605037212
leaf_count=30 35 28 21 28 30 27 22 33 23 38 29 27 29 28 15
internal_value=-9.55546e-05 0.0145442 -0.00301378 0.000668579 0.00474312 2.62565e-05 -0.00647302 0.00297201 -0.0469181 -0.00649421 -0.0200313 -0.0421206 -0.0225683 0.00381927 -0.0436562
internal_weight=80.1839 13.327 66.8569 60.5151 55.4206 49.7371 42.7892 34.6885 8.10071 29.3488 21.1966 13.7895 11.2452 8.47551 5.09452
internal_count=443 58 385 350 307 286 256 206 50 184 146 113 86 57 43
is_linear=0
shrinkage=0.1


Tree=39
num_leaves=19
num_cat=0
split_feature=11 11 5 11 10 10 10 1 11 11 11 10 11 11 9 5 1 10
split_gain=0.382815 0.689006 1.83017 1.44943 1.68647 1.16088 1.79685 0.981153 0.886675 1.76417 1.9358 1.74409 1.34862 1.5241 1.95429 1.41261 1.27356 0.95903
threshold=4.3800000000000017 7.455000000000001 1.0000000180025095e-35 8.6600000000000019 78.500000000000014 36.500000000000007 47.500000000000007 1.0000000180025095e-35 9.2650000000000023 9.865000000000002 10.755000000000003 85.500000000000014 12.340000000000002 20.855000000000004 2.5000000000000004 1.0000000180025095e-35 1.0000000180025095e-35 69.500000000000014
decision_type=2 2 2 2 2 2 2 2 2 2 2 2 2 2 2 2 2 2
left_child=-1 2 7 4 -3 -5 -7 -2 -8 -10 -11 12 -12 14 17 -16 -15 -14
right_child=1 3 -4 5 -6 6 8 -9 9 10 11 -13 13 16 15 -17 -18 -19
leaf_value=-0.0351274782011591 0.023038799832010674 -0.093600977563445029 0.068277895455359533 -0.048811576715115351 0.0086444480328546677 0.059528078133552521 0.047236952303846863 -0.039921528353005768 -0.064223250909736115 0.061770586589529379 -0.07178057296853245 0.054867655111498714 0.010302408478612451 -0.0050204776243329158 -0.0010176552342498048 0.077101649920238366 -0.084448325829540552 -0.064491092014641205
leaf_weight=3.0032981857657424 5.6180768236517888 3.6175140887498847 5.2241594046354285 4.1771045997738829 2.9116277359426022 5.586002714931964 3.5639670528471461 4.4244259260594845 4.4499481394886962 4.784197758883237 3.6736105810850885 4.0547681897878638 3.2261906787753167 4.3172354996204358 4.3208393659442645 4.9857202544808388 3.7916843127459288 3.6584236286580563
leaf_count=14 23 28 20 23 15 20 18 24 36 21 31 17 18 25 29 21 29 31
internal_value=-0.000107056 0.00126986 0.0202728 -0.00347682 -0.0480053 0.00184896 0.00604661 -0.00469964 -0.00061791 -0.00475127 0.00243776 -0.00642498 -0.0153093 -0.00677216 0.0109511 0.0408325 -0.0421605 -0.0294422
internal_weight=79.3888 76.3855 15.2667 61.1188 6.52914 54.5897 50.4126 10.0425 44.8266 41.2626 36.8127 32.0285 27.9737 24.3001 16.1912 9.30656 8.10892 6.88461
internal_count=443 429 67 362 43 319 296 47 276 258 222 201 184 153 99 50 54 49
is_linear=0
shrinkage=0.1


Tree=40
num_leaves=15
num_cat=0
split_feature=11 11 11 11 12 9 11 3 10 12 10 10 11 11
split_gain=0.344413 1.52079 1.38025 1.53502 1.31528 1.44934 0.730352 1.23878 3.22493 1.38111 1.99976 1.98641 4.70573 1.47628
threshold=15.245000000000003 13.800000000000002 19.650000000000002 17.320000000000004 0.71500000000000008 1.5000000000000002 11.905000000000003 1.0000000180025095e-35 73.500000000000014 0.58500000000000008 65.500000000000014 68.500000000000014 9.8350000000000026 8.2800000000000011
decision_type=2 2 2 2 2 2 2 2 2 2 2 2 2 2
left_child=1 6 3 -2 -4 -6 7 9 -9 10 -1 12 -11 -13
right_child=2 -3 4 -5 5 -7 -8 8 -10 11 -12 13 -14 -15
leaf_value=0.046043199376903023 -0.009761507231572009 0.045666002655607107 0.035656365271345476 -0.10335741106440376 0.017847365792631756 -0.071826775840551763 -0.0401959740470791 0.056982982061232194 -0.039740916232571186 -0.15831899912639502 -0.028082776510600305 0.038191039847311842 0.014429013922652481 -0.049952776381582853
leaf_weight=7.6594111546874064 4.5307787396013763 7.6045644450932732 7.6997292917221767 2.8573273550719023 3.8903849273920059 3.3580430988222361 4.6306960778310886 10.232137002050875 5.1983576621860257 3.2592094466090185 6.93443264067173 4.4745208509266376 3.0549544990062714 3.3026207014918327
leaf_count=29 28 35 38 26 16 27 36 38 35 28 37 22 14 34
internal_value=-9.20837e-05 0.00407318 -0.0106004 -0.0459594 0.00687577 -0.0236968 -0.00241542 0.0015503 0.0243978 -0.01074 0.0108214 -0.0330703 -0.0747391 0.000760116
internal_weight=78.6872 56.3509 22.3363 7.38811 14.9482 7.24843 48.7463 44.1156 15.4305 28.6851 14.5938 14.0913 6.31416 7.77714
internal_count=443 308 135 54 81 43 273 237 73 164 66 98 42 56
is_linear=0
shrinkage=0.1


Tree=41
num_leaves=18
num_cat=0
split_feature=11 11 1 11 10 10 10 11 11 11 10 11 10 11 9 10 12
split_gain=0.373848 0.89247 3.17916 1.1221 1.47193 1.03052 1.47447 0.841257 1.38955 1.48145 1.51426 1.17379 2.15533 1.57583 1.78413 1.31756 0.816168
threshold=5.4650000000000007 7.455000000000001 1.0000000180025095e-35 8.6600000000000019 78.500000000000014 36.500000000000007 47.500000000000007 9.2650000000000023 9.865000000000002 10.755000000000003 85.500000000000014 13.685000000000002 67.500000000000014 20.855000000000004 2.5000000000000004 68.500000000000014 0.76500000000000012
decision_type=2 2 2 2 2 2 2 2 2 2 2 2 2 2 2 2 2
left_child=-1 2 -2 4 -3 -5 -7 -8 -9 -10 11 12 -11 14 16 -15 -13
right_child=1 3 -4 5 -6 6 7 8 9 10 -12 13 -14 15 -16 -17 -18
leaf_value=-0.022470777511399476 0.074259633639119277 -0.086522215445337683 -0.034020598922814789 -0.046187282186503406 0.0099998842015174179 0.05516752538951978 0.046731862765404336 -0.057871936424379412 0.054393309990286888 0.010391372351640154 0.052024368608581145 -0.059707029547935164 -0.11286708873239758 -0.07474782550433659 0.050519204012483915 0.0070693696961716514 0.011759920363561107
leaf_weight=6.8160868659615508 6.3619402199983579 3.4609271250665179 4.7256447523832321 4.1073387749493113 2.9069226458668709 5.4180324897170058 3.526112549006938 4.3095607906579962 4.7273450959473839 2.6973810726776781 3.9776674322783938 2.9921664288267511 2.992595998570323 4.4773789327591649 7.3900467120110989 3.5122221373021603 3.429501049220562
leaf_count=33 23 28 25 23 15 20 18 36 21 15 17 23 33 33 38 21 21
internal_value=-0.000100171 0.00204705 0.0281095 -0.00277512 -0.0424599 0.00194331 0.00594106 -0.000116141 -0.00419435 0.00219655 -0.00564458 -0.0139886 -0.0544354 -0.0034323 0.0170157 -0.0387811 -0.02154
internal_weight=77.8289 71.0128 11.0876 59.9252 6.36785 53.5573 49.45 44.032 40.5059 36.1963 31.469 27.4913 5.68998 21.8013 13.8117 7.9896 6.42167
internal_count=443 410 48 362 43 319 296 276 258 222 201 184 48 136 82 54 44
is_linear=0
shrinkage=0.1


Tree=42
num_leaves=18
num_cat=0
split_feature=11 11 1 11 10 10 10 12 12 12 12 5 10 9 11 10 11
split_gain=0.30113 0.735446 2.63814 0.92124 1.22727 0.839727 1.22286 0.780479 0.630204 1.24206 1.81737 1.5539 2.51441 1.5092 0.890703 0.799612 0.741498
threshold=5.4650000000000007 7.455000000000001 1.0000000180025095e-35 8.6600000000000019 78.500000000000014 36.500000000000007 47.500000000000007 0.28500000000000009 0.44500000000000006 0.56500000000000006 0.71500000000000008 1.0000000180025095e-35 69.500000000000014 1.5000000000000002 11.905000000000003 84.500000000000014 13.435
decision_type=2 2 2 2 2 2 2 2 2 2 2 2 2 2 2 2 2
left_child=-1 2 -2 4 -3 -5 -7 -8 -9 -10 -11 12 14 -14 -12 16 -15
right_child=1 3 -4 5 -6 6 7 8 9 10 11 -13 13 15 -16 -17 -18
leaf_value=-0.020095587835044129 0.068533798299696899 -0.079565823167327812 -0.030546179489079429 -0.041791774328378238 0.0090101629599199772 0.050693114933462992 0.02942760040982674 -0.042599890439715543 0.041375800233269082 -0.083060498636746749 0.078173308812936146 -0.05408421239183913 0.024063845357458924 -0.042122343832778769 0.018257858001389276 -0.0073593269749224581 -0.13366598539368349
leaf_weight=6.8572335168719283 6.2121848091483098 3.3909453917294732 4.7362357154488564 4.0865244530141345 2.903784517198801 5.312355361878871 7.4185852482914916 4.1992304399609557 5.6010497510433188 3.0504622152075198 4.6251454614102894 4.4599400172010055 3.5089389691129309 1.7615896640345456 5.3525356687605381 1.8768652714788912 1.7777533642947672
leaf_count=33 23 28 25 23 15 20 30 28 26 37 18 30 23 22 28 12 22
internal_value=-9.3062e-05 0.00185875 0.0256723 -0.00253598 -0.0387054 0.0017573 0.00539335 -0.000122055 -0.0061755 -0.00139781 -0.0104682 -0.000989819 0.0115373 -0.0270249 0.0460316 -0.0601232 -0.0881032
internal_weight=77.1314 70.2741 10.9484 59.3257 6.29473 53.031 48.9445 43.6321 36.2135 32.0143 26.4132 23.3628 18.9028 8.92515 9.97768 5.41621 3.53934
internal_count=443 410 48 362 43 319 296 276 246 218 192 155 125 79 46 56 44
is_linear=0
shrinkage=0.1


Tree=43
num_leaves=18
num_cat=0
split_feature=10 10 10 11 5 12 10 12 11 2 12 12 11 11 11 1 10
split_gain=0.306955 1.22954 1.01897 0.973922 1.10236 2.30364 3.28695 1.45289 0.726325 1.10489 1.91509 1.3639 0.484079 1.52501 0.865417 0.374559 0.343821
threshold=68.500000000000014 70.500000000000014 64.500000000000014 25.020000000000003 1.0000000180025095e-35 1.1200000000000003 73.500000000000014 0.64500000000000013 21.325000000000003 1.0000000180025095e-35 0.84500000000000008 0.62500000000000011 10.105000000000002 14.065000000000003 8.1200000000000028 1.0000000180025095e-35 49.500000000000007
decision_type=2 2 2 2 2 2 2 2 2 2 2 2 2 2 2 2 2
left_child=2 -2 8 4 5 12 -7 -6 9 10 -1 -11 14 -14 -3 -4 -12
right_child=1 3 15 -5 7 6 -8 -9 -10 11 16 -13 13 -15 -16 -17 -18
leaf_value=-0.050971592515490494 0.050536691077500487 0.011645538545222978 -0.021052380363636342 0.052542536408719677 -0.026542039261876343 0.018591441872792814 -0.14033604283270959 0.052101208997873787 -0.029742677560435624 0.072683302990748017 0.0033394202734836316 -0.0005257264146514099 0.068130909997707448 -0.022357832528867819 -0.056540004171999031 -0.068844518149181036 0.044153664117600917
leaf_weight=6.2121434025466487 5.3745709396898738 4.3692953735589999 3.7381752729415885 3.0848342888057223 3.8781568780541438 2.1926810257136813 3.2013406530022621 5.9583759754896164 6.1142967436462632 4.809184730052948 4.4039459936320764 5.4047426991164684 3.3863497814163566 4.1386571740731597 3.2429766748100519 2.9214350450783968 3.8845845051109791
leaf_count=36 24 22 22 14 24 17 35 26 37 16 22 27 19 32 27 24 19
internal_value=-9.14195e-05 0.00614035 -0.00654572 -0.000992459 -0.00643067 -0.0196183 -0.0757317 0.0210953 0.0011169 0.00875144 -0.0089939 0.0339444 0.00037712 0.0183633 -0.0174028 -0.0420178 0.0224678
internal_weight=76.3157 38.8272 37.4885 33.4527 30.3678 20.5313 5.39402 9.83653 30.8289 24.7146 14.5007 10.2139 15.1373 7.52501 7.61227 6.65961 8.28853
internal_count=443 240 203 216 202 152 52 50 157 120 77 43 100 51 49 46 41
is_linear=0
shrinkage=0.1


Tree=44
num_leaves=18
num_cat=0
split_feature=3 12 10 11 10 12 10 12 11 9 11 10 12 11 10 9 0
split_gain=0.254984 1.36719 1.3173 3.28796 2.18429 1.06996 1.54186 1.98385 2.18324 1.6536 1.25806 2.31101 1.31022 1.15737 2.13985 0.805467 0.594795
threshold=1.0000000180025095e-35 0.44500000000000006 73.500000000000014 11.905000000000003 84.500000000000014 0.50500000000000012 40.500000000000007 1.0900000000000003 10.650000000000002 1.5000000000000002 8.8900000000000023 72.500000000000014 0.66500000000000015 18.145000000000003 67.500000000000014 2.5000000000000004 1.0000000180025095e-35
decision_type=2 2 2 2 2 2 2 2 2 2 2 2 2 2 2 2 2
left_child=5 -2 3 -3 16 13 -7 10 -9 -10 -8 12 -12 14 -1 -16 -4
right_child=1 2 4 -5 -6 6 7 8 9 -11 11 -13 -14 -15 15 -17 -18
leaf_value=0.037337063327483253 -0.043574224332427795 0.075839652139098268 -0.088941652354946943 -0.023642893402496701 0.043474330128368856 -0.081151039619775309 0.0013444874533857292 -0.035562228385694158 0.092400497203412119 0.003632616070335843 -0.089396810094862666 -0.15122744686362083 0.0088854136377944457 0.059727510765689343 -0.073377668385699743 -0.0054473482525931368 -0.019512117323168002
leaf_weight=7.6293372511863726 4.3678337000310448 8.4403392001986521 2.6533012753352505 5.4788047950714818 3.8854468539357185 3.2614704668521908 5.4839410241693276 4.6480235233902922 4.3769672811031324 4.031399317085743 2.186096653342247 2.0874686948955059 3.5740383788943291 4.3042367585003367 3.4770108088850975 3.5051152668893337 2.3065324295312166
leaf_count=30 25 30 26 36 17 22 34 30 15 27 21 27 28 18 21 19 17
internal_value=-9.22712e-05 0.00767262 0.0175054 0.0366817 -0.0126708 -0.00443035 -0.016286 -0.00826887 0.0194376 0.0498407 -0.0354035 -0.0610831 -0.0284148 0.0141528 0.00072741 -0.0392758 -0.056654
internal_weight=75.6974 27.1323 22.7644 13.9191 8.84528 48.5651 29.6494 26.3879 13.0564 8.40837 13.3315 7.8476 5.76014 18.9157 14.6115 6.98213 4.95983
internal_count=443 151 126 66 60 292 204 182 72 42 110 76 49 88 70 40 43
is_linear=0
shrinkage=0.1


Tree=45
num_leaves=19
num_cat=0
split_feature=10 10 11 11 9 11 11 2 12 12 10 12 5 0 11 9 10 11
split_gain=0.32665 2.44072 1.35941 1.7912 3.36237 1.2943 2.04897 1.38287 2.05216 0.977453 0.7605 0.651061 1.95633 1.23452 1.11083 1.10753 0.656449 0.8185
threshold=68.500000000000014 69.500000000000014 5.2100000000000017 9.2150000000000016 1.5000000000000002 20.855000000000004 27.625000000000004 1.0000000180025095e-35 0.85500000000000009 0.84500000000000008 71.500000000000014 0.53500000000000014 1.0000000180025095e-35 1.0000000180025095e-35 10.105000000000002 3.5000000000000004 74.500000000000014 13.800000000000002
decision_type=2 2 2 2 2 2 2 2 2 2 2 2 2 2 2 2 2 2
left_child=2 -2 -1 4 -4 7 -7 8 -5 -9 -3 14 13 16 -12 -15 -13 -18
right_child=1 10 3 5 -6 6 -8 9 -10 -11 11 12 -14 15 -16 -17 17 -19
leaf_value=0.060281722258150872 0.086554160516192566 -0.048431927885500409 0.010243260529282022 -0.067551796047046309 -0.11377702247209567 -0.098169270814469328 0.013968712348420082 0.07160680198715362 0.027621311870411232 0.0070912298916421439 -0.01869167095277249 0.036441649008906757 0.037350448089610452 -0.10839953156192959 0.044468434541547745 -0.011540693865186098 -0.061148298352682734 0.015550457554164669
leaf_weight=2.7922580391168585 3.4553101304918519 3.1508652176707974 4.4044835567474347 3.9399820966646111 4.3401966113597155 2.9861331526190034 3.5863133743405342 5.0410833060741425 5.3311428688466549 4.3964363560080528 4.38758133351803 2.480815367773177 6.3269545249640933 2.9688890287652603 7.6217705830931664 1.9598075542598961 2.9824621211737394 2.6080788262188435
leaf_count=10 14 24 22 29 30 25 18 22 25 22 23 20 31 33 33 15 30 17
internal_value=-8.46452e-05 0.00642672 -0.00679489 -0.0122994 -0.051311 0.00119465 -0.0369802 0.0146057 -0.0128247 0.0415524 -0.00160133 0.00310748 -0.00825476 -0.0304502 0.0213931 -0.0698854 -0.00636952 -0.0253671
internal_weight=74.7606 37.9425 36.818 34.0258 8.74468 25.2811 6.57245 18.7086 9.27112 9.43752 34.4872 31.3364 19.327 13.0001 12.0094 4.9287 8.07136 5.59054
internal_count=443 240 203 193 52 141 43 98 54 44 226 202 146 115 56 48 67 47
is_linear=0
shrinkage=0.1


Tree=46
num_leaves=16
num_cat=0
split_feature=11 11 1 11 10 12 11 12 2 12 12 11 10 2 10
split_gain=0.285377 0.618327 2.10825 0.726128 1.21503 0.820906 0.715935 1.2052 2.1957 3.57494 1.1537 1.0527 1.2478 1.199 0.666184
threshold=5.4650000000000007 7.455000000000001 1.0000000180025095e-35 8.6600000000000019 78.500000000000014 1.5750000000000004 15.145000000000001 1.0600000000000003 1.0000000180025095e-35 0.74500000000000011 0.59500000000000008 19.650000000000002 61.500000000000007 1.0000000180025095e-35 62.500000000000007
decision_type=2 2 2 2 2 2 2 2 2 2 2 2 2 2 2
left_child=-1 2 -2 4 -3 6 7 8 9 -5 -10 13 -13 -8 -7
right_child=1 3 -4 5 -6 14 11 -9 10 -11 -12 12 -14 -15 -16
leaf_value=-0.019801642433015163 0.063404697157348575 -0.077878450332002164 -0.026410820651068912 -0.095517189014186044 0.012131714618275335 0.0056294464637652482 -0.00020385921363998166 0.057437349720208419 0.057843320473586847 0.038599292729420101 -0.0090995563626859333 -0.028209387573843687 0.036644273138419045 -0.084165979829918913 -0.058655741540636325
leaf_weight=6.6759425774216643 5.9608532860875112 3.1573759187012902 4.6539737097918987 4.3633887879550493 2.8564538564532995 2.8072247430682173 3.6326243290677693 5.8378600031137458 7.2514794245362282 3.6500556878745556 3.9915655739605427 5.0995063036680204 7.0934230517596006 3.1982059367001057 3.7862565889954567
leaf_count=33 23 28 25 39 15 14 25 30 29 24 29 29 40 25 35
internal_value=-8.07284e-05 0.00187435 0.0240259 -0.00227079 -0.0351253 0.0016254 0.006544 0.0176355 0.00556899 -0.0344283 0.0340769 -0.0080868 0.00952022 -0.0395151 -0.0312858
internal_weight=74.0162 67.3402 10.6148 56.7254 6.01383 50.7116 44.1181 25.0943 19.2565 8.01344 11.243 19.0238 12.1929 6.83083 6.59348
internal_count=443 410 48 362 43 319 270 151 121 63 58 119 69 50 49
is_linear=0
shrinkage=0.1


Tree=47
num_leaves=18
num_cat=0
split_feature=9 0 11 12 12 12 10 12 12 12 12 12 12 3 11 11 12
split_gain=0.298746 1.06604 1.22819 1.36024 0.909493 0.867053 1.58473 0.891263 1.85444 0.808156 1.52542 3.83559 1.32159 1.28818 1.26857 0.741791 0.00313351
threshold=2.5000000000000004 1.0000000180025095e-35 26.045000000000005 1.385 1.0900000000000003 0.44500000000000006 67.500000000000014 0.87500000000000011 0.74500000000000011 0.44500000000000006 0.84500000000000008 1.2550000000000001 0.25500000000000006 1.0000000180025095e-35 9.4000000000000021 9.6200000000000028 1.0050000000000001
decision_type=2 2 2 2 2 2 2 2 2 2 2 2 2 2 2 2 2
left_child=1 2 3 4 5 6 -1 8 15 12 13 16 -2 -11 -13 -7 -12
right_child=9 -3 -4 -5 -6 7 -8 -9 -10 10 11 14 -14 -15 -16 -17 -18
leaf_value=0.056189531284338061 0.019939613023295156 -0.052205228527045511 0.048567150486508504 -0.061334191201695837 0.039011758491129582 -0.0091668503303206968 -0.027100524589535348 -0.072338473261138916 0.04054580044028068 0.0055011712883428357 -0.083996870047840011 0.077481560969288238 -0.066058920559497233 0.071843982584856608 0.00087153547712967214 -0.078084174406099549 -0.07879627826320923
leaf_weight=4.7317181825637906 3.6052152812480918 4.4126662183552972 4.5288721304386845 4.0365241281688204 5.0857780091464511 3.009041039273141 4.4166768155992031 2.9642245639115563 4.2697278615087271 5.3610018836334365 2.2518831398338071 3.513269789516924 3.5431702546775341 6.4457554444670677 5.6173441000282764 3.2472190782427788 2.3863338939845562
leaf_count=17 17 37 21 28 22 20 24 23 23 38 18 13 25 28 37 30 22
internal_value=-7.5144e-05 -0.00579451 -0.000151183 -0.00709806 0.000798435 -0.00778621 0.0159786 -0.0239024 -0.0102622 0.00703867 0.0153468 -0.0072683 -0.0226864 0.0417202 0.0303495 -0.0449374 -0.0813212
internal_weight=73.4264 40.7024 36.2898 31.7609 27.7244 22.6386 9.14839 13.4902 10.526 32.724 25.5756 13.7688 7.14839 11.8068 9.13061 6.25626 4.63822
internal_count=443 245 208 187 159 137 41 96 73 198 156 90 42 66 50 50 40
is_linear=0
shrinkage=0.1


Tree=48
num_leaves=19
num_cat=0
split_feature=10 12 10 9 6 12 10 10 10 11 11 0 0 9 12 11 12 10
split_gain=0.290001 1.00756 0.765215 1.60953 0.87145 0.977509 0.80445 1.57087 1.26328 1.6357 0.853892 2.63652 1.77854 0.94106 0.92967 0.904107 0.466662 0.300857
threshold=44.500000000000007 0.7350000000000001 57.500000000000007 1.5000000000000002 1.0000000180025095e-35 0.23500000000000001 62.500000000000007 66.500000000000014 69.500000000000014 5.6250000000000009 10.105000000000002 1.0000000180025095e-35 1.0000000180025095e-35 3.5000000000000004 0.50500000000000012 14.580000000000002 0.54500000000000015 74.500000000000014
decision_type=2 2 2 2 2 2 2 2 2 2 2 2 2 2 2 2 2 2
left_child=1 -1 3 -2 5 -4 -7 -8 -9 -10 11 16 14 -14 -12 -16 -11 -6
right_child=2 -3 4 -5 17 6 7 8 9 10 12 -13 13 -15 15 -17 -18 -19
leaf_value=0.046099168519374262 0.013937634581347186 -0.015631812348820367 0.045710039831133552 -0.07290217572920045 -0.070138715838433882 0.035509212651911343 -0.056267380197573186 0.047205358220389321 0.060676505300302455 -0.046234471571504794 0.06279166906975113 0.023989731730233319 -0.090419966970790147 -0.00080553976088515954 0.045123416867756519 -0.036040042898314605 -0.10180090466759045 -0.014782328957874409
leaf_weight=5.2909817248582822 4.1745344055816513 5.2850482128560543 5.353595793247222 4.3671369422227144 2.0441563352942462 5.7121363505721083 5.1237725839018813 5.4576898440718642 3.3088761493563679 2.6559023931622523 4.0519957393407804 4.3259627874940634 2.5142944352701297 2.1946861036121845 2.4590547867119312 3.1059773024171591 3.5072820149362087 1.8891609348356722
leaf_count=21 22 30 21 27 27 26 36 26 14 16 16 26 29 14 16 26 37 13
internal_value=-5.85705e-05 0.015251 -0.00265976 -0.0304613 0.00176206 0.00534307 0.000477695 -0.00469224 0.0031769 -0.00536717 -0.0141735 -0.0358523 0.00169919 -0.0486539 0.0263546 -0.000175848 -0.0778556 -0.0435512
internal_weight=72.8222 10.576 62.2462 8.54167 53.7045 49.7712 44.4176 38.7055 33.5817 28.124 24.8152 10.4891 14.326 4.70898 9.61703 5.56503 6.16318 3.93332
internal_count=443 51 392 49 343 303 282 256 220 194 180 79 101 43 58 42 53 40
is_linear=0
shrinkage=0.1


Tree=49
num_leaves=16
num_cat=0
split_feature=11 11 1 10 10 10 12 10 12 9 11 11 11 12 12
split_gain=0.348064 0.492958 1.80031 0.690078 0.964498 0.774617 1.72542 1.24351 1.61521 1.09677 0.829217 0.788358 2.65552 1.08173 0.443074
threshold=5.4650000000000007 7.455000000000001 1.0000000180025095e-35 36.500000000000007 44.500000000000007 65.500000000000014 1.2050000000000003 69.500000000000014 0.53500000000000014 1.5000000000000002 16.215000000000003 13.800000000000002 15.245000000000003 1.2150000000000001 0.84500000000000008
decision_type=2 2 2 2 2 2 2 2 2 2 2 2 2 2 2
left_child=-1 2 -2 -3 -5 6 9 -7 10 -6 -9 13 -13 14 -10
right_child=1 3 -4 4 5 7 -8 8 11 -11 -12 12 -14 -15 -16
leaf_value=-0.021986550278734671 0.059525876264983006 -0.041266707952247239 -0.024661389957835549 0.046922915048350215 -0.10214730125783184 0.044748947149695323 0.015889808934675464 0.0040070876135468742 -0.057983502496392371 -0.025329682383104981 0.060504138954357294 0.067701418840909175 -0.054732419592747439 -0.010098184315599563 -0.12982901406222389
leaf_weight=6.5783985182642928 5.7342854142189008 4.063470445573329 4.5601429529488087 4.2917009927332392 2.8740373151376826 6.6235723500140038 6.7612035237252703 7.2541727237403411 1.9236227460205539 5.2607979085296392 4.0472759753465652 3.0374876214191318 4.2504791412502527 3.3008603285998106 1.5500540500506756
leaf_count=33 23 25 25 18 24 39 32 39 23 38 17 16 38 29 24
internal_value=-5.86105e-05 0.00214258 0.0222333 -0.00160158 0.00154795 -0.00260565 -0.0214416 0.00616594 -0.00390967 -0.0524693 0.0242398 -0.0265322 -0.0037043 -0.0510903 -0.090043
internal_weight=72.1116 65.5332 10.2944 55.2387 51.1753 46.8836 14.896 31.9875 25.364 8.13484 11.3014 14.0625 7.28797 6.77454 3.47368
internal_count=443 410 48 362 337 319 94 225 186 62 56 130 54 76 47
is_linear=0
shrinkage=0.1


Tree=50
num_leaves=17
num_cat=0
split_feature=9 11 12 12 12 3 12 11 11 9 10 10 12 3 10 11
split_gain=0.296544 0.851727 0.818154 1.22085 3.06649 1.10593 1.09358 0.767741 0.735796 1.28738 1.5568 1.19944 1.18238 3.83423 1.73535 0.119789
threshold=2.5000000000000004 5.4650000000000007 0.44500000000000006 0.84500000000000008 1.2550000000000001 1.0000000180025095e-35 0.25500000000000006 11.105000000000002 10.400000000000002 1.0000000180025095e-35 73.500000000000014 62.500000000000007 0.59500000000000008 1.0000000180025095e-35 65.500000000000014 8.5650000000000031
decision_type=2 2 2 2 2 2 2 2 2 2 2 2 2 2 2 2
left_child=1 -1 6 5 15 -4 -2 -6 12 -10 11 -11 -3 14 -14 -5
right_child=2 8 3 4 7 -7 -8 -9 9 10 -12 -13 13 -15 -16 -17
leaf_value=-0.053237091477697035 0.016285810566167461 0.046685199042010225 0.0054954501852917123 -0.058297708057993697 0.056509872981207888 0.067548947123417788 -0.062910477052294897 -0.0022238810511723849 0.029723530121266592 -0.030261283415255903 0.011060921338146399 -0.10831418629770728 -0.15395370845536413 0.051653693714600657 -0.01989265935694989 -0.091428830046438744
leaf_weight=3.4600549638271323 3.5010135099291828 6.7378761544823638 5.2660159608349222 2.4026472754776469 4.6905420161783677 6.3177921883761883 3.4733875840902328 4.2349497471004725 5.1696661170572069 6.631843473762272 6.2052371343597761 2.8000288140028715 1.8207690753042682 4.6741390749812126 2.0557341622188687 1.9994837548583744
leaf_count=18 17 31 38 16 21 28 25 29 23 38 39 32 19 23 22 24
internal_value=-5.76983e-05 -0.0058422 0.00711816 0.0155938 -0.00504481 0.0393393 -0.0231555 0.028642 -0.00129898 -0.0135376 -0.0278399 -0.0534328 0.0153571 -0.00932931 -0.0828603 -0.0733461
internal_weight=71.4412 39.5553 31.8858 24.9114 13.3276 11.5838 6.9744 8.92549 36.0953 20.8068 15.6371 9.43187 15.2885 8.55064 3.8765 4.40213
internal_count=443 245 198 156 90 66 42 50 227 132 109 70 95 64 41 40
is_linear=0
shrinkage=0.1


Tree=51
num_leaves=18
num_cat=0
split_feature=10 12 10 11 6 12 12 1 1 12 11 0 12 12 10 10 11
split_gain=0.260752 0.758531 0.614356 1.19675 0.828499 0.686305 0.753019 1.94004 1.92252 2.03795 1.67409 1.52235 1.4771 1.24554 0.710544 0.232083 0.182087
threshold=44.500000000000007 0.7350000000000001 57.500000000000007 13.105000000000002 1.0000000180025095e-35 0.23500000000000001 0.44500000000000006 1.0000000180025095e-35 1.0000000180025095e-35 0.56500000000000006 15.245000000000003 1.0000000180025095e-35 1.2550000000000001 0.74500000000000011 74.500000000000014 74.500000000000014 9.0800000000000018
decision_type=2 2 2 2 2 2 2 2 2 2 2 2 2 2 2 2 2
left_child=1 -1 3 -2 5 -4 7 -7 13 -10 11 16 -13 -8 -15 -6 -11
right_child=2 -3 4 -5 15 6 8 -9 9 10 -12 12 -14 14 -16 -17 -18
leaf_value=0.041868800596833004 -0.061529182993330336 -0.012306320780668805 0.039474920767772724 0.014744009744938964 -0.067499985996270578 0.020993754759781824 -0.079837399920468233 -0.075902233232234467 0.085882895545773552 0.042615270231306318 -0.04344163560603917 -0.06875469015809553 0.032384204105047019 0.013206942497081953 -0.043806828578502641 -0.018161547479836403 0.073945681626062507
leaf_weight=5.137061093002556 4.648425202816723 5.2012673653662205 5.157813996076583 3.6901477398350835 1.9520975491031998 4.2378978356718999 3.0128583284094921 4.0325303412973881 4.416185554116967 3.8338377568870801 4.4103964436799279 2.4937877971678972 3.4303455874323845 6.4050796143710595 3.3183959480375051 1.8635321091860531 3.5939553491771221
leaf_count=21 29 30 21 20 27 19 31 27 18 21 38 25 20 36 26 13 21
internal_value=-6.37595e-05 0.014613 -0.00257186 -0.0277753 0.00145739 0.00499817 0.000880452 -0.0262512 0.00730724 0.0250895 0.0099746 0.027619 -0.0101906 -0.023658 -0.00625053 -0.0434034 0.0577746
internal_weight=70.8356 10.3383 60.4973 8.33857 52.1587 48.3431 43.1853 8.27043 34.9148 22.1785 17.7623 13.3519 5.92413 12.7363 9.72348 3.81563 7.42779
internal_count=443 51 392 49 343 303 282 46 236 143 125 87 45 93 62 40 42
is_linear=0
shrinkage=0.1


Tree=52
num_leaves=18
num_cat=0
split_feature=12 12 3 10 10 10 10 10 10 11 12 0 6 11 11 12 11
split_gain=1.86685 0.813894 0.3909 1.04482 1.37173 1.27334 1.77721 0.87146 0.900041 1.75051 0.791445 0.585035 0.554731 1.30145 3.48527 1.54804 1.06034
threshold=0.17500000000000002 0.23500000000000001 1.0000000180025095e-35 60.500000000000007 68.500000000000014 73.500000000000014 84.500000000000014 84.500000000000014 80.500000000000014 5.7450000000000001 0.31500000000000006 1.0000000180025095e-35 1.0000000180025095e-35 10.560000000000002 9.1750000000000025 0.66500000000000015 14.580000000000002
decision_type=2 2 2 2 2 2 2 2 2 2 2 2 2 2 2 2 2
left_child=-1 -2 7 -4 -5 -6 11 8 9 -3 -11 -7 13 14 -12 -15 -17
right_child=1 2 3 4 5 6 -8 -9 -10 10 12 -13 -14 15 -16 16 -18
leaf_value=-0.10395638842135291 0.042358562866341848 -0.086090519922917677 0.044291445334771216 -0.061222813847540108 0.049731387489652175 -0.085639331806783126 0.035883888285693978 -0.049915299147197528 0.045932190358167556 0.043063377244944218 0.017768972835502682 -0.015117113708238598 -0.041534729153403206 -0.037966205882554137 -0.11471405217470432 0.077539189892862681 0.011893084590402982
leaf_weight=1.6875881850719441 4.768466241657733 2.5616079270839682 6.383668631315234 3.2835632227361229 5.2186396904289714 2.6290837498381716 4.0769037976861 4.1437609717249861 3.6019416190683833 3.7415496259927776 5.4270222205668741 2.1288427133113146 3.7811937727965406 3.5397062553092828 3.1315095499157906 4.1711621060967428 5.9996260134503245
leaf_count=10 20 15 27 23 30 28 19 23 18 16 39 17 38 28 32 21 39
internal_value=-4.97791e-05 0.0025068 -0.000470827 0.00970474 -0.00303042 0.0105661 -0.0125684 -0.00649021 -0.00148558 -0.00676465 5.60805e-05 -0.0540855 -0.00612099 -0.00010787 -0.0307057 0.0189923 0.0388153
internal_weight=70.2758 68.5882 63.8198 23.7207 17.337 14.0535 8.83483 40.0991 35.9553 32.3534 29.7918 4.75793 26.0502 22.269 8.55853 13.7105 10.1708
internal_count=443 433 413 144 117 94 64 269 246 228 213 45 197 159 71 88 60
is_linear=0
shrinkage=0.1


Tree=53
num_leaves=17
num_cat=0
split_feature=7 2 12 5 10 10 11 1 11 10 10 11 12 11 11 11
split_gain=0.304874 0.771578 2.42699 0.893497 1.31831 0.969713 0.727014 0.681659 0.735627 0.560289 0.879315 1.20121 0.86244 1.6501 1.03328 0.845604
threshold=1.0000000180025095e-35 1.0000000180025095e-35 0.34500000000000003 1.0000000180025095e-35 69.500000000000014 80.500000000000014 10.105000000000002 1.0000000180025095e-35 14.150000000000002 49.500000000000007 68.500000000000014 9.865000000000002 0.64500000000000013 9.4000000000000021 11.56 15.520000000000001
decision_type=2 2 2 2 2 2 2 2 2 2 2 2 2 2 2 2
left_child=1 2 -1 4 7 6 -6 8 -4 -3 11 -11 14 -14 -12 -13
right_child=-2 9 3 -5 5 -7 -8 -9 -10 10 12 15 13 -15 -16 -17
leaf_value=-0.090369490547207831 -0.027834382271849891 0.04835252388721311 0.038492234858096767 0.036469682451349128 -0.13847718171692178 -0.010559986603953372 -0.043363497101789751 -0.029548810297699207 -0.014146377079978546 -0.063491758569546294 -0.043284954679399738 0.04217721752430733 0.071661056947348034 -0.0059718286383703368 0.026584416798021739 -0.024046817192278039
leaf_weight=3.3458638861775425 3.7363261859863988 3.7358322590589514 7.4026361443102413 5.3579909703694275 1.4159179432317608 3.8717077616602182 1.8584018135443328 3.7323055360466233 4.1395115619525313 3.5093918442726153 3.7381529230624455 3.6338190324604511 6.3856629543006402 4.7928922642022371 4.8795541152358055 4.1076970715075731
leaf_count=21 31 16 34 29 20 26 31 28 27 20 23 17 26 38 25 31
internal_value=-4.59562e-05 0.00152939 -0.00990879 -0.000217447 -0.00898485 -0.0444365 -0.0844936 0.00760091 0.0196138 0.0117644 0.00736187 -0.0149615 0.020049 0.0383754 -0.00372323 0.00703833
internal_weight=69.6437 65.9073 31.1243 27.7785 22.4205 7.14603 3.27432 15.2745 11.5421 34.783 31.0472 11.2509 19.7963 11.1786 8.61771 7.74152
internal_count=443 412 216 195 166 77 51 89 61 196 180 68 112 64 48 48
is_linear=0
shrinkage=0.1


Tree=54
num_leaves=18
num_cat=0
split_feature=10 6 2 10 11 12 10 10 10 11 11 0 0 9 12 9 12
split_gain=0.27376 0.40833 1.65694 0.330352 1.06418 0.666848 0.703188 0.991456 0.871497 1.34066 0.667333 1.97426 1.42813 0.778158 0.681357 0.829923 0.467421
threshold=32.500000000000007 1.0000000180025095e-35 1.0000000180025095e-35 57.500000000000007 11.31 0.23500000000000001 62.500000000000007 66.500000000000014 69.500000000000014 5.6250000000000009 10.105000000000002 1.0000000180025095e-35 1.0000000180025095e-35 3.5000000000000004 0.50500000000000012 1.5000000000000002 0.54500000000000015
decision_type=2 2 2 2 2 2 2 2 2 2 2 2 2 2 2 2 2
left_child=-1 3 -3 4 -2 -5 -7 -8 -9 -10 11 16 14 -14 -12 -16 -11
right_child=1 2 -4 5 -6 6 7 8 9 10 12 -13 13 -15 15 -17 -18
leaf_value=0.029408978358030337 -0.049821257297798627 -0.082699926063425286 0.014161738238818328 0.039282148980951996 0.011762942977561025 0.03446951555233177 -0.045966623809745415 0.0402138663047482 0.056809901177985483 -0.039119902973859144 0.055560809220211109 0.020341092680053366 -0.085743297881160085 -0.0018510992095125648 0.038001323256430075 -0.040669628962046928 -0.096722768436815265
leaf_weight=3.018923580646514 4.7878135181963426 2.8877854477614155 4.5465222168713808 5.0989349335432044 6.778499505482614 5.4572679270058861 4.8807793073356143 5.1231087110936668 3.1140311583876636 2.5482598096132296 3.8728284984827024 4.0523251630365849 2.303142746910452 2.1265656985342503 2.8164338739588857 2.5595903871580958 3.1501368954777718
leaf_count=16 29 27 33 21 35 26 36 26 14 16 16 26 29 14 17 25 37
internal_value=-3.94123e-05 -0.0013843 -0.0234632 0.00141342 -0.0137295 0.0051318 0.000986274 -0.00401348 0.0024528 -0.00483544 -0.0130288 -0.033018 0.00122035 -0.0454693 0.0235822 0.000545128 -0.0709634
internal_weight=69.1229 66.104 7.43431 58.6697 11.5663 47.1034 42.0045 36.5472 31.6664 26.5433 23.4293 9.75072 13.6786 4.42971 9.24885 5.37602 5.6984
internal_count=443 427 60 367 64 303 282 256 220 194 180 79 101 43 58 42 53
is_linear=0
shrinkage=0.1


Tree=55
num_leaves=19
num_cat=0
split_feature=7 2 12 5 1 12 11 11 11 11 10 10 11 11 12 11 11 11
split_gain=0.249207 0.591934 2.00661 0.832819 1.13174 1.26443 1.77193 1.17235 1.94571 1.41935 0.554865 0.675653 1.51371 0.941077 0.748819 1.31031 0.778907 0.461035
threshold=1.0000000180025095e-35 1.0000000180025095e-35 0.34500000000000003 1.0000000180025095e-35 1.0000000180025095e-35 1.135 13.435 7.2250000000000005 10.105000000000002 14.150000000000002 44.500000000000007 68.500000000000014 9.865000000000002 15.520000000000001 0.64500000000000013 8.2800000000000011 11.56 13.895000000000001
decision_type=2 2 2 2 2 2 2 2 2 2 2 2 2 2 2 2 2 2
left_child=1 2 -1 4 7 6 -6 -4 -9 -10 -3 12 -12 -14 16 -16 -13 -17
right_child=-2 10 3 -5 5 -7 -8 8 9 -11 11 14 13 -15 15 17 -18 -19
leaf_value=-0.082262159242551244 -0.02538659264705977 0.050277484369125207 0.055841642859873392 0.03569167801477989 -0.069927676625827592 -0.096283169906772742 0.052123993336614841 -0.089630532781493522 0.061917667558962414 -0.021027546214660832 -0.06589065729134054 -0.0389237010120876 0.046437167436944586 -0.022032286810020316 0.07382927500450423 -0.025911745209343959 0.02211481477601801 0.029636894727120357
leaf_weight=3.3084428571164635 3.6718666628003112 3.1701911911368361 3.7598943412303987 5.3226534686982623 2.4092771718278518 2.6098668072372675 2.3494125604629517 2.3436982762068501 3.5177490934729558 4.9887715792283416 3.6635163128376034 3.6966887507587689 3.9539644308388215 4.0774918729439378 4.8580518253147584 2.7750837858766317 4.8120519556105137 3.2368911299854517
leaf_count=21 31 14 16 29 27 27 18 23 17 38 21 23 18 31 19 24 25 21
internal_value=-4.24587e-05 0.00139247 -0.00871241 0.00020053 -0.00839449 -0.0403472 -0.00966955 0.00772074 -0.00895445 0.0132733 0.010425 0.00635914 -0.0126223 0.0116759 0.0178143 0.035206 -0.00440384 0.00399605
internal_weight=68.5256 64.8537 30.6098 27.3013 21.9787 7.36856 4.75869 14.6101 10.8502 8.50652 34.2439 31.0737 11.695 8.03146 19.3788 10.87 8.50874 6.01197
internal_count=443 412 216 195 166 72 45 94 78 55 196 182 70 49 112 64 48 45
is_linear=0
shrinkage=0.1


Tree=56
num_leaves=16
num_cat=0
split_feature=11 12 12 9 11 11 11 11 12 12 11 11 10 12 10
split_gain=0.244749 0.430764 0.959596 0.444188 1.24594 0.823399 0.938169 1.08765 0.900527 1.15353 1.00029 2.233 2.01808 1.20837 0.993575
threshold=5.4650000000000007 2.2850000000000006 1.5750000000000004 3.5000000000000004 11.435000000000002 7.455000000000001 8.4850000000000012 9.2650000000000023 1.0600000000000003 0.37500000000000006 13.895000000000001 14.580000000000002 59.500000000000007 0.68500000000000016 64.500000000000014
decision_type=2 2 2 2 2 2 2 2 2 2 2 2 2 2 2
left_child=-1 2 3 5 -5 -2 -7 -8 9 -9 12 -12 -11 -13 -10
right_child=1 -3 -4 4 -6 6 7 8 14 10 11 13 -14 -15 -16
leaf_value=-0.018726259094690344 0.037683946353142067 0.040166568667230632 -0.043190843067006039 -0.063024984726927788 0.013016824616709818 -0.047856403841303762 0.064997429223319067 0.023450953933700516 0.058388559538058521 0.011652965094185903 0.072401015997886453 -0.0054375208500599724 -0.10921351918572997 -0.095185472893485057 -0.010316938219192022
leaf_weight=6.3475588485598555 7.7023830376565448 2.8071902859956017 4.7161443009972563 3.5076251523569209 5.5864941892214119 3.4563884167000642 2.9365075808018437 7.2555549256503644 4.8914805240929109 2.3879152610898009 2.6643126308917982 4.4293362069875002 3.277435066178441 2.2685626829043031 3.6946749705821276
leaf_count=33 36 18 37 27 39 30 19 34 20 15 11 35 37 25 27
internal_value=-3.00123e-05 0.0018971 6.92832e-05 0.00384335 -0.0163127 0.00791993 0.00176747 0.00684114 0.0013089 -0.00929332 -0.0251028 -0.00503299 -0.0582689 -0.0358349 0.0288242
internal_weight=67.9296 61.582 58.7748 54.0587 9.09412 44.9646 37.2622 33.8058 30.8693 22.2831 15.0276 9.36221 5.66535 6.6979 8.58616
internal_count=443 410 392 355 66 289 253 223 204 157 123 71 52 60 47
is_linear=0
shrinkage=0.1


Tree=57
num_leaves=17
num_cat=0
split_feature=11 11 11 10 12 11 12 2 12 12 12 11 11 10 12 11
split_gain=0.222838 0.956968 1.27744 0.706516 0.869813 0.837934 0.639124 1.14549 0.638785 0.484866 0.661638 0.908294 1.58939 1.46728 1.08745 0.362981
threshold=15.245000000000003 19.650000000000002 17.320000000000004 34.500000000000007 1.2150000000000001 5.4650000000000007 0.71500000000000008 1.0000000180025095e-35 1.5750000000000004 0.23500000000000001 0.40500000000000008 13.800000000000002 8.8900000000000023 66.500000000000014 0.84500000000000008 10.105000000000002
decision_type=2 2 2 2 2 2 2 2 2 2 2 2 2 2 2 2
left_child=3 2 -2 -1 5 -5 -3 -8 -6 -7 -11 12 14 -14 -12 -15
right_child=1 6 -4 4 8 9 7 -9 -10 10 11 -13 13 15 -16 -17
leaf_value=0.047767806092674003 -0.0051622179254791267 0.028768323347330267 -0.09635161252243174 -0.044468740780340743 0.048582444880352557 0.034394549280202726 -0.062157130244240133 0.023091901875014999 0.00026293062309962851 -0.03695774068271071 0.04681643271891648 0.046631276462654539 0.00095156387521502296 -0.12570280354852092 -0.021592112058763831 -0.057690733846659431
leaf_weight=3.3695004768669596 3.970036860555413 6.4905438218265754 2.5058718752115965 5.227392651140689 5.5534403920173627 3.4220183119177845 2.9017476234585047 3.450476435944438 5.3927604146301746 5.3413557745516327 5.5389264523983019 3.8024006951600304 3.2482817191630593 1.7230080980807545 4.0031885234639049 1.440992275252938
leaf_count=17 28 38 26 28 30 15 22 21 36 34 29 20 23 26 31 19
internal_value=-3.46494e-05 -0.00910534 -0.0404482 0.00361125 0.000282249 -0.00766286 0.00669917 -0.0158505 0.0247773 -0.0009168 -0.00573134 0.00271088 -0.00775663 -0.0462593 0.0181171 -0.0947278
internal_weight=67.3819 19.3187 6.47591 48.0633 44.6938 33.7476 12.8428 6.35222 10.9462 28.5202 25.0982 19.7568 15.9544 6.41228 9.54211 3.164
internal_count=443 135 54 308 291 225 81 43 66 197 182 148 128 68 60 45
is_linear=0
shrinkage=0.1


Tree=58
num_leaves=18
num_cat=0
split_feature=11 10 10 10 9 11 12 12 10 10 10 10 11 10 12 3 9
split_gain=0.203969 1.57431 1.8709 1.10756 0.908832 1.79147 2.54671 0.895114 1.38172 0.948312 0.862228 0.976307 1.91988 1.62286 1.333 2.25422 1.05653
threshold=10.400000000000002 38.000000000000007 47.500000000000007 86.500000000000014 2.5000000000000004 18.145000000000003 0.76500000000000012 0.78500000000000014 66.500000000000014 70.500000000000014 85.500000000000014 80.500000000000014 8.8400000000000016 70.500000000000014 0.44500000000000006 1.0000000180025095e-35 1.5000000000000002
decision_type=2 2 2 2 2 2 2 2 2 2 2 2 2 2 2 2 2
left_child=10 -2 -3 4 5 6 -4 9 -9 -6 11 12 13 14 -1 -16 -14
right_child=1 2 3 -5 7 -7 -8 8 -10 -11 -12 -13 16 -15 15 -17 -18
leaf_value=0.03720970447203046 -0.071528171276284386 0.071555743735699354 -0.14680542567216465 0.050054892703273915 -0.01286816215293987 0.007071026892589931 -0.019668293200390041 0.030832322017870104 -0.071276204221113526 0.059954049689934522 -0.043105724972224341 0.053749659615755188 -0.0066465507343863115 -0.084752255444574515 -0.085845542712831485 0.02708561912029929 0.064440005741449022
leaf_weight=4.9872618950903504 3.256899867206811 3.4012335017323521 2.5548906875774318 3.0426162332296363 3.183569395914672 5.9549156399443746 4.1103404094465077 2.3885561600327492 2.9769655801355839 4.0799760725349188 3.2484702020883551 4.5491973962634793 3.2306119073182327 2.9836020376533261 3.5937059111893177 3.4783413782715797 5.9258627621456981
leaf_count=21 21 13 26 15 25 37 34 16 31 25 18 24 24 32 29 16 36
internal_value=-4.02211e-05 -0.00532161 0.00148203 -0.0069422 -0.0138105 -0.0327895 -0.068402 0.00515496 -0.0258208 0.0280365 0.00572857 0.0112466 0.00325658 -0.0187187 -0.00238124 -0.0303011 0.0393591
internal_weight=66.947 34.95 31.6931 28.2918 25.2492 12.6201 6.66523 12.6291 5.36552 7.26355 31.9971 28.7486 24.1994 15.0429 12.0593 7.07205 9.15647
internal_count=443 243 222 209 194 97 60 97 47 50 200 182 158 98 66 45 60
is_linear=0
shrinkage=0.1


Tree=59
num_leaves=16
num_cat=0
split_feature=12 12 12 10 10 6 12 12 1 12 12 11 3 12 11
split_gain=0.411722 0.730535 0.479734 0.721129 0.963115 1.10652 0.627587 0.572481 1.52371 0.931217 1.22944 0.374219 0.708487 0.8065 0.0482294
threshold=2.2850000000000006 1.5750000000000004 1.3950000000000002 44.500000000000007 55.500000000000007 1.0000000180025095e-35 0.23500000000000001 0.44500000000000006 1.0000000180025095e-35 0.56500000000000006 0.71500000000000008 14.580000000000002 1.0000000180025095e-35 0.87500000000000011 12.805000000000001
decision_type=2 2 2 2 2 2 2 2 2 2 2 2 2 2 2
left_child=1 2 3 14 -5 6 -6 8 -8 -9 -11 12 13 -12 -1
right_child=-2 -3 -4 4 5 -7 7 9 -10 10 11 -13 -14 -15 -16
leaf_value=0.033168254595935288 0.037604976434525254 -0.039710254151438806 0.036493038467813696 -0.046954125365828742 0.037603418676457959 -0.054550949108438475 0.017614254059022484 0.041241622660305878 -0.070036146186481171 -0.06660136649995943 0.02474730693204627 -0.01784729160299783 0.039561287143942761 -0.049163310109667339 0.017729958409467485
leaf_weight=4.5803901813924295 2.781756864860653 4.6829831544309846 3.639839155599474 5.0685619292780748 4.8895376101136199 3.5061324699781826 4.1599303483963004 5.9357144422829178 3.7905442267656326 2.7021597079001394 3.2298375256359595 4.6892825677059582 6.05071278847754 2.7193793202750385 3.6250300817191601
leaf_count=22 18 38 20 34 21 38 20 31 27 35 22 37 36 26 18
internal_value=-4.80075e-05 -0.00170347 0.00133449 -0.000994504 -0.00579439 -0.000788288 0.00415049 -0.000764809 -0.0241748 0.00658386 -0.00402491 0.00610688 0.0154676 -0.00903714 0.0263478
internal_weight=66.0518 63.27 58.5871 54.9472 46.7418 41.6732 38.1671 33.2776 7.95047 25.3271 19.3914 16.6892 11.9999 5.94922 8.20542
internal_count=443 425 387 367 327 293 255 234 47 187 156 121 84 48 40
is_linear=0
shrinkage=0.1


Tree=60
num_leaves=17
num_cat=0
split_feature=12 12 12 10 10 6 12 12 1 12 12 11 11 9 12 11
split_gain=0.337022 0.593118 0.391828 0.588316 0.788774 0.94729 0.891526 0.604477 0.93366 0.891285 0.990146 0.354674 0.226133 2.10869 1.50534 0.040256
threshold=2.2850000000000006 1.5750000000000004 1.3950000000000002 44.500000000000007 58.500000000000007 1.0000000180025095e-35 0.23500000000000001 0.44500000000000006 1.0000000180025095e-35 0.56500000000000006 0.71500000000000008 15.050000000000002 8.8900000000000023 1.5000000000000002 0.95500000000000007 12.805000000000001
decision_type=2 2 2 2 2 2 2 2 2 2 2 2 2 2 2 2
left_child=1 2 3 15 11 6 -6 8 -8 -9 -11 -5 -12 -14 -15 -1
right_child=-2 -3 -4 4 5 -7 7 9 -10 10 12 -13 13 14 -16 -17
leaf_value=0.030148837335994456 0.034194270435980022 -0.035816117110962671 0.033107466643805906 -0.056235182123869 0.045305906590043188 -0.055314098500421897 0.0094323431638116892 0.040413002439297213 -0.062083077107259514 -0.061103052797046233 0.018571090035670302 -0.010582494917304914 0.046623206767654801 0.0099391773528315214 -0.098865688341501196 0.016003969289835118
leaf_weight=4.5375586338341218 2.754785666242241 4.673458155244588 3.6123577244579783 3.9132161457091561 4.6768435090780249 2.8512682896107426 3.6121185943484333 5.7777083814144161 3.6908534243702888 2.6534503013826933 6.8671722840517786 3.0112854978069663 4.2640094566158933 2.363464891910553 2.7523610913194716 3.6149401888251305
leaf_count=22 18 38 20 28 20 34 18 30 26 35 39 19 23 23 32 18
internal_value=-4.09654e-05 -0.00154101 0.00121135 -0.000899443 -0.00524947 0.000206904 0.00452534 -0.00143831 -0.0267109 0.00604057 -0.00446679 -0.036382 0.004783 -0.00531154 -0.0485988 0.0238768
internal_weight=65.6269 62.8721 58.1986 54.5863 46.4338 39.5093 36.658 31.9811 7.30297 24.6782 18.9005 6.9245 16.247 9.37984 5.11583 8.1525
internal_count=443 425 387 367 327 280 246 226 44 182 152 47 117 78 55 40
is_linear=0
shrinkage=0.1


Tree=61
num_leaves=17
num_cat=0
split_feature=12 12 7 12 11 11 11 1 11 12 11 2 11 9 0 2
split_gain=0.275732 0.481261 0.417386 0.575051 0.408585 0.560014 1.24369 0.988959 0.770126 1.02035 0.707679 1.67809 0.720899 0.586641 0.692776 0.498064
threshold=2.2850000000000006 1.5750000000000004 1.0000000180025095e-35 0.20500000000000004 5.2100000000000017 8.8400000000000016 7.455000000000001 1.0000000180025095e-35 15.145000000000001 0.49500000000000005 19.650000000000002 1.0000000180025095e-35 22.765000000000004 1.5000000000000002 1.0000000180025095e-35 1.0000000180025095e-35
decision_type=2 2 2 2 2 2 2 2 2 2 2 2 2 2 2 2
left_child=1 2 3 -1 -5 6 7 -6 9 -7 11 -10 -12 -11 -15 -14
right_child=-2 -3 -4 4 5 8 -8 -9 10 13 12 -13 15 14 -16 -17
leaf_value=-0.03404705477899448 0.031064455077183969 -0.032296963130537759 -0.035746413013492413 0.041073100663165808 0.035808497653339252 -0.016283244631559456 -0.062506793257002785 -0.027067423550067655 0.011965070246763382 0.012753383671421648 0.045261966128619407 -0.10173282273748248 -0.040300272012813922 0.080777602178007168 0.022964272643684804 0.015547600223645642
leaf_weight=3.8811406940221778 2.7304445989429942 4.6648954953998318 2.9196222219616166 3.0990238636732093 5.103540971875189 4.6863508746027973 3.7536634402349582 4.9065441153943539 3.1080463705584398 5.6582748061045995 3.6151916589587909 2.2291228277608752 3.0004306994378567 4.5517363040707988 3.8056746297515929 3.4137116204947233
leaf_count=20 18 38 27 14 24 30 36 30 24 37 21 23 20 28 31 22
internal_value=-4.02798e-05 -0.0014014 0.00109504 0.00305742 0.00588491 0.00360509 -0.0134184 0.00498923 0.0104826 0.0241111 -0.00610415 -0.035522 0.00955074 0.0376175 0.0544514 -0.0105771
internal_weight=65.1274 62.397 57.7321 54.8125 50.9313 47.8323 13.7637 10.0101 34.0685 18.702 15.3665 5.33717 10.0293 14.0157 8.35741 6.41414
internal_count=443 425 387 360 340 326 90 54 236 126 110 47 63 96 59 42
is_linear=0
shrinkage=0.1


Tree=62
num_leaves=17
num_cat=0
split_feature=9 5 12 12 11 9 11 12 12 12 12 10 11 0 12 11
split_gain=0.285965 0.647489 0.668434 0.624905 1.87106 1.06983 0.655823 0.660066 0.540149 1.12797 1.36711 1.33645 2.45692 1.23339 0.421613 0.391579
threshold=2.5000000000000004 1.0000000180025095e-35 0.38500000000000006 0.85500000000000009 9.8350000000000026 1.0000000180025095e-35 8.1200000000000028 1.5050000000000001 1.3950000000000002 0.84500000000000008 0.64500000000000013 65.500000000000014 7.455000000000001 1.0000000180025095e-35 0.27500000000000008 14.410000000000002
decision_type=2 2 2 2 2 2 2 2 2 2 2 2 2 2 2 2
left_child=1 2 14 4 -4 -6 -5 15 9 10 13 -11 -13 -2 -1 -8
right_child=8 -3 3 6 5 -7 7 -9 -10 11 -12 12 -14 -15 -16 -17
leaf_value=0.00067486282121115521 -0.041459805815853408 -0.051357777970277831 0.011750832603025518 -0.040467817975000257 -0.020132769703638212 -0.11774104770628752 0.048384283344883948 -0.019867909212905772 0.036069841328617659 0.023486682242149781 0.054767564382687595 0.017260726988558999 -0.13546942993926023 0.025964061995783688 0.045469555655850702 0.0037359196468333892
leaf_weight=4.3457858413457853 5.1258573792874902 2.8910824768245211 5.0709183383733052 2.8788980431854716 1.9500598460435865 2.647256797645241 4.6012555332854372 4.1313857790082684 5.3493333868682376 2.5831139031797639 5.6734821028076103 1.8945017531514166 2.3720490857958794 5.7641613818705082 4.0680635273456573 3.4275303483009338
leaf_count=19 39 21 35 19 11 37 30 33 33 15 34 9 33 35 21 19
internal_value=-3.46259e-05 -0.00597265 -0.00201107 -0.0103012 -0.0301362 -0.0763382 0.0024502 0.012611 0.0074001 0.000849774 0.0149646 -0.0332821 -0.0676518 -0.00577189 0.0223329 0.0293237
internal_weight=64.7747 36.0122 33.1212 24.7073 9.66823 4.59732 15.0391 12.1602 28.7625 23.4132 16.5635 6.84966 4.26655 10.89 8.41385 8.02879
internal_count=443 245 224 184 83 48 101 82 198 165 108 57 42 74 40 49
is_linear=0
shrinkage=0.1


Tree=63
num_leaves=19
num_cat=0
split_feature=10 10 11 11 11 11 10 10 11 1 10 5 12 2 11 10 12 10
split_gain=0.239183 1.4132 0.912641 1.19574 1.2146 1.42994 0.76049 0.856385 1.41323 1.20536 0.532807 1.48312 1.3396 1.18473 0.608528 1.00028 0.596445 0.0827856
threshold=68.500000000000014 69.500000000000014 5.2100000000000017 6.2950000000000008 7.455000000000001 9.5900000000000016 36.500000000000007 47.500000000000007 20.855000000000004 1.0000000180025095e-35 75.500000000000014 1.0000000180025095e-35 0.91000000000000014 1.0000000180025095e-35 8.8900000000000023 84.500000000000014 0.84500000000000008 83.500000000000014
decision_type=2 2 2 2 2 2 2 2 2 2 2 2 2 2 2 2 2 2
left_child=2 -2 -1 -4 -5 -6 -7 -8 9 -9 13 12 14 -3 -12 -16 -15 -14
right_child=1 10 3 4 5 6 7 8 -10 -11 11 -13 17 16 15 -17 -18 -19
leaf_value=0.0518754067509727 0.073233805732162691 -0.073043133424907633 -0.071408716283662049 0.059595416419210456 -0.079574574082899016 -0.045787313961117744 0.042096615871266591 -0.028007570933976624 -0.059574869397931662 0.044450171881968259 0.039559365471014719 0.051189931773342738 -0.046533657288009518 0.028425687890912606 -0.052966207558518365 0.026486649332975478 -0.031960390037638058 -0.077729136846173871
leaf_weight=2.4991326108574858 2.8527444545179597 2.9116354091092962 2.9549456536769894 2.6716070845723179 2.7330157151445773 3.4386023730039623 4.720357038080695 4.0395294795744103 3.736522873863577 5.3187866332009435 3.9960277713835257 5.8409969992935649 1.5910320947878056 3.9315101653337479 2.9447727096267045 3.4303742125630379 2.8010169304907322 1.8281744308769701
leaf_count=10 14 38 17 13 27 22 20 29 33 32 21 30 25 27 29 17 22 17
internal_value=-5.25688e-05 0.00604775 -0.00615589 -0.0110533 -0.00436319 -0.0114868 -0.0027314 0.00557904 -0.00758461 0.0131737 -0.000499168 0.00895644 -0.0089318 -0.0197467 0.00896388 -0.0102138 0.00330252 -0.0632132
internal_weight=64.2408 32.1283 32.1125 29.6134 26.6584 23.9868 21.2538 17.8152 13.0948 9.35832 29.2755 19.6314 13.7904 9.64416 10.3712 6.37515 6.73253 3.41921
internal_count=443 240 203 193 176 163 136 114 94 61 226 139 109 87 67 46 49 42
is_linear=0
shrinkage=0.1


Tree=64
num_leaves=19
num_cat=0
split_feature=11 10 6 10 12 10 10 10 12 11 12 11 11 9 5 3 12 10
split_gain=0.278179 0.395938 0.652683 0.876217 0.627863 0.636039 1.76099 1.26431 0.793424 1.75268 0.614698 1.14098 1.03291 0.957637 1.40421 0.413807 0.32575 0.322078
threshold=5.4650000000000007 38.000000000000007 1.0000000180025095e-35 47.500000000000007 0.28500000000000009 68.500000000000014 69.500000000000014 64.500000000000014 1.3950000000000002 11.105000000000002 0.53500000000000014 8.2800000000000011 10.105000000000002 1.5000000000000002 1.0000000180025095e-35 1.0000000180025095e-35 0.91000000000000014 73.500000000000014
decision_type=2 2 2 2 2 2 2 2 2 2 2 2 2 2 2 2 2 2
left_child=-1 -2 3 -3 -5 7 -7 8 9 -6 -8 -12 17 -14 16 -4 -15 -13
right_child=1 2 15 4 5 6 10 -9 -10 -11 11 12 13 14 -16 -17 -18 -19
leaf_value=-0.02041566050757454 -0.024747077798992139 0.051853437308778075 -0.056832021037002384 0.03080121898864259 0.02846478568824547 0.086887597347604761 0.024736630922580171 -0.074061056799940614 0.041431867473209712 -0.070574025118518194 0.031318666778763861 -0.049226932571952715 0.035872873695336593 -0.048715539518647009 0.02080539404898377 0.0040125952779297746 -0.12184909354786094 -0.11803521211805515
leaf_weight=6.0613064542412749 5.0106955450028172 4.1830102335661641 2.6677148425951591 7.257083471864461 3.6695479061454517 2.5569695755839374 6.3499367050826576 3.1593969184905282 3.0107533112168312 3.4827727996744215 4.1594909578561774 1.362994465976952 2.7011055927723646 1.0743014607578518 2.1095907762646675 1.9238761048763988 1.4063288047909734 1.3580867256969211
leaf_count=33 31 19 34 31 22 11 37 29 15 31 23 13 18 18 10 13 28 27
internal_value=-4.07177e-05 0.00210919 0.00467568 0.00813212 0.00394308 -0.00141145 0.00863168 -0.0188094 -0.00163329 -0.0197615 -0.00111881 -0.0127037 -0.0309921 -0.0113707 -0.0391711 -0.0313381 -0.0901767 -0.083569
internal_weight=63.505 57.4437 52.433 47.8414 43.6584 36.4013 23.0788 13.3225 10.1631 7.15232 20.5218 14.1719 10.0124 7.29133 4.59022 4.59159 2.48063 2.72108
internal_count=443 410 379 332 313 282 185 97 68 53 174 137 114 74 56 47 46 40
is_linear=0
shrinkage=0.1


Tree=65
num_leaves=19
num_cat=0
split_feature=11 10 10 11 12 11 10 10 12 11 11 12 11 10 10 11 12 11
split_gain=0.289033 0.320199 1.29858 0.885062 0.80876 0.592603 0.623823 0.774715 1.65596 1.30165 1.77167 0.546507 1.47846 1.23524 0.69247 0.537277 1.30253 0.320296
threshold=4.3800000000000017 68.500000000000014 69.500000000000014 5.7450000000000001 0.23500000000000001 6.6050000000000013 72.500000000000014 76.500000000000014 0.58500000000000008 8.5150000000000023 11.805000000000001 0.35500000000000004 6.1300000000000008 64.500000000000014 38.000000000000007 10.560000000000002 0.85500000000000009 14.150000000000002
decision_type=2 2 2 2 2 2 2 2 2 2 2 2 2 2 2 2 2 2
left_child=-1 11 -3 -4 -5 -6 -7 8 -8 -9 -11 -2 -13 14 -14 -16 -17 -12
right_child=1 2 3 4 5 6 7 9 -10 10 17 12 13 -15 15 16 -18 -19
leaf_value=-0.031759811027841242 0.021798067935588618 0.077509975974283662 0.054308778315760635 0.048042570200625224 -0.068035776005802379 -0.045242082458589065 0.11567760741613767 0.046774664430479479 -0.006385521540926079 -0.11323714411328385 0.022484641710542447 -0.091178378855140615 -0.031280226560929741 -0.063917737569352623 -0.012957080070605529 -0.019793334987176583 0.05508964368543981 -0.021976698641354927
leaf_weight=2.7488208226859561 5.741842811927202 2.5124213639646795 2.9363075159490135 2.6841607838869121 1.6345114633440996 3.2996106315404203 1.6970246396958852 2.9235194623470298 3.2208628826774657 1.9940840462222675 2.468765726312995 2.174665346741679 4.1586493272334399 3.0391044183634213 4.7096634339541188 3.6416812660172564 6.4140719547867775 4.7142914640717208
leaf_count=14 28 13 14 13 12 38 7 16 39 27 16 13 27 33 34 31 30 38
internal_value=-5.18993e-05 0.0014016 0.00868391 0.00241259 -0.00377259 -0.010108 -0.005448 0.0022674 0.035735 -0.0113343 -0.0298459 -0.00593089 -0.012527 -0.00473938 0.00476435 0.0149162 0.0279708 -0.00669565
internal_weight=62.7141 59.9652 30.0856 27.5731 24.6368 21.9527 20.3182 17.0185 4.91789 12.1007 9.17714 29.8797 24.1378 21.9632 18.9241 14.7654 10.0558 7.18306
internal_count=443 429 233 220 206 193 181 143 46 97 81 196 168 155 122 95 61 54
is_linear=0
shrinkage=0.1


Tree=66
num_leaves=18
num_cat=0
split_feature=7 2 12 5 1 10 11 11 11 9 5 10 12 11 11 10 10
split_gain=0.236418 0.620645 1.88683 0.767756 0.995338 1.17789 1.09125 0.85357 0.756989 0.782823 0.51175 2.53231 1.60574 1.1895 0.571578 0.962932 1.70856
threshold=1.0000000180025095e-35 1.0000000180025095e-35 0.34500000000000003 1.0000000180025095e-35 1.0000000180025095e-35 68.500000000000014 13.800000000000002 7.2250000000000005 20.075000000000006 1.0000000180025095e-35 1.0000000180025095e-35 76.500000000000014 0.53500000000000014 8.8400000000000016 10.400000000000002 63.500000000000007 76.500000000000014
decision_type=2 2 2 2 2 2 2 2 2 2 2 2 2 2 2 2 2
left_child=1 2 -1 4 7 -6 -7 -4 9 -9 13 12 -12 -3 -15 -16 -17
right_child=-2 10 3 -5 5 6 -8 8 -10 -11 11 -13 -14 14 15 16 -18
leaf_value=-0.083265541334657175 -0.026524553264272794 -0.019004943428004836 0.048424986477867964 0.035037529446327487 -0.098609517744231323 -0.061499755471705657 0.042003490647288644 0.0028736587321801749 0.035301757892405507 -0.064577921546536438 0.0045260923663570131 0.05785670392570539 -0.10349679608436008 0.061466561001683601 0.054600454664505083 -0.070157341526493874 0.036050001414942384
leaf_weight=3.0805421732366112 3.1965084541589013 5.9445986561477211 3.5549149066209855 4.930487686302512 2.3094633137807241 2.0165913780219853 2.0583481527864933 3.977053630165754 2.7873120596632361 3.0325910742394626 2.6679764874279517 3.4712386019527912 2.8418383775278926 4.9853792535141137 4.8087051436305028 2.4537789095193148 3.9577226173132658
leaf_count=21 31 35 16 29 25 30 17 24 17 37 17 17 27 26 23 27 24
internal_value=-3.81973e-05 0.00139974 -0.0094753 -0.000259906 -0.00907786 -0.0415539 -0.00921782 0.00645108 -0.00877953 -0.026308 0.0110927 -0.00904251 -0.0511897 0.0192567 0.033292 0.0207735 -0.00459716
internal_weight=62.0751 58.8785 27.7473 24.6668 19.7363 6.3844 4.07494 13.3519 9.79696 7.00964 31.1312 8.98105 5.50981 22.1502 16.2056 11.2202 6.4115
internal_count=443 412 216 195 166 72 47 94 78 61 196 61 44 135 100 74 51
is_linear=0
shrinkage=0.1


Tree=67
num_leaves=18
num_cat=0
split_feature=9 11 12 12 11 11 11 12 12 12 12 11 3 11 0 11 12
split_gain=0.209306 0.643048 1.01469 0.970379 0.753693 1.30856 0.767746 0.900285 0.578598 0.665649 2.03767 0.753744 0.661455 0.450834 0.384278 0.313063 0.0110555
threshold=2.5000000000000004 26.045000000000005 1.385 1.0900000000000003 10.650000000000002 13.895000000000001 5.4650000000000007 0.42500000000000004 0.44500000000000006 0.84500000000000008 1.2550000000000001 9.4000000000000021 1.0000000180025095e-35 8.8900000000000023 1.0000000180025095e-35 16.505000000000003 0.9850000000000001
decision_type=2 2 2 2 2 2 2 2 2 2 2 2 2 2 2 2 2
left_child=1 2 3 4 6 -6 -1 -8 14 12 16 -12 -10 -9 -2 -7 -11
right_child=8 -3 -4 -5 5 15 7 13 9 10 11 -13 -14 -15 -16 -17 -18
leaf_value=-0.041648022447857223 -0.047281049832289333 0.031606683586119608 -0.056846493306701898 0.037380810375454779 -0.099194423726260805 0.011291911201303228 0.059680147231053332 0.018890167723496637 0.0053225687064060619 -0.071984249583096682 0.065794677922120237 0.0014700508144467961 0.057475746915777982 -0.033138764209946533 0.0031218912391248886 -0.034049418505099995 -0.060659748655666271
leaf_weight=2.9744627326727011 2.8600722514092949 4.1695569930598131 4.0530101200565687 4.8337752213701597 2.3329995060339552 3.0806170534342527 3.2262549288570863 3.6924421135336161 4.5068819886073488 1.6224155900999888 2.9793425053358078 4.6881655789911747 5.2819275464862585 3.0337863848544657 3.2107111737132072 3.0113732321187854 1.8394363438710568
leaf_count=16 22 23 37 26 22 20 15 27 38 16 13 37 28 31 20 28 24
internal_value=-3.74529e-05 -0.00520849 -0.0102849 -0.00307808 -0.0122374 -0.0355098 0.00293014 0.0162531 0.00655512 0.0144429 -0.00228687 0.0264645 0.0334638 -0.00457687 -0.020624 -0.0111211 -0.065967
internal_weight=61.3972 34.4083 30.2387 26.1857 21.3519 8.42499 12.9269 9.95248 26.989 20.9182 11.1294 7.66751 9.78881 6.72623 6.07078 6.09199 3.46185
internal_count=443 245 222 185 159 70 89 73 198 156 90 50 66 58 42 48 40
is_linear=0
shrinkage=0.1


Tree=68
num_leaves=18
num_cat=0
split_feature=11 11 10 12 6 12 9 12 10 10 11 11 5 12 9 12 12
split_gain=0.217567 0.80245 0.610237 0.569671 0.667517 0.621719 0.664834 0.527243 0.420784 0.882288 0.622769 0.549834 2.34035 1.23526 0.666998 0.823876 0.0794237
threshold=17.320000000000004 20.075000000000006 34.500000000000007 1.2150000000000001 1.0000000180025095e-35 1.3650000000000004 2.5000000000000004 0.71500000000000008 80.500000000000014 84.500000000000014 5.4650000000000007 10.650000000000002 1.0000000180025095e-35 0.53500000000000014 2.5000000000000004 0.59500000000000008 1.2950000000000002
decision_type=2 2 2 2 2 2 2 2 2 2 2 2 2 2 2 2 2
left_child=2 -2 -1 4 8 -5 -7 -3 10 -10 -4 14 13 -13 15 -12 -9
right_child=1 7 3 5 -6 6 -8 16 9 -11 11 12 -14 -15 -16 -17 -18
leaf_value=0.045799319536521943 -0.057870478541551841 0.022216879686936759 -0.048539103272113859 0.055433097113845725 -0.051460948157408204 -0.03038948032053411 0.02911000622838213 -0.034306997953733868 0.052275223247643103 -0.013897590619246733 0.055659404267822433 -0.13651969611856182 0.044591539048834707 -0.024869004542820983 -0.026425014103601735 -0.0076800184017338183 -0.0093770488558737788
leaf_weight=3.1384778022766104 2.8956151003949335 5.7296205637976509 3.3899029344320359 3.3921071682125312 2.9935711645521215 3.2441688925027847 4.4593767952173948 2.5801780857145786 3.8415483357384783 4.2374076172709465 4.4759596101939696 1.7534520588815201 2.8810790069401264 2.2786091063171625 3.3265610560774794 3.7945430297404528 2.532001132145524
leaf_count=17 29 38 19 18 32 30 29 22 20 24 22 16 15 26 30 38 18
internal_value=-2.78626e-05 -0.0111038 0.00319529 0.000161091 -0.00643442 0.0197608 0.00405318 0.00138662 -0.00193828 0.0175676 -0.00913402 -0.00191749 -0.0242402 -0.0734234 0.0113893 0.026599 -0.0219595
internal_weight=60.9442 13.7374 47.2068 44.0683 32.9726 11.0957 7.70355 10.8418 29.9791 8.07896 21.9001 18.5102 6.91314 4.03206 11.5971 8.2705 5.11218
internal_count=443 107 336 319 242 77 59 78 210 44 166 147 57 42 90 60 40
is_linear=0
shrinkage=0.1


Tree=69
num_leaves=18
num_cat=0
split_feature=7 2 12 12 11 11 11 11 9 12 10 5 10 12 11 12 12
split_gain=0.195085 0.559314 1.44799 0.752747 1.12088 1.10066 1.34421 1.51418 0.928617 1.17822 0.525652 0.484554 2.08197 1.35326 0.977676 0.547052 0.70461
threshold=1.0000000180025095e-35 1.0000000180025095e-35 0.34500000000000003 0.44500000000000006 6.1300000000000008 7.2250000000000005 10.105000000000002 11.510000000000002 2.5000000000000004 1.135 68.500000000000014 1.0000000180025095e-35 76.500000000000014 0.53500000000000014 8.8400000000000016 1.2050000000000003 0.60500000000000009
decision_type=2 2 2 2 2 2 2 2 2 2 2 2 2 2 2 2 2
left_child=1 2 -1 -4 -5 -6 10 -8 9 -9 -7 14 13 -13 -3 16 -16
right_child=-2 11 3 4 5 6 7 8 -10 -11 -12 12 -14 -15 15 -17 -18
leaf_value=-0.075060521447452039 -0.024126883725145584 -0.016169335049483237 0.04496784532122601 -0.074840597486988042 0.07887169731230477 -0.094465842534559225 0.085966938324364653 0.010761222359564122 0.041884180646670065 -0.066476910036964751 -0.022674429943391704 0.0031080468344318532 0.052684883654039762 -0.097674299666923814 0.037631056594889835 0.059710491408996473 -0.01574320535058879
leaf_weight=2.9677441380918053 3.1827114382758728 5.8812217302620438 3.0998982600867775 2.2303351685404804 1.6223960816860223 1.9729411769658352 2.1090652532875529 4.3577607111074013 2.8949263324029744 3.6119565032422543 2.1113096759654582 2.6216813661158103 3.3291105628013611 2.7090601259842515 7.1867369059473258 4.8120109178125849 3.7712341612204909
leaf_count=21 31 35 19 15 8 24 8 39 25 30 27 17 17 27 35 26 39
internal_value=-2.93341e-05 0.0013094 -0.0091639 -0.00101898 -0.00783629 0.000163673 -0.00732231 0.00842817 -0.0066238 -0.0242439 -0.057354 0.0106312 -0.00936083 -0.0481091 0.0186274 0.0316044 0.0192621
internal_weight=60.4721 57.2894 26.9783 24.0106 20.9107 18.6804 17.058 12.9737 10.8646 7.96972 4.08425 30.3111 8.65985 5.33074 21.6512 15.77 10.958
internal_count=443 412 216 195 176 161 153 102 94 69 51 196 61 44 135 100 74
is_linear=0
shrinkage=0.1


Tree=70
num_leaves=19
num_cat=0
split_feature=12 12 12 10 10 6 12 12 1 1 12 10 12 11 12 12 3 11
split_gain=0.214809 0.525467 0.32511 0.425294 0.619568 0.848366 0.837608 0.720093 0.6767 0.653655 1.56274 2.41483 1.27726 1.32969 0.526707 1.07556 0.235616 0.0456557
threshold=2.2850000000000006 1.5750000000000004 1.3950000000000002 44.500000000000007 58.500000000000007 1.0000000180025095e-35 0.23500000000000001 0.44500000000000006 1.0000000180025095e-35 1.0000000180025095e-35 0.89500000000000013 69.500000000000014 0.56500000000000006 5.7450000000000001 0.80500000000000016 1.155 1.0000000180025095e-35 12.805000000000001
decision_type=2 2 2 2 2 2 2 2 2 2 2 2 2 2 2 2 2 2
left_child=1 2 3 17 16 6 -6 8 -8 10 11 -9 -11 -14 -15 -16 -5 -1
right_child=-2 -3 -4 4 5 -7 7 9 -10 12 -12 -13 13 14 15 -17 -18 -19
leaf_value=0.028172665519224212 0.0285993364081456 -0.036044871560479537 0.031703950270729142 -0.052161373882989998 0.045485571802655292 -0.055061793747483982 0.0024607872296738328 0.01375822427711245 -0.060329916978448452 0.072254615065973846 0.042345644922735431 -0.11946783747165518 0.066838818425442634 -0.06151509904752947 0.033929446051209768 -0.055399790044124431 -0.013673104581999704 0.012528260776705415
leaf_weight=4.1932823285460463 2.5122973416000596 4.0403369907289735 3.3115501161664715 3.2466812063939861 4.3896644935011855 2.5507283755578092 3.353436894714835 3.0180939128622413 3.5157965980470181 3.5816152319312105 3.1166840372607112 2.4772593416273594 2.4494970701634866 2.0277116987854242 3.3475184384733438 2.2564105726778507 3.1181224882602692 3.3602651581168175
leaf_count=22 18 38 20 30 20 34 18 19 26 18 20 34 10 26 32 23 17 18
internal_value=-2.14513e-05 -0.00127512 0.00135984 -0.000649765 -0.00454011 0.00053379 0.00476265 -0.00137103 -0.0296766 0.00735802 -0.0142186 -0.046299 0.0209584 0.00273396 -0.0178415 -0.00203879 -0.0333059 0.0212131
internal_weight=59.867 57.3547 53.3143 50.0028 42.4492 36.0844 33.5337 29.144 6.86923 22.2748 8.61204 5.49535 13.6628 10.0811 7.63164 5.60393 6.3648 7.55355
internal_count=443 425 387 367 327 280 246 226 44 182 73 53 109 91 81 55 47 40
is_linear=0
shrinkage=0.1


Tree=71
num_leaves=21
num_cat=0
split_feature=4 12 10 10 12 12 12 10 10 12 10 9 10 12 12 10 11 9 10 11
split_gain=0.197679 0.864264 0.4686 0.998865 0.356004 0.815133 0.781207 0.665815 1.04954 0.542892 0.610306 0.490757 0.398569 0.675634 0.841565 0.750795 0.734111 0.746915 0.529423 0.211537
threshold=1.0000000180025095e-35 0.34500000000000003 62.500000000000007 80.500000000000014 0.37500000000000006 0.27500000000000008 0.64500000000000013 51.500000000000007 68.500000000000014 0.72500000000000009 42.500000000000007 1.0000000180025095e-35 55.500000000000007 1.0900000000000003 0.84500000000000008 62.500000000000007 8.5150000000000023 1.5000000000000002 72.500000000000014 13.685000000000002
decision_type=2 2 2 2 2 2 2 2 2 2 2 2 2 2 2 2 2 2 2 2
left_child=4 -2 -3 -4 5 -1 7 -6 -9 -8 -11 -12 -13 14 -14 -15 -17 -18 -19 -10
right_child=1 2 3 -5 6 -7 9 8 19 10 11 12 13 15 -16 16 17 18 -20 -21
leaf_value=-0.0048147702004589354 -0.065693446634902827 0.053615342378331765 -0.074339969028792516 0.045813685223095431 0.018224770512696522 0.052359250870266529 0.04498437730204749 -0.10263358922449772 -0.038211345549824804 -0.035934425464734375 0.046012810903201917 -0.028156880181795019 0.017081287908985689 0.065417011086128893 -0.053502428410298314 0.052679788543944173 0.036462349725226585 0.00056744901727299275 -0.065072206370094629 0.0045838861445448775
leaf_weight=6.0610038973391038 2.3091377019882193 1.5728368111886082 1.3948334800079467 1.372874450869858 2.3088962808251363 4.236686497926712 3.0888426313176742 2.1003659088164568 2.3736720215529203 3.9023107998073128 2.8008006047457483 3.7501924913376596 3.3756095357239273 2.9176772199571124 3.3811587113887072 2.6762922322377545 2.4670770652592182 2.5588693767786026 2.3639228967949748 2.2497864635661244
leaf_count=32 16 12 31 11 12 22 23 26 24 26 13 21 25 14 40 16 14 22 27 16
internal_value=-2.0208e-05 -0.0162658 0.0100293 -0.0147398 0.00203304 0.0187078 -0.00202485 -0.0281064 -0.0440161 0.00505352 0.000968581 0.00644588 0.00172833 0.00740573 -0.0182396 0.0207515 0.00780519 -0.00844646 -0.0309527 -0.0173871
internal_weight=59.2628 6.64968 4.34054 2.76771 52.6132 10.2977 42.3155 9.03272 6.72382 33.2828 30.1939 26.2916 23.4908 19.7406 6.75677 12.9838 10.0662 7.38987 4.92279 4.62346
internal_count=443 70 54 42 373 54 319 78 66 241 218 192 179 158 65 93 79 63 49 40
is_linear=0
shrinkage=0.1


Tree=72
num_leaves=15
num_cat=0
split_feature=11 11 1 11 11 9 11 2 10 10 11 9 9 11
split_gain=0.197678 0.654911 0.522158 1.23549 0.509949 0.909029 0.445884 0.738424 0.67447 0.617617 0.9365 0.962806 0.943777 0.865575
threshold=17.320000000000004 20.075000000000006 1.0000000180025095e-35 23.555000000000003 13.685000000000002 2.5000000000000004 10.400000000000002 1.0000000180025095e-35 85.500000000000014 80.500000000000014 8.8400000000000016 1.5000000000000002 1.5000000000000002 6.4000000000000012
decision_type=2 2 2 2 2 2 2 2 2 2 2 2 2 2
left_child=4 -2 -3 -4 6 -6 8 -8 9 10 11 -1 -12 -13
right_child=1 2 3 -5 5 -7 7 -9 -10 -11 12 13 -14 -15
leaf_value=0.019633580952388596 -0.053914395003144926 0.020164131389259616 0.026399059619922505 -0.077990541497856905 -0.0072198004543504628 0.053644449205767442 -0.062792620582670863 0.0013462201523108779 -0.04214508169926813 0.045287497610009636 -0.017418125717289141 -0.012479165499749485 0.05394709280029325 -0.0814282385317385
leaf_weight=5.085247518494735 2.779747088905423 5.95005522854626 2.3082251418381929 2.2282605106011033 4.8941483497619611 4.9214415103197098 2.9764412227086714 4.5221782010048628 2.9223367646336547 3.8827881189063183 2.868339750915764 5.3722118046134693 5.2354360995814204 2.7541800159960985
leaf_count=32 29 38 18 22 37 29 35 35 18 24 24 33 36 33
internal_value=-2.02458e-05 -0.0107595 0.000679864 -0.0248757 0.00311547 0.0232969 -0.00244595 -0.0241125 0.00333166 0.00860578 0.00192388 -0.0144923 0.0286873 -0.0358472
internal_weight=58.701 13.2663 10.4865 4.53649 45.4347 9.81559 35.6192 7.49862 28.1205 25.1982 21.3154 13.2116 8.10378 8.12639
internal_count=443 107 78 40 336 66 270 70 200 182 158 98 60 66
is_linear=0
shrinkage=0.1


Tree=73
num_leaves=16
num_cat=0
split_feature=10 11 11 9 12 12 12 10 11 1 9 9 3 11 12
split_gain=0.20849 0.24533 0.296743 0.532646 1.09741 0.498319 0.729862 0.619084 0.835834 0.912379 0.494729 0.703436 0.550237 3.50895 0.455273
threshold=89.500000000000014 5.4650000000000007 17.320000000000004 1.5000000000000002 0.71500000000000008 0.71500000000000008 0.77500000000000013 67.500000000000014 8.6600000000000019 1.0000000180025095e-35 3.5000000000000004 2.5000000000000004 1.0000000180025095e-35 10.560000000000002 0.44500000000000006
decision_type=2 2 2 2 2 2 2 2 2 2 2 2 2 2 2
left_child=1 -1 5 -4 -5 7 -7 14 -9 -10 11 12 13 -8 -3
right_child=-2 2 3 4 -6 6 10 8 9 -11 -12 -13 -14 -15 -16
leaf_value=-0.022377763235617985 0.025490636459739809 0.037250337695550466 0.010060566879563649 0.00054445382387070438 -0.082476479473825567 0.068663304870275249 -0.11267114736855453 -0.070595453319794832 -0.050487257260430678 0.027260214276077801 -0.024013881337827538 0.048544569086625397 0.027103253054445293 0.041874220142415743 -0.01474604436568161
leaf_weight=5.0723198913037768 3.037463564425706 3.8124441504478446 5.5524145495146495 4.0824763905256987 2.6101740277372301 2.2569465232081738 2.3791033606976324 2.8350294604897481 2.5839288346469402 3.6296318303793669 3.758608888834714 4.7582231545820823 5.0882607996463776 3.8411191038321704 3.0161533188074827
leaf_count=30 17 18 33 35 34 15 32 25 26 25 31 36 32 27 27
internal_value=-1.70667e-05 -0.00141872 0.000698843 -0.0128374 -0.0318342 0.0050654 0.0147808 -0.00844688 -0.0256008 -0.00507132 0.00864668 0.0162872 0.00271442 -0.0172361 0.0142838
internal_weight=58.3143 55.2768 50.2045 12.2451 6.69265 37.9594 22.0823 15.8772 9.04859 6.21356 19.8253 16.0667 11.3085 6.22022 6.8286
internal_count=443 426 396 102 69 294 173 121 76 51 158 127 91 59 45
is_linear=0
shrinkage=0.1


Tree=74
num_leaves=19
num_cat=0
split_feature=10 12 10 9 10 10 10 10 11 12 12 11 3 1 11 10 2 11
split_gain=0.170083 0.203606 0.653292 0.639903 0.597481 0.561703 0.425273 0.999173 0.842007 1.00512 0.409321 1.51586 0.771434 0.638428 1.64435 0.425508 0.403152 0.00622999
threshold=89.500000000000014 0.81500000000000006 38.000000000000007 3.5000000000000004 47.500000000000007 84.500000000000014 56.500000000000007 62.500000000000007 9.1750000000000025 1.5050000000000001 0.58500000000000008 13.895000000000001 1.0000000180025095e-35 1.0000000180025095e-35 10.400000000000002 73.500000000000014 1.0000000180025095e-35 8.3950000000000014
decision_type=2 2 2 2 2 2 2 2 2 2 2 2 2 2 2 2 2 2
left_child=1 5 -3 4 -4 10 -6 -8 -9 16 12 17 13 14 -1 -15 -10 -12
right_child=-2 2 3 -5 6 -7 7 8 9 -11 11 -13 -14 15 -16 -17 -18 -19
leaf_value=0.029025760627354714 0.023077740034347712 -0.045387184031474091 0.063574043564667573 -0.025861796191503934 -0.025166683220668756 -0.048807380372341481 0.070801827369223982 0.038662675478341423 -0.020295697368122863 -0.074925918079165113 -0.084811966935591815 0.02103894899254467 -0.034043017238592994 0.014695582155319376 -0.059443659310771814 0.064210543141350246 0.038246414342910318 -0.07527023284096801
leaf_weight=5.7712804097682362 3.0204800926148883 2.3218001183122423 2.4869816396385493 4.0575764430686823 2.716929133981469 2.8962252885103217 2.860559443011879 4.4048413587734085 2.4141986528411508 2.1027390295639634 1.2095042653381818 3.2610655827447772 4.1463560443371525 3.8534857034683219 3.3034694138914347 3.1577243134379387 2.294213037006557 1.5757732256315646
leaf_count=30 17 17 13 34 19 18 15 29 27 31 13 33 33 27 25 17 18 27
internal_value=-2.42473e-05 -0.00129678 0.00520069 0.0102335 0.0178297 -0.00701143 0.0110553 0.0180466 0.00459174 -0.0174423 -0.00240501 -0.0252351 0.00441766 0.0143314 -0.00317965 0.0369962 0.00822944 -0.0794137
internal_weight=57.8552 54.8347 25.6598 23.338 19.2805 29.1749 16.7935 14.0766 11.216 6.81115 26.2787 6.04634 20.2323 16.086 9.07475 7.01121 4.70841 2.78528
internal_count=443 426 203 186 152 223 139 120 105 76 205 73 132 99 55 44 45 40
is_linear=0
shrinkage=0.1


Tree=75
num_leaves=18
num_cat=0
split_feature=12 12 12 10 11 11 10 11 10 11 5 11 2 3 2 10 10
split_gain=0.186361 0.395094 0.3315 0.370294 0.397372 1.311 1.25937 0.908956 1.16821 0.926112 0.658321 0.639084 0.897706 0.791792 0.589426 0.700694 0.253798
threshold=2.2850000000000006 1.5750000000000004 1.3950000000000002 34.500000000000007 9.9850000000000012 8.8900000000000023 67.500000000000014 10.650000000000002 85.500000000000014 12.340000000000002 1.0000000180025095e-35 6.2950000000000008 1.0000000180025095e-35 1.0000000180025095e-35 1.0000000180025095e-35 66.500000000000014 73.500000000000014
decision_type=2 2 2 2 2 2 2 2 2 2 2 2 2 2 2 2 2
left_child=1 2 3 -1 5 11 -7 -6 9 -9 14 13 -13 -5 15 -11 -16
right_child=-2 -3 -4 4 7 6 -8 8 -10 10 -12 12 -14 -15 16 -17 -18
leaf_value=0.032486698542143463 0.027193856073839145 -0.03210779937550317 0.032410052122539064 -0.046184259274053112 0.064832148317061772 -0.0084744354197593876 -0.13129219521028809 -0.06391081428265373 0.060630144454577456 -0.072676111432208423 0.030848869510531479 0.046346508584199621 -0.020616359976500492 0.014749040734694546 -0.011217155626438657 -0.0033773746303075326 0.029288050335423768
leaf_weight=3.0972677413374177 2.4116395562887183 3.8482399145141235 3.1752293035387984 5.1693843714892918 2.3223525937646654 1.6433625873178237 1.6970794536173341 2.6932689053937855 2.7072482388466588 2.748959621414544 4.7356842616572967 4.6921240864321572 3.4919244693592191 3.6301185414195061 3.2021167259663343 3.1095378617756069 2.9926366428844631
leaf_count=18 18 38 20 32 13 12 28 30 15 26 34 34 30 17 25 33 20
internal_value=-1.40902e-05 -0.00120805 0.00111857 -0.000954267 -0.00326438 -0.0136032 -0.0708708 0.00530804 -0.00092177 -0.00947503 -0.000742478 -0.00233936 0.0177752 -0.021047 -0.0131546 -0.0358941 0.00835059
internal_weight=57.3682 54.9565 51.1083 47.9331 44.8358 20.324 3.34044 24.5118 22.1895 19.4822 16.7889 16.9836 8.18405 8.7995 12.0533 5.8585 6.19475
internal_count=443 425 387 367 349 153 40 196 183 168 138 113 64 49 104 59 45
is_linear=0
shrinkage=0.1


Tree=76
num_leaves=19
num_cat=0
split_feature=9 5 11 11 2 11 10 10 11 11 11 2 0 12 12 11 1 11
split_gain=0.169509 0.589518 0.571295 0.867062 1.20843 0.645766 0.601186 0.925506 0.551321 0.468658 0.800186 0.620837 0.705221 0.845834 0.430523 0.420312 0.260935 0.245991
threshold=2.5000000000000004 1.0000000180025095e-35 26.045000000000005 14.580000000000002 1.0000000180025095e-35 10.105000000000002 69.500000000000014 55.500000000000007 11.730000000000002 17.320000000000004 14.150000000000002 1.0000000180025095e-35 1.0000000180025095e-35 0.64500000000000013 0.56500000000000006 9.3250000000000011 1.0000000180025095e-35 23.555000000000003
decision_type=2 2 2 2 2 2 2 2 2 2 2 2 2 2 2 2 2 2
left_child=1 2 3 5 14 6 7 -1 -7 10 11 -2 13 -13 -5 -14 -8 -11
right_child=9 -3 -4 4 -6 8 16 -9 -10 17 -12 12 15 -15 -16 -17 -18 -19
leaf_value=-0.028211106098039642 -0.034772436504230862 -0.05064029885198517 0.035265756731632077 -0.035829379912076596 0.01419197452378705 0.059529653278689899 -0.072717794207815364 0.035568526175329178 0.0033296626597399542 -0.0033037577220151517 0.055952015188813889 -0.053851723932518386 0.013902159069522583 0.019754899855436915 -0.10653184445698281 0.062988596750145467 -0.01768514455098914 -0.051110271117538519
leaf_weight=4.527843091636905 3.3844331889413377 2.5823446074500671 3.8202593624591819 1.4823828563094132 2.4746600054204464 3.125373654998838 1.723286452703177 4.5730939134955406 3.953752875328064 2.5662476406432679 3.5179728902876368 2.6781185967847705 4.1119846813380718 3.7432590825483203 2.0554191814735532 3.0296822739765048 1.7229961319826543 1.8538832208141682
leaf_count=30 33 21 22 11 15 19 24 30 28 25 22 23 27 29 29 18 16 21
internal_value=-1.76095e-05 -0.00482662 -0.000810651 -0.00618614 -0.0394115 0.00399233 -0.00963259 0.00383727 0.0281415 0.00617423 0.0125519 0.00354285 0.0131038 -0.0109437 -0.0769066 0.0347259 -0.0452038 -0.0233547
internal_weight=56.927 32.0414 29.4591 25.6388 6.01246 19.6263 12.5472 9.10094 7.07913 24.8856 20.4655 16.9475 13.563 6.42138 3.5378 7.14167 3.44628 4.42013
internal_count=443 245 224 202 55 147 100 60 47 198 152 130 97 52 40 45 40 46
is_linear=0
shrinkage=0.1


Tree=77
num_leaves=21
num_cat=0
split_feature=10 11 11 10 2 12 11 10 12 10 10 11 10 9 11 12 12 12 10 10
split_gain=0.157583 0.290039 0.715641 0.930499 0.449141 0.976433 2.40685 1.11451 0.996191 0.636886 0.957643 0.524615 0.756545 0.731179 0.836382 0.573193 1.47551 1.95328 0.505718 0.0998467
threshold=87.500000000000014 20.855000000000004 29.435000000000006 64.500000000000014 1.0000000180025095e-35 0.84500000000000008 8.8900000000000023 63.500000000000007 0.95500000000000007 55.500000000000007 69.500000000000014 17.180000000000003 49.500000000000007 2.5000000000000004 9.4350000000000005 0.28500000000000009 0.71500000000000008 0.84500000000000008 72.500000000000014 71.500000000000014
decision_type=2 2 2 2 2 2 2 2 2 2 2 2 2 2 2 2 2 2 2 2
left_child=1 4 3 -3 5 6 -1 -8 -7 -10 -11 12 -6 14 -14 -15 -17 -18 -9 -19
right_child=-2 2 -4 -5 11 8 7 18 9 10 -12 -13 13 15 -16 16 17 19 -20 -21
leaf_value=0.01328042524966426 0.017428327940411163 -0.087661830160902066 0.016846890567319316 0.0039708398054391818 0.053692340144805097 0.064891879606958344 -0.14730817139809779 -0.0028132026649813732 -0.039023724370132649 0.075054364512861557 -0.015842092003629876 0.04923788965326871 0.010854074625000883 0.058250131048514057 -0.071459981971835507 -0.057071890841337007 0.099981081828787621 0.0039451989229062458 -0.089177190244379992 -0.024886369813737919
leaf_weight=5.3524207323789614 4.7446397803723803 2.4036812949925652 3.1498571485280991 2.0561681818217039 2.7686088159680429 2.6374727939255527 1.7855103118345139 1.3695745277218523 3.3912422042340022 1.8171938238665459 3.2003930162172765 3.1169376121833912 2.2224181592464474 2.0860440880060187 2.7766342982649803 3.0861974190920574 2.3670384306460619 2.3202865347266197 1.3427730547264216 2.4903217880055308
leaf_count=32 27 24 20 22 13 17 20 17 24 14 37 20 13 11 27 30 12 15 23 25
internal_value=-1.38541e-05 -0.00161331 -0.0196435 -0.0454155 0.00149571 -0.00914199 -0.0320332 -0.085956 0.0112707 -0.00554792 0.0170774 0.011063 0.00514836 -0.00259847 -0.0348658 0.0104629 0.000750485 0.0256126 -0.0455685 -0.0109801
internal_weight=56.4854 51.7408 7.60971 4.45985 44.1311 20.8966 9.85028 4.49786 11.0463 8.40883 5.01759 23.2345 20.1175 17.3489 4.99905 12.3499 10.2638 7.17765 2.71235 4.81061
internal_count=443 416 66 46 350 184 92 60 92 75 51 166 146 133 40 93 82 52 40 40
is_linear=0
shrinkage=0.1


Tree=78
num_leaves=21
num_cat=0
split_feature=11 11 11 11 10 10 10 5 11 11 11 11 10 11 11 11 11 10 12 12
split_gain=0.148163 0.821511 0.553889 0.206165 1.13487 0.564851 0.426695 0.402076 1.56436 1.58577 0.32924 0.561324 1.21197 1.29417 0.566337 0.861662 0.32238 0.699338 1.38331 0.248103
threshold=4.3800000000000017 5.3000000000000007 5.6250000000000009 7.455000000000001 65.500000000000014 36.500000000000007 44.500000000000007 1.0000000180025095e-35 11.56 15.520000000000001 8.6600000000000019 11.510000000000002 86.500000000000014 13.800000000000002 9.9850000000000012 9.4000000000000021 14.81 63.500000000000007 0.56500000000000006 1.2150000000000001
decision_type=2 2 2 2 2 2 2 2 2 2 2 2 2 2 2 2 2 2 2 2
left_child=-1 -2 -3 4 -4 -5 -7 10 -9 -10 -8 14 13 -13 15 -12 -15 -18 -19 -20
right_child=1 2 3 5 -6 6 7 8 9 -11 11 12 -14 16 -16 -17 17 18 19 -21
leaf_value=-0.023000753212652224 0.06889556400894048 -0.047382826815790119 0.05783518210685315 -0.041269889563421147 -0.023301983237061213 0.036359415863455528 -0.025427460546358933 -0.093840351895199972 0.065752265629788878 -0.045028211890418911 0.044998697474653987 -0.083896340543538978 0.064478283339600193 0.033590130708195769 0.062534647935635637 -0.037661054967010651 0.020217849369889591 0.012691868270294563 -0.12585978759365613 -0.060189223155375227
leaf_weight=2.6702592559158793 1.7311290949583042 2.4662076570093623 3.4433233737945548 3.282668186351656 3.4521916573867202 3.2941681779921046 3.3151003541424897 2.1496814647689453 2.4628862063400447 2.7183254892006516 2.8781007756479102 2.2050832503009614 2.3195682410150757 2.248663082253187 3.1744230454787612 2.2446272261440754 4.5465791355818492 2.883171359077096 1.0895321967545899 1.2188957622274754
leaf_count=14 9 16 17 25 25 18 32 24 15 27 22 33 12 15 20 29 28 18 29 15
internal_value=-1.58178e-05 0.0011395 -0.00114279 0.00118798 0.0172144 -0.00144126 0.00193289 -0.00126575 -0.0221239 0.00763123 0.00417125 0.00812643 -0.00253651 -0.0134896 0.0293459 0.00877965 -0.000537665 -0.00841819 -0.0334964 -0.0911844
internal_weight=55.7946 53.1243 51.3932 48.927 6.89552 42.0315 38.7488 35.4546 7.33089 5.18121 28.1237 24.8086 16.5115 14.1919 8.29715 5.12273 11.9868 9.73818 5.1916 2.30843
internal_count=443 429 420 404 42 362 337 319 66 42 253 221 150 138 71 51 105 90 62 44
is_linear=0
shrinkage=0.1


Tree=79
num_leaves=18
num_cat=0
split_feature=9 11 12 12 12 12 12 11 3 12 11 12 10 11 11 2 12
split_gain=0.136812 0.480184 0.589047 0.553393 0.396384 0.649945 1.48959 0.536172 0.481641 0.478329 0.462031 0.370937 0.524663 0.762578 0.928362 0.596683 2.7111
threshold=2.5000000000000004 26.045000000000005 1.385 1.0900000000000003 0.44500000000000006 0.84500000000000008 1.2550000000000001 9.4000000000000021 1.0000000180025095e-35 0.25500000000000006 7.455000000000001 0.87500000000000011 77.500000000000014 6.4000000000000012 8.8900000000000023 1.0000000180025095e-35 0.76500000000000012
decision_type=2 2 2 2 2 2 2 2 2 2 2 2 2 2 2 2 2
left_child=1 2 3 11 9 8 10 -8 -6 -2 -7 12 13 -1 -15 16 -16
right_child=4 -3 -4 -5 5 6 7 -9 -10 -11 -12 -13 -14 14 15 -17 -18
leaf_value=-0.041308177650094917 0.01162707500113818 0.028778051503034908 -0.046979942252696118 0.028944883953444928 0.00705713571710805 -0.021756830505172645 0.056416217188070841 -0.00082484848213484777 0.05429606074156848 -0.048170025606384434 -0.097703172488045886 -0.04324344906377587 -0.040558392174883516 0.071020843105186693 -0.1009684798603042 0.031125720622851197 0.057809955354601462
leaf_weight=2.8679117634892632 2.6657599471509483 3.8217818625271311 3.56294076796621 4.3302985299378625 4.0034079048782605 1.5476584248244747 2.6777534633874893 4.2078508343547583 4.6832171250134706 2.6852056998759508 1.6604930236935613 2.9509393309708676 3.2673254525288931 2.4288343004882318 2.2372575676999986 3.4576134607195854 2.0707024233415723
leaf_count=17 17 23 37 26 38 10 13 37 28 25 30 30 29 14 31 22 16
internal_value=-1.54699e-05 -0.00441109 -0.00907888 -0.00335952 0.00563051 0.0124717 -0.0047861 0.0214357 0.032525 -0.0183801 -0.0610656 -0.0106149 -0.00471856 0.00424619 0.0170616 0.000184845 -0.0246486
internal_weight=55.127 30.9956 27.1738 23.6109 24.1313 18.7804 10.0938 6.8856 8.68663 5.35097 3.20815 19.2806 16.3296 13.0623 10.1944 7.76557 4.30796
internal_count=443 245 222 185 198 156 90 50 66 42 40 159 129 100 83 69 47
is_linear=0
shrinkage=0.1


Tree=80
num_leaves=19
num_cat=0
split_feature=10 11 12 10 11 10 11 12 12 12 12 12 11 12 12 11 12 11
split_gain=0.126113 0.244493 0.600955 0.361421 0.499895 0.366709 0.559325 0.434463 1.17717 0.685256 0.654489 1.23992 0.416438 0.480664 1.08517 0.528055 0.415959 0.320937
threshold=87.500000000000014 20.855000000000004 0.71500000000000008 34.500000000000007 5.4650000000000007 42.500000000000007 18.145000000000003 0.71500000000000008 0.77500000000000013 0.30500000000000005 0.56500000000000006 0.44500000000000006 6.4600000000000009 1.0900000000000003 1.3350000000000002 9.4000000000000021 0.87500000000000011 12.805000000000001
decision_type=2 2 2 2 2 2 2 2 2 2 2 2 2 2 2 2 2 2
left_child=1 3 -3 -1 -5 -6 7 9 -9 -7 11 -11 -10 16 -15 -16 -14 -17
right_child=-2 2 -4 4 5 6 -8 8 12 10 -12 -13 13 14 15 17 -18 -19
leaf_value=0.03533836829066745 0.015686786469381108 0.0083375482486734067 -0.049083799701922545 -0.032468936161073249 -0.032839877826146134 0.014653881478152076 0.05004837698391823 0.087675815025972215 0.038412528715156817 -0.075185989952155308 -0.083063197620863449 0.025476673473130852 -0.0051476102999706485 0.053805036723876015 0.028363065094270695 -0.067826302088994747 -0.069828674637707311 -0.010342587947201961
leaf_weight=2.9250558931380501 4.6768625993281594 3.9199856221675864 3.406471511349082 4.4999315291643134 2.6505295019596806 5.3140001296997088 2.6306803293991825 1.8424138454720402 2.7670362070202819 2.0243810340762138 1.9003168675117192 3.0935953445732594 2.3228714196011415 3.3343460401520115 1.6894373912364242 1.9104994377121332 1.7382847545668481 1.9755795840173958
leaf_count=19 27 31 35 28 18 29 19 14 14 25 35 23 25 25 10 21 26 19
internal_value=-1.55927e-05 -0.00148596 -0.0183608 0.00141493 -0.0010849 0.00292789 0.00584103 0.00195321 0.012047 -0.0124361 -0.0329477 -0.0143398 0.00319334 -0.00431977 0.00867662 -0.0183117 -0.0328329 -0.0386031
internal_weight=54.6223 49.9454 7.32646 42.619 39.6939 35.194 32.5434 29.9128 17.5805 12.3323 7.01829 5.11798 15.7381 12.971 8.90986 5.57552 4.06116 3.88608
internal_count=443 416 66 350 331 303 285 266 154 112 83 48 140 126 75 50 51 40
is_linear=0
shrinkage=0.1


Tree=81
num_leaves=21
num_cat=0
split_feature=6 3 11 11 11 11 10 10 12 12 12 10 10 12 4 12 10 11 3 10
split_gain=0.159886 0.626858 0.783481 1.07542 0.231855 0.750796 0.758674 0.756518 0.419385 0.432084 0.975407 0.787242 0.529257 0.589864 0.757774 0.535346 0.614321 0.734852 0.60783 0.400026
threshold=1.0000000180025095e-35 1.0000000180025095e-35 6.2950000000000008 11.105000000000002 5.3000000000000007 5.8650000000000011 40.500000000000007 47.500000000000007 0.23500000000000001 1.3950000000000002 1.2650000000000003 70.500000000000014 84.500000000000014 1.0900000000000003 1.0000000180025095e-35 0.31500000000000006 65.500000000000014 13.895000000000001 1.0000000180025095e-35 58.500000000000007
decision_type=2 2 2 2 2 2 2 2 2 2 2 2 2 2 2 2 2 2 2 2
left_child=4 2 -2 -4 -1 -6 -7 -8 -9 10 12 -11 13 14 15 -10 19 18 -18 -17
right_child=1 -3 3 -5 5 6 7 8 9 11 -12 -13 -14 -15 -16 16 17 -19 -20 -21
leaf_value=0.025546013960218428 0.022177244226486297 0.03035457073394339 -0.0012023085998699411 -0.12135486537587351 -0.053553155512765883 -0.048343932711523832 0.056386436632038496 0.034488066437357516 0.030416659214829007 0.055259289240860758 -0.071275524714555311 -0.014123818756261682 -0.034845594430745662 0.046997027263363716 0.051955782164756686 -0.017893410579362345 -0.0012775493244401033 0.033271957041046289 -0.079117664181271988 -0.081538408356603392
leaf_weight=3.8500689119100562 1.5527621246874321 2.1227191705256701 1.3950401283800604 1.5984729109331963 2.4744220152497283 2.6741907484829417 2.8425475172698489 3.7347850352525702 2.6441372856497933 3.4080908522009841 2.1501166615635148 3.1438187137246132 3.8297700230032197 2.9515113350935271 2.2797197455074629 1.877032284624873 2.7444605284836143 3.2366519700735807 1.5811086576431987 2.0839860793203115
leaf_count=19 9 15 13 29 16 20 15 19 12 19 18 35 26 22 30 19 36 31 18 22
internal_value=-1.3975e-05 -0.0145134 -0.0354628 -0.0653612 0.00202146 -5.31766e-05 0.00316138 0.00673819 0.00278118 -0.000927459 -0.00683808 0.021967 -0.000873474 0.00583347 -0.00155353 -0.0101639 -0.0194756 -0.00276507 -0.0297301 -0.0513786
internal_weight=54.1754 6.66899 4.54628 2.99351 47.5064 43.6563 41.1819 38.5077 35.6652 31.9304 25.3785 6.55191 23.2284 19.3986 16.4471 14.1674 11.5232 7.56222 4.32557 3.96102
internal_count=443 66 51 42 377 358 342 322 307 288 234 54 216 190 168 138 126 85 54 41
is_linear=0
shrinkage=0.1


Tree=82
num_leaves=19
num_cat=0
split_feature=12 11 10 12 12 11 11 11 11 3 10 12 11 10 0 11 11 12
split_gain=0.176298 0.364324 0.457062 0.642544 0.469953 0.465105 0.512314 0.4701 0.704015 0.566208 2.20347 1.21439 0.945559 2.29883 0.359072 1.33413 0.353708 0.314585
threshold=0.27500000000000008 5.3000000000000007 87.500000000000014 0.31500000000000006 0.40500000000000008 5.6250000000000009 17.320000000000004 13.800000000000002 11.510000000000002 1.0000000180025095e-35 69.500000000000014 0.58500000000000008 10.560000000000002 68.500000000000014 1.0000000180025095e-35 26.045000000000005 10.560000000000002 0.87500000000000011
decision_type=2 2 2 2 2 2 2 2 2 2 2 2 2 2 2 2 2 2
left_child=16 -2 3 -3 -5 -6 7 8 9 11 -11 -7 13 -13 15 -8 -1 -9
right_child=1 2 -4 4 5 6 14 17 -10 10 -12 12 -14 -15 -16 -17 -18 -19
leaf_value=0.0066842316603926743 0.034772885105213966 0.053251028868054488 0.031953659640899211 -0.053111021476162035 -0.05108276765996457 0.039361406373093162 -0.088322841089017237 0.051080548288851307 -0.053955388724984336 0.086466894188241647 -0.035125865599556536 -0.13723106045875363 0.028672375211477242 0.0017609967458799662 0.0096432886384137939 0.0099565945220352874 -0.037266077790306301 0.0084443607005983915
leaf_weight=3.8133186548948279 3.208549987524747 1.9003987759351719 4.0189884062856427 2.0329365152865639 1.952915847301482 3.3796700555831247 2.645950839156284 3.2252354514785102 2.3084228495135894 3.1785157956182948 2.8060992318205535 2.0597618268802762 1.7543281149119136 2.8178428316023201 2.3488988084718585 2.8898043017834425 3.5227457210421562 3.7341396464034915
leaf_count=20 16 10 23 26 13 21 36 24 35 16 28 28 14 37 24 22 23 27
internal_value=-1.82884e-05 0.00226554 -0.000157035 -0.00346311 -0.00636552 -0.00365822 -0.000864254 0.0060808 -0.00233022 0.00511983 0.0294538 -0.00942624 -0.0342887 -0.0569339 -0.0231176 -0.0370185 -0.0144205 0.0282036
internal_weight=53.5985 46.2625 43.0539 39.0349 37.1345 35.1016 33.1487 25.264 18.3046 15.9962 5.98462 10.0116 6.63193 4.8776 7.88465 5.53576 7.33606 6.95938
internal_count=443 400 384 361 351 325 312 230 179 144 44 100 79 65 82 58 43 51
is_linear=0
shrinkage=0.1


Tree=83
num_leaves=19
num_cat=0
split_feature=12 10 12 10 1 3 12 12 12 9 12 11 0 12 11 10 10 12
split_gain=0.142403 0.374793 0.761212 0.415211 0.327987 1.25522 0.984064 0.772898 0.637524 0.95539 0.562817 0.853488 0.8417 1.00547 0.311854 0.29573 0.237432 0.107068
threshold=0.27500000000000008 47.500000000000007 0.91000000000000014 55.500000000000007 1.0000000180025095e-35 1.0000000180025095e-35 1.2050000000000003 0.44500000000000006 0.40500000000000008 1.0000000180025095e-35 0.56500000000000006 15.245000000000003 1.0000000180025095e-35 1.2550000000000001 7.705000000000001 70.500000000000014 68.500000000000014 1.0900000000000003
decision_type=2 2 2 2 2 2 2 2 2 2 2 2 2 2 2 2 2 2
left_child=15 2 -2 -3 5 6 8 -6 -5 -10 -9 12 17 -14 -11 -1 -13 -12
right_child=1 3 -4 4 7 -7 -8 10 9 14 11 16 13 -15 -16 -17 -18 -19
leaf_value=-0.032847001549101272 0.046433911586927931 -0.032522834743752796 -0.015548233755902759 -0.00015572640274502648 -0.04195182279981672 0.032453683558429203 0.027268673731148448 0.053735934847097537 -0.01340090316991889 -0.061632289767651699 0.035414629846099055 -0.0078563429011500787 -0.060322246918781408 0.028736874428014876 -0.12927478550808699 0.0072579561346602364 -0.061563050525818577 0.062483634168010706
leaf_weight=3.7038075029849997 4.901783060282467 4.0280287954956284 3.3257325757294893 1.727425891906021 2.5655687842518118 4.3981920031364998 2.044462725520134 3.3431405462324646 1.7987542743794618 1.0486001819372179 3.3729619532823545 1.5476596998050802 2.1505050205159932 3.0879977708682418 1.9472506870515642 3.6511681042611599 1.7584011014550922 2.5780624756589532
leaf_count=22 26 33 26 13 26 36 17 21 13 8 30 18 28 22 37 21 26 20
internal_value=-2.54212e-05 0.00205618 0.0213794 -0.00219503 0.00146589 -0.0109717 -0.0332671 0.00936862 -0.0522432 -0.0710096 0.0167495 0.0082193 0.0214089 -0.00782359 -0.105599 -0.012938 -0.0364214 0.0471413
internal_weight=52.9795 45.6245 8.22752 37.397 33.369 12.9647 8.56649 20.4043 6.52203 4.79461 17.8387 14.4956 11.1895 5.2385 2.99585 7.35498 3.30606 5.95102
internal_count=443 400 52 348 315 124 88 191 71 58 165 144 100 50 45 43 44 50
is_linear=0
shrinkage=0.1


Tree=84
num_leaves=16
num_cat=0
split_feature=7 10 12 10 10 9 9 11 11 2 9 11 10 10 9
split_gain=0.148308 0.380191 0.270045 0.814918 0.697479 0.754022 0.971343 1.12984 0.717047 0.435899 0.911608 1.57908 0.713305 1.27814 0.306112
threshold=1.0000000180025095e-35 89.500000000000014 0.81500000000000006 78.500000000000014 80.500000000000014 3.5000000000000004 2.5000000000000004 8.4850000000000012 11.510000000000002 1.0000000180025095e-35 1.5000000000000002 7.705000000000001 71.500000000000014 60.500000000000007 1.5000000000000002
decision_type=2 2 2 2 2 2 2 2 2 2 2 2 2 2 2
left_child=1 2 3 9 5 6 7 -4 -9 10 11 -1 13 -11 -10
right_child=-2 -3 4 -5 -6 -7 -8 8 14 12 -12 -13 -14 -15 -16
leaf_value=0.069191803242579772 -0.022404167136225735 0.037301064150162308 -0.068508872548202121 -0.046494112428533692 0.047388244975693973 -0.047820945128029785 0.047542220242692952 0.048709036209156148 0.0064720090634260256 0.031830089526102619 -0.060084229762148972 -0.041609802304449245 0.04472404011479883 -0.052369757636009699 -0.039455748223586488
leaf_weight=2.3502235412597692 2.804905103519558 2.7598209381103507 2.4022376164794066 4.5205950865056357 3.5960988746955982 2.8744252724573007 4.4435696257278314 2.9922723423223925 3.8246225826442242 3.9852714706212282 3.0849335268139839 2.8410392736550421 4.4053603038191795 3.2920902483165264 2.3385455165989697
leaf_count=11 31 15 24 39 25 25 39 26 27 23 37 31 28 36 26
internal_value=-3.21753e-05 0.00123014 -0.000890123 -0.0081564 0.00702536 -0.000664375 0.00780672 -0.00747036 0.00854515 0.0005269 -0.0170313 0.00855305 0.0129654 -0.00625974 -0.0109548
internal_weight=52.516 49.7111 46.9513 24.4795 22.4718 18.8757 16.0012 11.5577 9.15544 19.9589 8.2762 5.19126 11.6827 7.27736 6.16317
internal_count=443 412 397 205 192 167 142 103 79 166 79 42 87 59 53
is_linear=0
shrinkage=0.1


Tree=85
num_leaves=18
num_cat=0
split_feature=11 10 11 11 11 11 11 12 12 12 10 12 10 12 10 12 12
split_gain=0.17823 0.175119 0.659143 0.856582 0.721664 0.571181 1.0654 0.894627 0.749655 0.602479 0.471949 0.372981 0.597134 0.866589 0.275209 0.526708 0.1494
threshold=4.3800000000000017 68.500000000000014 5.7450000000000001 6.4600000000000009 9.2150000000000016 9.1750000000000025 10.105000000000002 1.2550000000000001 0.71500000000000008 0.93500000000000016 36.500000000000007 0.28500000000000009 47.500000000000007 0.74500000000000011 74.500000000000014 0.50500000000000012 1.2050000000000003
decision_type=2 2 2 2 2 2 2 2 2 2 2 2 2 2 2 2 2
left_child=-1 2 -2 -4 -5 8 -7 14 -3 -10 -6 -12 -13 -14 -8 -16 -15
right_child=1 5 3 4 10 6 7 -9 9 -11 11 12 13 16 15 -17 -18
leaf_value=-0.025476547939031088 -0.060451118327092782 -0.01311848304865243 0.06969604595055344 -0.050296332828143567 -0.034765823556118201 -0.066344955722921359 0.040122588766359851 -0.045349142442441787 0.079970531143256363 0.017974328769600225 0.046615862471485379 0.035139256118800304 -0.073261285755875913 -0.014509325439181903 0.031037301302909184 -0.02539654027136375 0.016276136592604042
leaf_weight=2.6123686768114558 1.9533261172473455 3.1711483700200933 1.6398123353719736 3.0503395767882493 2.8610653616488007 2.3679798019584259 3.9867338007315976 2.6744766049087039 2.9016308235004544 3.4092634124681354 2.299497313797473 3.905856914818286 1.8204085638280938 2.5447782832197845 3.8825377076864243 2.8810609648935497 4.1424375101923943
leaf_count=14 14 26 8 33 23 37 37 33 16 27 11 20 35 24 23 34 28
internal_value=-1.97853e-05 0.00132391 -0.00475293 0.000133694 -0.0053971 0.00714653 -0.00450181 0.0064066 0.0265474 0.046479 0.00239609 0.00962255 0.00276984 -0.012091 0.0192824 0.00699842 0.00456092
internal_weight=52.1047 49.4924 24.2175 22.2642 20.6244 25.2748 15.7928 13.4248 9.48204 6.31089 17.574 14.713 12.4135 8.50762 10.7503 6.7636 6.68722
internal_count=443 429 196 182 174 233 164 127 69 43 141 118 107 87 94 57 52
is_linear=0
shrinkage=0.1


Tree=86
num_leaves=19
num_cat=0
split_feature=11 11 11 10 6 3 10 12 12 12 12 12 10 10 12 12 11 12
split_gain=0.143743 0.268072 0.127614 0.38157 0.382171 1.0354 0.383091 0.412217 0.92529 0.552317 0.331452 0.856853 0.672947 0.332168 0.584218 1.42258 0.262335 0.207489
threshold=4.3800000000000017 5.3500000000000005 5.8650000000000011 36.500000000000007 1.0000000180025095e-35 1.0000000180025095e-35 47.500000000000007 0.56500000000000006 0.74500000000000011 0.66500000000000015 1.3950000000000002 1.2650000000000003 72.500000000000014 60.500000000000007 0.84500000000000008 1.0900000000000003 8.8900000000000023 0.37500000000000006
decision_type=2 2 2 2 2 2 2 2 2 2 2 2 2 2 2 2 2 2
left_child=-1 -2 -3 -4 6 -6 -5 16 9 -9 11 13 -12 -10 -15 -16 -8 -18
right_child=1 2 3 4 5 -7 7 8 10 -11 12 -13 -14 14 15 -17 17 -19
leaf_value=-0.022801723635698611 0.035118591996494024 -0.020979063783838566 -0.03388838853957981 0.037726206028728539 -0.082482963202237858 0.029466844502004898 0.038123143168035882 -0.11924715886029605 -0.032684568865073378 -0.010762390421975437 0.045247271880425842 -0.067369490180285471 -0.02189230013947777 0.048249375390164939 -0.074313673819488973 0.03799366395114831 0.018926519446415518 -0.010044227693171389
leaf_weight=2.6261654719710341 2.2258905470371237 2.8312647044658652 2.9377004895359269 3.5137538984417906 1.7340381112880996 1.5779383704066277 3.8954850360751143 1.0867015190888221 2.0094839129596966 0.82602558191865671 3.8569864267483345 2.0813057916238895 2.4355882490053773 2.9030612828209996 1.938119805883616 2.6978985494934022 6.3824815936386567 4.0350679084658623
leaf_count=14 13 18 25 20 33 13 24 28 16 17 26 18 28 23 33 23 34 37
internal_value=-9.40465e-06 0.00121293 -0.00040165 0.000925108 0.00342112 -0.0291463 0.00628509 0.00304988 -0.00628324 -0.0723972 0.000772607 -0.00923058 0.0192604 0.00344199 0.0130712 -0.0089572 0.0159838 0.00770517
internal_weight=51.595 48.9688 46.7429 43.9116 40.9739 3.31198 37.662 34.1482 19.8352 1.91273 17.9224 11.6299 6.29257 9.54856 7.53908 4.63602 14.313 10.4175
internal_count=443 429 416 398 373 46 327 307 212 45 167 113 54 95 79 56 95 71
is_linear=0
shrinkage=0.1


Tree=87
num_leaves=17
num_cat=0
split_feature=10 6 2 12 1 11 10 12 12 1 2 12 12 12 12 10
split_gain=0.159682 0.292629 0.832254 0.178088 0.268058 1.05941 0.235606 0.767218 0.71331 1.48958 0.768719 0.708106 1.25219 0.540312 0.125882 0.0688651
threshold=32.500000000000007 1.0000000180025095e-35 1.0000000180025095e-35 1.2050000000000003 1.0000000180025095e-35 9.8050000000000015 63.500000000000007 0.23500000000000001 0.44500000000000006 1.0000000180025095e-35 1.0000000180025095e-35 0.44500000000000006 0.84500000000000008 0.84500000000000008 0.64500000000000013 75.500000000000014
decision_type=2 2 2 2 2 2 2 2 2 2 2 2 2 2 2 2
left_child=-1 3 -3 6 -5 -6 11 -8 15 10 -10 -2 -13 14 -11 -9
right_child=1 2 -4 4 5 -7 7 8 9 13 -12 12 -14 -15 -16 -17
leaf_value=0.026063095786436702 0.018504528742971146 -0.074975976037257266 0.0077607717581479069 0.029418227529753749 0.047494094789485991 -0.032584298313914246 0.046577222127149376 -0.024124457751533181 -8.243856634453297e-05 0.033034264021297631 -0.084354786128222087 -0.078900860362484282 0.014880595457531743 -0.0063879111215694416 0.061171848465801509 -0.046822906039514028
leaf_weight=2.244203394278883 3.6942112967371958 1.9636039840988804 3.1924211904406548 5.0287237334996444 2.732142798602581 4.1791827958077192 3.4390536621212986 2.622946701943877 2.2373962283600095 3.359688650816679 2.0968576101586223 3.2294648215174675 2.5463452585972846 2.7934557422995567 3.0184797598049045 2.725483775138855
leaf_count=16 20 27 33 38 18 38 17 21 28 28 28 33 20 37 21 20
internal_value=-1.91949e-05 -0.0012172 -0.0237484 0.00144098 0.0118526 -0.0009282 -0.00247283 0.00314046 -0.00478247 0.00745765 -0.0408523 -0.0156871 -0.037556 0.0302876 0.0463504 -0.0356913
internal_weight=51.1037 48.8595 5.15603 43.7034 11.94 6.91133 31.7634 22.2934 18.8543 13.5059 4.33425 9.47002 5.77581 9.17162 6.37817 5.34843
internal_count=443 427 60 367 94 56 273 200 183 142 56 73 53 86 49 41
is_linear=0
shrinkage=0.1


Tree=88
num_leaves=19
num_cat=0
split_feature=12 11 10 12 10 11 11 10 10 11 10 5 12 12 11 12 11 10
split_gain=0.181465 0.394279 0.318224 1.28398 0.459055 0.283916 0.309074 0.361212 0.547436 0.393867 0.622343 0.420708 0.490453 0.699253 1.16832 0.389939 0.204213 0.166707
threshold=0.27500000000000008 10.560000000000002 49.500000000000007 0.7350000000000001 55.500000000000007 3.4250000000000003 6.2950000000000008 64.500000000000014 86.500000000000014 9.1750000000000025 82.500000000000014 1.0000000180025095e-35 1.2650000000000003 0.76500000000000012 15.390000000000002 0.85500000000000009 8.0050000000000008 41.500000000000007
decision_type=2 2 2 2 2 2 2 2 2 2 2 2 2 2 2 2 2 2
left_child=1 -1 3 -2 -4 -6 -7 15 9 16 11 12 13 14 -11 -8 -9 -5
right_child=2 -3 4 17 5 6 7 8 -10 10 -12 -13 -14 -15 -16 -17 -18 -19
leaf_value=0.0077481126554110645 0.066368752862130689 -0.039326869631174703 -0.041024247242943096 -0.027468322464252595 0.056483405580129577 -0.022669492650141166 -0.0058288923172356401 -0.0090355105862266038 0.032626634715574948 -0.12327777498679715 -0.075621996042318756 0.019531494683263803 -0.062098955689289886 0.025271625244319119 0.018947382261533849 0.048393674013372114 0.037162108400083105 0.0076165566069480318
leaf_weight=3.7137358374893656 3.5101562552154046 3.4155120514333248 2.7652077926322809 2.9193935366347432 0.9106766358017947 5.0988247171044376 2.1975269196555045 1.6404265584424202 3.7448020242154589 1.0866710287518784 1.6478051682934154 3.3969047614373267 2.2396904593333602 3.0299501169938594 1.2328545367345212 3.3452806007117033 2.296215595677495 2.5261747986078262
leaf_count=20 18 23 27 24 4 34 26 18 24 24 17 30 33 39 17 24 25 16
internal_value=-1.43593e-05 -0.0148048 0.00240473 0.0192072 -0.00194024 0.00145115 -0.000167764 0.00426923 -0.00190433 -0.00970804 -0.018314 -0.0097184 -0.0228106 -0.00636161 -0.0476835 0.0268963 0.0179112 -0.0111926
internal_weight=50.7178 7.12925 43.5886 8.95572 34.6328 31.8676 30.957 25.8581 20.3153 16.5705 12.6339 10.9861 7.58917 5.34948 2.31953 5.54281 3.93664 5.44557
internal_count=443 43 400 58 342 315 311 277 227 203 160 143 113 80 41 50 43 40
is_linear=0
shrinkage=0.1


Tree=89
num_leaves=18
num_cat=0
split_feature=11 11 11 11 10 10 10 9 11 12 11 11 11 10 10 9 12
split_gain=0.154837 0.241443 0.138665 0.723879 0.562287 0.724921 0.495717 0.661135 1.00003 1.27812 0.885859 0.504369 0.42391 0.571305 0.506669 1.16472 0.40931
threshold=4.3800000000000017 5.3500000000000005 9.9850000000000012 10.650000000000002 38.000000000000007 47.500000000000007 85.500000000000014 2.5000000000000004 18.145000000000003 0.76500000000000012 20.855000000000004 14.150000000000002 9.1750000000000025 69.500000000000014 68.500000000000014 1.5000000000000002 0.71500000000000008
decision_type=2 2 2 2 2 2 2 2 2 2 2 2 2 2 2 2 2
left_child=-1 -2 12 -4 -5 -6 7 8 9 -7 11 -9 14 -14 15 -3 -16
right_child=1 2 3 4 5 6 -8 10 -10 -11 -12 -13 13 -15 16 -17 -18
leaf_value=-0.023898061137314717 0.033923363272475027 0.021345834016111332 0.056850368128450984 -0.046385880510228412 0.053884093300482175 -0.13226650137482415 0.03762897875774987 -0.0029627667713317228 0.0041210750189741123 -0.018241711431730624 -0.051059908593496309 0.050723960414129132 -0.0048638753431232582 -0.075724916969436229 -0.011896446322971507 -0.074801035298645333 0.034781150771941029
leaf_weight=2.5757226608693591 2.1622520796954623 2.7545465454459217 2.3831712193787125 2.4443978779017952 2.5907567963004139 1.6422699950635484 2.6964378710836163 3.1620307457633299 4.5499520527664572 2.4489478988107294 1.8444050848484037 3.9183938293717802 2.9010339956730595 1.8719192359130827 2.9658072749152762 2.3220869842916727 5.1246946742758155
leaf_count=14 13 20 15 21 13 25 17 36 36 30 27 32 23 32 25 26 38
internal_value=-1.51829e-05 0.00127221 -0.000275328 0.00416306 -0.00080037 0.0040755 -0.00229303 -0.00842119 -0.0281373 -0.0640128 0.0106683 0.0267481 -0.00712357 -0.0326551 0.00213135 -0.0226324 0.0176701
internal_weight=50.3588 47.7831 45.6209 27.6808 25.2976 22.8532 20.2624 17.566 8.64117 4.09122 8.92483 7.08042 17.9401 4.77295 13.1671 5.07663 8.0905
internal_count=443 429 416 252 237 216 203 186 91 55 95 68 164 55 109 46 63
is_linear=0
shrinkage=0.1


Tree=90
num_leaves=20
num_cat=0
split_feature=10 6 3 10 0 11 11 11 10 10 11 11 10 12 1 10 10 11 11
split_gain=0.141081 0.393264 0.527003 0.365969 0.14491 0.731705 0.669013 0.512894 0.756125 0.495708 0.63944 0.374559 0.43028 0.459573 1.12833 0.349588 0.338206 0.198541 0.105316
threshold=34.500000000000007 1.0000000180025095e-35 1.0000000180025095e-35 58.500000000000007 1.0000000180025095e-35 29.435000000000006 13.895000000000001 9.3250000000000011 71.500000000000014 48.500000000000007 20.075000000000006 15.390000000000002 83.500000000000014 0.52500000000000013 1.0000000180025095e-35 59.500000000000007 71.500000000000014 7.5650000000000004 9.0800000000000018
decision_type=2 2 2 2 2 2 2 2 2 2 2 2 2 2 2 2 2 2 2
left_child=-1 4 3 -3 5 9 7 8 -6 -2 11 12 13 17 15 -15 -8 -11 -16
right_child=1 2 -4 -5 6 -7 16 -9 -10 10 -12 -13 -14 14 18 -17 -18 -19 -20
leaf_value=0.021105741866062205 -0.046397919700262302 -0.094656104934616847 0.013553491658377478 -0.021398363410563486 -0.036919050776170075 0.052874860491034098 0.0072287490933144643 0.051951854039912274 0.039169952929945184 -0.00026863078803135296 0.040676415288403663 -0.044744465039879437 -0.040285465746029724 0.015774288902750438 0.036891259744291541 -0.038482112857216665 -0.046308071831837549 -0.038243073768686693 0.067403112769727588
leaf_weight=2.9711921978741875 2.8697220422327581 1.325840539298951 1.7312197815626857 1.4041057117283342 2.3840754865668696 2.1991885975003234 2.2568510780110946 4.0902157058008015 2.8882068546954542 2.6610792577266791 3.007676330395042 2.5285040917806318 2.7073092008940867 1.9869948104023913 2.2164510618895292 2.9516668155556545 2.4729631030932069 2.8527240753173828 2.3104887893423438
leaf_count=23 18 13 14 28 21 13 20 39 20 16 27 25 21 13 20 38 28 26 20
internal_value=-2.50571e-05 -0.00136529 -0.0296067 -0.0569771 0.00160727 -0.00251948 0.00989216 0.0253786 0.00476324 -0.00718833 -0.00234308 -0.00874365 -0.00359694 0.00303397 0.0164024 -0.0166529 -0.0207627 -0.0199158 0.0524641
internal_weight=49.8165 46.8453 4.46117 2.72995 42.3841 28.2918 14.0923 9.3625 5.27228 26.0926 23.2229 20.2152 17.6867 14.9794 9.4656 4.93866 4.72981 5.5138 4.52694
internal_count=443 420 55 41 365 237 128 80 41 224 206 179 154 133 91 51 48 42 40
is_linear=0
shrinkage=0.1


Tree=91
num_leaves=16
num_cat=0
split_feature=11 11 10 10 10 11 11 12 9 10 12 1 12 12 3
split_gain=0.15889 0.5624 0.447817 0.406199 0.60876 0.403843 0.529815 0.614354 0.370014 2.06572 0.34208 0.690516 0.279846 0.264862 0.202581
threshold=17.320000000000004 20.075000000000006 34.500000000000007 68.500000000000014 54.500000000000007 9.9850000000000012 9.4000000000000021 1.2550000000000001 1.5000000000000002 68.500000000000014 1.3350000000000002 1.0000000180025095e-35 0.71500000000000008 0.52500000000000013 1.0000000180025095e-35
decision_type=2 2 2 2 2 2 2 2 2 2 2 2 2 2 2
left_child=2 -2 -1 4 -3 6 7 8 -4 -10 11 12 -7 -11 -13
right_child=1 3 5 -5 -6 10 -8 -9 9 13 -12 14 -14 -15 -16
leaf_value=0.043837352452603638 -0.05304333405483487 0.013643458610770494 0.012325149357676791 0.026429165055837145 -0.056696994951769032 -0.032711662854046551 -0.047972388999237607 0.035516325754421783 -0.093124227345903143 -0.021232598580621501 -0.017806094633056994 0.05911720724603791 0.013189635550689117 0.019814268513152482 0.022766872660339377
leaf_weight=2.5140660200268021 2.43203002330847 2.800309553742407 4.5945832803845468 3.7072363439947367 2.1946193566545844 2.2175324904965219 2.9506070530042043 3.476915353909134 2.9043340580537897 2.3088651411235332 2.9049657527357331 3.5268834233283997 3.3119506549555808 4.9259023452177644 2.7120952419936657
leaf_count=17 29 19 35 31 28 27 37 23 28 19 30 27 25 40 28
internal_value=-1.39051e-05 -0.0105303 0.00303943 0.00135101 -0.017262 0.000177152 -0.0086628 -0.00229359 -0.0112161 -0.021884 0.0129256 0.0205116 -0.00521853 0.00671479 0.0433157
internal_weight=49.4829 11.1342 38.3487 8.70217 4.99493 35.8346 21.1612 18.2106 14.7337 10.1391 14.6734 11.7685 5.52948 7.23477 6.23898
internal_count=443 107 336 78 47 319 182 145 122 87 137 107 52 59 55
is_linear=0
shrinkage=0.1


Tree=92
num_leaves=18
num_cat=0
split_feature=12 10 11 12 12 10 11 12 11 12 12 11 10 0 11 10 11
split_gain=0.130759 0.640153 0.644218 0.489906 0.388937 0.272479 0.513761 0.669055 0.463974 0.258281 0.434041 0.295334 0.318196 0.407376 0.527408 0.244283 0.189924
threshold=0.88500000000000012 38.000000000000007 5.9750000000000005 1.0900000000000003 0.95500000000000007 55.500000000000007 8.5150000000000023 1.5750000000000004 15.145000000000001 0.58500000000000008 0.74500000000000011 7.705000000000001 63.500000000000007 1.0000000180025095e-35 16.215000000000003 71.500000000000014 10.755000000000003
decision_type=2 2 2 2 2 2 2 2 2 2 2 2 2 2 2 2 2
left_child=1 -1 -3 4 -2 -5 -7 8 -8 11 15 -4 -13 14 -14 -11 -12
right_child=3 2 9 5 -6 6 7 -9 -10 10 16 12 13 -15 -16 -17 -18
leaf_value=0.045853441189347754 -0.0029808523098174013 -0.036904283804166077 0.047075744404643065 -0.020950107953653464 -0.068973859989615346 0.044729549860330203 0.050132159737366302 -0.041059869590062678 -0.0086190988169227972 -0.077533174051014009 0.028365619582524301 -0.022589817981862451 -0.020983383886258745 0.04514476816273328 0.036367770175918294 -0.014500618258570162 -0.010263356942646698
leaf_weight=3.2728926539421108 1.6086935587227373 4.2103286013007191 2.2144257407635477 4.0801746174693099 2.0075648513156921 2.9965104646980754 2.4228923581540567 3.035260071977973 3.0191881959326565 1.1450586989521974 2.3351358333602548 2.7520670394878826 4.0347726820036751 3.2086978182196617 2.6609909795224667 1.3278206859249619 2.7976662945002317
leaf_count=19 17 27 14 31 28 21 22 39 25 25 19 26 36 22 19 24 29
internal_value=-1.36242e-05 0.00411311 -0.00100593 -0.006463 -0.0396169 0.00124516 0.00913794 -0.00344274 0.0175378 0.00571856 -0.00927072 0.0133848 0.00749008 0.0158481 0.00180877 -0.0436876 0.00731065
internal_weight=49.1301 29.9599 26.687 19.1703 3.61626 15.554 11.4739 8.47734 5.44208 22.4766 7.60568 14.871 12.6565 9.90446 6.69576 2.47288 5.1328
internal_count=443 260 241 183 45 138 107 86 47 214 97 117 103 77 55 49 48
is_linear=0
shrinkage=0.1


Tree=93
num_leaves=16
num_cat=0
split_feature=11 11 1 11 10 11 11 3 10 10 9 12 1 12 3
split_gain=0.127402 0.483179 0.377427 0.572486 0.337817 0.35322 0.445995 1.00975 0.408545 0.700371 0.680426 0.254314 0.545288 0.234679 0.15992
threshold=17.320000000000004 20.075000000000006 1.0000000180025095e-35 23.555000000000003 34.500000000000007 9.9850000000000012 9.1750000000000025 1.0000000180025095e-35 80.500000000000014 70.500000000000014 1.5000000000000002 1.3350000000000002 1.0000000180025095e-35 0.84500000000000008 1.0000000180025095e-35
decision_type=2 2 2 2 2 2 2 2 2 2 2 2 2 2 2
left_child=4 -2 -3 -4 -1 6 8 -8 9 10 -6 12 13 -7 -14
right_child=1 2 3 -5 5 11 7 -9 -10 -11 -12 -13 14 -15 -16
leaf_value=0.038631600226689912 -0.049177280600669782 0.020234999790508582 0.016057566151577576 -0.06159372428510717 0.033184089928811653 -0.020745219494018297 -0.077134598284257894 0.024591725803554572 0.021862814675254142 -0.055831745620489807 -0.023209089657166358 -0.014175663874303364 0.053872886519589214 0.021433710047956411 0.021225255407634119
leaf_weight=2.4536589821800581 2.3974475567229083 4.7981969667598587 1.9395068511366846 1.8599207755178211 3.913545681163674 3.3094893964007479 2.5112058778759083 1.5958649478852747 5.3814273569732896 2.7206302881240836 4.7201024279929698 2.9119386095553628 3.408250561915338 2.1933632949367166 2.6802963372319937
leaf_count=17 29 38 18 22 25 36 36 15 30 36 40 30 27 16 28
internal_value=-4.87586e-06 -0.00947917 0.00159065 -0.0219548 0.00275097 0.000260211 -0.00807867 -0.0376073 -0.000832126 -0.0115885 0.00235337 0.012244 0.0188811 -0.00393326 0.0395008
internal_weight=48.7948 10.9951 8.59762 3.79943 37.7998 35.3461 20.8428 4.10707 16.7357 11.3543 8.63365 14.5033 11.5914 5.50285 6.08855
internal_count=443 107 78 40 336 319 182 51 131 101 65 137 107 52 55
is_linear=0
shrinkage=0.1


Tree=94
num_leaves=17
num_cat=0
split_feature=12 10 10 11 12 9 12 12 9 12 12 12 12 12 9 11
split_gain=0.104935 0.630464 0.551776 0.483471 0.466004 0.738231 0.330582 0.780286 0.480353 0.319158 0.553335 0.414447 0.287207 0.1947 1.03903 0.380517
threshold=0.88500000000000012 42.500000000000007 41.500000000000007 5.9750000000000005 1.2150000000000001 2.5000000000000004 0.56500000000000006 0.71500000000000008 2.5000000000000004 1.2950000000000002 1.3950000000000002 1.9850000000000001 0.64500000000000013 0.44500000000000006 1.5000000000000002 12.340000000000002
decision_type=2 2 2 2 2 2 2 2 2 2 2 2 2 2 2 2
left_child=2 -2 -1 -4 5 -3 13 12 -9 -6 -11 -12 -8 14 -5 -16
right_child=1 4 3 6 9 -7 7 8 -10 10 11 -13 -14 -15 15 -17
leaf_value=0.036327953120483793 -0.058864028926732537 0.0022711358460715948 -0.032875211178542564 0.051614952952920061 0.045575404648752468 -0.076799044003219574 -0.11761671545880839 -0.030689360724584849 0.0312036180417819 -0.040390612785573626 0.03509591333405912 -0.01528830626390474 -0.034069358457079348 0.031536660118686811 -0.042791365401276399 0.0046492153722783522
leaf_weight=4.413023795932534 2.0036969492211965 3.5511481675785062 4.2226870618760612 3.2989580146968382 2.2467075027525416 1.7689635627903042 0.78368715394753852 2.1584494104608893 2.9923173347488046 2.1886143302544934 4.5732603338547051 2.5389858675189316 0.86629938334226608 4.0222980454564086 3.0776266045868397 3.7518626935780048
leaf_count=25 21 35 27 20 14 28 27 27 27 19 38 28 18 34 26 29
internal_value=-5.08197e-06 -0.0058318 0.00371133 -0.00200635 0.000467848 -0.0240201 0.00421514 -0.0139042 0.00526712 0.0117498 0.00357886 0.0171094 -0.0737515 0.0129232 0.00553125 -0.0167293
internal_weight=48.4586 18.8714 29.5872 25.1742 16.8677 5.32011 20.9515 6.80075 5.15077 11.5476 9.30086 7.11225 1.64999 14.1507 10.1284 6.82949
internal_count=443 183 260 235 162 63 208 99 54 99 85 66 45 109 75 55
is_linear=0
shrinkage=0.1


Tree=95
num_leaves=19
num_cat=0
split_feature=11 9 12 11 10 10 10 5 10 12 11 11 3 12 5 11 9 3
split_gain=0.132547 0.426764 0.592703 0.395146 0.273856 0.2981 0.518556 1.12981 0.51455 0.496403 0.621131 0.694664 0.787195 1.60143 0.473374 0.491903 0.217629 0.286099
threshold=17.320000000000004 1.5000000000000002 0.81500000000000006 23.040000000000003 34.500000000000007 80.500000000000014 73.500000000000014 1.0000000180025095e-35 76.500000000000014 0.25500000000000006 5.2100000000000017 9.9850000000000012 1.0000000180025095e-35 0.82500000000000007 1.0000000180025095e-35 9.9850000000000012 1.5000000000000002 1.0000000180025095e-35
decision_type=2 2 2 2 2 2 2 2 2 2 2 2 2 2 2 2 2 2
left_child=4 -2 3 -3 -1 6 9 8 -8 -6 -11 12 13 -12 15 -7 -13 -18
right_child=1 2 -4 -5 5 14 7 -9 -10 10 11 16 -14 -15 -16 -17 17 -19
leaf_value=0.035500003222071495 0.012200750452321258 -0.035916722282032097 -0.072755802411885798 0.026933425679667968 -0.037971280439839494 -0.023914229298683899 -0.027171880453405496 0.027986565065047261 -0.11839679652106178 0.067886923603854676 0.0040292672361738995 -0.0013057540994677232 0.016974862938138373 -0.10635279650108032 0.049593183119770345 0.035217379892803526 0.053095676224235805 0.0078506887774275561
leaf_weight=2.399504284374415 4.877578685525803 2.0764018394984305 1.9590065954253075 1.930261052213609 2.8032164797186914 3.4568139961920661 1.0864339692052447 1.6176506066694853 1.4349443640094248 1.5445941165089632 3.1763404617086071 2.5672153907362354 3.9684695042669773 2.242128792218864 2.8997342884540558 2.3722749068401754 3.268481326289475 2.441577160730958
leaf_count=17 35 24 30 18 19 28 22 14 30 7 31 21 26 31 17 19 27 27
internal_value=-8.33281e-06 -0.00973952 -0.0276781 -0.00563786 0.00282212 0.000574101 -0.00476695 -0.0372408 -0.079089 0.00133927 0.00707601 0.00175859 -0.0168632 -0.0416461 0.0165756 0.000150669 0.0228769 0.0337493
internal_weight=48.1226 10.8432 5.96567 4.00666 37.2794 34.8799 26.1511 4.13903 2.52138 22.012 19.2088 17.6642 9.38694 5.41847 8.72882 5.82909 8.27727 5.71006
internal_count=443 107 72 42 336 319 255 66 52 189 170 163 88 62 64 47 75 54
is_linear=0
shrinkage=0.1


Tree=96
num_leaves=18
num_cat=0
split_feature=11 9 12 11 11 0 11 10 10 2 11 12 3 12 12 10 10
split_gain=0.109145 0.368019 0.92685 0.489263 0.303168 0.356403 0.568753 0.894401 0.557643 1.31445 0.508637 0.399618 0.688598 0.579733 0.299817 0.452305 0.190454
threshold=15.245000000000003 3.5000000000000004 0.37500000000000006 19.650000000000002 13.685000000000002 1.0000000180025095e-35 10.755000000000003 76.500000000000014 80.500000000000014 1.0000000180025095e-35 5.4650000000000007 0.42500000000000004 1.0000000180025095e-35 0.77500000000000013 1.3650000000000004 68.500000000000014 83.500000000000014
decision_type=2 2 2 2 2 2 2 2 2 2 2 2 2 2 2 2 2
left_child=4 2 -2 -4 5 6 7 10 9 -7 -1 -12 13 -13 15 -5 -9
right_child=1 -3 3 14 -6 8 -8 16 -10 -11 11 12 -14 -15 -16 -17 -18
leaf_value=-0.029593787169710561 0.050183933615281645 -0.048170387826646621 -0.053138959325255503 -0.051369627662423326 0.025219238289974633 -0.069781414948371992 -0.048881125901799986 -0.022636686128528909 0.052575611042817577 0.02764945203498044 0.057013793177239439 0.021000737372824641 0.047295463828553687 -0.049799767772719279 0.02724497537506362 0.015401911283576656 -0.067323297399549106
leaf_weight=2.426293343305594 2.7207806371152392 1.9202015567570914 2.5865001053316501 2.0249734660610557 5.2013812512159339 1.9538476415909842 2.9931556568481019 2.0179455801844592 2.7738680317997932 4.7534404061734676 2.4008741145953518 2.3382665980607271 3.032165321521461 2.288371741771698 2.304792383685708 2.0330066969618201 1.8085156823508439
leaf_count=15 16 22 36 23 38 34 37 24 18 38 14 25 22 27 18 20 16
internal_value=-2.79141e-05 -0.0076023 -0.000927192 -0.0164661 0.00300073 -0.00101386 -0.00881151 -0.00145916 0.0148638 -0.000732372 0.0115035 0.0214158 0.0102565 -0.0140177 -0.00155843 -0.0179178 -0.0437571
internal_weight=47.5784 13.5903 11.6701 8.94927 33.9881 28.7867 19.3056 16.3124 9.48116 6.70729 12.486 10.0597 7.6588 4.62664 6.36277 4.05798 3.82646
internal_count=443 135 113 97 308 270 180 143 90 72 103 88 74 52 61 43 40
is_linear=0
shrinkage=0.1


Tree=97
num_leaves=19
num_cat=0
split_feature=11 11 1 11 10 10 10 5 10 5 11 2 12 3 9 5 12 11
split_gain=0.103498 0.377748 0.268994 0.479024 0.213425 0.258173 0.453599 0.950552 0.481339 0.406587 1.66028 0.602809 0.671546 0.548432 0.464552 0.40112 0.460292 0.256244
threshold=17.320000000000004 20.075000000000006 1.0000000180025095e-35 23.555000000000003 34.500000000000007 80.500000000000014 73.500000000000014 1.0000000180025095e-35 76.500000000000014 1.0000000180025095e-35 11.31 1.0000000180025095e-35 0.53500000000000014 1.0000000180025095e-35 1.5000000000000002 1.0000000180025095e-35 0.52500000000000013 7.2250000000000005
decision_type=2 2 2 2 2 2 2 2 2 2 2 2 2 2 2 2 2 2
left_child=4 -2 -3 -4 -1 6 9 8 -8 11 -11 14 -13 -14 17 16 -7 -6
right_child=1 2 3 -5 5 15 7 -9 -10 10 -12 12 13 -15 -16 -17 -18 -19
leaf_value=0.031733559899797557 -0.04466497067360093 0.017130138115667375 0.015958877323308147 -0.055955581924685298 0.029569193837787972 0.031757281813378231 -0.026132184228109881 0.024351222439270799 -0.11644126437211021 -0.084309678899997298 0.041648481102440744 -0.010164481881850613 0.015903893365930247 0.079629812116063708 -0.042555995412776264 0.046602305717856146 -0.024998709720574008 -0.01237377415113728
leaf_weight=2.339543590322136 2.2910497674019998 4.668094711378215 1.9082125443965199 1.7999241538345812 2.5831829383969378 2.5924601219594461 1.0786961659323417 1.5874050166457894 1.303203373448923 2.2869428461417547 1.9292942238971589 3.0938317850232124 2.6597885973751545 2.7434615902602673 2.9674725169315934 2.7984389550983906 3.1837747856043279 3.3398175607435405
leaf_count=17 29 38 18 22 14 16 22 14 30 28 15 20 28 15 36 17 31 33
internal_value=-1.8745e-05 -0.00868332 0.00115831 -0.0189483 0.0025144 0.000512522 -0.00452239 -0.0355932 -0.0755428 0.0011863 -0.0266729 0.00794176 0.0269875 0.0482603 -0.0102612 0.0155286 0.000474223 0.0059187
internal_weight=47.1546 10.6673 8.37623 3.70814 36.4873 34.1478 25.5731 3.9693 2.3819 21.6038 4.21624 17.3876 8.49708 5.40325 8.89047 8.57467 5.77623 5.923
internal_count=443 107 78 40 336 319 255 66 52 189 43 146 63 43 83 64 47 47
is_linear=0
shrinkage=0.1


Tree=98
num_leaves=20
num_cat=0
split_feature=4 12 12 12 10 12 12 11 11 9 10 1 10 10 5 12 0 3 1
split_gain=0.110028 0.522834 0.586587 0.313108 0.627658 0.306978 0.383302 0.305283 0.732911 0.231216 0.357077 0.577643 0.357113 0.613731 0.69815 0.934182 0.235218 0.178518 0.0426551
threshold=1.0000000180025095e-35 0.34500000000000003 0.54500000000000015 0.37500000000000006 64.500000000000014 0.64500000000000013 0.72500000000000009 20.075000000000006 9.8050000000000015 1.0000000180025095e-35 60.500000000000007 1.0000000180025095e-35 70.500000000000014 75.500000000000014 1.0000000180025095e-35 0.91000000000000014 1.0000000180025095e-35 1.0000000180025095e-35 1.0000000180025095e-35
decision_type=2 2 2 2 2 2 2 2 2 2 2 2 2 2 2 2 2 2 2
left_child=3 -2 -3 4 -1 7 -7 8 -5 -8 11 -11 17 16 15 -15 -14 -12 -4
right_child=1 2 18 5 -6 6 9 -9 -10 10 12 -13 13 14 -16 -17 -18 -19 -20
leaf_value=0.05513114918736467 -0.056229551270395743 0.048547511590330494 -0.055286313691963476 -0.00096564021080328003 -0.0013539847310684756 0.040306837584952751 0.022912796621303074 0.011266928728033129 -0.080328395764779306 -0.0015507151133619026 0.040617486957145343 -0.064974764951569952 -0.019406551159030287 0.038393007831462593 0.050266820069311893 -0.061169836275740387 -0.078260155887878019 0.0050849620640633347 -0.020265173497927811
leaf_weight=3.0472087748348695 1.8516896236687888 1.7859111744910481 0.70685387915000297 2.663223202340304 5.5506147257983685 2.3879014966078129 3.2905372623354223 1.9632951766252515 2.0665888632647693 3.7192615624517229 2.7734265951439729 2.3391076512634754 1.3388841575942916 1.6457199528813364 2.3807254359126091 2.2051676348783076 1.3780183112248778 2.8844934310764074 0.68464037729427218
leaf_count=16 16 13 22 27 38 23 20 18 33 29 23 23 21 11 15 35 20 21 19
internal_value=-2.14013e-05 -0.0139929 0.0106212 0.00166626 0.0186653 -0.0027578 0.0021011 -0.0218818 -0.0356415 -0.0017073 -0.00562766 -0.0260384 0.0028382 -0.00959502 0.00769719 -0.0186205 -0.0492572 0.0225025 -0.0380553
internal_weight=46.6633 5.0291 3.17741 41.6342 8.59782 33.0364 26.3432 6.69311 4.72981 23.9553 20.6648 6.05837 14.6064 8.94852 6.23161 3.85089 2.7169 5.65792 1.39149
internal_count=443 70 54 373 54 319 241 78 60 218 198 52 146 102 61 46 41 44 41
is_linear=0
shrinkage=0.1


Tree=99
num_leaves=19
num_cat=0
split_feature=10 10 11 11 12 10 10 5 2 12 11 9 12 10 12 11 9 10
split_gain=0.101239 0.418237 0.246976 0.281968 0.457296 0.350452 0.463987 0.448224 0.911978 0.458423 0.402 0.78644 0.355542 0.343009 0.306472 0.284512 0.226194 0.024495
threshold=36.500000000000007 44.500000000000007 28.960000000000004 5.8650000000000011 0.23500000000000001 76.500000000000014 81.500000000000014 1.0000000180025095e-35 1.0000000180025095e-35 1.2050000000000003 7.2250000000000005 1.5000000000000002 0.56500000000000006 64.500000000000014 0.77500000000000013 13.800000000000002 2.5000000000000004 66.500000000000014
decision_type=2 2 2 2 2 2 2 2 2 2 2 2 2 2 2 2 2 2
left_child=-1 -2 3 -3 -5 7 15 9 -9 10 -6 14 -13 -11 -12 -7 -8 -14
right_child=1 2 -4 4 5 6 16 8 -10 13 11 12 17 -15 -16 -17 -18 -19
leaf_value=-0.016194911513329271 0.035962531655169348 -0.02006081702021548 -0.033120367926819015 0.039087945295810181 0.045163490578753053 -0.095396316452638699 -0.026383145774233147 0.036470497608397337 -0.052539228044130942 0.065954612939922649 -0.014889467250415787 0.042210241528418513 -0.0030294263603740617 0.014511259156126178 -0.081774116238373232 -0.023865257927918566 0.011581187087506026 -0.025140643571726087
leaf_weight=3.5704129375517359 3.2243543397635213 5.6617980413138858 2.3240156089887014 3.3529130741953876 1.8189069945365242 1.0002137861447393 2.5573970717377961 1.8608591686934222 3.0179071011953056 2.5954113304615012 1.3154974913923072 2.6091279769316316 1.0299751940183344 2.5890918713994324 1.4295346830040214 1.2521585539216173 4.0622505228966475 0.97556939348578442
leaf_count=30 21 38 20 20 12 25 22 18 38 14 25 20 17 28 18 21 31 25
internal_value=-1.90542e-05 0.00133424 -0.00149584 0.00048366 0.00418021 1.70532e-05 -0.0164254 0.00759831 -0.0185891 0.0164935 0.00306663 -0.00733735 0.0178746 0.0402643 -0.0497211 -0.0556301 -0.00308574 -0.0137851
internal_weight=46.2474 42.677 39.4526 37.1286 31.4668 28.1139 8.87202 19.2419 4.87877 14.3631 9.17861 7.3597 4.61467 5.1845 2.74503 2.25237 6.61965 2.00554
internal_count=443 413 392 372 334 314 99 215 56 159 117 105 62 42 43 46 53 42
is_linear=0
shrinkage=0.1


end of trees

feature_importances:
Column_11=468
Column_12=437
Column_10=402
Column_9=99
Column_3=52
Column_2=47
Column_1=45
Column_5=45
Column_6=29
Column_0=24
Column_4=17
Column_7=9

parameters:
[boosting: gbdt]
[objective: binary]
[metric: binary_logloss]
[tree_learner: serial]
[device_type: cpu]
[data_sample_strategy: bagging]
[data: ]
[valid: ]
[num_iterations: 100]
[learning_rate: 0.1]
[num_leaves: 31]
[num_threads: 1]
[seed: 42]
[deterministic: 0]
[force_col_wise: 0]
[force_row_wise: 0]
[histogram_pool_size: -1]
[max_depth: -1]
[min_data_in_leaf: 20]
[min_sum_hessian_in_leaf: 0.001]
[bagging_fraction: 1]
[pos_bagging_fraction: 1]
[neg_bagging_fraction: 1]
[bagging_freq: 0]
[bagging_seed: 400]
[bagging_by_query: 0]
[feature_fraction: 1]
[feature_fraction_bynode: 1]
[feature_fraction_seed: 30056]
[extra_trees: 0]
[extra_seed: 12879]
[early_stopping_round: 0]
[early_stopping_min_delta: 0]
[first_metric_only: 0]
[max_delta_step: 0]
[lambda_l1: 0]
[lambda_l2: 0]
[linear_lambda: 0]
[min_gain_to_split: 0]
[drop_rate: 0.1]
[max_drop: 50]
[skip_drop: 0.5]
[xgboost_dart_mode: 0]
[uniform_drop: 0]
[drop_seed: 17869]
[top_rate: 0.2]
[other_rate: 0.1]
[min_data_per_group: 100]
[max_cat_threshold: 32]
[cat_l2: 10]
[cat_smooth: 10]
[max_cat_to_onehot: 4]
[top_k: 20]
[monotone_constraints: ]
[monotone_constraints_method: basic]
[monotone_penalty: 0]
[feature_contri: ]
[forcedsplits_filename: ]
[refit_decay_rate: 0.9]
[cegb_tradeoff: 1]
[cegb_penalty_split: 0]
[cegb_penalty_feature_lazy: ]
[cegb_penalty_feature_coupled: ]
[path_smooth: 0]
[interaction_constraints: ]
[verbosity: -1]
[saved_feature_importance_type: 0]
[use_quantized_grad: 0]
[num_grad_quant_bins: 4]
[quant_train_renew_leaf: 0]
[stochastic_rounding: 1]
[linear_tree: 0]
[max_bin: 255]
[max_bin_by_feature: ]
[min_data_in_bin: 3]
[bin_construct_sample_cnt: 200000]
[data_random_seed: 175]
[is_enable_sparse: 1]
[enable_bundle: 1]
[use_missing: 1]
[zero_as_missing: 0]
[feature_pre_filter: 1]
[pre_partition: 0]
[two_round: 0]
[header: 0]
[label_column: ]
[weight_column: ]
[group_column: ]
[ignore_column: ]
[categorical_feature: ]
[forcedbins_filename: ]
[precise_float_parser: 0]
[parser_config_file: ]
[objective_seed: 16083]
[num_class: 1]
[is_unbalance: 0]
[scale_pos_weight: 1]
[sigmoid: 1]
[boost_from_average: 1]
[reg_sqrt: 0]
[alpha: 0.9]
[fair_c: 1]
[poisson_max_delta_step: 0.7]
[tweedie_variance_power: 1.5]
[lambdarank_truncation_level: 30]
[lambdarank_norm: 1]
[label_gain: ]
[lambdarank_position_bias_regularization: 0]
[eval_at: ]
[multi_error_top_k: 1]
[auc_mu_weights: ]
[num_machines: 1]
[local_listen_port: 12400]
[time_out: 120]
[machine_list_filename: ]
[machines: ]
[gpu_platform_id: -1]
[gpu_device_id: -1]
[gpu_use_dp: 0]
[num_gpu: 1]

end of parameters

pandas_categorical:null
